harmonized_id	symbol	biotype	n_datasets_hvg
ENSMUSG00000002985	Apoe	protein_coding	164
ENSMUSG00000020644	Id2	protein_coding	156
ENSMUSG00000021250	Fos	protein_coding	156
ENSMUSG00000024610	Cd74	protein_coding	154
ENSMUSG00000022018	Rgcc	protein_coding	153
ENSMUSG00000007872	Id3	protein_coding	152
ENSMUSG00000050335	Lgals3	protein_coding	151
ENSMUSG00000073421	H2-Ab1	protein_coding	151
ENSMUSG00000021453	Gadd45g	protein_coding	150
ENSMUSG00000005413	Hmox1	protein_coding	150
ENSMUSG00000018593	Sparc	protein_coding	149
ENSMUSG00000032554	Trf	protein_coding	149
ENSMUSG00000064373	Selenop	protein_coding	148
ENSMUSG00000029322	Plac8	protein_coding	148
ENSMUSG00000006398	Cdc20	protein_coding	148
ENSMUSG00000024659	Anxa1	protein_coding	148
ENSMUSG00000029304	Spp1	protein_coding	146
ENSMUSG00000026360	Rgs2	protein_coding	146
ENSMUSG00000028195	Ccn1	protein_coding	146
ENSMUSG00000091971	Hspa1a	protein_coding	145
ENSMUSG00000001403	Ube2c	protein_coding	145
ENSMUSG00000020641	Rsad2	protein_coding	144
ENSMUSG00000026628	Atf3	protein_coding	144
ENSMUSG00000022037	Clu	protein_coding	144
ENSMUSG00000006360	Crip1	protein_coding	144
ENSMUSG00000034855	Cxcl10	protein_coding	144
ENSMUSG00000024190	Dusp1	protein_coding	143
ENSMUSG00000041431	Ccnb1	protein_coding	143
ENSMUSG00000015568	Lpl	protein_coding	143
ENSMUSG00000019929	Dcn	protein_coding	143
ENSMUSG00000027962	Vcam1	protein_coding	143
ENSMUSG00000014846	Tppp3	protein_coding	142
ENSMUSG00000004951	Hspb1	protein_coding	142
ENSMUSG00000026728	Vim	protein_coding	142
ENSMUSG00000049775	Tmsb4x	protein_coding	142
ENSMUSG00000003541	Ier3	protein_coding	142
ENSMUSG00000030560	Ctsc	protein_coding	142
ENSMUSG00000027562	Car2	protein_coding	141
ENSMUSG00000026879	Gsn	protein_coding	141
ENSMUSG00000025492	Ifitm3	protein_coding	141
ENSMUSG00000052684	Jun	protein_coding	140
ENSMUSG00000038418	Egr1	protein_coding	140
ENSMUSG00000026193	Fn1	protein_coding	140
ENSMUSG00000001025	S100a6	protein_coding	140
ENSMUSG00000002944	Cd36	protein_coding	139
ENSMUSG00000068220	Lgals1	protein_coding	139
ENSMUSG00000035783	Acta2	protein_coding	139
ENSMUSG00000023067	Cdkn1a	protein_coding	139
ENSMUSG00000036256	Igfbp7	protein_coding	138
ENSMUSG00000018339	Gpx3	protein_coding	138
ENSMUSG00000042745	Id1	protein_coding	138
ENSMUSG00000021025	Nfkbia	protein_coding	138
ENSMUSG00000052837	Junb	protein_coding	138
ENSMUSG00000044734	Serpinb1a	protein_coding	137
ENSMUSG00000017493	Igfbp4	protein_coding	137
ENSMUSG00000058135	Gstm1	protein_coding	137
ENSMUSG00000019942	Cdk1	protein_coding	137
ENSMUSG00000037664	Cdkn1c	protein_coding	137
ENSMUSG00000027800	Tm4sf1	protein_coding	137
ENSMUSG00000027447	Cst3	protein_coding	137
ENSMUSG00000027368	Dusp2	protein_coding	137
ENSMUSG00000032218	Ccnb2	protein_coding	137
ENSMUSG00000020914	Top2a	protein_coding	137
ENSMUSG00000025491	Ifitm1	protein_coding	137
ENSMUSG00000027533	Fabp5	protein_coding	136
ENSMUSG00000026185	Igfbp5	protein_coding	136
ENSMUSG00000026249	Serpine2	protein_coding	136
ENSMUSG00000040152	Thbs1	protein_coding	136
ENSMUSG00000036905	C1qb	protein_coding	136
ENSMUSG00000022528	Hes1	protein_coding	135
ENSMUSG00000028832	Stmn1	protein_coding	134
ENSMUSG00000017002	Slpi	protein_coding	134
ENSMUSG00000020649	Rrm2	protein_coding	134
ENSMUSG00000031880	Rrad	protein_coding	134
ENSMUSG00000023034	Nr4a1	protein_coding	134
ENSMUSG00000040204	Pclaf	protein_coding	134
ENSMUSG00000009633	G0s2	protein_coding	134
ENSMUSG00000029661	Col1a2	protein_coding	133
ENSMUSG00000020423	Btg2	protein_coding	133
ENSMUSG00000015312	Gadd45b	protein_coding	133
ENSMUSG00000024621	Csf1r	protein_coding	133
ENSMUSG00000058715	Fcer1g	protein_coding	133
ENSMUSG00000045573	Penk	protein_coding	133
ENSMUSG00000020053	Igf1	protein_coding	133
ENSMUSG00000015396	Cd83	protein_coding	133
ENSMUSG00000018930	Ccl4	protein_coding	133
ENSMUSG00000048489	Depp1	protein_coding	133
ENSMUSG00000030579	Tyrobp	protein_coding	133
ENSMUSG00000030790	Adm	protein_coding	132
ENSMUSG00000030214	Plbd1	protein_coding	132
ENSMUSG00000001270	Ckb	protein_coding	132
ENSMUSG00000035493	Tgfbi	protein_coding	132
ENSMUSG00000035042	Ccl5	protein_coding	132
ENSMUSG00000019970	Sgk1	protein_coding	132
ENSMUSG00000017754	Pltp	protein_coding	132
ENSMUSG00000000982	Ccl3	protein_coding	131
ENSMUSG00000039405	Prss23	protein_coding	131
ENSMUSG00000000184	Ccnd2	protein_coding	131
ENSMUSG00000034459	Ifit1	protein_coding	131
ENSMUSG00000030218	Mgp	protein_coding	131
ENSMUSG00000026712	Mrc1	protein_coding	131
ENSMUSG00000036887	C1qa	protein_coding	131
ENSMUSG00000034634	Ly6d	protein_coding	130
ENSMUSG00000026043	Col3a1	protein_coding	129
ENSMUSG00000038642	Ctss	protein_coding	129
ENSMUSG00000001506	Col1a1	protein_coding	129
ENSMUSG00000031239	Itm2a	protein_coding	129
ENSMUSG00000022587	Ly6e	protein_coding	129
ENSMUSG00000062515	Fabp4	protein_coding	129
ENSMUSG00000067818	Myl9	protein_coding	128
ENSMUSG00000027398	Il1b	protein_coding	128
ENSMUSG00000001946	Esam	protein_coding	128
ENSMUSG00000022893	Adamts1	protein_coding	128
ENSMUSG00000004655	Aqp1	protein_coding	128
ENSMUSG00000070348	Ccnd1	protein_coding	128
ENSMUSG00000026358	Rgs1	protein_coding	128
ENSMUSG00000029177	Cenpa	protein_coding	128
ENSMUSG00000055148	Klf2	protein_coding	128
ENSMUSG00000061353	Cxcl12	protein_coding	128
ENSMUSG00000021508	Cxcl14	protein_coding	128
ENSMUSG00000017716	Birc5	protein_coding	128
ENSMUSG00000053113	Socs3	protein_coding	127
ENSMUSG00000026921	Egfl7	protein_coding	127
ENSMUSG00000030717	Nupr1	protein_coding	127
ENSMUSG00000034845	Plvap	protein_coding	126
ENSMUSG00000041378	Cldn5	protein_coding	126
ENSMUSG00000000753	Serpinf1	protein_coding	126
ENSMUSG00000039109	F13a1	protein_coding	126
ENSMUSG00000020427	Igfbp3	protein_coding	126
ENSMUSG00000027715	Ccna2	protein_coding	126
ENSMUSG00000020467	Efemp1	protein_coding	125
ENSMUSG00000016494	Cd34	protein_coding	125
ENSMUSG00000036896	C1qc	protein_coding	125
ENSMUSG00000023913	Pla2g7	protein_coding	125
ENSMUSG00000001525	Tubb5	protein_coding	124
ENSMUSG00000021190	Lgmn	protein_coding	124
ENSMUSG00000051439	Cd14	protein_coding	124
ENSMUSG00000037852	Cpe	protein_coding	123
ENSMUSG00000024486	Hbegf	protein_coding	123
ENSMUSG00000024164	C3	protein_coding	123
ENSMUSG00000004612	Nkg7	protein_coding	123
ENSMUSG00000027500	Stmn2	protein_coding	123
ENSMUSG00000025993	Slc40a1	protein_coding	123
ENSMUSG00000054717	Hmgb2	protein_coding	123
ENSMUSG00000023886	Smoc2	protein_coding	122
ENSMUSG00000029309	Sparcl1	protein_coding	122
ENSMUSG00000001020	S100a4	protein_coding	122
ENSMUSG00000027750	Postn	protein_coding	122
ENSMUSG00000049422	Chchd10	protein_coding	122
ENSMUSG00000027306	Nusap1	protein_coding	122
ENSMUSG00000029484	Anxa3	protein_coding	121
ENSMUSG00000049892	Rasd1	protein_coding	121
ENSMUSG00000020044	Timp3	protein_coding	121
ENSMUSG00000074622	Mafb	protein_coding	120
ENSMUSG00000035373	Ccl7	protein_coding	120
ENSMUSG00000001473	Tubb6	protein_coding	120
ENSMUSG00000021701	Plk2	protein_coding	120
ENSMUSG00000032231	Anxa2	protein_coding	120
ENSMUSG00000039899	Fgl2	protein_coding	119
ENSMUSG00000053560	Ier2	protein_coding	119
ENSMUSG00000041515	Irf8	protein_coding	119
ENSMUSG00000028128	F3	protein_coding	119
ENSMUSG00000023224	Serping1	protein_coding	118
ENSMUSG00000054690	Emcn	protein_coding	118
ENSMUSG00000028270	Gbp2	protein_coding	118
ENSMUSG00000026605	Cenpf	protein_coding	118
ENSMUSG00000027360	Hdc	protein_coding	118
ENSMUSG00000023004	Tuba1b	protein_coding	118
ENSMUSG00000003545	Fosb	protein_coding	118
ENSMUSG00000035692	Isg15	protein_coding	118
ENSMUSG00000021876	Rnase4	protein_coding	117
ENSMUSG00000044786	Zfp36	protein_coding	117
ENSMUSG00000023043	Krt18	protein_coding	117
ENSMUSG00000050234	Gja4	protein_coding	117
ENSMUSG00000072235	Tuba1a	protein_coding	117
ENSMUSG00000029838	Ptn	protein_coding	117
ENSMUSG00000026576	Atp1b1	protein_coding	117
ENSMUSG00000022122	Ednrb	protein_coding	117
ENSMUSG00000037405	Icam1	protein_coding	117
ENSMUSG00000079547	H2-DMb1	protein_coding	117
ENSMUSG00000025283	Sat1	protein_coding	117
ENSMUSG00000049382	Krt8	protein_coding	117
ENSMUSG00000032085	Tagln	protein_coding	117
ENSMUSG00000026475	Rgs16	protein_coding	117
ENSMUSG00000005483	Dnajb1	protein_coding	117
ENSMUSG00000021367	Edn1	protein_coding	117
ENSMUSG00000028517	Plpp3	protein_coding	117
ENSMUSG00000049103	Ccr2	protein_coding	116
ENSMUSG00000030787	Lyve1	protein_coding	116
ENSMUSG00000031451	Gas6	protein_coding	116
ENSMUSG00000024990	Rbp4	protein_coding	116
ENSMUSG00000001348	Acp5	protein_coding	116
ENSMUSG00000050708	Ftl1	protein_coding	115
ENSMUSG00000074743	Thbd	protein_coding	115
ENSMUSG00000038508	Gdf15	protein_coding	115
ENSMUSG00000023046	Igfbp6	protein_coding	115
ENSMUSG00000019997	Ccn2	protein_coding	115
ENSMUSG00000060063	Alox5ap	protein_coding	115
ENSMUSG00000062960	Kdr	protein_coding	115
ENSMUSG00000032060	Cryab	protein_coding	114
ENSMUSG00000036752	Tubb4b	protein_coding	114
ENSMUSG00000096210	H1f0	protein_coding	114
ENSMUSG00000028108	Ecm1	protein_coding	114
ENSMUSG00000005125	Ndrg1	protein_coding	114
ENSMUSG00000051022	Hs3st1	protein_coding	114
ENSMUSG00000029648	Flt1	protein_coding	114
ENSMUSG00000029641	Rasl11a	protein_coding	114
ENSMUSG00000021728	Emb	protein_coding	113
ENSMUSG00000022010	Tsc22d1	protein_coding	113
ENSMUSG00000031722	Hp	protein_coding	113
ENSMUSG00000041120	Nbl1	protein_coding	113
ENSMUSG00000040564	Apoc1	protein_coding	113
ENSMUSG00000033174	Mgll	protein_coding	113
ENSMUSG00000018217	Pmp22	protein_coding	113
ENSMUSG00000020717	Pecam1	protein_coding	113
ENSMUSG00000030707	Coro1a	protein_coding	113
ENSMUSG00000038943	Prc1	protein_coding	113
ENSMUSG00000007655	Cav1	protein_coding	113
ENSMUSG00000028214	Gem	protein_coding	113
ENSMUSG00000037649	H2-DMa	protein_coding	113
ENSMUSG00000022425	Enpp2	protein_coding	113
ENSMUSG00000001128	Cfp	protein_coding	113
ENSMUSG00000022661	Cd200	protein_coding	113
ENSMUSG00000031502	Col4a1	protein_coding	112
ENSMUSG00000031538	Plat	protein_coding	112
ENSMUSG00000028776	Tinagl1	protein_coding	112
ENSMUSG00000031375	Bgn	protein_coding	112
ENSMUSG00000023367	Tmem176a	protein_coding	112
ENSMUSG00000037095	Lrg1	protein_coding	112
ENSMUSG00000026981	Il1rn	protein_coding	112
ENSMUSG00000022816	Fstl1	protein_coding	112
ENSMUSG00000006205	Htra1	protein_coding	112
ENSMUSG00000029816	Gpnmb	protein_coding	112
ENSMUSG00000029675	Eln	protein_coding	112
ENSMUSG00000036446	Lum	protein_coding	111
ENSMUSG00000031548	Sfrp1	protein_coding	111
ENSMUSG00000031613	Hpgd	protein_coding	111
ENSMUSG00000017009	Sdc4	protein_coding	111
ENSMUSG00000023505	Cdca3	protein_coding	111
ENSMUSG00000037820	Tgm2	protein_coding	111
ENSMUSG00000027848	Olfml3	protein_coding	111
ENSMUSG00000018899	Irf1	protein_coding	111
ENSMUSG00000045826	Ptprcap	protein_coding	111
ENSMUSG00000022548	Apod	protein_coding	110
ENSMUSG00000063856	Gpx1	protein_coding	110
ENSMUSG00000029413	Naaa	protein_coding	110
ENSMUSG00000016194	Hsd11b1	protein_coding	110
ENSMUSG00000013150	Gfod2	protein_coding	110
ENSMUSG00000022836	Mylk	protein_coding	110
ENSMUSG00000026678	Rgs5	protein_coding	110
ENSMUSG00000026826	Nr4a2	protein_coding	109
ENSMUSG00000022346	Myc	protein_coding	109
ENSMUSG00000037944	Ccr7	protein_coding	109
ENSMUSG00000028581	Laptm5	protein_coding	109
ENSMUSG00000039323	Igfbp2	protein_coding	109
ENSMUSG00000052957	Gas1	protein_coding	109
ENSMUSG00000036181	H1f2	protein_coding	109
ENSMUSG00000052336	Cx3cr1	protein_coding	109
ENSMUSG00000026073	Il1r2	protein_coding	109
ENSMUSG00000058672	Tubb2a	protein_coding	109
ENSMUSG00000020205	Phlda1	protein_coding	109
ENSMUSG00000034353	Ramp1	protein_coding	109
ENSMUSG00000008540	Mgst1	protein_coding	109
ENSMUSG00000049932	H2ax	protein_coding	109
ENSMUSG00000024011	Pi16	protein_coding	109
ENSMUSG00000060802	B2m	protein_coding	109
ENSMUSG00000045136	Tubb2b	protein_coding	108
ENSMUSG00000033220	Rac2	protein_coding	108
ENSMUSG00000064080	Fbln2	protein_coding	108
ENSMUSG00000031825	Crispld2	protein_coding	108
ENSMUSG00000022150	Dab2	protein_coding	108
ENSMUSG00000028967	Errfi1	protein_coding	108
ENSMUSG00000056054	S100a8	protein_coding	108
ENSMUSG00000056071	S100a9	protein_coding	108
ENSMUSG00000074207	Adh1	protein_coding	108
ENSMUSG00000024810	Il33	protein_coding	108
ENSMUSG00000030246	Ldhb	protein_coding	108
ENSMUSG00000030208	Emp1	protein_coding	108
ENSMUSG00000031636	Pdlim3	protein_coding	108
ENSMUSG00000042286	Stab1	protein_coding	107
ENSMUSG00000002204	Napsa	protein_coding	107
ENSMUSG00000042436	Mfap4	protein_coding	107
ENSMUSG00000000078	Klf6	protein_coding	107
ENSMUSG00000037411	Serpine1	protein_coding	107
ENSMUSG00000027199	Gatm	protein_coding	107
ENSMUSG00000040592	Cd79b	protein_coding	107
ENSMUSG00000015340	Cybb	protein_coding	107
ENSMUSG00000032725	Folr2	protein_coding	107
ENSMUSG00000027875	Hmgcs2	protein_coding	107
ENSMUSG00000055435	Maf	protein_coding	107
ENSMUSG00000046402	Rbp1	protein_coding	107
ENSMUSG00000076431	Sox4	protein_coding	106
ENSMUSG00000021186	Fbln5	protein_coding	106
ENSMUSG00000020911	Krt19	protein_coding	106
ENSMUSG00000006356	Crip2	protein_coding	106
ENSMUSG00000024397	Aif1	protein_coding	106
ENSMUSG00000073599	Ecscr	protein_coding	106
ENSMUSG00000022602	Arc	protein_coding	106
ENSMUSG00000021390	Ogn	protein_coding	106
ENSMUSG00000030342	Cd9	protein_coding	105
ENSMUSG00000030247	Kcnj8	protein_coding	105
ENSMUSG00000074476	Spc24	protein_coding	105
ENSMUSG00000043091	Tuba1c	protein_coding	105
ENSMUSG00000029718	Pcolce	protein_coding	105
ENSMUSG00000051855	Mest	protein_coding	105
ENSMUSG00000032366	Tpm1	protein_coding	105
ENSMUSG00000030116	Mfap5	protein_coding	105
ENSMUSG00000025351	Cd63	protein_coding	105
ENSMUSG00000073418	C4b	protein_coding	105
ENSMUSG00000030156	Cd69	protein_coding	105
ENSMUSG00000069919	Hba-a1	protein_coding	104
ENSMUSG00000071637	Cebpd	protein_coding	104
ENSMUSG00000022033	Pbk	protein_coding	104
ENSMUSG00000005233	Spc25	protein_coding	104
ENSMUSG00000028459	Cd72	protein_coding	104
ENSMUSG00000038156	Spon1	protein_coding	104
ENSMUSG00000027611	Procr	protein_coding	104
ENSMUSG00000060600	Eno3	protein_coding	104
ENSMUSG00000002111	Spi1	protein_coding	104
ENSMUSG00000046223	Plaur	protein_coding	104
ENSMUSG00000028873	Cdca8	protein_coding	104
ENSMUSG00000045394	Epcam	protein_coding	103
ENSMUSG00000044337	Ackr3	protein_coding	103
ENSMUSG00000030220	Arhgdib	protein_coding	103
ENSMUSG00000020897	Aurkb	protein_coding	103
ENSMUSG00000046805	Mpeg1	protein_coding	103
ENSMUSG00000020577	Tspan13	protein_coding	103
ENSMUSG00000027204	Fbn1	protein_coding	103
ENSMUSG00000021835	Bmp4	protein_coding	103
ENSMUSG00000045954	Cavin2	protein_coding	103
ENSMUSG00000023349	Clec4n	protein_coding	102
ENSMUSG00000047281	Sfn	protein_coding	102
ENSMUSG00000024232	Bambi	protein_coding	102
ENSMUSG00000029417	Cxcl9	protein_coding	102
ENSMUSG00000059743	Fdps	protein_coding	102
ENSMUSG00000055653	Gpc3	protein_coding	102
ENSMUSG00000007891	Ctsd	protein_coding	102
ENSMUSG00000056313	Tcim	protein_coding	102
ENSMUSG00000053398	Phgdh	protein_coding	102
ENSMUSG00000032487	Ptgs2	protein_coding	102
ENSMUSG00000009281	Rarres2	protein_coding	102
ENSMUSG00000027559	Car3	protein_coding	102
ENSMUSG00000021765	Fst	protein_coding	102
ENSMUSG00000021939	Ctsb	protein_coding	102
ENSMUSG00000050410	Tcf19	protein_coding	102
ENSMUSG00000027996	Sfrp2	protein_coding	102
ENSMUSG00000001029	Icam2	protein_coding	102
ENSMUSG00000042485	Mustn1	protein_coding	101
ENSMUSG00000070436	Serpinh1	protein_coding	101
ENSMUSG00000029752	Asns	protein_coding	101
ENSMUSG00000030103	Bhlhe40	protein_coding	101
ENSMUSG00000026473	Glul	protein_coding	101
ENSMUSG00000030605	Mfge8	protein_coding	101
ENSMUSG00000000805	Car4	protein_coding	101
ENSMUSG00000031503	Col4a2	protein_coding	101
ENSMUSG00000018819	Lsp1	protein_coding	101
ENSMUSG00000013584	Aldh1a2	protein_coding	101
ENSMUSG00000020120	Plek	protein_coding	101
ENSMUSG00000003617	Cp	protein_coding	101
ENSMUSG00000024399	Ltb	protein_coding	101
ENSMUSG00000025810	Nrp1	protein_coding	100
ENSMUSG00000030107	Usp18	protein_coding	100
ENSMUSG00000089929	Bcl2a1b	protein_coding	100
ENSMUSG00000056888	Glipr1	protein_coding	100
ENSMUSG00000001930	Vwf	protein_coding	100
ENSMUSG00000015619	Gata3	protein_coding	100
ENSMUSG00000045763	Basp1	protein_coding	100
ENSMUSG00000033022	Cdo1	protein_coding	100
ENSMUSG00000025784	Clec3b	protein_coding	100
ENSMUSG00000050777	Tmem37	protein_coding	100
ENSMUSG00000028339	Col15a1	protein_coding	100
ENSMUSG00000062248	Cks2	protein_coding	100
ENSMUSG00000030669	Calca	protein_coding	100
ENSMUSG00000053279	Aldh1a1	protein_coding	100
ENSMUSG00000017466	Timp2	protein_coding	100
ENSMUSG00000021388	Aspn	protein_coding	100
ENSMUSG00000040552	C3ar1	protein_coding	99
ENSMUSG00000037868	Egr2	protein_coding	99
ENSMUSG00000028494	Plin2	protein_coding	99
ENSMUSG00000023064	Sncg	protein_coding	99
ENSMUSG00000054196	Cthrc1	protein_coding	99
ENSMUSG00000055044	Pdlim1	protein_coding	99
ENSMUSG00000001435	Col18a1	protein_coding	99
ENSMUSG00000027331	Knstrn	protein_coding	99
ENSMUSG00000019850	Tnfaip3	protein_coding	99
ENSMUSG00000003379	Cd79a	protein_coding	99
ENSMUSG00000032359	Ctsh	protein_coding	99
ENSMUSG00000066705	Fxyd6	protein_coding	99
ENSMUSG00000017737	Mmp9	protein_coding	98
ENSMUSG00000024353	Mzb1	protein_coding	98
ENSMUSG00000036390	Gadd45a	protein_coding	98
ENSMUSG00000037379	Spon2	protein_coding	98
ENSMUSG00000069763	Tmem100	protein_coding	98
ENSMUSG00000026208	Des	protein_coding	98
ENSMUSG00000025574	Tk1	protein_coding	98
ENSMUSG00000030413	Pglyrp1	protein_coding	98
ENSMUSG00000053310	Nrgn	protein_coding	98
ENSMUSG00000070473	Cldn3	protein_coding	98
ENSMUSG00000041559	Fmod	protein_coding	98
ENSMUSG00000038370	Pcp4l1	protein_coding	98
ENSMUSG00000059430	Actg2	protein_coding	98
ENSMUSG00000015053	Gata2	protein_coding	98
ENSMUSG00000018362	Kpna2	protein_coding	97
ENSMUSG00000020363	Gfpt2	protein_coding	97
ENSMUSG00000023039	Krt7	protein_coding	97
ENSMUSG00000028766	Alpl	protein_coding	97
ENSMUSG00000008136	Fhl2	protein_coding	97
ENSMUSG00000003032	Klf4	protein_coding	97
ENSMUSG00000003477	Inmt	protein_coding	97
ENSMUSG00000032011	Thy1	protein_coding	97
ENSMUSG00000062380	Tubb3	protein_coding	97
ENSMUSG00000025161	Slc16a3	protein_coding	97
ENSMUSG00000054675	Tmem119	protein_coding	97
ENSMUSG00000022371	Col14a1	protein_coding	97
ENSMUSG00000015354	Pcolce2	protein_coding	97
ENSMUSG00000026814	Eng	protein_coding	97
ENSMUSG00000070803	Cited4	protein_coding	97
ENSMUSG00000001281	Itgb7	protein_coding	97
ENSMUSG00000003420	Fcgrt	protein_coding	97
ENSMUSG00000019851	Perp	protein_coding	96
ENSMUSG00000027469	Tpx2	protein_coding	96
ENSMUSG00000004730	Adgre1	protein_coding	96
ENSMUSG00000023015	Racgap1	protein_coding	96
ENSMUSG00000022132	Cldn10	protein_coding	96
ENSMUSG00000029096	Htra3	protein_coding	96
ENSMUSG00000020388	Pdlim4	protein_coding	96
ENSMUSG00000020808	Pimreg	protein_coding	96
ENSMUSG00000030867	Plk1	protein_coding	96
ENSMUSG00000051379	Flrt3	protein_coding	96
ENSMUSG00000031871	Cdh5	protein_coding	96
ENSMUSG00000074063	Osgin1	protein_coding	96
ENSMUSG00000030742	Lat	protein_coding	96
ENSMUSG00000048583	Igf2	protein_coding	96
ENSMUSG00000005087	Cd44	protein_coding	96
ENSMUSG00000048572	Tmem252	protein_coding	96
ENSMUSG00000001119	Col6a1	protein_coding	95
ENSMUSG00000018830	Myh11	protein_coding	95
ENSMUSG00000032766	Gng11	protein_coding	95
ENSMUSG00000026574	Dpt	protein_coding	95
ENSMUSG00000028063	Lmna	protein_coding	95
ENSMUSG00000002033	Cd3g	protein_coding	95
ENSMUSG00000025279	Dnase1l3	protein_coding	95
ENSMUSG00000028044	Cks1b	protein_coding	95
ENSMUSG00000050953	Gja1	protein_coding	95
ENSMUSG00000040809	Chil3	protein_coding	95
ENSMUSG00000056492	Adgrf5	protein_coding	95
ENSMUSG00000041445	Mmrn2	protein_coding	95
ENSMUSG00000028031	Dkk2	protein_coding	95
ENSMUSG00000005470	Asf1b	protein_coding	94
ENSMUSG00000056973	Ces1d	protein_coding	94
ENSMUSG00000023132	Gzma	protein_coding	94
ENSMUSG00000002504	Nherf2	protein_coding	94
ENSMUSG00000048521	Cxcr6	protein_coding	94
ENSMUSG00000038530	Rgs4	protein_coding	94
ENSMUSG00000020473	Aebp1	protein_coding	94
ENSMUSG00000030142	Clec4e	protein_coding	94
ENSMUSG00000024907	Gal	protein_coding	94
ENSMUSG00000028713	Cyp4b1	protein_coding	94
ENSMUSG00000050370	Ch25h	protein_coding	94
ENSMUSG00000025804	Ccr1	protein_coding	94
ENSMUSG00000011179	Odc1	protein_coding	94
ENSMUSG00000026202	Tuba4a	protein_coding	94
ENSMUSG00000068196	Col8a1	protein_coding	94
ENSMUSG00000015437	Gzmb	protein_coding	94
ENSMUSG00000026875	Traf1	protein_coding	94
ENSMUSG00000029761	Cald1	protein_coding	93
ENSMUSG00000041959	S100a10	protein_coding	93
ENSMUSG00000042379	Esm1	protein_coding	93
ENSMUSG00000019987	Arg1	protein_coding	93
ENSMUSG00000020407	Upp1	protein_coding	93
ENSMUSG00000028965	Tnfrsf9	protein_coding	93
ENSMUSG00000027496	Aurka	protein_coding	93
ENSMUSG00000024338	Psmb8	protein_coding	93
ENSMUSG00000019278	Dpep1	protein_coding	93
ENSMUSG00000025068	Gsto1	protein_coding	93
ENSMUSG00000025902	Sox17	protein_coding	93
ENSMUSG00000043421	Hilpda	protein_coding	93
ENSMUSG00000045502	Hcar2	protein_coding	93
ENSMUSG00000019505	Ubb	protein_coding	93
ENSMUSG00000030677	Kif22	protein_coding	93
ENSMUSG00000032254	Kif23	protein_coding	93
ENSMUSG00000046733	Gprc5a	protein_coding	92
ENSMUSG00000019960	Dusp6	protein_coding	92
ENSMUSG00000026864	Hspa5	protein_coding	92
ENSMUSG00000024401	Tnf	protein_coding	92
ENSMUSG00000057604	Lmcd1	protein_coding	92
ENSMUSG00000042834	Nrep	protein_coding	92
ENSMUSG00000022951	Rcan1	protein_coding	92
ENSMUSG00000030785	Cox6a2	protein_coding	92
ENSMUSG00000072941	Sod3	protein_coding	92
ENSMUSG00000033213	AA467197	protein_coding	92
ENSMUSG00000032076	Cadm1	protein_coding	92
ENSMUSG00000002289	Angptl4	protein_coding	92
ENSMUSG00000025498	Irf7	protein_coding	92
ENSMUSG00000036533	Cdc42ep3	protein_coding	92
ENSMUSG00000031841	Cdh13	protein_coding	91
ENSMUSG00000004814	Ccl24	protein_coding	91
ENSMUSG00000009145	Dqx1	protein_coding	91
ENSMUSG00000037894	H2az1	protein_coding	91
ENSMUSG00000023885	Thbs2	protein_coding	91
ENSMUSG00000009185	Ccl8	protein_coding	91
ENSMUSG00000040856	Dlk1	protein_coding	91
ENSMUSG00000024014	Pim1	protein_coding	91
ENSMUSG00000035352	Ccl12	protein_coding	91
ENSMUSG00000035356	Nfkbiz	protein_coding	91
ENSMUSG00000031980	Agt	protein_coding	91
ENSMUSG00000020241	Col6a2	protein_coding	91
ENSMUSG00000024910	Ctsw	protein_coding	91
ENSMUSG00000030149	Klrk1	protein_coding	91
ENSMUSG00000020186	Csrp2	protein_coding	91
ENSMUSG00000034205	Loxl2	protein_coding	91
ENSMUSG00000001627	Ifrd1	protein_coding	91
ENSMUSG00000026547	Tagln2	protein_coding	91
ENSMUSG00000054404	Slfn5	protein_coding	91
ENSMUSG00000031342	Gpm6b	protein_coding	91
ENSMUSG00000090877	Hspa1b	protein_coding	91
ENSMUSG00000044468	Tent5c	protein_coding	91
ENSMUSG00000044338	Aplnr	protein_coding	91
ENSMUSG00000021319	Sfrp4	protein_coding	91
ENSMUSG00000021091	Serpina3n	protein_coding	90
ENSMUSG00000021087	Rtn1	protein_coding	90
ENSMUSG00000056501	Cebpb	protein_coding	90
ENSMUSG00000051397	Tacstd2	protein_coding	90
ENSMUSG00000026421	Csrp1	protein_coding	90
ENSMUSG00000051314	Ffar2	protein_coding	90
ENSMUSG00000090698	Apold1	protein_coding	90
ENSMUSG00000000409	Lck	protein_coding	90
ENSMUSG00000030654	Arl6ip1	protein_coding	90
ENSMUSG00000014599	Csf1	protein_coding	90
ENSMUSG00000031740	Mmp2	protein_coding	90
ENSMUSG00000021759	Plpp1	protein_coding	90
ENSMUSG00000048126	Col6a3	protein_coding	90
ENSMUSG00000008845	Cd163	protein_coding	90
ENSMUSG00000008193	Spib	protein_coding	90
ENSMUSG00000004665	Cnn2	protein_coding	90
ENSMUSG00000040605	Bace2	protein_coding	90
ENSMUSG00000005397	Nid1	protein_coding	90
ENSMUSG00000045092	S1pr1	protein_coding	90
ENSMUSG00000001349	Cnn1	protein_coding	89
ENSMUSG00000027435	Cd93	protein_coding	89
ENSMUSG00000027907	S100a11	protein_coding	89
ENSMUSG00000035000	Dpp4	protein_coding	89
ENSMUSG00000026042	Col5a2	protein_coding	89
ENSMUSG00000001240	Ramp2	protein_coding	89
ENSMUSG00000068129	Cst7	protein_coding	89
ENSMUSG00000054435	Gimap4	protein_coding	89
ENSMUSG00000079037	Prnp	protein_coding	89
ENSMUSG00000041046	Ramp3	protein_coding	89
ENSMUSG00000029762	Akr1b8	protein_coding	89
ENSMUSG00000028266	Lmo4	protein_coding	89
ENSMUSG00000020027	Socs2	protein_coding	89
ENSMUSG00000026688	Mgst3	protein_coding	89
ENSMUSG00000031838	Ifi30	protein_coding	89
ENSMUSG00000047945	Marcksl1	protein_coding	89
ENSMUSG00000067149	Jchain	protein_coding	89
ENSMUSG00000014813	Stc1	protein_coding	89
ENSMUSG00000021281	Tnfaip2	protein_coding	89
ENSMUSG00000041827	Oasl1	protein_coding	89
ENSMUSG00000034127	Tspan8	protein_coding	88
ENSMUSG00000054855	Rnd1	protein_coding	88
ENSMUSG00000021998	Lcp1	protein_coding	88
ENSMUSG00000033880	Lgals3bp	protein_coding	88
ENSMUSG00000050737	Ptges	protein_coding	88
ENSMUSG00000027313	Chac1	protein_coding	88
ENSMUSG00000049037	Clec4a1	protein_coding	88
ENSMUSG00000037060	Cavin3	protein_coding	88
ENSMUSG00000024673	Ms4a1	protein_coding	88
ENSMUSG00000004558	Ndrg2	protein_coding	88
ENSMUSG00000031444	F10	protein_coding	88
ENSMUSG00000002847	Pla1a	protein_coding	88
ENSMUSG00000005410	Mcm5	protein_coding	88
ENSMUSG00000023992	Trem2	protein_coding	88
ENSMUSG00000029819	Npy	protein_coding	88
ENSMUSG00000061808	Ttr	protein_coding	88
ENSMUSG00000054342	Kcnn4	protein_coding	88
ENSMUSG00000027239	Mdk	protein_coding	88
ENSMUSG00000021423	Ly86	protein_coding	88
ENSMUSG00000057098	Ebf1	protein_coding	88
ENSMUSG00000015090	Ptgds	protein_coding	87
ENSMUSG00000021411	Pxdc1	protein_coding	87
ENSMUSG00000021614	Vcan	protein_coding	87
ENSMUSG00000042474	Fcmr	protein_coding	87
ENSMUSG00000022665	Ccdc80	protein_coding	87
ENSMUSG00000061132	Blnk	protein_coding	87
ENSMUSG00000001865	Cpa3	protein_coding	87
ENSMUSG00000038393	Txnip	protein_coding	87
ENSMUSG00000004791	Pgf	protein_coding	87
ENSMUSG00000029223	Uchl1	protein_coding	87
ENSMUSG00000040170	Fmo2	protein_coding	87
ENSMUSG00000053475	Tnfaip6	protein_coding	87
ENSMUSG00000052727	Map1b	protein_coding	87
ENSMUSG00000030747	Dgat2	protein_coding	87
ENSMUSG00000035165	Kcne3	protein_coding	87
ENSMUSG00000034349	Smc4	protein_coding	87
ENSMUSG00000003665	Has1	protein_coding	87
ENSMUSG00000021943	Gdf10	protein_coding	87
ENSMUSG00000029580	Actb	protein_coding	87
ENSMUSG00000033083	Tbc1d4	protein_coding	86
ENSMUSG00000036169	Sostdc1	protein_coding	86
ENSMUSG00000004473	Clec11a	protein_coding	86
ENSMUSG00000020154	Ptprb	protein_coding	86
ENSMUSG00000041577	Prelp	protein_coding	86
ENSMUSG00000027399	Il1a	protein_coding	86
ENSMUSG00000028996	Rbp7	protein_coding	86
ENSMUSG00000067586	S1pr3	protein_coding	86
ENSMUSG00000021792	Prxl2a	protein_coding	86
ENSMUSG00000028364	Tnc	protein_coding	86
ENSMUSG00000045328	Cenpe	protein_coding	86
ENSMUSG00000022894	Adamts5	protein_coding	86
ENSMUSG00000028435	Aqp3	protein_coding	86
ENSMUSG00000022102	Dok2	protein_coding	86
ENSMUSG00000037362	Ccn3	protein_coding	86
ENSMUSG00000052160	Pld4	protein_coding	85
ENSMUSG00000049723	Mmp12	protein_coding	85
ENSMUSG00000071713	Csf2rb	protein_coding	85
ENSMUSG00000032014	Oaf	protein_coding	85
ENSMUSG00000032265	Tent5a	protein_coding	85
ENSMUSG00000052397	Ezr	protein_coding	85
ENSMUSG00000000628	Hk2	protein_coding	85
ENSMUSG00000023336	Wfdc1	protein_coding	85
ENSMUSG00000040747	Cd53	protein_coding	85
ENSMUSG00000042254	Cilp	protein_coding	85
ENSMUSG00000058624	Gda	protein_coding	85
ENSMUSG00000021200	Asb2	protein_coding	85
ENSMUSG00000045930	Clec14a	protein_coding	85
ENSMUSG00000028645	Slc2a1	protein_coding	85
ENSMUSG00000039208	Metrnl	protein_coding	85
ENSMUSG00000018648	Dusp14	protein_coding	85
ENSMUSG00000028716	Pdzk1ip1	protein_coding	85
ENSMUSG00000003283	Hck	protein_coding	85
ENSMUSG00000057092	Fxyd3	protein_coding	85
ENSMUSG00000022025	Cnmd	protein_coding	85
ENSMUSG00000020108	Ddit4	protein_coding	85
ENSMUSG00000032802	Srxn1	protein_coding	85
ENSMUSG00000016024	Lbp	protein_coding	85
ENSMUSG00000024803	Ankrd1	protein_coding	85
ENSMUSG00000037031	Tspan15	protein_coding	85
ENSMUSG00000001131	Timp1	protein_coding	85
ENSMUSG00000074227	Spint2	protein_coding	85
ENSMUSG00000040488	Ltbp4	protein_coding	84
ENSMUSG00000045730	Adrb2	protein_coding	84
ENSMUSG00000090231	Cfb	protein_coding	84
ENSMUSG00000020676	Ccl11	protein_coding	84
ENSMUSG00000093930	Hmgcs1	protein_coding	84
ENSMUSG00000002870	Mcm2	protein_coding	84
ENSMUSG00000058254	Tspan7	protein_coding	84
ENSMUSG00000031604	Msmo1	protein_coding	84
ENSMUSG00000015947	Fcgr1	protein_coding	84
ENSMUSG00000029378	Areg	protein_coding	84
ENSMUSG00000001156	Mxd1	protein_coding	84
ENSMUSG00000024140	Epas1	protein_coding	84
ENSMUSG00000068735	Trp53i11	protein_coding	84
ENSMUSG00000032126	Hmbs	protein_coding	84
ENSMUSG00000000567	Sox9	protein_coding	84
ENSMUSG00000020183	Cpm	protein_coding	84
ENSMUSG00000030317	Timp4	protein_coding	84
ENSMUSG00000004105	Angptl2	protein_coding	84
ENSMUSG00000021270	Hsp90aa1	protein_coding	84
ENSMUSG00000056737	Capg	protein_coding	84
ENSMUSG00000045932	Ifit2	protein_coding	84
ENSMUSG00000006369	Fbln1	protein_coding	84
ENSMUSG00000006442	Srm	protein_coding	84
ENSMUSG00000031304	Il2rg	protein_coding	83
ENSMUSG00000015085	Entpd2	protein_coding	83
ENSMUSG00000032094	Cd3d	protein_coding	83
ENSMUSG00000068874	Selenbp1	protein_coding	83
ENSMUSG00000012428	Steap4	protein_coding	83
ENSMUSG00000034936	Arl4d	protein_coding	83
ENSMUSG00000068227	Il2rb	protein_coding	83
ENSMUSG00000028989	Angptl7	protein_coding	83
ENSMUSG00000038521	C1s1	protein_coding	83
ENSMUSG00000038587	Akap12	protein_coding	83
ENSMUSG00000026581	Sell	protein_coding	83
ENSMUSG00000039910	Cited2	protein_coding	83
ENSMUSG00000020475	Pgam2	protein_coding	83
ENSMUSG00000025747	Tyms	protein_coding	83
ENSMUSG00000019539	Rcn3	protein_coding	83
ENSMUSG00000002602	Axl	protein_coding	83
ENSMUSG00000059412	Fxyd2	protein_coding	83
ENSMUSG00000045377	Tmem88	protein_coding	82
ENSMUSG00000020592	Sdc1	protein_coding	82
ENSMUSG00000057058	Skap1	protein_coding	82
ENSMUSG00000042129	Rassf4	protein_coding	82
ENSMUSG00000056481	Cd248	protein_coding	82
ENSMUSG00000057729	Prtn3	protein_coding	82
ENSMUSG00000018569	Cldn7	protein_coding	82
ENSMUSG00000025268	Maged2	protein_coding	82
ENSMUSG00000060572	Mfap2	protein_coding	82
ENSMUSG00000024501	Dpysl3	protein_coding	82
ENSMUSG00000038543	BC028528	protein_coding	82
ENSMUSG00000040289	Hey1	protein_coding	82
ENSMUSG00000022358	Fbxo32	protein_coding	82
ENSMUSG00000027203	Dut	protein_coding	82
ENSMUSG00000027358	Bmp2	protein_coding	82
ENSMUSG00000001493	Meox1	protein_coding	82
ENSMUSG00000025780	Itih5	protein_coding	82
ENSMUSG00000071984	Fndc1	protein_coding	82
ENSMUSG00000041801	Phlda3	protein_coding	82
ENSMUSG00000020810	Cygb	protein_coding	82
ENSMUSG00000032515	Csrnp1	protein_coding	82
ENSMUSG00000015134	Aldh1a3	protein_coding	82
ENSMUSG00000049130	C5ar1	protein_coding	82
ENSMUSG00000025473	Adam8	protein_coding	82
ENSMUSG00000031827	Cotl1	protein_coding	82
ENSMUSG00000028480	Glipr2	protein_coding	82
ENSMUSG00000040466	Blvrb	protein_coding	82
ENSMUSG00000019880	Rspo3	protein_coding	81
ENSMUSG00000049436	Upk1b	protein_coding	81
ENSMUSG00000027215	Cd82	protein_coding	81
ENSMUSG00000025790	Slco3a1	protein_coding	81
ENSMUSG00000050075	Gpr171	protein_coding	81
ENSMUSG00000010797	Wnt2	protein_coding	81
ENSMUSG00000027074	Slc43a3	protein_coding	81
ENSMUSG00000025856	Pdgfa	protein_coding	81
ENSMUSG00000034842	Art3	protein_coding	81
ENSMUSG00000051212	Gpr183	protein_coding	81
ENSMUSG00000029581	Fscn1	protein_coding	81
ENSMUSG00000069662	Marcks	protein_coding	81
ENSMUSG00000026548	Slamf9	protein_coding	81
ENSMUSG00000026009	Icos	protein_coding	81
ENSMUSG00000039239	Tgfb2	protein_coding	81
ENSMUSG00000038991	Txndc5	protein_coding	81
ENSMUSG00000038235	F11r	protein_coding	81
ENSMUSG00000068245	Phf11d	protein_coding	81
ENSMUSG00000024899	Papss2	protein_coding	81
ENSMUSG00000048376	F2r	protein_coding	81
ENSMUSG00000028773	Fabp3	protein_coding	81
ENSMUSG00000031780	Ccl17	protein_coding	81
ENSMUSG00000058914	C1qtnf3	protein_coding	81
ENSMUSG00000041202	Pla2g2d	protein_coding	81
ENSMUSG00000021702	Thbs4	protein_coding	81
ENSMUSG00000053522	Lgals7	protein_coding	81
ENSMUSG00000057841	Rpl32	protein_coding	81
ENSMUSG00000005583	Mef2c	protein_coding	81
ENSMUSG00000042750	Bex2	protein_coding	81
ENSMUSG00000006014	Prg4	protein_coding	81
ENSMUSG00000000028	Cdc45	protein_coding	80
ENSMUSG00000003051	Elf3	protein_coding	80
ENSMUSG00000039232	Stx11	protein_coding	80
ENSMUSG00000042116	Vwa1	protein_coding	80
ENSMUSG00000031517	Gpm6a	protein_coding	80
ENSMUSG00000063415	Cyp26b1	protein_coding	80
ENSMUSG00000047250	Ptgs1	protein_coding	80
ENSMUSG00000033430	Terf2ip	protein_coding	80
ENSMUSG00000046818	Ddit4l	protein_coding	80
ENSMUSG00000042684	Npl	protein_coding	80
ENSMUSG00000017969	Ptgis	protein_coding	80
ENSMUSG00000022040	Ephx2	protein_coding	80
ENSMUSG00000022032	Scara5	protein_coding	80
ENSMUSG00000043613	Mmp3	protein_coding	80
ENSMUSG00000027863	Cd2	protein_coding	80
ENSMUSG00000026580	Selp	protein_coding	80
ENSMUSG00000032436	Cmtm7	protein_coding	80
ENSMUSG00000046546	Fam43a	protein_coding	80
ENSMUSG00000036931	Nfkbid	protein_coding	80
ENSMUSG00000037580	Gch1	protein_coding	80
ENSMUSG00000047261	Gap43	protein_coding	80
ENSMUSG00000041548	Hspb8	protein_coding	80
ENSMUSG00000062329	Cytl1	protein_coding	80
ENSMUSG00000019890	Nts	protein_coding	80
ENSMUSG00000040280	Ndufa4l2	protein_coding	80
ENSMUSG00000016319	Slc25a5	protein_coding	80
ENSMUSG00000002980	Bcam	protein_coding	79
ENSMUSG00000052974	Cyp2f2	protein_coding	79
ENSMUSG00000027737	Slc7a11	protein_coding	79
ENSMUSG00000055254	Ntrk2	protein_coding	79
ENSMUSG00000017344	Vtn	protein_coding	79
ENSMUSG00000024084	Qpct	protein_coding	79
ENSMUSG00000019876	Pkib	protein_coding	79
ENSMUSG00000027188	Pamr1	protein_coding	79
ENSMUSG00000021665	Hexb	protein_coding	79
ENSMUSG00000026989	Dapl1	protein_coding	79
ENSMUSG00000025969	Nrp2	protein_coding	79
ENSMUSG00000026012	Cd28	protein_coding	78
ENSMUSG00000057722	Lepr	protein_coding	78
ENSMUSG00000002900	Lamb1	protein_coding	78
ENSMUSG00000026051	Ecrg4	protein_coding	78
ENSMUSG00000030117	Gdf3	protein_coding	78
ENSMUSG00000001467	Cyp51	protein_coding	78
ENSMUSG00000037628	Cdkn3	protein_coding	78
ENSMUSG00000000740	Rpl13	protein_coding	78
ENSMUSG00000025889	Snca	protein_coding	78
ENSMUSG00000030096	Slc6a6	protein_coding	78
ENSMUSG00000027556	Car1	protein_coding	78
ENSMUSG00000078771	Evi2a	protein_coding	78
ENSMUSG00000026670	Uap1	protein_coding	78
ENSMUSG00000041324	Inhba	protein_coding	78
ENSMUSG00000040181	Fmo1	protein_coding	78
ENSMUSG00000022651	Retnlg	protein_coding	78
ENSMUSG00000027994	Mcub	protein_coding	78
ENSMUSG00000041859	Mcm3	protein_coding	78
ENSMUSG00000031438	Rnf128	protein_coding	78
ENSMUSG00000050105	Fam110d	protein_coding	78
ENSMUSG00000031883	Car7	protein_coding	78
ENSMUSG00000035828	Pim3	protein_coding	78
ENSMUSG00000032786	Alas1	protein_coding	78
ENSMUSG00000064246	Chi3l1	protein_coding	78
ENSMUSG00000024371	C2	protein_coding	78
ENSMUSG00000029201	Ugdh	protein_coding	78
ENSMUSG00000029657	Hsph1	protein_coding	78
ENSMUSG00000030772	Dkk3	protein_coding	78
ENSMUSG00000021950	Anxa8	protein_coding	78
ENSMUSG00000020218	Wif1	protein_coding	78
ENSMUSG00000033066	Gas7	protein_coding	77
ENSMUSG00000021125	Arg2	protein_coding	77
ENSMUSG00000025743	Sdc3	protein_coding	77
ENSMUSG00000051669	AU021092	protein_coding	77
ENSMUSG00000048776	Pthlh	protein_coding	77
ENSMUSG00000031972	Acta1	protein_coding	77
ENSMUSG00000026748	Plxdc2	protein_coding	77
ENSMUSG00000061762	Tac1	protein_coding	77
ENSMUSG00000007097	Atp1a2	protein_coding	77
ENSMUSG00000050503	Fbxl22	protein_coding	77
ENSMUSG00000032698	Lmo2	protein_coding	77
ENSMUSG00000026832	Cytip	protein_coding	77
ENSMUSG00000056749	Nfil3	protein_coding	77
ENSMUSG00000028780	Sema3c	protein_coding	77
ENSMUSG00000025213	Kazald1	protein_coding	77
ENSMUSG00000031328	Flna	protein_coding	77
ENSMUSG00000033400	Agl	protein_coding	77
ENSMUSG00000029231	Pdgfra	protein_coding	77
ENSMUSG00000002565	Scin	protein_coding	77
ENSMUSG00000024053	Emilin2	protein_coding	77
ENSMUSG00000037872	Ackr1	protein_coding	77
ENSMUSG00000072949	Acot1	protein_coding	77
ENSMUSG00000026573	Xcl1	protein_coding	77
ENSMUSG00000022324	Matn2	protein_coding	77
ENSMUSG00000033327	Tnxb	protein_coding	77
ENSMUSG00000027221	Chst1	protein_coding	76
ENSMUSG00000054871	Tmem158	protein_coding	76
ENSMUSG00000044156	Hepacam2	protein_coding	76
ENSMUSG00000018924	Alox15	protein_coding	76
ENSMUSG00000027078	Ube2l6	protein_coding	76
ENSMUSG00000000903	Vpreb3	protein_coding	76
ENSMUSG00000031465	Angpt2	protein_coding	76
ENSMUSG00000031633	Slc25a4	protein_coding	76
ENSMUSG00000042622	Maff	protein_coding	76
ENSMUSG00000039167	Adgrl4	protein_coding	76
ENSMUSG00000029530	Ccr9	protein_coding	76
ENSMUSG00000036777	Anln	protein_coding	76
ENSMUSG00000038811	Gngt2	protein_coding	76
ENSMUSG00000039114	Nrn1	protein_coding	76
ENSMUSG00000024511	Rab27b	protein_coding	76
ENSMUSG00000024334	H2-Oa	protein_coding	76
ENSMUSG00000020773	Trim47	protein_coding	76
ENSMUSG00000029084	Cd38	protein_coding	76
ENSMUSG00000061086	Myl4	protein_coding	76
ENSMUSG00000020048	Hsp90b1	protein_coding	76
ENSMUSG00000035004	Igsf6	protein_coding	76
ENSMUSG00000028211	Trp53inp1	protein_coding	76
ENSMUSG00000079363	Gbp4	protein_coding	76
ENSMUSG00000024742	Fen1	protein_coding	76
ENSMUSG00000026833	Olfm1	protein_coding	76
ENSMUSG00000020330	Hmmr	protein_coding	76
ENSMUSG00000027639	Samhd1	protein_coding	76
ENSMUSG00000032323	Cyp11a1	protein_coding	76
ENSMUSG00000029919	Hpgds	protein_coding	76
ENSMUSG00000003779	Kif20a	protein_coding	76
ENSMUSG00000026104	Stat1	protein_coding	76
ENSMUSG00000030587	2200002D01Rik	protein_coding	76
ENSMUSG00000009876	Cox4i2	protein_coding	75
ENSMUSG00000027832	Ptx3	protein_coding	75
ENSMUSG00000020846	Rflnb	protein_coding	75
ENSMUSG00000027954	Efna1	protein_coding	75
ENSMUSG00000052688	Rab7b	protein_coding	75
ENSMUSG00000022225	Cma1	protein_coding	75
ENSMUSG00000061878	Sphk1	protein_coding	75
ENSMUSG00000034164	Emid1	protein_coding	75
ENSMUSG00000050071	Bex1	protein_coding	75
ENSMUSG00000033685	Ucp2	protein_coding	75
ENSMUSG00000031906	Smpd3	protein_coding	75
ENSMUSG00000074199	Krtdap	protein_coding	75
ENSMUSG00000022769	Sdf2l1	protein_coding	75
ENSMUSG00000040751	Lat2	protein_coding	75
ENSMUSG00000027995	Tlr2	protein_coding	75
ENSMUSG00000023031	Cela1	protein_coding	75
ENSMUSG00000026278	Bok	protein_coding	75
ENSMUSG00000028680	Plk3	protein_coding	75
ENSMUSG00000064325	Hhip	protein_coding	75
ENSMUSG00000026355	Mcm6	protein_coding	75
ENSMUSG00000024168	Tmem204	protein_coding	75
ENSMUSG00000019874	Fabp7	protein_coding	75
ENSMUSG00000026109	Tmeff2	protein_coding	75
ENSMUSG00000020439	Smtn	protein_coding	75
ENSMUSG00000064370	mt-Cytb	protein_coding	75
ENSMUSG00000016529	Il10	protein_coding	75
ENSMUSG00000051159	Cited1	protein_coding	75
ENSMUSG00000028884	Rpa2	protein_coding	75
ENSMUSG00000032578	Cish	protein_coding	75
ENSMUSG00000022322	Shcbp1	protein_coding	74
ENSMUSG00000028378	Ptgr1	protein_coding	74
ENSMUSG00000002068	Ccne1	protein_coding	74
ENSMUSG00000032193	Ldlr	protein_coding	74
ENSMUSG00000026697	Myoc	protein_coding	74
ENSMUSG00000063889	Crem	protein_coding	74
ENSMUSG00000048442	Smim5	protein_coding	74
ENSMUSG00000035686	Thrsp	protein_coding	74
ENSMUSG00000027574	Nkain4	protein_coding	74
ENSMUSG00000015766	Eps8	protein_coding	74
ENSMUSG00000047963	Stbd1	protein_coding	74
ENSMUSG00000026676	Ccdc3	protein_coding	74
ENSMUSG00000048327	Ckap2l	protein_coding	74
ENSMUSG00000037206	Islr	protein_coding	74
ENSMUSG00000032238	Rora	protein_coding	74
ENSMUSG00000038352	Arl5c	protein_coding	74
ENSMUSG00000026011	Ctla4	protein_coding	74
ENSMUSG00000044562	Rasip1	protein_coding	74
ENSMUSG00000057113	Npm1	protein_coding	74
ENSMUSG00000030862	Cpxm2	protein_coding	74
ENSMUSG00000030144	Clec4d	protein_coding	74
ENSMUSG00000000290	Itgb2	protein_coding	74
ENSMUSG00000058056	Palld	protein_coding	74
ENSMUSG00000042770	Hebp1	protein_coding	74
ENSMUSG00000029730	Mcm7	protein_coding	74
ENSMUSG00000026177	Slc11a1	protein_coding	74
ENSMUSG00000049404	Rarres1	protein_coding	74
ENSMUSG00000075528	Aarsd1	protein_coding	74
ENSMUSG00000045545	Krt14	protein_coding	74
ENSMUSG00000037936	Scarb1	protein_coding	74
ENSMUSG00000025203	Scd2	protein_coding	74
ENSMUSG00000033910	Gucy1a1	protein_coding	74
ENSMUSG00000022505	Emp2	protein_coding	74
ENSMUSG00000000957	Mmp14	protein_coding	74
ENSMUSG00000032501	Trib1	protein_coding	74
ENSMUSG00000029075	Tnfrsf4	protein_coding	74
ENSMUSG00000070427	Il18bp	protein_coding	74
ENSMUSG00000036545	Adamts2	protein_coding	74
ENSMUSG00000042453	Reln	protein_coding	74
ENSMUSG00000030830	Itgal	protein_coding	74
ENSMUSG00000005667	Mthfd2	protein_coding	74
ENSMUSG00000024395	Lims2	protein_coding	74
ENSMUSG00000031425	Plp1	protein_coding	74
ENSMUSG00000040659	Efhd2	protein_coding	73
ENSMUSG00000025044	Msr1	protein_coding	73
ENSMUSG00000009350	Mpo	protein_coding	73
ENSMUSG00000006519	Cyba	protein_coding	73
ENSMUSG00000060591	Ifitm2	protein_coding	73
ENSMUSG00000023272	Creld2	protein_coding	73
ENSMUSG00000034981	Parm1	protein_coding	73
ENSMUSG00000066363	Serpina3f	protein_coding	73
ENSMUSG00000023191	P3h3	protein_coding	73
ENSMUSG00000023571	C1qtnf12	protein_coding	73
ENSMUSG00000022237	Ankrd33b	protein_coding	73
ENSMUSG00000035105	Egln3	protein_coding	73
ENSMUSG00000030114	Klrg1	protein_coding	73
ENSMUSG00000018822	Sfrp5	protein_coding	73
ENSMUSG00000047446	Arl4a	protein_coding	73
ENSMUSG00000018821	Avpi1	protein_coding	73
ENSMUSG00000024640	Psat1	protein_coding	73
ENSMUSG00000033998	Kcnk1	protein_coding	73
ENSMUSG00000027330	Cdc25b	protein_coding	73
ENSMUSG00000027293	Ehd4	protein_coding	73
ENSMUSG00000006386	Tek	protein_coding	73
ENSMUSG00000027009	Itga4	protein_coding	73
ENSMUSG00000033364	Usp37	protein_coding	73
ENSMUSG00000027456	Sdcbp2	protein_coding	73
ENSMUSG00000024538	Ppic	protein_coding	73
ENSMUSG00000064341	mt-Nd1	protein_coding	73
ENSMUSG00000004207	Psap	protein_coding	73
ENSMUSG00000033032	Afap1l1	protein_coding	73
ENSMUSG00000020953	Coch	protein_coding	73
ENSMUSG00000000320	Alox12	protein_coding	72
ENSMUSG00000008035	Mid1ip1	protein_coding	72
ENSMUSG00000032902	Slc16a1	protein_coding	72
ENSMUSG00000032925	Itgbl1	protein_coding	72
ENSMUSG00000001021	S100a3	protein_coding	72
ENSMUSG00000024065	Ehd3	protein_coding	72
ENSMUSG00000024056	Ndc80	protein_coding	72
ENSMUSG00000039942	Ptger4	protein_coding	72
ENSMUSG00000063903	Klk1	protein_coding	72
ENSMUSG00000019773	Fbxo5	protein_coding	72
ENSMUSG00000001870	Ltbp1	protein_coding	72
ENSMUSG00000033508	Asprv1	protein_coding	72
ENSMUSG00000063727	Tnfrsf11b	protein_coding	72
ENSMUSG00000038421	Fcrla	protein_coding	72
ENSMUSG00000015467	Egfl8	protein_coding	72
ENSMUSG00000036856	Wnt4	protein_coding	72
ENSMUSG00000003355	Fkbp11	protein_coding	72
ENSMUSG00000005763	Cd247	protein_coding	72
ENSMUSG00000016918	Sulf1	protein_coding	72
ENSMUSG00000001247	Lsr	protein_coding	72
ENSMUSG00000045680	Tcf21	protein_coding	72
ENSMUSG00000047844	Bex4	protein_coding	72
ENSMUSG00000062825	Actg1	protein_coding	72
ENSMUSG00000004891	Nes	protein_coding	72
ENSMUSG00000000594	Gm2a	protein_coding	72
ENSMUSG00000002108	Nr1h3	protein_coding	72
ENSMUSG00000022330	Osr2	protein_coding	72
ENSMUSG00000037736	Limch1	protein_coding	72
ENSMUSG00000036570	Fxyd1	protein_coding	72
ENSMUSG00000014773	Dll1	protein_coding	71
ENSMUSG00000004359	Spic	protein_coding	71
ENSMUSG00000027656	Ccn5	protein_coding	71
ENSMUSG00000026683	Nuf2	protein_coding	71
ENSMUSG00000048218	Amigo2	protein_coding	71
ENSMUSG00000019528	Gyg1	protein_coding	71
ENSMUSG00000022090	Pdlim2	protein_coding	71
ENSMUSG00000030513	Pcsk6	protein_coding	71
ENSMUSG00000005672	Kit	protein_coding	71
ENSMUSG00000038059	Smim3	protein_coding	71
ENSMUSG00000037966	Ninj1	protein_coding	71
ENSMUSG00000035557	Krt17	protein_coding	71
ENSMUSG00000025270	Alas2	protein_coding	71
ENSMUSG00000038415	Foxq1	protein_coding	71
ENSMUSG00000073802	Cdkn2b	protein_coding	71
ENSMUSG00000074457	S100a16	protein_coding	71
ENSMUSG00000024033	Rsph1	protein_coding	71
ENSMUSG00000009092	Derl3	protein_coding	71
ENSMUSG00000038252	Ncapd2	protein_coding	71
ENSMUSG00000003882	Il7r	protein_coding	71
ENSMUSG00000039542	Ncam1	protein_coding	71
ENSMUSG00000023942	Slc29a1	protein_coding	71
ENSMUSG00000027490	E2f1	protein_coding	71
ENSMUSG00000032548	Slco2a1	protein_coding	71
ENSMUSG00000002020	Ltbp2	protein_coding	71
ENSMUSG00000037211	Spry1	protein_coding	71
ENSMUSG00000017697	Ada	protein_coding	71
ENSMUSG00000056394	Lig1	protein_coding	71
ENSMUSG00000071561	Cstdc5	protein_coding	71
ENSMUSG00000072082	Ccnf	protein_coding	71
ENSMUSG00000098557	Kctd12	protein_coding	71
ENSMUSG00000030737	Slco2b1	protein_coding	71
ENSMUSG00000029086	Prom1	protein_coding	71
ENSMUSG00000030844	Rgs10	protein_coding	71
ENSMUSG00000048387	Osr1	protein_coding	71
ENSMUSG00000029070	Mxra8	protein_coding	71
ENSMUSG00000022565	Plec	protein_coding	71
ENSMUSG00000063060	Sox7	protein_coding	71
ENSMUSG00000001228	Uhrf1	protein_coding	71
ENSMUSG00000022876	Samsn1	protein_coding	71
ENSMUSG00000040998	Npnt	protein_coding	71
ENSMUSG00000034165	Ccnd3	protein_coding	70
ENSMUSG00000063564	Col23a1	protein_coding	70
ENSMUSG00000027323	Rad51	protein_coding	70
ENSMUSG00000004044	Cavin1	protein_coding	70
ENSMUSG00000027342	Pcna	protein_coding	70
ENSMUSG00000047180	Neurl3	protein_coding	70
ENSMUSG00000002885	Adgre5	protein_coding	70
ENSMUSG00000030124	Lag3	protein_coding	70
ENSMUSG00000064363	mt-Nd4	protein_coding	70
ENSMUSG00000007892	Rplp1	protein_coding	70
ENSMUSG00000027375	Mal	protein_coding	70
ENSMUSG00000023243	Kcnk5	protein_coding	70
ENSMUSG00000040212	Emp3	protein_coding	70
ENSMUSG00000038580	Sct	protein_coding	70
ENSMUSG00000033585	Ndn	protein_coding	70
ENSMUSG00000064023	Klk8	protein_coding	70
ENSMUSG00000032135	Mcam	protein_coding	70
ENSMUSG00000034708	Grn	protein_coding	70
ENSMUSG00000005268	Prlr	protein_coding	70
ENSMUSG00000038463	Olfml2b	protein_coding	70
ENSMUSG00000032369	Plscr1	protein_coding	70
ENSMUSG00000027712	Anxa5	protein_coding	70
ENSMUSG00000051506	Wdfy4	protein_coding	70
ENSMUSG00000063011	Msln	protein_coding	70
ENSMUSG00000032024	Clmp	protein_coding	70
ENSMUSG00000028699	Tspan1	protein_coding	70
ENSMUSG00000034911	Ushbp1	protein_coding	70
ENSMUSG00000020681	Ace	protein_coding	70
ENSMUSG00000022636	Alcam	protein_coding	70
ENSMUSG00000028525	Pde4b	protein_coding	70
ENSMUSG00000031595	Pdgfrl	protein_coding	70
ENSMUSG00000028691	Prdx1	protein_coding	70
ENSMUSG00000006362	Cbfa2t3	protein_coding	70
ENSMUSG00000022148	Fyb1	protein_coding	70
ENSMUSG00000026395	Ptprc	protein_coding	70
ENSMUSG00000030978	Rrm1	protein_coding	70
ENSMUSG00000018500	Adora2b	protein_coding	70
ENSMUSG00000017390	Aldoc	protein_coding	70
ENSMUSG00000037548	H2-DMb2	protein_coding	70
ENSMUSG00000044469	Tnfaip8l1	protein_coding	70
ENSMUSG00000044533	Rps2	protein_coding	70
ENSMUSG00000019577	Pdk4	protein_coding	69
ENSMUSG00000036908	Unc93b1	protein_coding	69
ENSMUSG00000032372	Plscr2	protein_coding	69
ENSMUSG00000032334	Loxl1	protein_coding	69
ENSMUSG00000027797	Dclk1	protein_coding	69
ENSMUSG00000000440	Pparg	protein_coding	69
ENSMUSG00000026255	Efhd1	protein_coding	69
ENSMUSG00000037725	Ckap2	protein_coding	69
ENSMUSG00000026241	Nppc	protein_coding	69
ENSMUSG00000042985	Upk3b	protein_coding	69
ENSMUSG00000049907	Rasl11b	protein_coding	69
ENSMUSG00000027314	Dll4	protein_coding	69
ENSMUSG00000042607	Asb4	protein_coding	69
ENSMUSG00000031170	Slc38a5	protein_coding	69
ENSMUSG00000037847	Nmrk1	protein_coding	69
ENSMUSG00000027978	Prss12	protein_coding	69
ENSMUSG00000032125	Robo4	protein_coding	69
ENSMUSG00000041012	Cmtm8	protein_coding	69
ENSMUSG00000036103	Colec12	protein_coding	69
ENSMUSG00000025355	Mmp19	protein_coding	69
ENSMUSG00000048416	Mlf1	protein_coding	69
ENSMUSG00000020303	Stc2	protein_coding	69
ENSMUSG00000038037	Socs1	protein_coding	69
ENSMUSG00000041261	Car8	protein_coding	69
ENSMUSG00000040253	Gbp7	protein_coding	69
ENSMUSG00000071656	Lrrn4cl	protein_coding	69
ENSMUSG00000003363	Pld3	protein_coding	69
ENSMUSG00000078670	Fam174b	protein_coding	69
ENSMUSG00000046470	Sox18	protein_coding	69
ENSMUSG00000041782	Lad1	protein_coding	69
ENSMUSG00000031626	Sorbs2	protein_coding	69
ENSMUSG00000060509	Xcr1	protein_coding	69
ENSMUSG00000028871	Rspo1	protein_coding	69
ENSMUSG00000022415	Syngr1	protein_coding	69
ENSMUSG00000022351	Sqle	protein_coding	69
ENSMUSG00000033307	Mif	protein_coding	69
ENSMUSG00000110195	Pde2a	protein_coding	69
ENSMUSG00000030346	Rad51ap1	protein_coding	69
ENSMUSG00000066278	Vps37b	protein_coding	69
ENSMUSG00000050493	Fam167b	protein_coding	69
ENSMUSG00000004266	Ptpn6	protein_coding	69
ENSMUSG00000055172	C1ra	protein_coding	69
ENSMUSG00000031673	Cdh11	protein_coding	69
ENSMUSG00000028312	Smc2	protein_coding	69
ENSMUSG00000028071	Sh2d2a	protein_coding	69
ENSMUSG00000006342	Susd2	protein_coding	69
ENSMUSG00000026655	Fam107b	protein_coding	69
ENSMUSG00000002265	Peg3	protein_coding	69
ENSMUSG00000027386	Fbln7	protein_coding	69
ENSMUSG00000039396	Neil3	protein_coding	69
ENSMUSG00000030934	Oat	protein_coding	69
ENSMUSG00000022180	Slc7a8	protein_coding	69
ENSMUSG00000031779	Ccl22	protein_coding	69
ENSMUSG00000032291	Crabp1	protein_coding	68
ENSMUSG00000032278	Paqr5	protein_coding	68
ENSMUSG00000021485	Mxd3	protein_coding	68
ENSMUSG00000037010	Apln	protein_coding	68
ENSMUSG00000030336	Cd27	protein_coding	68
ENSMUSG00000047557	Lxn	protein_coding	68
ENSMUSG00000047414	Flrt2	protein_coding	68
ENSMUSG00000090958	Lrrc32	protein_coding	68
ENSMUSG00000036381	P2ry14	protein_coding	68
ENSMUSG00000032315	Cyp1a1	protein_coding	68
ENSMUSG00000025997	Ikzf2	protein_coding	68
ENSMUSG00000009681	Bcr	protein_coding	68
ENSMUSG00000032387	Rbpms2	protein_coding	68
ENSMUSG00000000782	Tcf7	protein_coding	68
ENSMUSG00000005800	Mmp8	protein_coding	68
ENSMUSG00000033082	Clec1a	protein_coding	68
ENSMUSG00000028194	Ddah1	protein_coding	68
ENSMUSG00000068614	Actc1	protein_coding	68
ENSMUSG00000053062	Jam2	protein_coding	68
ENSMUSG00000069833	Ahnak	protein_coding	68
ENSMUSG00000036111	Lmo1	protein_coding	68
ENSMUSG00000040952	Rps19	protein_coding	68
ENSMUSG00000063354	Slc39a4	protein_coding	68
ENSMUSG00000031770	Herpud1	protein_coding	68
ENSMUSG00000020638	Cmpk2	protein_coding	68
ENSMUSG00000040829	Zmynd15	protein_coding	68
ENSMUSG00000054263	Lifr	protein_coding	68
ENSMUSG00000023087	Noct	protein_coding	68
ENSMUSG00000040808	S100g	protein_coding	68
ENSMUSG00000039715	Dync2i2	protein_coding	68
ENSMUSG00000076441	Ass1	protein_coding	68
ENSMUSG00000028100	Nudt17	protein_coding	68
ENSMUSG00000040562	Gstm2	protein_coding	68
ENSMUSG00000040694	Apobec2	protein_coding	68
ENSMUSG00000031750	Il34	protein_coding	68
ENSMUSG00000017652	Cd40	protein_coding	68
ENSMUSG00000048120	Entpd1	protein_coding	68
ENSMUSG00000026773	Pfkfb3	protein_coding	68
ENSMUSG00000027082	Tfpi	protein_coding	68
ENSMUSG00000059089	Fcgr4	protein_coding	68
ENSMUSG00000053318	Slamf8	protein_coding	68
ENSMUSG00000031785	Adgrg1	protein_coding	68
ENSMUSG00000029061	Mmp23	protein_coding	68
ENSMUSG00000022512	Cldn1	protein_coding	68
ENSMUSG00000039126	Prune2	protein_coding	68
ENSMUSG00000038357	Camp	protein_coding	68
ENSMUSG00000028393	Alad	protein_coding	68
ENSMUSG00000002983	Relb	protein_coding	67
ENSMUSG00000048922	Cdca2	protein_coding	67
ENSMUSG00000029449	Rhof	protein_coding	67
ENSMUSG00000029401	Rilpl2	protein_coding	67
ENSMUSG00000071341	Egr4	protein_coding	67
ENSMUSG00000057329	Bcl2	protein_coding	67
ENSMUSG00000030793	Pycard	protein_coding	67
ENSMUSG00000032035	Ets1	protein_coding	67
ENSMUSG00000022126	Acod1	protein_coding	67
ENSMUSG00000046916	Myct1	protein_coding	67
ENSMUSG00000044986	Tst	protein_coding	67
ENSMUSG00000028111	Ctsk	protein_coding	67
ENSMUSG00000031155	Pim2	protein_coding	67
ENSMUSG00000039911	Spsb1	protein_coding	67
ENSMUSG00000026480	Ncf2	protein_coding	67
ENSMUSG00000022540	Rogdi	protein_coding	67
ENSMUSG00000052384	Nrros	protein_coding	67
ENSMUSG00000032020	Ubash3b	protein_coding	67
ENSMUSG00000006777	Krt23	protein_coding	67
ENSMUSG00000030789	Itgax	protein_coding	67
ENSMUSG00000020733	Nherf1	protein_coding	67
ENSMUSG00000090084	Srpx	protein_coding	67
ENSMUSG00000035202	Lars2	protein_coding	67
ENSMUSG00000016496	Cd274	protein_coding	67
ENSMUSG00000016256	Ctsz	protein_coding	67
ENSMUSG00000038668	Lpar1	protein_coding	67
ENSMUSG00000027200	Sema6d	protein_coding	67
ENSMUSG00000038871	Bpgm	protein_coding	67
ENSMUSG00000004885	Crabp2	protein_coding	67
ENSMUSG00000034266	Batf	protein_coding	67
ENSMUSG00000034463	Scara3	protein_coding	67
ENSMUSG00000030263	Irag2	protein_coding	67
ENSMUSG00000000120	Ngfr	protein_coding	67
ENSMUSG00000037347	Chst7	protein_coding	67
ENSMUSG00000020902	Ntn1	protein_coding	67
ENSMUSG00000037625	Cldn11	protein_coding	67
ENSMUSG00000037370	Enpp1	protein_coding	67
ENSMUSG00000021678	F2rl1	protein_coding	67
ENSMUSG00000044080	S100a1	protein_coding	66
ENSMUSG00000055612	Cdca7	protein_coding	66
ENSMUSG00000029771	Irf5	protein_coding	66
ENSMUSG00000056069	Otulinl	protein_coding	66
ENSMUSG00000067071	Hes6	protein_coding	66
ENSMUSG00000031520	Vegfc	protein_coding	66
ENSMUSG00000031380	Vegfd	protein_coding	66
ENSMUSG00000026701	Prdx6	protein_coding	66
ENSMUSG00000037166	Ppp1r14a	protein_coding	66
ENSMUSG00000029910	Mad2l1	protein_coding	66
ENSMUSG00000031821	Gins2	protein_coding	66
ENSMUSG00000074971	Fibin	protein_coding	66
ENSMUSG00000026479	Lamc2	protein_coding	66
ENSMUSG00000031097	Tnni2	protein_coding	66
ENSMUSG00000026630	Batf3	protein_coding	66
ENSMUSG00000089809	Rasgef1b	protein_coding	66
ENSMUSG00000050232	Cxcr3	protein_coding	66
ENSMUSG00000038400	Pmepa1	protein_coding	66
ENSMUSG00000022500	Litaf	protein_coding	66
ENSMUSG00000024529	Lox	protein_coding	66
ENSMUSG00000033350	Chst2	protein_coding	66
ENSMUSG00000035258	Abi3bp	protein_coding	66
ENSMUSG00000024791	Cdca5	protein_coding	66
ENSMUSG00000054146	Krt15	protein_coding	66
ENSMUSG00000031283	Chrdl1	protein_coding	66
ENSMUSG00000032380	Dapk2	protein_coding	66
ENSMUSG00000025980	Hspd1	protein_coding	66
ENSMUSG00000022055	Nefl	protein_coding	66
ENSMUSG00000021384	Susd3	protein_coding	66
ENSMUSG00000032281	Acsbg1	protein_coding	66
ENSMUSG00000021136	Smoc1	protein_coding	66
ENSMUSG00000021127	Zfp36l1	protein_coding	66
ENSMUSG00000048706	Lurap1l	protein_coding	66
ENSMUSG00000020891	Alox8	protein_coding	66
ENSMUSG00000030798	Cd37	protein_coding	66
ENSMUSG00000020235	Fzr1	protein_coding	66
ENSMUSG00000027932	Slc27a3	protein_coding	66
ENSMUSG00000032496	Ltf	protein_coding	66
ENSMUSG00000026418	Tnni1	protein_coding	66
ENSMUSG00000049866	Arl4c	protein_coding	66
ENSMUSG00000019139	Isyna1	protein_coding	66
ENSMUSG00000022015	Tnfsf11	protein_coding	66
ENSMUSG00000032350	Gclc	protein_coding	65
ENSMUSG00000090523	Gypc	protein_coding	65
ENSMUSG00000059895	Ptp4a3	protein_coding	65
ENSMUSG00000027111	Itga6	protein_coding	65
ENSMUSG00000025701	Alox5	protein_coding	65
ENSMUSG00000056708	Ier5	protein_coding	65
ENSMUSG00000021253	Tgfb3	protein_coding	65
ENSMUSG00000066979	Bub3	protein_coding	65
ENSMUSG00000050578	Mmp13	protein_coding	65
ENSMUSG00000033952	Aspm	protein_coding	65
ENSMUSG00000054191	Klf1	protein_coding	65
ENSMUSG00000020889	Nr1d1	protein_coding	65
ENSMUSG00000021273	Fdft1	protein_coding	65
ENSMUSG00000030137	Tuba8	protein_coding	65
ENSMUSG00000032841	Prr5l	protein_coding	65
ENSMUSG00000020432	Tcn2	protein_coding	65
ENSMUSG00000028255	Clca1	protein_coding	65
ENSMUSG00000046768	Rhoj	protein_coding	65
ENSMUSG00000028076	Cd1d1	protein_coding	65
ENSMUSG00000058773	H1f5	protein_coding	65
ENSMUSG00000026069	Il1rl1	protein_coding	65
ENSMUSG00000057135	Scimp	protein_coding	65
ENSMUSG00000058396	Gpr182	protein_coding	65
ENSMUSG00000032053	Pou2af1	protein_coding	65
ENSMUSG00000011148	Adss1	protein_coding	65
ENSMUSG00000032575	Manf	protein_coding	65
ENSMUSG00000068744	Psrc1	protein_coding	65
ENSMUSG00000035186	Ubd	protein_coding	65
ENSMUSG00000068101	Cenpm	protein_coding	65
ENSMUSG00000038304	Cd160	protein_coding	65
ENSMUSG00000089661	Mia	protein_coding	65
ENSMUSG00000024378	Stard4	protein_coding	65
ENSMUSG00000033191	Tie1	protein_coding	65
ENSMUSG00000000555	Itga5	protein_coding	65
ENSMUSG00000038170	Pde4dip	protein_coding	65
ENSMUSG00000041607	Mbp	protein_coding	65
ENSMUSG00000005054	Cstb	protein_coding	65
ENSMUSG00000031431	Tsc22d3	protein_coding	65
ENSMUSG00000020357	Flt4	protein_coding	65
ENSMUSG00000027073	Prg2	protein_coding	65
ENSMUSG00000038775	Vill	protein_coding	65
ENSMUSG00000025511	Tspan4	protein_coding	65
ENSMUSG00000036067	Slc2a6	protein_coding	65
ENSMUSG00000040616	Tmem51	protein_coding	65
ENSMUSG00000026235	Epha4	protein_coding	65
ENSMUSG00000028037	Ifi44	protein_coding	65
ENSMUSG00000062524	Ncr1	protein_coding	65
ENSMUSG00000029371	Cxcl5	protein_coding	65
ENSMUSG00000048373	Fgfbp1	protein_coding	65
ENSMUSG00000031504	Rab20	protein_coding	64
ENSMUSG00000033577	Myo6	protein_coding	64
ENSMUSG00000029759	Pon3	protein_coding	64
ENSMUSG00000055430	Nap1l5	protein_coding	64
ENSMUSG00000091345	Col6a5	protein_coding	64
ENSMUSG00000000303	Cdh1	protein_coding	64
ENSMUSG00000022221	Ripk3	protein_coding	64
ENSMUSG00000025085	Ablim1	protein_coding	64
ENSMUSG00000024660	Incenp	protein_coding	64
ENSMUSG00000038776	Ephx1	protein_coding	64
ENSMUSG00000005481	Ddx39a	protein_coding	64
ENSMUSG00000028937	Acot7	protein_coding	64
ENSMUSG00000024669	Cd5	protein_coding	64
ENSMUSG00000074170	Plekhf1	protein_coding	64
ENSMUSG00000053931	Cnn3	protein_coding	64
ENSMUSG00000053897	Slc39a8	protein_coding	64
ENSMUSG00000045551	Fpr1	protein_coding	64
ENSMUSG00000028238	Atp6v0d2	protein_coding	64
ENSMUSG00000028369	Svep1	protein_coding	64
ENSMUSG00000031075	Ano1	protein_coding	64
ENSMUSG00000024843	Chka	protein_coding	64
ENSMUSG00000020029	Nudt4	protein_coding	64
ENSMUSG00000038296	Galnt18	protein_coding	64
ENSMUSG00000001175	Calm1	protein_coding	64
ENSMUSG00000032715	Trib3	protein_coding	64
ENSMUSG00000078202	Nrarp	protein_coding	64
ENSMUSG00000062300	Nectin2	protein_coding	64
ENSMUSG00000050914	Ankrd37	protein_coding	64
ENSMUSG00000029082	Bst1	protein_coding	64
ENSMUSG00000022220	Adcy4	protein_coding	64
ENSMUSG00000030745	Il21r	protein_coding	64
ENSMUSG00000070691	Runx3	protein_coding	64
ENSMUSG00000026435	Slc45a3	protein_coding	64
ENSMUSG00000028024	Enpep	protein_coding	64
ENSMUSG00000027985	Lef1	protein_coding	64
ENSMUSG00000023827	Agpat4	protein_coding	64
ENSMUSG00000041126	H2az2	protein_coding	64
ENSMUSG00000030724	Cd19	protein_coding	64
ENSMUSG00000040703	Cyp2s1	protein_coding	64
ENSMUSG00000054364	Rhob	protein_coding	64
ENSMUSG00000029204	Rhoh	protein_coding	64
ENSMUSG00000029163	Emilin1	protein_coding	64
ENSMUSG00000003352	Cacnb3	protein_coding	64
ENSMUSG00000029363	Rfc5	protein_coding	64
ENSMUSG00000078566	Bnip3	protein_coding	64
ENSMUSG00000020774	Aspa	protein_coding	64
ENSMUSG00000036655	Colec11	protein_coding	64
ENSMUSG00000054641	Mmrn1	protein_coding	64
ENSMUSG00000057530	Ece1	protein_coding	64
ENSMUSG00000027834	Serpini1	protein_coding	64
ENSMUSG00000032271	Nnmt	protein_coding	64
ENSMUSG00000032221	Mns1	protein_coding	64
ENSMUSG00000021069	Pygl	protein_coding	64
ENSMUSG00000056091	St3gal5	protein_coding	63
ENSMUSG00000052374	Actn2	protein_coding	63
ENSMUSG00000003752	Itpkc	protein_coding	63
ENSMUSG00000040247	Tbc1d10c	protein_coding	63
ENSMUSG00000040314	Ctsg	protein_coding	63
ENSMUSG00000027955	Gask1b	protein_coding	63
ENSMUSG00000032492	Pth1r	protein_coding	63
ENSMUSG00000020571	Pdia6	protein_coding	63
ENSMUSG00000006585	Cdt1	protein_coding	63
ENSMUSG00000019102	Aldh3a1	protein_coding	63
ENSMUSG00000022265	Ank	protein_coding	63
ENSMUSG00000022257	Laptm4b	protein_coding	63
ENSMUSG00000045664	Cdc42ep2	protein_coding	63
ENSMUSG00000024608	Rps14	protein_coding	63
ENSMUSG00000039153	Runx2	protein_coding	63
ENSMUSG00000020469	Myl7	protein_coding	63
ENSMUSG00000015837	Sqstm1	protein_coding	63
ENSMUSG00000027227	Sord	protein_coding	63
ENSMUSG00000027210	Meis2	protein_coding	63
ENSMUSG00000000958	Slc7a7	protein_coding	63
ENSMUSG00000024087	Cyp1b1	protein_coding	63
ENSMUSG00000020484	Xbp1	protein_coding	63
ENSMUSG00000027459	Fam110a	protein_coding	63
ENSMUSG00000038793	Lefty1	protein_coding	63
ENSMUSG00000004098	Col5a3	protein_coding	63
ENSMUSG00000076617	Ighm	IG_C_gene	63
ENSMUSG00000068566	Myadm	protein_coding	63
ENSMUSG00000042988	Notum	protein_coding	63
ENSMUSG00000042215	Bag2	protein_coding	63
ENSMUSG00000028874	Fgr	protein_coding	63
ENSMUSG00000012705	Retn	protein_coding	63
ENSMUSG00000067219	Nipal1	protein_coding	63
ENSMUSG00000001827	Folr1	protein_coding	63
ENSMUSG00000028825	Rhd	protein_coding	63
ENSMUSG00000024795	Kif20b	protein_coding	63
ENSMUSG00000041836	Ptpre	protein_coding	63
ENSMUSG00000060791	Gmfg	protein_coding	63
ENSMUSG00000024663	Rab3il1	protein_coding	63
ENSMUSG00000048482	Bdnf	protein_coding	63
ENSMUSG00000048200	Cracr2b	protein_coding	63
ENSMUSG00000030701	Plekhb1	protein_coding	63
ENSMUSG00000025930	Msc	protein_coding	63
ENSMUSG00000054932	Afp	protein_coding	63
ENSMUSG00000022014	Epsti1	protein_coding	63
ENSMUSG00000000244	Tspan32	protein_coding	63
ENSMUSG00000071042	Rasgrp3	protein_coding	63
ENSMUSG00000000402	Egfl6	protein_coding	63
ENSMUSG00000036585	Fgf1	protein_coding	63
ENSMUSG00000021360	Gcnt2	protein_coding	63
ENSMUSG00000024644	Cndp2	protein_coding	62
ENSMUSG00000022372	Sla	protein_coding	62
ENSMUSG00000031661	Nkd1	protein_coding	62
ENSMUSG00000044317	Gpr4	protein_coding	62
ENSMUSG00000043505	Gimap5	protein_coding	62
ENSMUSG00000030630	Fah	protein_coding	62
ENSMUSG00000026478	Lamc1	protein_coding	62
ENSMUSG00000020125	Elane	protein_coding	62
ENSMUSG00000035683	Melk	protein_coding	62
ENSMUSG00000030786	Itgam	protein_coding	62
ENSMUSG00000004633	Chn2	protein_coding	62
ENSMUSG00000004552	Ctse	protein_coding	62
ENSMUSG00000026335	Pam	protein_coding	62
ENSMUSG00000048450	Msx1	protein_coding	62
ENSMUSG00000020101	Vsir	protein_coding	62
ENSMUSG00000034881	Tbxa2r	protein_coding	62
ENSMUSG00000026675	Hsd17b7	protein_coding	62
ENSMUSG00000045658	Pid1	protein_coding	62
ENSMUSG00000042106	Inka1	protein_coding	62
ENSMUSG00000039410	Prdm16	protein_coding	62
ENSMUSG00000039316	Rftn1	protein_coding	62
ENSMUSG00000074794	Arrdc3	protein_coding	62
ENSMUSG00000028362	Tnfsf8	protein_coding	62
ENSMUSG00000050931	Sgms2	protein_coding	62
ENSMUSG00000032446	Eomes	protein_coding	62
ENSMUSG00000076609	Igkc	IG_C_gene	62
ENSMUSG00000022742	Cpox	protein_coding	62
ENSMUSG00000039994	Timeless	protein_coding	62
ENSMUSG00000032719	Sbspon	protein_coding	62
ENSMUSG00000027408	Cpxm1	protein_coding	62
ENSMUSG00000014453	Blk	protein_coding	62
ENSMUSG00000001053	N4bp3	protein_coding	62
ENSMUSG00000003814	Calr	protein_coding	62
ENSMUSG00000006715	Gmnn	protein_coding	62
ENSMUSG00000040046	Tph1	protein_coding	62
ENSMUSG00000006782	Cnp	protein_coding	62
ENSMUSG00000000817	Fasl	protein_coding	62
ENSMUSG00000051811	Cox6b2	protein_coding	62
ENSMUSG00000032420	Nt5e	protein_coding	62
ENSMUSG00000061816	Myl1	protein_coding	62
ENSMUSG00000027315	Spint1	protein_coding	62
ENSMUSG00000004032	Gstm5	protein_coding	62
ENSMUSG00000040613	Apobec1	protein_coding	62
ENSMUSG00000021880	Rnase6	protein_coding	62
ENSMUSG00000036528	Ppfibp2	protein_coding	62
ENSMUSG00000036854	Hspb6	protein_coding	62
ENSMUSG00000038146	Notch3	protein_coding	62
ENSMUSG00000069805	Fbp1	protein_coding	62
ENSMUSG00000025479	Cyp2e1	protein_coding	62
ENSMUSG00000029126	Nsg1	protein_coding	62
ENSMUSG00000013523	Bcas1	protein_coding	62
ENSMUSG00000004446	Bid	protein_coding	62
ENSMUSG00000090019	Gimap1	protein_coding	62
ENSMUSG00000019966	Kitl	protein_coding	62
ENSMUSG00000002808	Epdr1	protein_coding	62
ENSMUSG00000042797	Aqp11	protein_coding	62
ENSMUSG00000022034	Esco2	protein_coding	62
ENSMUSG00000026417	Pigr	protein_coding	62
ENSMUSG00000035561	Aldh1b1	protein_coding	62
ENSMUSG00000020787	P2rx1	protein_coding	62
ENSMUSG00000034892	Rps29	protein_coding	62
ENSMUSG00000060548	Tnfrsf19	protein_coding	62
ENSMUSG00000026888	Grb14	protein_coding	62
ENSMUSG00000071547	Nt5dc2	protein_coding	61
ENSMUSG00000021886	Gpr65	protein_coding	61
ENSMUSG00000049107	Ntf3	protein_coding	61
ENSMUSG00000029161	Cgref1	protein_coding	61
ENSMUSG00000020140	Lgr5	protein_coding	61
ENSMUSG00000048498	Cd300e	protein_coding	61
ENSMUSG00000020089	Ppa1	protein_coding	61
ENSMUSG00000026070	Il18r1	protein_coding	61
ENSMUSG00000037447	Arid5a	protein_coding	61
ENSMUSG00000025921	Rdh10	protein_coding	61
ENSMUSG00000046031	Calhm6	protein_coding	61
ENSMUSG00000040254	Sema3d	protein_coding	61
ENSMUSG00000022754	Tmem45a	protein_coding	61
ENSMUSG00000032860	P2ry2	protein_coding	61
ENSMUSG00000019256	Ahr	protein_coding	61
ENSMUSG00000052776	Oas1a	protein_coding	61
ENSMUSG00000027698	Nceh1	protein_coding	61
ENSMUSG00000007039	Ddah2	protein_coding	61
ENSMUSG00000046688	Tifa	protein_coding	61
ENSMUSG00000028005	Gucy1b1	protein_coding	61
ENSMUSG00000022797	Tfrc	protein_coding	61
ENSMUSG00000042817	Flt3	protein_coding	61
ENSMUSG00000044217	Aqp5	protein_coding	61
ENSMUSG00000025461	Scart1	protein_coding	61
ENSMUSG00000038151	Prdm1	protein_coding	61
ENSMUSG00000068079	Tcf15	protein_coding	61
ENSMUSG00000026674	Ddr2	protein_coding	61
ENSMUSG00000000489	Pdgfb	protein_coding	61
ENSMUSG00000001739	Cldn15	protein_coding	61
ENSMUSG00000026708	Cenpl	protein_coding	61
ENSMUSG00000033208	S100b	protein_coding	61
ENSMUSG00000015950	Ncf1	protein_coding	61
ENSMUSG00000066026	Dhrs3	protein_coding	61
ENSMUSG00000053175	Bcl3	protein_coding	61
ENSMUSG00000033318	Gstt2	protein_coding	61
ENSMUSG00000026923	Notch1	protein_coding	61
ENSMUSG00000026956	Uap1l1	protein_coding	61
ENSMUSG00000014329	Bicc1	protein_coding	61
ENSMUSG00000033427	Upb1	protein_coding	61
ENSMUSG00000026579	F5	protein_coding	61
ENSMUSG00000067377	Tspan6	protein_coding	61
ENSMUSG00000034675	Dbn1	protein_coding	61
ENSMUSG00000032744	Heyl	protein_coding	60
ENSMUSG00000031778	Cx3cl1	protein_coding	60
ENSMUSG00000024597	Slc12a2	protein_coding	60
ENSMUSG00000006517	Mvd	protein_coding	60
ENSMUSG00000024620	Pdgfrb	protein_coding	60
ENSMUSG00000008348	Ubc	protein_coding	60
ENSMUSG00000046314	Stxbp6	protein_coding	60
ENSMUSG00000032083	Apoa1	protein_coding	60
ENSMUSG00000041272	Tox	protein_coding	60
ENSMUSG00000041329	Atp1b2	protein_coding	60
ENSMUSG00000063445	Nmral1	protein_coding	60
ENSMUSG00000027861	Casq2	protein_coding	60
ENSMUSG00000002997	Prkar2b	protein_coding	60
ENSMUSG00000064351	mt-Co1	protein_coding	60
ENSMUSG00000027333	Smox	protein_coding	60
ENSMUSG00000066687	Zbtb16	protein_coding	60
ENSMUSG00000024664	Fads3	protein_coding	60
ENSMUSG00000041773	Enc1	protein_coding	60
ENSMUSG00000019936	Epyc	protein_coding	60
ENSMUSG00000015880	Ncapg	protein_coding	60
ENSMUSG00000013076	Amotl1	protein_coding	60
ENSMUSG00000073002	Vamp5	protein_coding	60
ENSMUSG00000029153	Ociad2	protein_coding	60
ENSMUSG00000020790	Ankfy1	protein_coding	60
ENSMUSG00000042417	Ccno	protein_coding	60
ENSMUSG00000034926	Dhcr24	protein_coding	60
ENSMUSG00000042357	Gjb5	protein_coding	60
ENSMUSG00000000530	Acvrl1	protein_coding	60
ENSMUSG00000025151	Maged1	protein_coding	60
ENSMUSG00000001157	Gmcl1	protein_coding	60
ENSMUSG00000026817	Ak1	protein_coding	60
ENSMUSG00000059336	Slc14a1	protein_coding	60
ENSMUSG00000034664	Itga2b	protein_coding	60
ENSMUSG00000001552	Jup	protein_coding	60
ENSMUSG00000048915	Efna5	protein_coding	60
ENSMUSG00000042808	Gpx2	protein_coding	60
ENSMUSG00000022103	Gfra2	protein_coding	60
ENSMUSG00000036402	Gng12	protein_coding	60
ENSMUSG00000049154	Cfap144	protein_coding	60
ENSMUSG00000026285	Pdcd1	protein_coding	60
ENSMUSG00000071347	C1qtnf9	protein_coding	60
ENSMUSG00000090394	4930523C07Rik	protein_coding	60
ENSMUSG00000010651	Acaa1b	protein_coding	60
ENSMUSG00000037419	Endod1	protein_coding	60
ENSMUSG00000037465	Klf10	protein_coding	60
ENSMUSG00000037706	Cd81	protein_coding	60
ENSMUSG00000037406	Htra4	protein_coding	60
ENSMUSG00000044017	Adgrd1	protein_coding	60
ENSMUSG00000096472	Cdkn2d	protein_coding	59
ENSMUSG00000020182	Ddc	protein_coding	59
ENSMUSG00000037278	Tmem97	protein_coding	59
ENSMUSG00000021196	Pfkp	protein_coding	59
ENSMUSG00000055322	Tns1	protein_coding	59
ENSMUSG00000026126	Ptpn18	protein_coding	59
ENSMUSG00000021806	Nid2	protein_coding	59
ENSMUSG00000010095	Slc3a2	protein_coding	59
ENSMUSG00000030064	Frmd4b	protein_coding	59
ENSMUSG00000010760	Phlda2	protein_coding	59
ENSMUSG00000010830	Kdelr3	protein_coding	59
ENSMUSG00000004562	Arhgef40	protein_coding	59
ENSMUSG00000030268	Bcat1	protein_coding	59
ENSMUSG00000036894	Rap2b	protein_coding	59
ENSMUSG00000005732	Ranbp1	protein_coding	59
ENSMUSG00000030352	Tspan9	protein_coding	59
ENSMUSG00000037754	Ppp1r16b	protein_coding	59
ENSMUSG00000020788	Atp2a3	protein_coding	59
ENSMUSG00000005611	Irag1	protein_coding	59
ENSMUSG00000026389	Steap3	protein_coding	59
ENSMUSG00000037887	Dusp8	protein_coding	59
ENSMUSG00000025232	Hexa	protein_coding	59
ENSMUSG00000025190	Got1	protein_coding	59
ENSMUSG00000035184	Fam124a	protein_coding	59
ENSMUSG00000012443	Kif11	protein_coding	59
ENSMUSG00000035104	Eva1a	protein_coding	59
ENSMUSG00000087651	1500009L16Rik	protein_coding	59
ENSMUSG00000037904	Ankrd9	protein_coding	59
ENSMUSG00000002699	Lcp2	protein_coding	59
ENSMUSG00000035566	Pcdh17	protein_coding	59
ENSMUSG00000031250	Tnmd	protein_coding	59
ENSMUSG00000030905	Crym	protein_coding	59
ENSMUSG00000024885	Aldh3b1	protein_coding	59
ENSMUSG00000024912	Fosl1	protein_coding	59
ENSMUSG00000020737	Jpt1	protein_coding	59
ENSMUSG00000030792	Dkkl1	protein_coding	59
ENSMUSG00000042709	Atpaf2	protein_coding	59
ENSMUSG00000058297	Spock2	protein_coding	59
ENSMUSG00000042821	Snai1	protein_coding	59
ENSMUSG00000041220	Elovl6	protein_coding	59
ENSMUSG00000028445	Enho	protein_coding	59
ENSMUSG00000038593	Tctn1	protein_coding	59
ENSMUSG00000059791	Nrm	protein_coding	59
ENSMUSG00000033594	Spata2l	protein_coding	59
ENSMUSG00000024697	Gna14	protein_coding	59
ENSMUSG00000027004	Frzb	protein_coding	59
ENSMUSG00000026958	Dpp7	protein_coding	59
ENSMUSG00000038583	Pln	protein_coding	59
ENSMUSG00000073889	Il11ra1	protein_coding	59
ENSMUSG00000034006	Slc66a2	protein_coding	59
ENSMUSG00000031734	Irx3	protein_coding	59
ENSMUSG00000032332	Col12a1	protein_coding	59
ENSMUSG00000063931	Pepd	protein_coding	59
ENSMUSG00000053559	Smagp	protein_coding	59
ENSMUSG00000031849	Comp	protein_coding	59
ENSMUSG00000046352	Gjb2	protein_coding	59
ENSMUSG00000005124	Ccn4	protein_coding	59
ENSMUSG00000005148	Klf5	protein_coding	59
ENSMUSG00000040016	Ptger3	protein_coding	59
ENSMUSG00000031799	Tpm4	protein_coding	59
ENSMUSG00000044199	S1pr4	protein_coding	59
ENSMUSG00000070867	Trabd2b	protein_coding	59
ENSMUSG00000023274	Cd4	protein_coding	59
ENSMUSG00000032946	Rasgrp2	protein_coding	59
ENSMUSG00000028657	Ppt1	protein_coding	59
ENSMUSG00000022747	St3gal6	protein_coding	59
ENSMUSG00000047420	Fam180a	protein_coding	59
ENSMUSG00000027699	Ect2	protein_coding	59
ENSMUSG00000003868	Ruvbl2	protein_coding	59
ENSMUSG00000029664	Tfpi2	protein_coding	58
ENSMUSG00000018008	Cyth4	protein_coding	58
ENSMUSG00000026094	Stk17b	protein_coding	58
ENSMUSG00000036109	Mbnl3	protein_coding	58
ENSMUSG00000033970	Rfc3	protein_coding	58
ENSMUSG00000028599	Tnfrsf1b	protein_coding	58
ENSMUSG00000026896	Ifih1	protein_coding	58
ENSMUSG00000038457	Tmem255b	protein_coding	58
ENSMUSG00000030249	Abcc9	protein_coding	58
ENSMUSG00000026483	Niban1	protein_coding	58
ENSMUSG00000041736	Tspo	protein_coding	58
ENSMUSG00000003418	St8sia6	protein_coding	58
ENSMUSG00000045667	Smtnl2	protein_coding	58
ENSMUSG00000054200	Ffar4	protein_coding	58
ENSMUSG00000005540	Fcer2a	protein_coding	58
ENSMUSG00000020023	Tmcc3	protein_coding	58
ENSMUSG00000024965	Fermt3	protein_coding	58
ENSMUSG00000049734	Trex1	protein_coding	58
ENSMUSG00000037902	Sirpa	protein_coding	58
ENSMUSG00000034640	Tiparp	protein_coding	58
ENSMUSG00000054428	Atp5if1	protein_coding	58
ENSMUSG00000001249	Hpn	protein_coding	58
ENSMUSG00000025395	Prim1	protein_coding	58
ENSMUSG00000026315	Serpinb8	protein_coding	58
ENSMUSG00000036223	Ska1	protein_coding	58
ENSMUSG00000009418	Nav1	protein_coding	58
ENSMUSG00000026414	Tnnt2	protein_coding	58
ENSMUSG00000070576	Mn1	protein_coding	58
ENSMUSG00000020151	Ptprr	protein_coding	58
ENSMUSG00000021811	Dnajc9	protein_coding	58
ENSMUSG00000026020	Nop58	protein_coding	58
ENSMUSG00000030541	Idh2	protein_coding	58
ENSMUSG00000071715	Ncf4	protein_coding	58
ENSMUSG00000020150	Gamt	protein_coding	58
ENSMUSG00000037474	Dtl	protein_coding	58
ENSMUSG00000017897	Eya2	protein_coding	58
ENSMUSG00000004642	Slbp	protein_coding	58
ENSMUSG00000021265	Slc25a29	protein_coding	58
ENSMUSG00000017499	Cdc6	protein_coding	58
ENSMUSG00000021379	Id4	protein_coding	58
ENSMUSG00000043924	Ncmap	protein_coding	58
ENSMUSG00000027890	Gstm4	protein_coding	58
ENSMUSG00000003849	Nqo1	protein_coding	58
ENSMUSG00000027859	Ngf	protein_coding	58
ENSMUSG00000031963	Bmper	protein_coding	58
ENSMUSG00000051627	H1f4	protein_coding	58
ENSMUSG00000020593	Lpin1	protein_coding	58
ENSMUSG00000028328	Tmod1	protein_coding	58
ENSMUSG00000032289	Thsd4	protein_coding	58
ENSMUSG00000039676	Capsl	protein_coding	58
ENSMUSG00000027397	Slc20a1	protein_coding	58
ENSMUSG00000061718	Ppp1r1b	protein_coding	58
ENSMUSG00000031506	Ptpn7	protein_coding	58
ENSMUSG00000074802	Gas2l3	protein_coding	58
ENSMUSG00000059970	Hspa2	protein_coding	58
ENSMUSG00000031387	Renbp	protein_coding	58
ENSMUSG00000026955	Sapcd2	protein_coding	58
ENSMUSG00000004952	Rasa4	protein_coding	58
ENSMUSG00000024670	Cd6	protein_coding	58
ENSMUSG00000024590	Lmnb1	protein_coding	58
ENSMUSG00000059824	Dbp	protein_coding	58
ENSMUSG00000026837	Col5a1	protein_coding	58
ENSMUSG00000001864	Aif1l	protein_coding	58
ENSMUSG00000020689	Itgb3	protein_coding	58
ENSMUSG00000026768	Itga8	protein_coding	58
ENSMUSG00000053846	Lipg	protein_coding	58
ENSMUSG00000026872	Zeb2	protein_coding	58
ENSMUSG00000076498	Trbc2	TR_C_gene	58
ENSMUSG00000046491	C1qtnf2	protein_coding	58
ENSMUSG00000023944	Hsp90ab1	protein_coding	58
ENSMUSG00000024013	Fgd2	protein_coding	58
ENSMUSG00000031877	Ces2g	protein_coding	58
ENSMUSG00000079227	Ccr5	protein_coding	58
ENSMUSG00000020471	Pold2	protein_coding	58
ENSMUSG00000039850	Endov	protein_coding	58
ENSMUSG00000021591	Glrx	protein_coding	57
ENSMUSG00000021676	Iqgap2	protein_coding	57
ENSMUSG00000055301	Adh7	protein_coding	57
ENSMUSG00000056515	Rab31	protein_coding	57
ENSMUSG00000021215	Net1	protein_coding	57
ENSMUSG00000037321	Tap1	protein_coding	57
ENSMUSG00000020941	Map3k14	protein_coding	57
ENSMUSG00000037922	Bank1	protein_coding	57
ENSMUSG00000054474	Thnsl2	protein_coding	57
ENSMUSG00000043079	Synpo	protein_coding	57
ENSMUSG00000029552	Tes	protein_coding	57
ENSMUSG00000043110	Lrrn4	protein_coding	57
ENSMUSG00000029860	Zyx	protein_coding	57
ENSMUSG00000029669	Tspan12	protein_coding	57
ENSMUSG00000049265	Kcnk3	protein_coding	57
ENSMUSG00000000385	Tmprss2	protein_coding	57
ENSMUSG00000071866	Ppia	protein_coding	57
ENSMUSG00000037577	Ephx3	protein_coding	57
ENSMUSG00000029622	Arpc1b	protein_coding	57
ENSMUSG00000029591	Ung	protein_coding	57
ENSMUSG00000044674	Fzd1	protein_coding	57
ENSMUSG00000021892	Sh3bp5	protein_coding	57
ENSMUSG00000036144	Meox2	protein_coding	57
ENSMUSG00000004933	Matk	protein_coding	57
ENSMUSG00000059146	Ntrk3	protein_coding	57
ENSMUSG00000026622	Nek2	protein_coding	57
ENSMUSG00000022453	Naga	protein_coding	57
ENSMUSG00000025037	Maoa	protein_coding	57
ENSMUSG00000026566	Mpzl1	protein_coding	57
ENSMUSG00000020758	Itgb4	protein_coding	57
ENSMUSG00000025403	Shmt2	protein_coding	57
ENSMUSG00000025362	Rps26	protein_coding	57
ENSMUSG00000001300	Efnb2	protein_coding	57
ENSMUSG00000057969	Sema3b	protein_coding	57
ENSMUSG00000042258	Isl1	protein_coding	57
ENSMUSG00000042284	Itga1	protein_coding	57
ENSMUSG00000050379	Septin6	protein_coding	57
ENSMUSG00000074115	Saa1	protein_coding	57
ENSMUSG00000038178	Slc43a2	protein_coding	57
ENSMUSG00000034424	Gcsh	protein_coding	57
ENSMUSG00000050350	Gpr18	protein_coding	57
ENSMUSG00000018604	Tbx3	protein_coding	57
ENSMUSG00000028843	Sh3bgrl3	protein_coding	57
ENSMUSG00000006611	Hfe	protein_coding	57
ENSMUSG00000073530	Pappa2	protein_coding	57
ENSMUSG00000047330	Kcne4	protein_coding	57
ENSMUSG00000038526	Car14	protein_coding	57
ENSMUSG00000022673	Mcm4	protein_coding	57
ENSMUSG00000024544	Ldlrad4	protein_coding	57
ENSMUSG00000038578	Susd1	protein_coding	57
ENSMUSG00000039450	Dcxr	protein_coding	57
ENSMUSG00000033107	Rnf125	protein_coding	57
ENSMUSG00000027276	Jag1	protein_coding	57
ENSMUSG00000039131	Gipc2	protein_coding	57
ENSMUSG00000064109	Hcst	protein_coding	57
ENSMUSG00000064179	Tnnt1	protein_coding	57
ENSMUSG00000064345	mt-Nd2	protein_coding	57
ENSMUSG00000018919	Tm4sf5	protein_coding	57
ENSMUSG00000022945	Chaf1b	protein_coding	57
ENSMUSG00000039217	Il18	protein_coding	57
ENSMUSG00000024177	Nme4	protein_coding	57
ENSMUSG00000032661	Oas3	protein_coding	57
ENSMUSG00000006800	Sulf2	protein_coding	57
ENSMUSG00000020601	Trib2	protein_coding	57
ENSMUSG00000022949	Clic6	protein_coding	57
ENSMUSG00000046432	Bex3	protein_coding	57
ENSMUSG00000023927	Satb1	protein_coding	57
ENSMUSG00000027966	Col11a1	protein_coding	57
ENSMUSG00000032038	St3gal4	protein_coding	57
ENSMUSG00000078350	Smim1	protein_coding	57
ENSMUSG00000032324	Tspan3	protein_coding	57
ENSMUSG00000052889	Prkcb	protein_coding	57
ENSMUSG00000015243	Abca1	protein_coding	57
ENSMUSG00000032010	Usp2	protein_coding	57
ENSMUSG00000062345	Serpinb2	protein_coding	57
ENSMUSG00000019478	Rab4a	protein_coding	57
ENSMUSG00000071076	Jund	protein_coding	57
ENSMUSG00000071178	Serpina1b	protein_coding	57
ENSMUSG00000000253	Gmpr	protein_coding	57
ENSMUSG00000043895	S1pr2	protein_coding	57
ENSMUSG00000096727	Psmb9	protein_coding	56
ENSMUSG00000021760	Gpx8	protein_coding	56
ENSMUSG00000021613	Hapln1	protein_coding	56
ENSMUSG00000090125	Pou3f1	protein_coding	56
ENSMUSG00000023484	Prph	protein_coding	56
ENSMUSG00000052013	Btla	protein_coding	56
ENSMUSG00000037108	Zcwpw1	protein_coding	56
ENSMUSG00000072115	Ang	protein_coding	56
ENSMUSG00000020766	Galk1	protein_coding	56
ENSMUSG00000022044	Stmn4	protein_coding	56
ENSMUSG00000030688	Stard10	protein_coding	56
ENSMUSG00000043336	Filip1l	protein_coding	56
ENSMUSG00000045312	Lhfpl2	protein_coding	56
ENSMUSG00000029430	Ran	protein_coding	56
ENSMUSG00000043008	Klhl6	protein_coding	56
ENSMUSG00000018340	Anxa6	protein_coding	56
ENSMUSG00000017144	Rnd3	protein_coding	56
ENSMUSG00000046731	Kctd11	protein_coding	56
ENSMUSG00000039697	Ncoa7	protein_coding	56
ENSMUSG00000034906	Ncaph	protein_coding	56
ENSMUSG00000034765	Dusp5	protein_coding	56
ENSMUSG00000024987	Cyp26a1	protein_coding	56
ENSMUSG00000003411	Rab3b	protein_coding	56
ENSMUSG00000006310	Zbtb32	protein_coding	56
ENSMUSG00000006589	Aprt	protein_coding	56
ENSMUSG00000026819	Slc25a25	protein_coding	56
ENSMUSG00000034422	Parp14	protein_coding	56
ENSMUSG00000034394	Lif	protein_coding	56
ENSMUSG00000066152	Slc31a2	protein_coding	56
ENSMUSG00000074489	Bglap3	protein_coding	56
ENSMUSG00000028744	Slc66a1	protein_coding	56
ENSMUSG00000060519	Tor3a	protein_coding	56
ENSMUSG00000019872	Smpdl3a	protein_coding	56
ENSMUSG00000014158	Trpv4	protein_coding	56
ENSMUSG00000022659	Gcsam	protein_coding	56
ENSMUSG00000002233	Rhoc	protein_coding	56
ENSMUSG00000018906	P4ha2	protein_coding	56
ENSMUSG00000060803	Gstp1	protein_coding	56
ENSMUSG00000038843	Gcnt1	protein_coding	56
ENSMUSG00000024349	Sting1	protein_coding	56
ENSMUSG00000031990	Jam3	protein_coding	56
ENSMUSG00000022952	Runx1	protein_coding	56
ENSMUSG00000032353	Tmed3	protein_coding	56
ENSMUSG00000048779	P2ry6	protein_coding	56
ENSMUSG00000025950	Idh1	protein_coding	56
ENSMUSG00000020178	Adora2a	protein_coding	56
ENSMUSG00000025794	Rpl14	protein_coding	56
ENSMUSG00000025776	Crispld1	protein_coding	56
ENSMUSG00000005968	Tuft1	protein_coding	56
ENSMUSG00000030110	Ret	protein_coding	56
ENSMUSG00000043501	Lgals2	protein_coding	55
ENSMUSG00000030223	Ptpro	protein_coding	55
ENSMUSG00000025823	Pdia4	protein_coding	55
ENSMUSG00000029925	Tbxas1	protein_coding	55
ENSMUSG00000055912	Tmem150a	protein_coding	55
ENSMUSG00000103711	Tstd1	protein_coding	55
ENSMUSG00000063506	Arhgap22	protein_coding	55
ENSMUSG00000032232	Cgnl1	protein_coding	55
ENSMUSG00000032373	Car12	protein_coding	55
ENSMUSG00000010175	Prox1	protein_coding	55
ENSMUSG00000048612	Myof	protein_coding	55
ENSMUSG00000020176	Grb10	protein_coding	55
ENSMUSG00000032246	Calml4	protein_coding	55
ENSMUSG00000019846	Lama4	protein_coding	55
ENSMUSG00000039007	Cpq	protein_coding	55
ENSMUSG00000028497	Hacd4	protein_coding	55
ENSMUSG00000027381	Bcl2l11	protein_coding	55
ENSMUSG00000028307	Aldob	protein_coding	55
ENSMUSG00000053477	Tcf4	protein_coding	55
ENSMUSG00000020607	Lratd1	protein_coding	55
ENSMUSG00000041361	Myzap	protein_coding	55
ENSMUSG00000023947	Nfkbie	protein_coding	55
ENSMUSG00000040557	Mettl27	protein_coding	55
ENSMUSG00000028655	Mfsd2a	protein_coding	55
ENSMUSG00000028678	Kif2c	protein_coding	55
ENSMUSG00000028671	Gale	protein_coding	55
ENSMUSG00000008601	Rab25	protein_coding	55
ENSMUSG00000004099	Dnmt1	protein_coding	55
ENSMUSG00000064254	Ethe1	protein_coding	55
ENSMUSG00000028755	Cda	protein_coding	55
ENSMUSG00000005360	Slc1a3	protein_coding	55
ENSMUSG00000041538	H2-Ob	protein_coding	55
ENSMUSG00000034311	Kif4	protein_coding	55
ENSMUSG00000024833	Pola2	protein_coding	55
ENSMUSG00000079355	Ackr4	protein_coding	55
ENSMUSG00000040699	Limd2	protein_coding	55
ENSMUSG00000040710	St8sia4	protein_coding	55
ENSMUSG00000028885	Smpdl3b	protein_coding	55
ENSMUSG00000009772	Nuak2	protein_coding	55
ENSMUSG00000020829	Slc46a1	protein_coding	55
ENSMUSG00000001507	Itga3	protein_coding	55
ENSMUSG00000052151	Plpp2	protein_coding	55
ENSMUSG00000023456	Tpi1	protein_coding	55
ENSMUSG00000032181	Scg3	protein_coding	55
ENSMUSG00000026458	Ppfia4	protein_coding	55
ENSMUSG00000032028	Nxpe2	protein_coding	55
ENSMUSG00000022270	Retreg1	protein_coding	55
ENSMUSG00000030730	Atp2a1	protein_coding	55
ENSMUSG00000029368	Alb	protein_coding	55
ENSMUSG00000022114	Spry2	protein_coding	55
ENSMUSG00000069601	Ank3	protein_coding	55
ENSMUSG00000027883	Gpsm2	protein_coding	55
ENSMUSG00000019647	Sema6a	protein_coding	55
ENSMUSG00000031129	Slc9a9	protein_coding	55
ENSMUSG00000029059	Prxl2b	protein_coding	55
ENSMUSG00000006390	Elovl1	protein_coding	55
ENSMUSG00000048251	Bcl11b	protein_coding	55
ENSMUSG00000050440	Hamp	protein_coding	55
ENSMUSG00000054065	Pkp3	protein_coding	55
ENSMUSG00000059588	Calcrl	protein_coding	55
ENSMUSG00000038007	Acer2	protein_coding	55
ENSMUSG00000038067	Csf3	protein_coding	55
ENSMUSG00000045319	Proser2	protein_coding	55
ENSMUSG00000035673	Sbno2	protein_coding	55
ENSMUSG00000020100	Slc29a3	protein_coding	55
ENSMUSG00000025537	Phkg1	protein_coding	55
ENSMUSG00000021974	Fgf9	protein_coding	55
ENSMUSG00000070284	Gmppb	protein_coding	55
ENSMUSG00000026117	Zap70	protein_coding	55
ENSMUSG00000020928	Higd1b	protein_coding	55
ENSMUSG00000036596	Cpz	protein_coding	55
ENSMUSG00000035273	Hpse	protein_coding	54
ENSMUSG00000006641	Slc5a6	protein_coding	54
ENSMUSG00000021108	Prkch	protein_coding	54
ENSMUSG00000000058	Cav2	protein_coding	54
ENSMUSG00000028124	Gclm	protein_coding	54
ENSMUSG00000054252	Fgfr3	protein_coding	54
ENSMUSG00000026110	Mgat4a	protein_coding	54
ENSMUSG00000020160	Meis1	protein_coding	54
ENSMUSG00000029659	Medag	protein_coding	54
ENSMUSG00000030672	Mylpf	protein_coding	54
ENSMUSG00000022309	Angpt1	protein_coding	54
ENSMUSG00000031932	Gpr83	protein_coding	54
ENSMUSG00000042385	Gzmk	protein_coding	54
ENSMUSG00000001763	Tspan33	protein_coding	54
ENSMUSG00000034792	Gna15	protein_coding	54
ENSMUSG00000013089	Etv5	protein_coding	54
ENSMUSG00000029135	Fosl2	protein_coding	54
ENSMUSG00000009566	Fpgs	protein_coding	54
ENSMUSG00000031403	Dkc1	protein_coding	54
ENSMUSG00000024713	Pcsk5	protein_coding	54
ENSMUSG00000074364	Ehd2	protein_coding	54
ENSMUSG00000027636	Sla2	protein_coding	54
ENSMUSG00000027581	Stmn3	protein_coding	54
ENSMUSG00000027669	Gnb4	protein_coding	54
ENSMUSG00000015854	Cd5l	protein_coding	54
ENSMUSG00000033227	Wnt6	protein_coding	54
ENSMUSG00000051517	Arhgef39	protein_coding	54
ENSMUSG00000038312	Edem2	protein_coding	54
ENSMUSG00000022490	Ppp1r1a	protein_coding	54
ENSMUSG00000022474	Pmm1	protein_coding	54
ENSMUSG00000033860	Fgg	protein_coding	54
ENSMUSG00000038539	Atf5	protein_coding	54
ENSMUSG00000024030	Abcg1	protein_coding	54
ENSMUSG00000022464	Slc38a4	protein_coding	54
ENSMUSG00000027217	Tspan18	protein_coding	54
ENSMUSG00000022860	Chodl	protein_coding	54
ENSMUSG00000022817	Itgb5	protein_coding	54
ENSMUSG00000040631	Dok4	protein_coding	54
ENSMUSG00000051359	Ncald	protein_coding	54
ENSMUSG00000038644	Pold1	protein_coding	54
ENSMUSG00000039648	Kyat1	protein_coding	54
ENSMUSG00000032374	Plod2	protein_coding	54
ENSMUSG00000076490	Trbc1	TR_C_gene	54
ENSMUSG00000010064	Slc38a3	protein_coding	54
ENSMUSG00000044033	Ccdc141	protein_coding	54
ENSMUSG00000048755	Mcat	protein_coding	54
ENSMUSG00000039084	Chad	protein_coding	54
ENSMUSG00000021457	Syk	protein_coding	54
ENSMUSG00000000308	Ckmt1	protein_coding	54
ENSMUSG00000001520	Nrip2	protein_coding	54
ENSMUSG00000040084	Bub1b	protein_coding	54
ENSMUSG00000000861	Bcl11a	protein_coding	54
ENSMUSG00000032122	Slc37a2	protein_coding	54
ENSMUSG00000040283	Btnl9	protein_coding	54
ENSMUSG00000057614	Gnai1	protein_coding	54
ENSMUSG00000025723	Nmb	protein_coding	54
ENSMUSG00000025494	Sigirr	protein_coding	54
ENSMUSG00000037601	Nme1	protein_coding	54
ENSMUSG00000035896	Rnase1	protein_coding	54
ENSMUSG00000011267	Zfp296	protein_coding	54
ENSMUSG00000032092	Mpzl2	protein_coding	54
ENSMUSG00000034226	Rhov	protein_coding	54
ENSMUSG00000048096	Lmod1	protein_coding	54
ENSMUSG00000034875	Nudt19	protein_coding	54
ENSMUSG00000026582	Sele	protein_coding	54
ENSMUSG00000024953	Prdx5	protein_coding	54
ENSMUSG00000006333	Rps9	protein_coding	54
ENSMUSG00000089774	Slc5a3	protein_coding	54
ENSMUSG00000067288	Rps28	protein_coding	54
ENSMUSG00000028982	Slc25a33	protein_coding	54
ENSMUSG00000031616	Ednra	protein_coding	53
ENSMUSG00000033192	Lpcat2	protein_coding	53
ENSMUSG00000022895	Ets2	protein_coding	53
ENSMUSG00000023961	Enpp4	protein_coding	53
ENSMUSG00000028600	Podn	protein_coding	53
ENSMUSG00000007888	Crlf1	protein_coding	53
ENSMUSG00000039481	Nrtn	protein_coding	53
ENSMUSG00000032577	Mapkapk3	protein_coding	53
ENSMUSG00000027544	Nfatc2	protein_coding	53
ENSMUSG00000027452	Acss1	protein_coding	53
ENSMUSG00000003526	Prodh	protein_coding	53
ENSMUSG00000022947	Cbr3	protein_coding	53
ENSMUSG00000005161	Prdx2	protein_coding	53
ENSMUSG00000030083	Abtb1	protein_coding	53
ENSMUSG00000030088	Aldh1l1	protein_coding	53
ENSMUSG00000049001	Ndnf	protein_coding	53
ENSMUSG00000017830	Dhx58	protein_coding	53
ENSMUSG00000030159	Clec1b	protein_coding	53
ENSMUSG00000044201	Cdc25c	protein_coding	53
ENSMUSG00000029922	Mkrn1	protein_coding	53
ENSMUSG00000024526	Cidea	protein_coding	53
ENSMUSG00000051225	Fam83a	protein_coding	53
ENSMUSG00000074825	Itpripl1	protein_coding	53
ENSMUSG00000018931	Natd1	protein_coding	53
ENSMUSG00000027463	Slc52a3	protein_coding	53
ENSMUSG00000008683	Rps15a	protein_coding	53
ENSMUSG00000079641	Rpl39	protein_coding	53
ENSMUSG00000024079	Eif2ak2	protein_coding	53
ENSMUSG00000062210	Tnfaip8	protein_coding	53
ENSMUSG00000061740	Cyp2d22	protein_coding	53
ENSMUSG00000023966	Rsph9	protein_coding	53
ENSMUSG00000008999	Bmp7	protein_coding	53
ENSMUSG00000022844	Pdia5	protein_coding	53
ENSMUSG00000028540	Dph2	protein_coding	53
ENSMUSG00000031523	Dlc1	protein_coding	53
ENSMUSG00000028893	Sesn2	protein_coding	53
ENSMUSG00000022479	Vdr	protein_coding	53
ENSMUSG00000026821	Ralgds	protein_coding	53
ENSMUSG00000019982	Myb	protein_coding	53
ENSMUSG00000024827	Gldc	protein_coding	53
ENSMUSG00000020340	Cyfip2	protein_coding	53
ENSMUSG00000033831	Fgb	protein_coding	53
ENSMUSG00000038213	Tapbpl	protein_coding	53
ENSMUSG00000031428	Zcchc18	protein_coding	53
ENSMUSG00000060470	Adgrg3	protein_coding	53
ENSMUSG00000022555	Dgat1	protein_coding	53
ENSMUSG00000024737	Slc15a3	protein_coding	53
ENSMUSG00000066113	Adamtsl1	protein_coding	53
ENSMUSG00000066456	Hmgn3	protein_coding	53
ENSMUSG00000033526	Ppip5k1	protein_coding	53
ENSMUSG00000003429	Rps11	protein_coding	53
ENSMUSG00000034738	Nostrin	protein_coding	53
ENSMUSG00000020323	Prss57	protein_coding	53
ENSMUSG00000024985	Tcf7l2	protein_coding	53
ENSMUSG00000016382	Pls3	protein_coding	53
ENSMUSG00000024846	Cst6	protein_coding	53
ENSMUSG00000048277	Syngr2	protein_coding	53
ENSMUSG00000029108	Pcdh7	protein_coding	53
ENSMUSG00000022231	Sema5a	protein_coding	53
ENSMUSG00000052949	Rnf157	protein_coding	53
ENSMUSG00000028121	Bcar3	protein_coding	53
ENSMUSG00000028011	Tdo2	protein_coding	53
ENSMUSG00000020581	Agr2	protein_coding	53
ENSMUSG00000022178	Ajuba	protein_coding	53
ENSMUSG00000018507	Trpv2	protein_coding	53
ENSMUSG00000022177	Haus4	protein_coding	53
ENSMUSG00000042367	Gjb3	protein_coding	53
ENSMUSG00000042190	Cmklr1	protein_coding	53
ENSMUSG00000025006	Sorbs1	protein_coding	53
ENSMUSG00000022261	Sdc2	protein_coding	53
ENSMUSG00000026489	Coq8a	protein_coding	53
ENSMUSG00000046727	Cystm1	protein_coding	53
ENSMUSG00000031930	Wwp2	protein_coding	53
ENSMUSG00000043068	Fam89a	protein_coding	53
ENSMUSG00000050052	Tdrp	protein_coding	53
ENSMUSG00000037752	Xkr8	protein_coding	53
ENSMUSG00000054728	Phactr1	protein_coding	53
ENSMUSG00000025504	Eps8l2	protein_coding	53
ENSMUSG00000025533	Asl	protein_coding	53
ENSMUSG00000030470	Csrp3	protein_coding	53
ENSMUSG00000026167	Wnt10a	protein_coding	53
ENSMUSG00000070407	Hs3st3b1	protein_coding	53
ENSMUSG00000030468	Siglecg	protein_coding	53
ENSMUSG00000057132	Rpgrip1	protein_coding	53
ENSMUSG00000062591	Tubb4a	protein_coding	53
ENSMUSG00000028003	Lrat	protein_coding	53
ENSMUSG00000018168	Ikzf3	protein_coding	53
ENSMUSG00000021822	Plau	protein_coding	53
ENSMUSG00000023940	Sgo1	protein_coding	53
ENSMUSG00000039682	Lap3	protein_coding	53
ENSMUSG00000036766	Dner	protein_coding	53
ENSMUSG00000021391	Cenpp	protein_coding	53
ENSMUSG00000021263	Degs2	protein_coding	53
ENSMUSG00000000154	Slc22a18	protein_coding	52
ENSMUSG00000043461	Sptssb	protein_coding	52
ENSMUSG00000044534	Ackr2	protein_coding	52
ENSMUSG00000049119	Fam110b	protein_coding	52
ENSMUSG00000020097	Sgpl1	protein_coding	52
ENSMUSG00000026390	Marco	protein_coding	52
ENSMUSG00000017417	Plxdc1	protein_coding	52
ENSMUSG00000030272	Camk1	protein_coding	52
ENSMUSG00000029915	Clec5a	protein_coding	52
ENSMUSG00000021707	Dhfr	protein_coding	52
ENSMUSG00000005973	Rcn1	protein_coding	52
ENSMUSG00000018169	Mfng	protein_coding	52
ENSMUSG00000030559	Rab38	protein_coding	52
ENSMUSG00000029470	P2rx4	protein_coding	52
ENSMUSG00000029455	Aldh2	protein_coding	52
ENSMUSG00000058392	Rrp1b	protein_coding	52
ENSMUSG00000022108	Itm2b	protein_coding	52
ENSMUSG00000029651	Mtus2	protein_coding	52
ENSMUSG00000030748	Il4ra	protein_coding	52
ENSMUSG00000050069	Grem2	protein_coding	52
ENSMUSG00000049858	Suox	protein_coding	52
ENSMUSG00000036186	Dipk1b	protein_coding	52
ENSMUSG00000036611	Eepd1	protein_coding	52
ENSMUSG00000026134	Prim2	protein_coding	52
ENSMUSG00000054892	Txk	protein_coding	52
ENSMUSG00000054889	Dsp	protein_coding	52
ENSMUSG00000029272	Sult1e1	protein_coding	52
ENSMUSG00000029178	Klf3	protein_coding	52
ENSMUSG00000018411	Mapt	protein_coding	52
ENSMUSG00000029335	Bmp3	protein_coding	52
ENSMUSG00000029321	Slc10a6	protein_coding	52
ENSMUSG00000059555	Tor4a	protein_coding	52
ENSMUSG00000045679	Slc66a3	protein_coding	52
ENSMUSG00000042099	Kank3	protein_coding	52
ENSMUSG00000013539	Tango2	protein_coding	52
ENSMUSG00000006445	Epha2	protein_coding	52
ENSMUSG00000054422	Fabp1	protein_coding	52
ENSMUSG00000029022	Miip	protein_coding	52
ENSMUSG00000028896	Rcc1	protein_coding	52
ENSMUSG00000028763	Hspg2	protein_coding	52
ENSMUSG00000006574	Slc4a1	protein_coding	52
ENSMUSG00000028551	Cdkn2c	protein_coding	52
ENSMUSG00000041417	Pik3r1	protein_coding	52
ENSMUSG00000045777	Ifitm10	protein_coding	52
ENSMUSG00000053907	Mat2a	protein_coding	52
ENSMUSG00000060703	Cd302	protein_coding	52
ENSMUSG00000041347	Bdkrb1	protein_coding	52
ENSMUSG00000040713	Creg1	protein_coding	52
ENSMUSG00000022799	Arhgap31	protein_coding	52
ENSMUSG00000025235	Bbs4	protein_coding	52
ENSMUSG00000025218	Poll	protein_coding	52
ENSMUSG00000022676	Snai2	protein_coding	52
ENSMUSG00000062866	Phactr2	protein_coding	52
ENSMUSG00000040276	Pacsin1	protein_coding	52
ENSMUSG00000078762	Haus5	protein_coding	52
ENSMUSG00000028073	Pear1	protein_coding	52
ENSMUSG00000032041	Tirap	protein_coding	52
ENSMUSG00000007682	Dio2	protein_coding	52
ENSMUSG00000015143	Actn1	protein_coding	52
ENSMUSG00000015093	Clic3	protein_coding	52
ENSMUSG00000032344	Cgas	protein_coding	52
ENSMUSG00000063632	Sox11	protein_coding	52
ENSMUSG00000046841	Ckap4	protein_coding	52
ENSMUSG00000038128	Camk4	protein_coding	52
ENSMUSG00000033491	Prss35	protein_coding	52
ENSMUSG00000026880	Stom	protein_coding	52
ENSMUSG00000026664	Phyh	protein_coding	52
ENSMUSG00000046814	Gchfr	protein_coding	52
ENSMUSG00000000934	Top1mt	protein_coding	52
ENSMUSG00000024052	Lpin2	protein_coding	52
ENSMUSG00000024037	Wdr4	protein_coding	52
ENSMUSG00000024503	Spink1	protein_coding	52
ENSMUSG00000074909	Ranbp6	protein_coding	52
ENSMUSG00000033060	Lmo7	protein_coding	52
ENSMUSG00000033006	Sox10	protein_coding	52
ENSMUSG00000032997	Chpf	protein_coding	52
ENSMUSG00000074141	Il4i1	protein_coding	52
ENSMUSG00000024598	Fbn2	protein_coding	52
ENSMUSG00000038623	Tm6sf1	protein_coding	52
ENSMUSG00000033446	Lpar6	protein_coding	52
ENSMUSG00000008206	Cers4	protein_coding	52
ENSMUSG00000039062	Anpep	protein_coding	52
ENSMUSG00000008575	Nfib	protein_coding	52
ENSMUSG00000017747	Ghdc	protein_coding	52
ENSMUSG00000030086	Chchd6	protein_coding	52
ENSMUSG00000043681	Fam25a	protein_coding	52
ENSMUSG00000021567	Nkd2	protein_coding	52
ENSMUSG00000021118	Plek2	protein_coding	52
ENSMUSG00000105504	Gbp5	protein_coding	52
ENSMUSG00000044197	Gpr146	protein_coding	51
ENSMUSG00000021365	Nedd9	protein_coding	51
ENSMUSG00000037544	Dlgap5	protein_coding	51
ENSMUSG00000056498	Tmem154	protein_coding	51
ENSMUSG00000020865	Abcc3	protein_coding	51
ENSMUSG00000029446	Psph	protein_coding	51
ENSMUSG00000050666	Vstm4	protein_coding	51
ENSMUSG00000037242	Clic4	protein_coding	51
ENSMUSG00000006235	Epor	protein_coding	51
ENSMUSG00000029650	Slc46a3	protein_coding	51
ENSMUSG00000002835	Chaf1a	protein_coding	51
ENSMUSG00000042249	Grk3	protein_coding	51
ENSMUSG00000042228	Lyn	protein_coding	51
ENSMUSG00000068923	Syt11	protein_coding	51
ENSMUSG00000026147	Col9a1	protein_coding	51
ENSMUSG00000036975	Tmem177	protein_coding	51
ENSMUSG00000033377	Palmd	protein_coding	51
ENSMUSG00000027018	Hat1	protein_coding	51
ENSMUSG00000051043	Gprc5c	protein_coding	51
ENSMUSG00000000531	Tamalin	protein_coding	51
ENSMUSG00000059325	Hopx	protein_coding	51
ENSMUSG00000058806	Col13a1	protein_coding	51
ENSMUSG00000012350	Ehf	protein_coding	51
ENSMUSG00000068699	Flnc	protein_coding	51
ENSMUSG00000068263	Efcc1	protein_coding	51
ENSMUSG00000036356	Csgalnact1	protein_coding	51
ENSMUSG00000020277	Pfkl	protein_coding	51
ENSMUSG00000038058	Nod1	protein_coding	51
ENSMUSG00000042066	Tmcc2	protein_coding	51
ENSMUSG00000006403	Adamts4	protein_coding	51
ENSMUSG00000054206	Gzmm	protein_coding	51
ENSMUSG00000031266	Gla	protein_coding	51
ENSMUSG00000028838	Extl1	protein_coding	51
ENSMUSG00000022419	Deptor	protein_coding	51
ENSMUSG00000027230	Creb3l1	protein_coding	51
ENSMUSG00000033016	Nfatc1	protein_coding	51
ENSMUSG00000039395	Mreg	protein_coding	51
ENSMUSG00000024588	Fech	protein_coding	51
ENSMUSG00000033453	Adamts15	protein_coding	51
ENSMUSG00000041477	Dcp1b	protein_coding	51
ENSMUSG00000041420	Meis3	protein_coding	51
ENSMUSG00000060188	Cxcl17	protein_coding	51
ENSMUSG00000053801	Grwd1	protein_coding	51
ENSMUSG00000018909	Arrb1	protein_coding	51
ENSMUSG00000024909	Efemp2	protein_coding	51
ENSMUSG00000024427	Spry4	protein_coding	51
ENSMUSG00000024245	Tmem178	protein_coding	51
ENSMUSG00000024109	Nrxn1	protein_coding	51
ENSMUSG00000027356	Fermt1	protein_coding	51
ENSMUSG00000051457	Spn	protein_coding	51
ENSMUSG00000038963	Slco4a1	protein_coding	51
ENSMUSG00000038936	Sccpdh	protein_coding	51
ENSMUSG00000035455	Fignl1	protein_coding	51
ENSMUSG00000022667	Cd200r1	protein_coding	51
ENSMUSG00000018796	Acsl1	protein_coding	51
ENSMUSG00000018845	Unc45b	protein_coding	51
ENSMUSG00000028222	Calb1	protein_coding	51
ENSMUSG00000022892	App	protein_coding	51
ENSMUSG00000046417	Lrrc75a	protein_coding	51
ENSMUSG00000000751	Rpa1	protein_coding	51
ENSMUSG00000006818	Sod2	protein_coding	51
ENSMUSG00000031886	Ces2e	protein_coding	51
ENSMUSG00000061983	Rps12	protein_coding	51
ENSMUSG00000024754	Cemip2	protein_coding	51
ENSMUSG00000033825	Tpsb2	protein_coding	51
ENSMUSG00000024989	Cep55	protein_coding	51
ENSMUSG00000039661	Dusp26	protein_coding	51
ENSMUSG00000076437	Selenoh	protein_coding	51
ENSMUSG00000031712	Il15	protein_coding	51
ENSMUSG00000062906	Hdac10	protein_coding	51
ENSMUSG00000020589	Cyria	protein_coding	51
ENSMUSG00000028064	Sema4a	protein_coding	51
ENSMUSG00000028041	Adam15	protein_coding	51
ENSMUSG00000039701	Usp53	protein_coding	51
ENSMUSG00000023909	Paqr4	protein_coding	51
ENSMUSG00000040296	Rigi	protein_coding	51
ENSMUSG00000052534	Pbx1	protein_coding	51
ENSMUSG00000032000	Birc3	protein_coding	51
ENSMUSG00000007659	Bcl2l1	protein_coding	51
ENSMUSG00000039959	Hip1	protein_coding	51
ENSMUSG00000032224	Fam81a	protein_coding	51
ENSMUSG00000027654	Fam83d	protein_coding	51
ENSMUSG00000015217	Hmgb3	protein_coding	51
ENSMUSG00000032402	Smad3	protein_coding	51
ENSMUSG00000009394	Syn2	protein_coding	51
ENSMUSG00000043664	Tmem221	protein_coding	51
ENSMUSG00000096001	Gpr15lg	protein_coding	51
ENSMUSG00000005836	Gata6	protein_coding	51
ENSMUSG00000057123	Gja5	protein_coding	51
ENSMUSG00000043496	Tril	protein_coding	51
ENSMUSG00000025855	Prkar1b	protein_coding	51
ENSMUSG00000025813	Homer2	protein_coding	51
ENSMUSG00000056124	B4galt6	protein_coding	51
ENSMUSG00000030108	Slc6a13	protein_coding	51
ENSMUSG00000043702	Pde12	protein_coding	51
ENSMUSG00000002992	Apoc2	protein_coding	51
ENSMUSG00000020961	Ston2	protein_coding	51
ENSMUSG00000020901	Pik3r5	protein_coding	50
ENSMUSG00000056427	Slit3	protein_coding	50
ENSMUSG00000030222	Rerg	protein_coding	50
ENSMUSG00000021556	Golm1	protein_coding	50
ENSMUSG00000021123	Rdh12	protein_coding	50
ENSMUSG00000029570	Lfng	protein_coding	50
ENSMUSG00000056220	Pla2g4a	protein_coding	50
ENSMUSG00000032114	Slc37a4	protein_coding	50
ENSMUSG00000027605	Acss2	protein_coding	50
ENSMUSG00000032397	Tipin	protein_coding	50
ENSMUSG00000039706	Ldb2	protein_coding	50
ENSMUSG00000021456	Fbp2	protein_coding	50
ENSMUSG00000022687	Boc	protein_coding	50
ENSMUSG00000020642	Rnf144a	protein_coding	50
ENSMUSG00000053581	Zfand2a	protein_coding	50
ENSMUSG00000031775	Pllp	protein_coding	50
ENSMUSG00000016087	Fli1	protein_coding	50
ENSMUSG00000046694	Tent5b	protein_coding	50
ENSMUSG00000025001	Hells	protein_coding	50
ENSMUSG00000023951	Vegfa	protein_coding	50
ENSMUSG00000026649	Cfap126	protein_coding	50
ENSMUSG00000000876	Pxmp4	protein_coding	50
ENSMUSG00000019295	Tmem129	protein_coding	50
ENSMUSG00000005338	Cadm3	protein_coding	50
ENSMUSG00000053007	Creb5	protein_coding	50
ENSMUSG00000028088	Fmo5	protein_coding	50
ENSMUSG00000023262	Acy1	protein_coding	50
ENSMUSG00000023906	Cldn6	protein_coding	50
ENSMUSG00000052187	Hbb-y	protein_coding	50
ENSMUSG00000023044	Csad	protein_coding	50
ENSMUSG00000028234	Rps20	protein_coding	50
ENSMUSG00000040688	Tbl3	protein_coding	50
ENSMUSG00000026831	Pierce1	protein_coding	50
ENSMUSG00000025278	Flnb	protein_coding	50
ENSMUSG00000025153	Fasn	protein_coding	50
ENSMUSG00000025027	Xpnpep1	protein_coding	50
ENSMUSG00000022750	Klhl22	protein_coding	50
ENSMUSG00000028441	Spmip6	protein_coding	50
ENSMUSG00000016995	Matn4	protein_coding	50
ENSMUSG00000042961	Egflam	protein_coding	50
ENSMUSG00000017386	Traf4	protein_coding	50
ENSMUSG00000035459	Stab2	protein_coding	50
ENSMUSG00000035473	Galm	protein_coding	50
ENSMUSG00000001666	Ddt	protein_coding	50
ENSMUSG00000026166	Ccl20	protein_coding	50
ENSMUSG00000018042	Cyb5r3	protein_coding	50
ENSMUSG00000044461	Shisa2	protein_coding	50
ENSMUSG00000029716	Tfr2	protein_coding	50
ENSMUSG00000056569	Mpz	protein_coding	50
ENSMUSG00000026835	Fcnb	protein_coding	50
ENSMUSG00000008496	Pou2f2	protein_coding	50
ENSMUSG00000066235	Pomgnt2	protein_coding	50
ENSMUSG00000025758	Plk4	protein_coding	50
ENSMUSG00000037280	Galnt6	protein_coding	50
ENSMUSG00000037202	Prf1	protein_coding	50
ENSMUSG00000010307	Tmem86a	protein_coding	50
ENSMUSG00000058794	Nfe2	protein_coding	50
ENSMUSG00000045165	AI467606	protein_coding	50
ENSMUSG00000022218	Tgm1	protein_coding	50
ENSMUSG00000029101	Rgs12	protein_coding	50
ENSMUSG00000022469	Rapgef3	protein_coding	50
ENSMUSG00000030826	Bcat2	protein_coding	50
ENSMUSG00000030708	Dnajb13	protein_coding	50
ENSMUSG00000038119	Cdon	protein_coding	50
ENSMUSG00000045382	Cxcr4	protein_coding	50
ENSMUSG00000068522	Aard	protein_coding	50
ENSMUSG00000050912	Tmem123	protein_coding	50
ENSMUSG00000029482	Aacs	protein_coding	50
ENSMUSG00000020744	Slc25a19	protein_coding	50
ENSMUSG00000004988	Fxyd4	protein_coding	50
ENSMUSG00000026972	Arrdc1	protein_coding	50
ENSMUSG00000074890	Lcmt2	protein_coding	50
ENSMUSG00000051323	Pcdh19	protein_coding	50
ENSMUSG00000005447	Pafah1b3	protein_coding	50
ENSMUSG00000079442	St6galnac4	protein_coding	50
ENSMUSG00000030849	Fgfr2	protein_coding	50
ENSMUSG00000031586	Rbpms	protein_coding	50
ENSMUSG00000047407	Tgif1	protein_coding	50
ENSMUSG00000031379	Pir	protein_coding	50
ENSMUSG00000022814	Umps	protein_coding	50
ENSMUSG00000034227	Foxj1	protein_coding	50
ENSMUSG00000032508	Myd88	protein_coding	50
ENSMUSG00000032556	Bfsp2	protein_coding	50
ENSMUSG00000024300	Myo1f	protein_coding	50
ENSMUSG00000024366	Gfra3	protein_coding	50
ENSMUSG00000051339	2900026A02Rik	protein_coding	50
ENSMUSG00000032783	Troap	protein_coding	50
ENSMUSG00000027405	Nop56	protein_coding	50
ENSMUSG00000034171	Faah	protein_coding	50
ENSMUSG00000021194	Chga	protein_coding	50
ENSMUSG00000071553	Cpa2	protein_coding	50
ENSMUSG00000035775	Krt20	protein_coding	50
ENSMUSG00000044927	H1f10	protein_coding	50
ENSMUSG00000034586	Hid1	protein_coding	50
ENSMUSG00000026770	Il2ra	protein_coding	50
ENSMUSG00000026809	Spaca9	protein_coding	50
ENSMUSG00000033294	Noc4l	protein_coding	50
ENSMUSG00000045294	Insig1	protein_coding	50
ENSMUSG00000030666	Calcb	protein_coding	50
ENSMUSG00000034472	Rasd2	protein_coding	50
ENSMUSG00000026778	Prkcq	protein_coding	50
ENSMUSG00000028626	Col9a2	protein_coding	49
ENSMUSG00000053158	Fes	protein_coding	49
ENSMUSG00000023022	Lima1	protein_coding	49
ENSMUSG00000019590	Cyb561	protein_coding	49
ENSMUSG00000032033	Barx2	protein_coding	49
ENSMUSG00000003865	Gys1	protein_coding	49
ENSMUSG00000039168	Dap	protein_coding	49
ENSMUSG00000040229	Gpr34	protein_coding	49
ENSMUSG00000019194	Scn1b	protein_coding	49
ENSMUSG00000028597	Gpx7	protein_coding	49
ENSMUSG00000031530	Dusp4	protein_coding	49
ENSMUSG00000031891	Hsd11b2	protein_coding	49
ENSMUSG00000015702	Anxa9	protein_coding	49
ENSMUSG00000031557	Plekha2	protein_coding	49
ENSMUSG00000023011	Faim2	protein_coding	49
ENSMUSG00000022868	Ahsg	protein_coding	49
ENSMUSG00000031574	Star	protein_coding	49
ENSMUSG00000040612	Ildr2	protein_coding	49
ENSMUSG00000023206	Il15ra	protein_coding	49
ENSMUSG00000007038	Neu1	protein_coding	49
ENSMUSG00000023915	Tnfrsf21	protein_coding	49
ENSMUSG00000078580	Zfp764l1	protein_coding	49
ENSMUSG00000021594	Srd5a1	protein_coding	49
ENSMUSG00000095930	Nim1k	protein_coding	49
ENSMUSG00000032300	1700017B05Rik	protein_coding	49
ENSMUSG00000038253	Hoxa5	protein_coding	49
ENSMUSG00000001444	Tbx21	protein_coding	49
ENSMUSG00000032118	Fez1	protein_coding	49
ENSMUSG00000027580	Helz2	protein_coding	49
ENSMUSG00000044037	Als2cl	protein_coding	49
ENSMUSG00000021048	Mthfd1	protein_coding	49
ENSMUSG00000005947	Itgae	protein_coding	49
ENSMUSG00000054905	Stfa3	protein_coding	49
ENSMUSG00000030693	Klk10	protein_coding	49
ENSMUSG00000027684	Mecom	protein_coding	49
ENSMUSG00000027610	Gss	protein_coding	49
ENSMUSG00000051579	Tceal8	protein_coding	49
ENSMUSG00000031662	Snx20	protein_coding	49
ENSMUSG00000075702	Selenom	protein_coding	49
ENSMUSG00000039982	Dtx4	protein_coding	49
ENSMUSG00000039278	Pcsk1n	protein_coding	49
ENSMUSG00000024940	Ltbp3	protein_coding	49
ENSMUSG00000034781	Gna11	protein_coding	49
ENSMUSG00000034810	Scn7a	protein_coding	49
ENSMUSG00000061397	Krt79	protein_coding	49
ENSMUSG00000050556	Kcnb1	protein_coding	49
ENSMUSG00000025196	Cpn1	protein_coding	49
ENSMUSG00000015932	Dstn	protein_coding	49
ENSMUSG00000041540	Sox5	protein_coding	49
ENSMUSG00000018476	Kdm6b	protein_coding	49
ENSMUSG00000018446	C1qbp	protein_coding	49
ENSMUSG00000034951	Cog7	protein_coding	49
ENSMUSG00000022442	Ttll1	protein_coding	49
ENSMUSG00000020709	Adap2	protein_coding	49
ENSMUSG00000037962	Rflna	protein_coding	49
ENSMUSG00000072849	Serpina1e	protein_coding	49
ENSMUSG00000036334	Igsf10	protein_coding	49
ENSMUSG00000029334	Prkg2	protein_coding	49
ENSMUSG00000031217	Efnb1	protein_coding	49
ENSMUSG00000022422	Dscc1	protein_coding	49
ENSMUSG00000053702	Nebl	protein_coding	49
ENSMUSG00000041482	Piezo2	protein_coding	49
ENSMUSG00000024525	Impa2	protein_coding	49
ENSMUSG00000067276	Capn6	protein_coding	49
ENSMUSG00000032750	Gab3	protein_coding	49
ENSMUSG00000059974	Ntm	protein_coding	49
ENSMUSG00000032788	Pdxk	protein_coding	49
ENSMUSG00000031488	Rab11fip1	protein_coding	49
ENSMUSG00000039519	Cyp7b1	protein_coding	49
ENSMUSG00000051098	Mblac2	protein_coding	49
ENSMUSG00000033149	Phldb2	protein_coding	49
ENSMUSG00000051177	Plcb1	protein_coding	49
ENSMUSG00000034825	Nrip3	protein_coding	49
ENSMUSG00000029228	Lnx1	protein_coding	49
ENSMUSG00000022206	Npr3	protein_coding	49
ENSMUSG00000026525	Opn3	protein_coding	49
ENSMUSG00000010609	Psen2	protein_coding	49
ENSMUSG00000049625	Tifab	protein_coding	49
ENSMUSG00000026463	Atp2b4	protein_coding	49
ENSMUSG00000004151	Etv1	protein_coding	49
ENSMUSG00000051079	Rgs13	protein_coding	49
ENSMUSG00000034248	Slc25a37	protein_coding	49
ENSMUSG00000033295	Ptprf	protein_coding	49
ENSMUSG00000027160	Ccdc34	protein_coding	49
ENSMUSG00000020777	Acox1	protein_coding	49
ENSMUSG00000006313	Upk1a	protein_coding	49
ENSMUSG00000043251	Exoc3l	protein_coding	49
ENSMUSG00000030774	Pak1	protein_coding	49
ENSMUSG00000006345	Ggt1	protein_coding	49
ENSMUSG00000048865	Arhgap30	protein_coding	49
ENSMUSG00000019947	Arid5b	protein_coding	49
ENSMUSG00000038648	Creb3l2	protein_coding	49
ENSMUSG00000074604	Mgst2	protein_coding	49
ENSMUSG00000030592	Ryr1	protein_coding	49
ENSMUSG00000030659	Nucb2	protein_coding	49
ENSMUSG00000070858	Nicol1	protein_coding	49
ENSMUSG00000036106	Prr5	protein_coding	49
ENSMUSG00000105906	Iglc1	IG_C_gene	49
ENSMUSG00000035984	Nme5	protein_coding	48
ENSMUSG00000020230	Prmt2	protein_coding	48
ENSMUSG00000021506	Pitx1	protein_coding	48
ENSMUSG00000039031	Arhgap18	protein_coding	48
ENSMUSG00000001436	Slc19a1	protein_coding	48
ENSMUSG00000028140	Mrpl9	protein_coding	48
ENSMUSG00000025534	Gusb	protein_coding	48
ENSMUSG00000045273	Cenph	protein_coding	48
ENSMUSG00000034488	Edil3	protein_coding	48
ENSMUSG00000003546	Klc4	protein_coding	48
ENSMUSG00000057863	Rpl36	protein_coding	48
ENSMUSG00000033278	Ptprm	protein_coding	48
ENSMUSG00000041696	Rasl12	protein_coding	48
ENSMUSG00000053647	Gper1	protein_coding	48
ENSMUSG00000013155	Enkd1	protein_coding	48
ENSMUSG00000028159	Dapp1	protein_coding	48
ENSMUSG00000023963	Cyp39a1	protein_coding	48
ENSMUSG00000004035	Gstm7	protein_coding	48
ENSMUSG00000003992	Ssbp2	protein_coding	48
ENSMUSG00000045087	S1pr5	protein_coding	48
ENSMUSG00000001750	Tcirg1	protein_coding	48
ENSMUSG00000050921	P2ry10	protein_coding	48
ENSMUSG00000011008	Mcoln2	protein_coding	48
ENSMUSG00000038816	Ctnnal1	protein_coding	48
ENSMUSG00000028212	Ccne2	protein_coding	48
ENSMUSG00000029027	Dffb	protein_coding	48
ENSMUSG00000001054	Rmnd5b	protein_coding	48
ENSMUSG00000022098	Bmp1	protein_coding	48
ENSMUSG00000022186	Oxct1	protein_coding	48
ENSMUSG00000048960	Prex2	protein_coding	48
ENSMUSG00000048644	Ctxn1	protein_coding	48
ENSMUSG00000054619	Tmt1a	protein_coding	48
ENSMUSG00000054733	Msra	protein_coding	48
ENSMUSG00000042073	Abhd14b	protein_coding	48
ENSMUSG00000042035	Igsf3	protein_coding	48
ENSMUSG00000027347	Rasgrp1	protein_coding	48
ENSMUSG00000026639	Lamb3	protein_coding	48
ENSMUSG00000027326	Knl1	protein_coding	48
ENSMUSG00000026603	Smyd2	protein_coding	48
ENSMUSG00000006344	Ggt5	protein_coding	48
ENSMUSG00000033207	Mamdc2	protein_coding	48
ENSMUSG00000028036	Ptgfr	protein_coding	48
ENSMUSG00000074793	Hspa12b	protein_coding	48
ENSMUSG00000031216	Stard8	protein_coding	48
ENSMUSG00000026107	Nabp1	protein_coding	48
ENSMUSG00000043587	Pxylp1	protein_coding	48
ENSMUSG00000060579	Fhit	protein_coding	48
ENSMUSG00000039457	Ppl	protein_coding	48
ENSMUSG00000034037	Fgd5	protein_coding	48
ENSMUSG00000005514	Por	protein_coding	48
ENSMUSG00000031453	Rasa3	protein_coding	48
ENSMUSG00000020123	Avpr1a	protein_coding	48
ENSMUSG00000033055	Ankrd54	protein_coding	48
ENSMUSG00000037035	Inhbb	protein_coding	48
ENSMUSG00000033544	Angptl1	protein_coding	48
ENSMUSG00000021947	Cryl1	protein_coding	48
ENSMUSG00000064267	Hvcn1	protein_coding	48
ENSMUSG00000027379	Bub1	protein_coding	48
ENSMUSG00000021719	Rgs7bp	protein_coding	48
ENSMUSG00000033960	Jcad	protein_coding	48
ENSMUSG00000032625	Thsd7a	protein_coding	48
ENSMUSG00000032724	Abtb2	protein_coding	48
ENSMUSG00000050144	Slc25a44	protein_coding	48
ENSMUSG00000033684	Qsox1	protein_coding	48
ENSMUSG00000025089	Gfra1	protein_coding	48
ENSMUSG00000025083	Afap1l2	protein_coding	48
ENSMUSG00000038173	Enpp6	protein_coding	48
ENSMUSG00000031090	Nadsyn1	protein_coding	48
ENSMUSG00000040327	Cul9	protein_coding	48
ENSMUSG00000007589	Tinf2	protein_coding	48
ENSMUSG00000030577	Cd22	protein_coding	48
ENSMUSG00000039646	Vasn	protein_coding	48
ENSMUSG00000043290	Zfp784	protein_coding	48
ENSMUSG00000043004	Gng2	protein_coding	48
ENSMUSG00000039601	Rcan2	protein_coding	48
ENSMUSG00000046822	Slc39a3	protein_coding	48
ENSMUSG00000038372	Gmds	protein_coding	48
ENSMUSG00000009097	Tbx1	protein_coding	48
ENSMUSG00000028427	Aqp7	protein_coding	48
ENSMUSG00000016526	Dyrk3	protein_coding	48
ENSMUSG00000046982	Tshz1	protein_coding	48
ENSMUSG00000024381	Bin1	protein_coding	48
ENSMUSG00000033721	Vav3	protein_coding	48
ENSMUSG00000061666	Gdpd1	protein_coding	48
ENSMUSG00000052921	Arhgef15	protein_coding	48
ENSMUSG00000026234	Ncl	protein_coding	48
ENSMUSG00000032207	Lipc	protein_coding	48
ENSMUSG00000091898	Tnnc1	protein_coding	48
ENSMUSG00000021756	Il6st	protein_coding	48
ENSMUSG00000024402	Lta	protein_coding	48
ENSMUSG00000069793	Slfn9	protein_coding	48
ENSMUSG00000049493	Pls1	protein_coding	48
ENSMUSG00000013846	St3gal1	protein_coding	48
ENSMUSG00000035314	Gdpd5	protein_coding	48
ENSMUSG00000034445	Cyb561a3	protein_coding	48
ENSMUSG00000068122	Agtr2	protein_coding	48
ENSMUSG00000020609	Apob	protein_coding	48
ENSMUSG00000042659	Arrdc4	protein_coding	48
ENSMUSG00000026482	Rgl1	protein_coding	48
ENSMUSG00000032109	Nlrx1	protein_coding	48
ENSMUSG00000020098	Pcbd1	protein_coding	48
ENSMUSG00000040147	Maob	protein_coding	48
ENSMUSG00000038236	Hoxa7	protein_coding	48
ENSMUSG00000002297	Dbf4	protein_coding	48
ENSMUSG00000096054	Syne1	protein_coding	48
ENSMUSG00000031832	Taf1c	protein_coding	48
ENSMUSG00000026980	Ly75	protein_coding	48
ENSMUSG00000019899	Lama2	protein_coding	48
ENSMUSG00000025854	Fam20c	protein_coding	48
ENSMUSG00000051354	Samd3	protein_coding	48
ENSMUSG00000030060	Hmces	protein_coding	48
ENSMUSG00000030800	Prss8	protein_coding	48
ENSMUSG00000030170	Wnt5b	protein_coding	48
ENSMUSG00000003528	Slc25a1	protein_coding	48
ENSMUSG00000041346	Wrap53	protein_coding	48
ENSMUSG00000006651	Aplp1	protein_coding	48
ENSMUSG00000026932	Nacc2	protein_coding	48
ENSMUSG00000062661	Ncs1	protein_coding	47
ENSMUSG00000034612	Chst11	protein_coding	47
ENSMUSG00000022048	Dpysl2	protein_coding	47
ENSMUSG00000020798	Spns3	protein_coding	47
ENSMUSG00000028883	Sema3a	protein_coding	47
ENSMUSG00000022885	St6gal1	protein_coding	47
ENSMUSG00000022708	Zbtb20	protein_coding	47
ENSMUSG00000035910	Dcdc2a	protein_coding	47
ENSMUSG00000021587	Pcsk1	protein_coding	47
ENSMUSG00000031391	L1cam	protein_coding	47
ENSMUSG00000030123	Plxnd1	protein_coding	47
ENSMUSG00000062729	Ppox	protein_coding	47
ENSMUSG00000027075	Slc43a1	protein_coding	47
ENSMUSG00000000884	Gnb1l	protein_coding	47
ENSMUSG00000025140	Pycr1	protein_coding	47
ENSMUSG00000038224	Serpinf2	protein_coding	47
ENSMUSG00000042489	Clspn	protein_coding	47
ENSMUSG00000023110	Prmt5	protein_coding	47
ENSMUSG00000029765	Plxna4	protein_coding	47
ENSMUSG00000028613	Lrp8	protein_coding	47
ENSMUSG00000029162	Khk	protein_coding	47
ENSMUSG00000021868	Ppif	protein_coding	47
ENSMUSG00000022544	Eef2kmt	protein_coding	47
ENSMUSG00000003206	Ebi3	protein_coding	47
ENSMUSG00000027695	Pld1	protein_coding	47
ENSMUSG00000029875	Ccdc184	protein_coding	47
ENSMUSG00000035095	Fam167a	protein_coding	47
ENSMUSG00000006219	Fblim1	protein_coding	47
ENSMUSG00000017311	Pyy	protein_coding	47
ENSMUSG00000029121	Crmp1	protein_coding	47
ENSMUSG00000024424	Ttc39c	protein_coding	47
ENSMUSG00000029073	Cptp	protein_coding	47
ENSMUSG00000031015	Swap70	protein_coding	47
ENSMUSG00000058486	Wdr91	protein_coding	47
ENSMUSG00000038264	Sema7a	protein_coding	47
ENSMUSG00000028370	Pappa	protein_coding	47
ENSMUSG00000028467	Gba2	protein_coding	47
ENSMUSG00000039611	Pgap4	protein_coding	47
ENSMUSG00000033863	Klf9	protein_coding	47
ENSMUSG00000027495	Fam210b	protein_coding	47
ENSMUSG00000020057	Dram1	protein_coding	47
ENSMUSG00000015981	Stk32c	protein_coding	47
ENSMUSG00000040329	Il7	protein_coding	47
ENSMUSG00000021884	Hacl1	protein_coding	47
ENSMUSG00000032911	Cspg4	protein_coding	47
ENSMUSG00000049313	Sorl1	protein_coding	47
ENSMUSG00000022595	Lypd2	protein_coding	47
ENSMUSG00000024304	Cdh2	protein_coding	47
ENSMUSG00000036672	Cenpt	protein_coding	47
ENSMUSG00000019055	Plod1	protein_coding	47
ENSMUSG00000024235	Map3k8	protein_coding	47
ENSMUSG00000033965	Slc16a2	protein_coding	47
ENSMUSG00000038618	Rassf7	protein_coding	47
ENSMUSG00000038605	Samd10	protein_coding	47
ENSMUSG00000023232	Serinc2	protein_coding	47
ENSMUSG00000035021	Baz1a	protein_coding	47
ENSMUSG00000026586	Prrx1	protein_coding	47
ENSMUSG00000028677	Rnf220	protein_coding	47
ENSMUSG00000047496	Rnf152	protein_coding	47
ENSMUSG00000070644	Etnk2	protein_coding	47
ENSMUSG00000030695	Aldoa	protein_coding	47
ENSMUSG00000030878	Cdr2	protein_coding	47
ENSMUSG00000028644	Ermap	protein_coding	47
ENSMUSG00000032080	Apoa4	protein_coding	47
ENSMUSG00000038550	Ciart	protein_coding	47
ENSMUSG00000046080	Clec9a	protein_coding	47
ENSMUSG00000002058	Unc119	protein_coding	47
ENSMUSG00000071342	Lsmem1	protein_coding	47
ENSMUSG00000046157	Tmem229b	protein_coding	47
ENSMUSG00000046179	E2f8	protein_coding	47
ENSMUSG00000056185	Snx32	protein_coding	47
ENSMUSG00000019470	Xab2	protein_coding	47
ENSMUSG00000060860	Ube2s	protein_coding	47
ENSMUSG00000043635	Adamts3	protein_coding	47
ENSMUSG00000023348	Trip6	protein_coding	47
ENSMUSG00000024142	Mlst8	protein_coding	47
ENSMUSG00000031253	Srpx2	protein_coding	47
ENSMUSG00000074785	Plxnc1	protein_coding	47
ENSMUSG00000038679	Trps1	protein_coding	47
ENSMUSG00000035551	Igfbpl1	protein_coding	47
ENSMUSG00000025964	Adam23	protein_coding	47
ENSMUSG00000032306	Mpi	protein_coding	47
ENSMUSG00000017446	C1qtnf1	protein_coding	47
ENSMUSG00000018427	Ypel2	protein_coding	47
ENSMUSG00000033161	Atp1a1	protein_coding	47
ENSMUSG00000027318	Adam33	protein_coding	47
ENSMUSG00000027291	Vps39	protein_coding	47
ENSMUSG00000062031	Pgghg	protein_coding	47
ENSMUSG00000031639	Tlr3	protein_coding	47
ENSMUSG00000035041	Creb3l3	protein_coding	47
ENSMUSG00000041939	Mvk	protein_coding	47
ENSMUSG00000057163	Prss2	protein_coding	47
ENSMUSG00000037348	Paqr7	protein_coding	47
ENSMUSG00000037260	Hgsnat	protein_coding	47
ENSMUSG00000020437	Myo1g	protein_coding	47
ENSMUSG00000075266	Cenpw	protein_coding	47
ENSMUSG00000024924	Vldlr	protein_coding	47
ENSMUSG00000045594	Glb1	protein_coding	47
ENSMUSG00000034203	Chchd4	protein_coding	47
ENSMUSG00000039103	Nexn	protein_coding	47
ENSMUSG00000029603	Dtx1	protein_coding	47
ENSMUSG00000031432	Prps1	protein_coding	47
ENSMUSG00000034783	Cd207	protein_coding	47
ENSMUSG00000017760	Ctsa	protein_coding	47
ENSMUSG00000022803	Popdc2	protein_coding	47
ENSMUSG00000041737	Tmem45b	protein_coding	47
ENSMUSG00000047907	Tshz2	protein_coding	47
ENSMUSG00000001918	Slc1a5	protein_coding	47
ENSMUSG00000078851	H2ac25	protein_coding	47
ENSMUSG00000022881	Rfc4	protein_coding	47
ENSMUSG00000045284	Dcaf12l1	protein_coding	47
ENSMUSG00000025792	Slc25a10	protein_coding	47
ENSMUSG00000016386	Mpped2	protein_coding	47
ENSMUSG00000013629	Cad	protein_coding	47
ENSMUSG00000021494	Ddx41	protein_coding	47
ENSMUSG00000059900	Tmem40	protein_coding	47
ENSMUSG00000005681	Apoa2	protein_coding	47
ENSMUSG00000027173	Depdc7	protein_coding	47
ENSMUSG00000022837	Iqcb1	protein_coding	47
ENSMUSG00000031828	Klhl36	protein_coding	46
ENSMUSG00000062997	Rpl35	protein_coding	46
ENSMUSG00000031808	Slc27a1	protein_coding	46
ENSMUSG00000015843	Rxrg	protein_coding	46
ENSMUSG00000054204	Alkal2	protein_coding	46
ENSMUSG00000033416	Gucd1	protein_coding	46
ENSMUSG00000031844	Hsd17b2	protein_coding	46
ENSMUSG00000031730	Dhodh	protein_coding	46
ENSMUSG00000026749	Nek6	protein_coding	46
ENSMUSG00000037940	Inpp4b	protein_coding	46
ENSMUSG00000004864	Mapk13	protein_coding	46
ENSMUSG00000020785	Camkk1	protein_coding	46
ENSMUSG00000057176	Cfap119	protein_coding	46
ENSMUSG00000024066	Xdh	protein_coding	46
ENSMUSG00000079020	Slc45a4	protein_coding	46
ENSMUSG00000018381	Abi3	protein_coding	46
ENSMUSG00000029468	P2rx7	protein_coding	46
ENSMUSG00000032418	Me1	protein_coding	46
ENSMUSG00000024730	Ms4a8a	protein_coding	46
ENSMUSG00000024785	Rcl1	protein_coding	46
ENSMUSG00000057606	Colq	protein_coding	46
ENSMUSG00000055334	Snupn	protein_coding	46
ENSMUSG00000022468	Endou	protein_coding	46
ENSMUSG00000022456	Septin3	protein_coding	46
ENSMUSG00000008318	Relt	protein_coding	46
ENSMUSG00000036158	Prickle1	protein_coding	46
ENSMUSG00000074676	Foxs1	protein_coding	46
ENSMUSG00000024039	Cbs	protein_coding	46
ENSMUSG00000020034	Tcp11l2	protein_coding	46
ENSMUSG00000041920	Slc16a6	protein_coding	46
ENSMUSG00000062098	Btbd3	protein_coding	46
ENSMUSG00000053553	Chlsn	protein_coding	46
ENSMUSG00000034485	Uaca	protein_coding	46
ENSMUSG00000017550	Atad5	protein_coding	46
ENSMUSG00000024696	Lpxn	protein_coding	46
ENSMUSG00000026640	Plxna2	protein_coding	46
ENSMUSG00000075273	Ift70b	protein_coding	46
ENSMUSG00000038742	Angptl6	protein_coding	46
ENSMUSG00000029377	Ereg	protein_coding	46
ENSMUSG00000028978	Nos3	protein_coding	46
ENSMUSG00000028793	Rnf19b	protein_coding	46
ENSMUSG00000047797	Gjb1	protein_coding	46
ENSMUSG00000037949	Ano10	protein_coding	46
ENSMUSG00000009614	Sardh	protein_coding	46
ENSMUSG00000021240	Abcd4	protein_coding	46
ENSMUSG00000022899	Slc15a2	protein_coding	46
ENSMUSG00000035024	Ncapd3	protein_coding	46
ENSMUSG00000022571	Pycr3	protein_coding	46
ENSMUSG00000026594	Ralgps2	protein_coding	46
ENSMUSG00000047230	Cldn2	protein_coding	46
ENSMUSG00000035547	Capn5	protein_coding	46
ENSMUSG00000044393	Dsg2	protein_coding	46
ENSMUSG00000036242	Armh4	protein_coding	46
ENSMUSG00000045636	Mtus1	protein_coding	46
ENSMUSG00000028702	Rad54l	protein_coding	46
ENSMUSG00000058173	Smco4	protein_coding	46
ENSMUSG00000033105	Lss	protein_coding	46
ENSMUSG00000064326	Siva1	protein_coding	46
ENSMUSG00000079105	C7	protein_coding	46
ENSMUSG00000022235	Cmbl	protein_coding	46
ENSMUSG00000025014	Dntt	protein_coding	46
ENSMUSG00000028635	Edn2	protein_coding	46
ENSMUSG00000070780	Rbm47	protein_coding	46
ENSMUSG00000038147	Cd84	protein_coding	46
ENSMUSG00000030930	Chst15	protein_coding	46
ENSMUSG00000042349	Ikbke	protein_coding	46
ENSMUSG00000040339	Eeig2	protein_coding	46
ENSMUSG00000031994	Adamts8	protein_coding	46
ENSMUSG00000040010	Slc7a5	protein_coding	46
ENSMUSG00000042757	Tmem108	protein_coding	46
ENSMUSG00000056204	Pgpep1	protein_coding	46
ENSMUSG00000043432	Leng9	protein_coding	46
ENSMUSG00000043602	Zfp3	protein_coding	46
ENSMUSG00000027858	Tspan2	protein_coding	46
ENSMUSG00000044052	Ccr10	protein_coding	46
ENSMUSG00000008153	Clstn3	protein_coding	46
ENSMUSG00000025359	Pmel	protein_coding	46
ENSMUSG00000025357	Dgka	protein_coding	46
ENSMUSG00000032285	Dnaja4	protein_coding	46
ENSMUSG00000023345	Poc1a	protein_coding	46
ENSMUSG00000043190	Rfesd	protein_coding	46
ENSMUSG00000020572	Nampt	protein_coding	46
ENSMUSG00000089917	Uckl1	protein_coding	46
ENSMUSG00000030351	Tspan11	protein_coding	46
ENSMUSG00000034387	Ssu2	protein_coding	46
ENSMUSG00000018417	Myo1b	protein_coding	46
ENSMUSG00000003123	Lipe	protein_coding	46
ENSMUSG00000046909	Tefm	protein_coding	46
ENSMUSG00000061535	C1qtnf7	protein_coding	46
ENSMUSG00000061527	Krt5	protein_coding	46
ENSMUSG00000042429	Adora1	protein_coding	46
ENSMUSG00000052821	Cysltr1	protein_coding	46
ENSMUSG00000035198	Tubg1	protein_coding	46
ENSMUSG00000036989	Trim3	protein_coding	46
ENSMUSG00000075012	Fjx1	protein_coding	46
ENSMUSG00000031497	Tnfsf13b	protein_coding	46
ENSMUSG00000024197	Plin3	protein_coding	46
ENSMUSG00000030551	Nr2f2	protein_coding	46
ENSMUSG00000029270	Dipk1a	protein_coding	46
ENSMUSG00000076937	Iglc2	IG_C_gene	46
ENSMUSG00000021696	Elovl7	protein_coding	46
ENSMUSG00000046330	Rpl37a	protein_coding	46
ENSMUSG00000038552	Fndc4	protein_coding	46
ENSMUSG00000027546	Atp9a	protein_coding	46
ENSMUSG00000007279	Scube2	protein_coding	46
ENSMUSG00000020092	Pald1	protein_coding	46
ENSMUSG00000025155	Dus1l	protein_coding	46
ENSMUSG00000026209	Dnpep	protein_coding	46
ENSMUSG00000023143	Nagpa	protein_coding	46
ENSMUSG00000052396	Mogat2	protein_coding	46
ENSMUSG00000035458	Tnni3	protein_coding	46
ENSMUSG00000043099	Hic1	protein_coding	46
ENSMUSG00000007877	Tcap	protein_coding	46
ENSMUSG00000027761	Aadac	protein_coding	46
ENSMUSG00000020142	Slc1a4	protein_coding	46
ENSMUSG00000002332	Dhrs1	protein_coding	46
ENSMUSG00000026170	Cyp27a1	protein_coding	46
ENSMUSG00000027843	Ptpn22	protein_coding	46
ENSMUSG00000025277	Abhd6	protein_coding	46
ENSMUSG00000031137	Fgf13	protein_coding	46
ENSMUSG00000025094	Slc18a2	protein_coding	46
ENSMUSG00000028356	Ambp	protein_coding	46
ENSMUSG00000021714	Cenpk	protein_coding	46
ENSMUSG00000030104	Edem1	protein_coding	46
ENSMUSG00000023988	Bysl	protein_coding	46
ENSMUSG00000001741	Il16	protein_coding	46
ENSMUSG00000001700	Gramd2b	protein_coding	46
ENSMUSG00000071648	Rom1	protein_coding	46
ENSMUSG00000024743	Syt7	protein_coding	46
ENSMUSG00000010047	Hyal2	protein_coding	46
ENSMUSG00000018659	Pnpo	protein_coding	46
ENSMUSG00000024681	Ms4a3	protein_coding	46
ENSMUSG00000041654	Slc39a11	protein_coding	46
ENSMUSG00000031897	Psmb10	protein_coding	46
ENSMUSG00000015937	Macroh2a1	protein_coding	46
ENSMUSG00000030077	Chl1	protein_coding	46
ENSMUSG00000022838	Eaf2	protein_coding	46
ENSMUSG00000030839	Sergef	protein_coding	46
ENSMUSG00000073700	Klhl21	protein_coding	46
ENSMUSG00000041199	Rpusd1	protein_coding	46
ENSMUSG00000006728	Cdk4	protein_coding	46
ENSMUSG00000006731	B4galnt1	protein_coding	45
ENSMUSG00000041598	Cdc42ep4	protein_coding	45
ENSMUSG00000030762	Aqp8	protein_coding	45
ENSMUSG00000020395	Itk	protein_coding	45
ENSMUSG00000070044	Fam149a	protein_coding	45
ENSMUSG00000024666	Tmem138	protein_coding	45
ENSMUSG00000022435	Upk3a	protein_coding	45
ENSMUSG00000031400	G6pdx	protein_coding	45
ENSMUSG00000039116	Adgrg6	protein_coding	45
ENSMUSG00000006586	Runx1t1	protein_coding	45
ENSMUSG00000027079	Clp1	protein_coding	45
ENSMUSG00000004366	Sst	protein_coding	45
ENSMUSG00000031169	Porcn	protein_coding	45
ENSMUSG00000025316	Banp	protein_coding	45
ENSMUSG00000025269	Apex2	protein_coding	45
ENSMUSG00000056486	Chn1	protein_coding	45
ENSMUSG00000027805	Pfn2	protein_coding	45
ENSMUSG00000043300	B3galnt1	protein_coding	45
ENSMUSG00000063605	Ccdc102a	protein_coding	45
ENSMUSG00000020143	Dock2	protein_coding	45
ENSMUSG00000029167	Ppargc1a	protein_coding	45
ENSMUSG00000021831	Ero1a	protein_coding	45
ENSMUSG00000104876	Trdc	TR_C_gene	45
ENSMUSG00000055022	Cntn1	protein_coding	45
ENSMUSG00000022514	Il1rap	protein_coding	45
ENSMUSG00000023045	Soat2	protein_coding	45
ENSMUSG00000039958	Etfbkmt	protein_coding	45
ENSMUSG00000039886	Tmem120a	protein_coding	45
ENSMUSG00000039774	Galnt12	protein_coding	45
ENSMUSG00000018974	Sart3	protein_coding	45
ENSMUSG00000040263	Klhdc4	protein_coding	45
ENSMUSG00000095105	Edaradd	protein_coding	45
ENSMUSG00000054720	Lrrc8c	protein_coding	45
ENSMUSG00000003809	Gcdh	protein_coding	45
ENSMUSG00000021356	Irf4	protein_coding	45
ENSMUSG00000020282	Rhbdf1	protein_coding	45
ENSMUSG00000025372	Baiap2	protein_coding	45
ENSMUSG00000050108	Bpifc	protein_coding	45
ENSMUSG00000025289	Prdx4	protein_coding	45
ENSMUSG00000008855	Hdac5	protein_coding	45
ENSMUSG00000024238	Zeb1	protein_coding	45
ENSMUSG00000034041	Lyl1	protein_coding	45
ENSMUSG00000079056	Kcnip3	protein_coding	45
ENSMUSG00000021280	Exoc3l4	protein_coding	45
ENSMUSG00000028607	Cpt2	protein_coding	45
ENSMUSG00000078768	Zfp566	protein_coding	45
ENSMUSG00000003808	Farsa	protein_coding	45
ENSMUSG00000023019	Gpd1	protein_coding	45
ENSMUSG00000036606	Plxnb2	protein_coding	45
ENSMUSG00000024222	Fkbp5	protein_coding	45
ENSMUSG00000036564	Ndrg4	protein_coding	45
ENSMUSG00000023169	Slc38a1	protein_coding	45
ENSMUSG00000034361	Cpne2	protein_coding	45
ENSMUSG00000023236	Scg5	protein_coding	45
ENSMUSG00000023328	Ache	protein_coding	45
ENSMUSG00000026192	Atic	protein_coding	45
ENSMUSG00000027820	Mme	protein_coding	45
ENSMUSG00000020534	Shmt1	protein_coding	45
ENSMUSG00000001334	Fndc5	protein_coding	45
ENSMUSG00000060675	Plaat3	protein_coding	45
ENSMUSG00000026102	Inpp1	protein_coding	45
ENSMUSG00000039384	Dusp10	protein_coding	45
ENSMUSG00000040093	Bmf	protein_coding	45
ENSMUSG00000061411	Nol4l	protein_coding	45
ENSMUSG00000040249	Lrp1	protein_coding	45
ENSMUSG00000015405	Ace2	protein_coding	45
ENSMUSG00000031584	Gsr	protein_coding	45
ENSMUSG00000031596	Slc7a2	protein_coding	45
ENSMUSG00000040363	Bcor	protein_coding	45
ENSMUSG00000028639	Ybx1	protein_coding	45
ENSMUSG00000020614	Fam20a	protein_coding	45
ENSMUSG00000020334	Slc22a4	protein_coding	45
ENSMUSG00000024516	Sec11c	protein_coding	45
ENSMUSG00000037235	Mxd4	protein_coding	45
ENSMUSG00000021965	Ska3	protein_coding	45
ENSMUSG00000033059	Pygb	protein_coding	45
ENSMUSG00000029343	Crybb1	protein_coding	45
ENSMUSG00000032609	Klhdc8b	protein_coding	45
ENSMUSG00000032565	Nudt16	protein_coding	45
ENSMUSG00000025486	Sirt3	protein_coding	45
ENSMUSG00000045731	Pnoc	protein_coding	45
ENSMUSG00000039183	Nubp2	protein_coding	45
ENSMUSG00000068580	Zfyve19	protein_coding	45
ENSMUSG00000034330	Plcg2	protein_coding	45
ENSMUSG00000013698	Pea15a	protein_coding	45
ENSMUSG00000051747	Ttn	protein_coding	45
ENSMUSG00000020834	Dhrs13	protein_coding	45
ENSMUSG00000047394	Cimap1b	protein_coding	45
ENSMUSG00000025007	Aldh18a1	protein_coding	45
ENSMUSG00000026429	Ube2t	protein_coding	45
ENSMUSG00000054499	Dedd2	protein_coding	45
ENSMUSG00000022995	Enah	protein_coding	45
ENSMUSG00000030022	Adamts9	protein_coding	45
ENSMUSG00000000301	Pemt	protein_coding	45
ENSMUSG00000040430	Pitpnc1	protein_coding	45
ENSMUSG00000058258	Idi1	protein_coding	45
ENSMUSG00000028688	Toe1	protein_coding	45
ENSMUSG00000009575	Cbx5	protein_coding	45
ENSMUSG00000028654	Mycl	protein_coding	45
ENSMUSG00000021994	Wnt5a	protein_coding	45
ENSMUSG00000024806	Mlana	protein_coding	45
ENSMUSG00000022197	Pdzd2	protein_coding	45
ENSMUSG00000028980	H6pd	protein_coding	45
ENSMUSG00000049044	Rapgef4	protein_coding	45
ENSMUSG00000090077	Lime1	protein_coding	45
ENSMUSG00000032322	Pstpip1	protein_coding	45
ENSMUSG00000071658	Gng3	protein_coding	45
ENSMUSG00000038608	Dock10	protein_coding	45
ENSMUSG00000036438	Calm2	protein_coding	45
ENSMUSG00000068922	Msto1	protein_coding	45
ENSMUSG00000050520	Cldn8	protein_coding	45
ENSMUSG00000005580	Adcy9	protein_coding	45
ENSMUSG00000001056	Nhp2	protein_coding	45
ENSMUSG00000001082	Mfsd10	protein_coding	45
ENSMUSG00000020238	Ncln	protein_coding	45
ENSMUSG00000040447	Spns2	protein_coding	45
ENSMUSG00000021187	Tc2n	protein_coding	45
ENSMUSG00000028859	Csf3r	protein_coding	45
ENSMUSG00000057103	Nat8f1	protein_coding	45
ENSMUSG00000030189	Ybx3	protein_coding	45
ENSMUSG00000040723	Rcsd1	protein_coding	45
ENSMUSG00000024074	Crim1	protein_coding	45
ENSMUSG00000025739	Gng13	protein_coding	45
ENSMUSG00000044934	Zfp367	protein_coding	45
ENSMUSG00000050711	Scg2	protein_coding	45
ENSMUSG00000020844	Nxn	protein_coding	45
ENSMUSG00000032440	Tgfbr2	protein_coding	45
ENSMUSG00000023960	Enpp5	protein_coding	45
ENSMUSG00000022439	Parvg	protein_coding	45
ENSMUSG00000000392	Fap	protein_coding	45
ENSMUSG00000037685	Atp8a1	protein_coding	45
ENSMUSG00000059668	Krt4	protein_coding	45
ENSMUSG00000032415	Ube3d	protein_coding	45
ENSMUSG00000025666	Tmem47	protein_coding	45
ENSMUSG00000020474	Polm	protein_coding	45
ENSMUSG00000024007	Ppil1	protein_coding	45
ENSMUSG00000004865	Srpk1	protein_coding	45
ENSMUSG00000034686	Prr7	protein_coding	45
ENSMUSG00000041319	Thoc6	protein_coding	45
ENSMUSG00000030089	Slc41a3	protein_coding	45
ENSMUSG00000030782	Tgfb1i1	protein_coding	45
ENSMUSG00000030741	Spns1	protein_coding	45
ENSMUSG00000022053	Ebf2	protein_coding	45
ENSMUSG00000020383	Il13	protein_coding	45
ENSMUSG00000026827	Gpd2	protein_coding	45
ENSMUSG00000031781	Ciapin1	protein_coding	45
ENSMUSG00000026807	Ak8	protein_coding	45
ENSMUSG00000006678	Pola1	protein_coding	45
ENSMUSG00000026991	Pkp4	protein_coding	45
ENSMUSG00000030095	Tmem43	protein_coding	44
ENSMUSG00000003527	Ess2	protein_coding	44
ENSMUSG00000000317	Bcl6b	protein_coding	44
ENSMUSG00000017764	Zswim1	protein_coding	44
ENSMUSG00000030200	Bcl2l14	protein_coding	44
ENSMUSG00000053644	Aldh7a1	protein_coding	44
ENSMUSG00000020000	Moxd1	protein_coding	44
ENSMUSG00000063268	Parp10	protein_coding	44
ENSMUSG00000031934	Panx1	protein_coding	44
ENSMUSG00000037621	Atoh8	protein_coding	44
ENSMUSG00000033386	Frrs1	protein_coding	44
ENSMUSG00000057421	Las1l	protein_coding	44
ENSMUSG00000024653	Scgb1a1	protein_coding	44
ENSMUSG00000010025	Aldh3a2	protein_coding	44
ENSMUSG00000024772	Ehd1	protein_coding	44
ENSMUSG00000006931	P3h4	protein_coding	44
ENSMUSG00000030047	Arhgap25	protein_coding	44
ENSMUSG00000053137	Mapk11	protein_coding	44
ENSMUSG00000078812	Eif5a	protein_coding	44
ENSMUSG00000022657	Cd96	protein_coding	44
ENSMUSG00000019843	Fyn	protein_coding	44
ENSMUSG00000026615	Eprs1	protein_coding	44
ENSMUSG00000021185	Dglucy	protein_coding	44
ENSMUSG00000040596	Pogk	protein_coding	44
ENSMUSG00000026546	Cfap45	protein_coding	44
ENSMUSG00000019822	Smpd2	protein_coding	44
ENSMUSG00000028926	Cdk14	protein_coding	44
ENSMUSG00000037709	Fam13a	protein_coding	44
ENSMUSG00000047842	Diras2	protein_coding	44
ENSMUSG00000037946	Fgd3	protein_coding	44
ENSMUSG00000028973	Abcb8	protein_coding	44
ENSMUSG00000031565	Fgfr1	protein_coding	44
ENSMUSG00000022562	Oplah	protein_coding	44
ENSMUSG00000022941	Ripply3	protein_coding	44
ENSMUSG00000012519	Mlkl	protein_coding	44
ENSMUSG00000042462	Dctpp1	protein_coding	44
ENSMUSG00000006301	Tmbim1	protein_coding	44
ENSMUSG00000026437	Cdk18	protein_coding	44
ENSMUSG00000061533	Cep128	protein_coding	44
ENSMUSG00000010051	Hyal1	protein_coding	44
ENSMUSG00000024935	Slc1a1	protein_coding	44
ENSMUSG00000030946	Lhpp	protein_coding	44
ENSMUSG00000058070	Eml1	protein_coding	44
ENSMUSG00000073433	Arhgdig	protein_coding	44
ENSMUSG00000006221	Hspb7	protein_coding	44
ENSMUSG00000003812	Dnase2a	protein_coding	44
ENSMUSG00000015957	Wnt11	protein_coding	44
ENSMUSG00000020085	Aifm2	protein_coding	44
ENSMUSG00000020099	Unc5b	protein_coding	44
ENSMUSG00000024500	Ppp2r2b	protein_coding	44
ENSMUSG00000056724	Nbeal2	protein_coding	44
ENSMUSG00000009376	Met	protein_coding	44
ENSMUSG00000009248	Ascl2	protein_coding	44
ENSMUSG00000038168	P3h2	protein_coding	44
ENSMUSG00000020326	Ccng1	protein_coding	44
ENSMUSG00000098188	Sowahc	protein_coding	44
ENSMUSG00000020838	Slc6a4	protein_coding	44
ENSMUSG00000033033	Calhm2	protein_coding	44
ENSMUSG00000049148	Plcxd3	protein_coding	44
ENSMUSG00000026407	Cacna1s	protein_coding	44
ENSMUSG00000031551	Ido1	protein_coding	44
ENSMUSG00000052544	St6galnac3	protein_coding	44
ENSMUSG00000017670	Elmo2	protein_coding	44
ENSMUSG00000043088	Il17re	protein_coding	44
ENSMUSG00000032179	Bmp5	protein_coding	44
ENSMUSG00000018932	Map2k3	protein_coding	44
ENSMUSG00000005237	Dnah2	protein_coding	44
ENSMUSG00000036880	Acaa2	protein_coding	44
ENSMUSG00000029156	Sgcb	protein_coding	44
ENSMUSG00000037025	Foxa2	protein_coding	44
ENSMUSG00000031022	BC051019	protein_coding	44
ENSMUSG00000089762	Ier5l	protein_coding	44
ENSMUSG00000022476	Polr3h	protein_coding	44
ENSMUSG00000043140	Tmem186	protein_coding	44
ENSMUSG00000026180	Cxcr2	protein_coding	44
ENSMUSG00000026223	Itm2c	protein_coding	44
ENSMUSG00000021287	Xrcc3	protein_coding	44
ENSMUSG00000043243	Niban3	protein_coding	44
ENSMUSG00000056602	Fry	protein_coding	44
ENSMUSG00000038388	Pals2	protein_coding	44
ENSMUSG00000028399	Ptprd	protein_coding	44
ENSMUSG00000031162	Gata1	protein_coding	44
ENSMUSG00000038244	Mical2	protein_coding	44
ENSMUSG00000051910	Sox6	protein_coding	44
ENSMUSG00000026031	Cflar	protein_coding	44
ENSMUSG00000043673	Kcns3	protein_coding	44
ENSMUSG00000043448	Gjc2	protein_coding	44
ENSMUSG00000072437	Nanos1	protein_coding	44
ENSMUSG00000039328	Rnf122	protein_coding	44
ENSMUSG00000043931	Gimap7	protein_coding	44
ENSMUSG00000060402	Chst8	protein_coding	44
ENSMUSG00000051650	B3gnt2	protein_coding	44
ENSMUSG00000034320	Slc26a2	protein_coding	44
ENSMUSG00000044641	Pard6b	protein_coding	44
ENSMUSG00000028035	Dnajb4	protein_coding	44
ENSMUSG00000031196	F8	protein_coding	44
ENSMUSG00000024206	Rfx2	protein_coding	44
ENSMUSG00000071177	Serpina1d	protein_coding	44
ENSMUSG00000019080	Mfsd3	protein_coding	44
ENSMUSG00000032735	Ablim3	protein_coding	44
ENSMUSG00000028392	Bspry	protein_coding	44
ENSMUSG00000025330	Padi4	protein_coding	44
ENSMUSG00000050022	Amz1	protein_coding	44
ENSMUSG00000032327	Stra6	protein_coding	44
ENSMUSG00000028019	Pdgfc	protein_coding	44
ENSMUSG00000044229	Nxpe4	protein_coding	44
ENSMUSG00000029587	Zfp12	protein_coding	44
ENSMUSG00000066842	Hmcn1	protein_coding	44
ENSMUSG00000013707	Tnfaip8l2	protein_coding	44
ENSMUSG00000020553	Pctp	protein_coding	44
ENSMUSG00000008435	Rdh13	protein_coding	44
ENSMUSG00000008384	Sertad1	protein_coding	44
ENSMUSG00000021483	Cdk20	protein_coding	44
ENSMUSG00000029312	Klhl8	protein_coding	44
ENSMUSG00000056209	Npm3	protein_coding	44
ENSMUSG00000034035	Ccdc17	protein_coding	44
ENSMUSG00000036578	Fxyd7	protein_coding	44
ENSMUSG00000045896	Paip2b	protein_coding	44
ENSMUSG00000059456	Ptk2b	protein_coding	44
ENSMUSG00000059439	Bcas3	protein_coding	44
ENSMUSG00000021750	Fam107a	protein_coding	44
ENSMUSG00000059291	Rpl11	protein_coding	44
ENSMUSG00000028341	Nr4a3	protein_coding	44
ENSMUSG00000038650	Rnh1	protein_coding	44
ENSMUSG00000050619	Zscan29	protein_coding	44
ENSMUSG00000024118	Tedc2	protein_coding	44
ENSMUSG00000066441	Rdh11	protein_coding	44
ENSMUSG00000030428	Ttyh1	protein_coding	44
ENSMUSG00000029344	Tpst2	protein_coding	44
ENSMUSG00000092060	Bend4	protein_coding	44
ENSMUSG00000025384	Faap100	protein_coding	44
ENSMUSG00000036553	Sh3tc1	protein_coding	44
ENSMUSG00000066839	Ecsit	protein_coding	44
ENSMUSG00000068748	Ptprz1	protein_coding	44
ENSMUSG00000005696	Sh2d1a	protein_coding	44
ENSMUSG00000060098	Prmt7	protein_coding	44
ENSMUSG00000021596	Mctp1	protein_coding	44
ENSMUSG00000050854	Tmem125	protein_coding	44
ENSMUSG00000050945	Zfp438	protein_coding	44
ENSMUSG00000034189	Hsdl1	protein_coding	44
ENSMUSG00000029408	Abcb9	protein_coding	44
ENSMUSG00000008668	Rps18	protein_coding	44
ENSMUSG00000021662	Arhgef28	protein_coding	44
ENSMUSG00000031353	Rbbp7	protein_coding	44
ENSMUSG00000032513	Gorasp1	protein_coding	44
ENSMUSG00000074766	Ism1	protein_coding	44
ENSMUSG00000004100	Ppan	protein_coding	44
ENSMUSG00000029499	Pxmp2	protein_coding	44
ENSMUSG00000024063	Lbh	protein_coding	44
ENSMUSG00000017405	Nek8	protein_coding	44
ENSMUSG00000045027	Prss22	protein_coding	44
ENSMUSG00000031371	Haus7	protein_coding	44
ENSMUSG00000059741	Myl3	protein_coding	44
ENSMUSG00000022831	Hcls1	protein_coding	44
ENSMUSG00000006675	P4htm	protein_coding	44
ENSMUSG00000026796	Niban2	protein_coding	44
ENSMUSG00000041135	Ripk2	protein_coding	44
ENSMUSG00000040811	Eml2	protein_coding	44
ENSMUSG00000040767	Snrnp25	protein_coding	44
ENSMUSG00000000326	Comt	protein_coding	44
ENSMUSG00000018669	Cdk5rap3	protein_coding	44
ENSMUSG00000037440	Vnn1	protein_coding	44
ENSMUSG00000091243	Vgll3	protein_coding	44
ENSMUSG00000022057	Adamdec1	protein_coding	44
ENSMUSG00000033420	Antxr1	protein_coding	44
ENSMUSG00000015806	Qdpr	protein_coding	44
ENSMUSG00000031803	B3gnt3	protein_coding	44
ENSMUSG00000026840	Lamc3	protein_coding	44
ENSMUSG00000027070	Lrp2	protein_coding	43
ENSMUSG00000019906	Lin7a	protein_coding	43
ENSMUSG00000022756	Slc7a4	protein_coding	43
ENSMUSG00000026950	Neb	protein_coding	43
ENSMUSG00000031788	Kifc3	protein_coding	43
ENSMUSG00000048368	Omd	protein_coding	43
ENSMUSG00000057367	Birc2	protein_coding	43
ENSMUSG00000027187	Cat	protein_coding	43
ENSMUSG00000021044	Adck1	protein_coding	43
ENSMUSG00000073755	5730409E04Rik	protein_coding	43
ENSMUSG00000040957	Cables1	protein_coding	43
ENSMUSG00000041488	Stx3	protein_coding	43
ENSMUSG00000020262	Adarb1	protein_coding	43
ENSMUSG00000038930	Rccd1	protein_coding	43
ENSMUSG00000025597	Klhl4	protein_coding	43
ENSMUSG00000032456	Nmnat3	protein_coding	43
ENSMUSG00000032419	Tbx18	protein_coding	43
ENSMUSG00000036192	Rorb	protein_coding	43
ENSMUSG00000000215	Ins2	protein_coding	43
ENSMUSG00000001504	Irx2	protein_coding	43
ENSMUSG00000068876	Cgn	protein_coding	43
ENSMUSG00000025579	Gaa	protein_coding	43
ENSMUSG00000025732	Mcrip2	protein_coding	43
ENSMUSG00000021675	F2rl2	protein_coding	43
ENSMUSG00000021559	Dapk1	protein_coding	43
ENSMUSG00000020227	Irak3	protein_coding	43
ENSMUSG00000028066	Pmf1	protein_coding	43
ENSMUSG00000068742	Cry2	protein_coding	43
ENSMUSG00000022407	Adsl	protein_coding	43
ENSMUSG00000055609	Hba-x	protein_coding	43
ENSMUSG00000029553	Tfec	protein_coding	43
ENSMUSG00000051351	Zfp46	protein_coding	43
ENSMUSG00000032399	Rpl4	protein_coding	43
ENSMUSG00000015083	C8g	protein_coding	43
ENSMUSG00000002076	Hsf2bp	protein_coding	43
ENSMUSG00000032579	Hemk1	protein_coding	43
ENSMUSG00000036437	Npy1r	protein_coding	43
ENSMUSG00000024170	Telo2	protein_coding	43
ENSMUSG00000066621	Tecpr1	protein_coding	43
ENSMUSG00000029381	Shroom3	protein_coding	43
ENSMUSG00000036459	Wtip	protein_coding	43
ENSMUSG00000074811	Hps6	protein_coding	43
ENSMUSG00000046280	She	protein_coding	43
ENSMUSG00000021749	Fam3d	protein_coding	43
ENSMUSG00000036622	Atp13a2	protein_coding	43
ENSMUSG00000039115	Itga9	protein_coding	43
ENSMUSG00000039145	Camk1d	protein_coding	43
ENSMUSG00000022438	Parvb	protein_coding	43
ENSMUSG00000063838	Cdc42ep5	protein_coding	43
ENSMUSG00000021493	Pdlim7	protein_coding	43
ENSMUSG00000025348	Itga7	protein_coding	43
ENSMUSG00000032733	Snx33	protein_coding	43
ENSMUSG00000032691	Nlrp3	protein_coding	43
ENSMUSG00000046623	Gjb4	protein_coding	43
ENSMUSG00000033917	Gde1	protein_coding	43
ENSMUSG00000066357	Wdr6	protein_coding	43
ENSMUSG00000044447	Dock5	protein_coding	43
ENSMUSG00000044548	Dact1	protein_coding	43
ENSMUSG00000035824	Tk2	protein_coding	43
ENSMUSG00000023868	Pde10a	protein_coding	43
ENSMUSG00000034317	Trim59	protein_coding	43
ENSMUSG00000035704	Alg8	protein_coding	43
ENSMUSG00000044006	Cilp2	protein_coding	43
ENSMUSG00000072572	Slc39a2	protein_coding	43
ENSMUSG00000027952	Pmvk	protein_coding	43
ENSMUSG00000020173	Cobl	protein_coding	43
ENSMUSG00000051998	Lax1	protein_coding	43
ENSMUSG00000003824	Syce2	protein_coding	43
ENSMUSG00000029695	Aass	protein_coding	43
ENSMUSG00000029703	Lrwd1	protein_coding	43
ENSMUSG00000085795	Zfp703	protein_coding	43
ENSMUSG00000015335	Zdhhc12	protein_coding	43
ENSMUSG00000025092	Hspa12a	protein_coding	43
ENSMUSG00000046380	Jrk	protein_coding	43
ENSMUSG00000059013	Sh2d3c	protein_coding	43
ENSMUSG00000028412	Slc44a1	protein_coding	43
ENSMUSG00000036782	Klhl13	protein_coding	43
ENSMUSG00000050010	Shisa3	protein_coding	43
ENSMUSG00000000901	Mmp11	protein_coding	43
ENSMUSG00000024270	Slc39a6	protein_coding	43
ENSMUSG00000039621	Prex1	protein_coding	43
ENSMUSG00000002343	Armc6	protein_coding	43
ENSMUSG00000035413	Tmem98	protein_coding	43
ENSMUSG00000035441	Myo1d	protein_coding	43
ENSMUSG00000022483	Col2a1	protein_coding	43
ENSMUSG00000032216	Nedd4	protein_coding	43
ENSMUSG00000029103	Lrpap1	protein_coding	43
ENSMUSG00000025059	Gk	protein_coding	43
ENSMUSG00000032878	Ccdc85a	protein_coding	43
ENSMUSG00000021820	Camk2g	protein_coding	43
ENSMUSG00000037017	Zscan21	protein_coding	43
ENSMUSG00000037032	Apbb1	protein_coding	43
ENSMUSG00000049551	Fzd9	protein_coding	43
ENSMUSG00000029145	Eif2b4	protein_coding	43
ENSMUSG00000024391	Apom	protein_coding	43
ENSMUSG00000098132	Rassf10	protein_coding	43
ENSMUSG00000032182	Yipf2	protein_coding	43
ENSMUSG00000021322	Aoah	protein_coding	43
ENSMUSG00000039981	Zc3h12d	protein_coding	43
ENSMUSG00000039934	Gsap	protein_coding	43
ENSMUSG00000026271	Gpr35	protein_coding	43
ENSMUSG00000052459	Atp6v1a	protein_coding	43
ENSMUSG00000017677	Wsb1	protein_coding	43
ENSMUSG00000035245	Eogt	protein_coding	43
ENSMUSG00000052560	Cpne8	protein_coding	43
ENSMUSG00000030956	Fam53b	protein_coding	43
ENSMUSG00000047205	Dusp18	protein_coding	43
ENSMUSG00000038086	Hspb2	protein_coding	43
ENSMUSG00000031098	Syt8	protein_coding	43
ENSMUSG00000022240	Ctnnd2	protein_coding	43
ENSMUSG00000033809	Alg3	protein_coding	43
ENSMUSG00000040009	Gnaz	protein_coding	43
ENSMUSG00000020102	Slc16a7	protein_coding	43
ENSMUSG00000031558	Slit2	protein_coding	43
ENSMUSG00000040265	Dnm3	protein_coding	43
ENSMUSG00000030287	Itpr2	protein_coding	43
ENSMUSG00000087679	Tmem250	protein_coding	43
ENSMUSG00000017861	Mybl2	protein_coding	43
ENSMUSG00000033216	Eefsec	protein_coding	43
ENSMUSG00000047675	Rps8	protein_coding	43
ENSMUSG00000020329	Polrmt	protein_coding	43
ENSMUSG00000002910	Arrdc2	protein_coding	43
ENSMUSG00000056758	Hmga2	protein_coding	43
ENSMUSG00000033589	Reep4	protein_coding	43
ENSMUSG00000020424	Castor1	protein_coding	43
ENSMUSG00000027506	Tpd52	protein_coding	43
ENSMUSG00000042289	Hsd3b7	protein_coding	43
ENSMUSG00000042303	Sgsm3	protein_coding	43
ENSMUSG00000109511	Nup62	protein_coding	43
ENSMUSG00000022902	Stfa2	protein_coding	43
ENSMUSG00000021236	Entpd5	protein_coding	43
ENSMUSG00000031995	St14	protein_coding	43
ENSMUSG00000047878	A4galt	protein_coding	43
ENSMUSG00000004961	Syt5	protein_coding	43
ENSMUSG00000024856	Cdk2ap2	protein_coding	43
ENSMUSG00000037759	Ptger2	protein_coding	43
ENSMUSG00000022146	Osmr	protein_coding	43
ENSMUSG00000022097	Sftpc	protein_coding	43
ENSMUSG00000057315	Arhgap24	protein_coding	43
ENSMUSG00000048856	Slc25a47	protein_coding	43
ENSMUSG00000028709	Mob3c	protein_coding	43
ENSMUSG00000024906	Mus81	protein_coding	43
ENSMUSG00000073436	Eme2	protein_coding	43
ENSMUSG00000034484	Snx2	protein_coding	43
ENSMUSG00000052911	Lamb2	protein_coding	43
ENSMUSG00000034947	Tmem106a	protein_coding	43
ENSMUSG00000048490	Nrip1	protein_coding	43
ENSMUSG00000070469	Adamtsl3	protein_coding	43
ENSMUSG00000075334	Rprm	protein_coding	43
ENSMUSG00000048234	Rnf149	protein_coding	43
ENSMUSG00000028860	Sytl1	protein_coding	43
ENSMUSG00000037337	Map4k1	protein_coding	43
ENSMUSG00000004748	Mtfp1	protein_coding	43
ENSMUSG00000020399	Havcr2	protein_coding	43
ENSMUSG00000024646	Cyb5a	protein_coding	43
ENSMUSG00000026648	Dclre1c	protein_coding	43
ENSMUSG00000019988	Nedd1	protein_coding	43
ENSMUSG00000040618	Pck2	protein_coding	43
ENSMUSG00000022864	D16Ertd472e	protein_coding	43
ENSMUSG00000026791	Slc2a8	protein_coding	43
ENSMUSG00000026815	Gfi1b	protein_coding	43
ENSMUSG00000096606	Tpbgl	protein_coding	43
ENSMUSG00000024451	Arap3	protein_coding	42
ENSMUSG00000022272	Myo10	protein_coding	42
ENSMUSG00000033788	Dysf	protein_coding	42
ENSMUSG00000056666	Retsat	protein_coding	42
ENSMUSG00000032244	Fem1b	protein_coding	42
ENSMUSG00000030094	Xpc	protein_coding	42
ENSMUSG00000021097	Clmn	protein_coding	42
ENSMUSG00000034714	Ttyh2	protein_coding	42
ENSMUSG00000030161	Gabarapl1	protein_coding	42
ENSMUSG00000079481	Nhsl2	protein_coding	42
ENSMUSG00000017300	Tnnc2	protein_coding	42
ENSMUSG00000029098	Acox3	protein_coding	42
ENSMUSG00000037188	Grhl3	protein_coding	42
ENSMUSG00000026000	Lancl1	protein_coding	42
ENSMUSG00000043807	Ly6g5b	protein_coding	42
ENSMUSG00000018566	Slc2a4	protein_coding	42
ENSMUSG00000039616	Mocos	protein_coding	42
ENSMUSG00000026131	Dst	protein_coding	42
ENSMUSG00000024556	Me2	protein_coding	42
ENSMUSG00000028439	Fam219a	protein_coding	42
ENSMUSG00000034613	Ppm1h	protein_coding	42
ENSMUSG00000053886	Sh2d4a	protein_coding	42
ENSMUSG00000030562	Nox4	protein_coding	42
ENSMUSG00000069631	Strada	protein_coding	42
ENSMUSG00000036764	Dnajc12	protein_coding	42
ENSMUSG00000032252	Glce	protein_coding	42
ENSMUSG00000039461	Tcta	protein_coding	42
ENSMUSG00000039377	Hlx	protein_coding	42
ENSMUSG00000005958	Ephb3	protein_coding	42
ENSMUSG00000043943	Naalad2	protein_coding	42
ENSMUSG00000033460	Armcx1	protein_coding	42
ENSMUSG00000022099	Dmtn	protein_coding	42
ENSMUSG00000048807	Slc35e4	protein_coding	42
ENSMUSG00000021850	Ccdc198	protein_coding	42
ENSMUSG00000002732	Fkbp7	protein_coding	42
ENSMUSG00000007833	Aldh16a1	protein_coding	42
ENSMUSG00000027784	Ppm1l	protein_coding	42
ENSMUSG00000021377	Dek	protein_coding	42
ENSMUSG00000030554	Synm	protein_coding	42
ENSMUSG00000079036	Alkbh1	protein_coding	42
ENSMUSG00000030616	Sytl2	protein_coding	42
ENSMUSG00000056529	Ptafr	protein_coding	42
ENSMUSG00000039903	Eva1c	protein_coding	42
ENSMUSG00000056174	Col8a2	protein_coding	42
ENSMUSG00000056214	Pard6g	protein_coding	42
ENSMUSG00000043017	Ptgir	protein_coding	42
ENSMUSG00000020422	Tns3	protein_coding	42
ENSMUSG00000037306	Man1c1	protein_coding	42
ENSMUSG00000030203	Dusp16	protein_coding	42
ENSMUSG00000048965	Mrgpre	protein_coding	42
ENSMUSG00000039294	Cybc1	protein_coding	42
ENSMUSG00000005803	Sqor	protein_coding	42
ENSMUSG00000025978	Rftn2	protein_coding	42
ENSMUSG00000025986	Slc39a10	protein_coding	42
ENSMUSG00000039197	Adk	protein_coding	42
ENSMUSG00000007610	Gtpbp3	protein_coding	42
ENSMUSG00000048752	Prss50	protein_coding	42
ENSMUSG00000060002	Chpt1	protein_coding	42
ENSMUSG00000028479	Gne	protein_coding	42
ENSMUSG00000025188	Hps1	protein_coding	42
ENSMUSG00000021773	Comtd1	protein_coding	42
ENSMUSG00000040899	Ccr6	protein_coding	42
ENSMUSG00000024187	Fam234a	protein_coding	42
ENSMUSG00000019775	Rgs17	protein_coding	42
ENSMUSG00000081534	Slc48a1	protein_coding	42
ENSMUSG00000020900	Myh10	protein_coding	42
ENSMUSG00000001014	Icam4	protein_coding	42
ENSMUSG00000032172	Olfm2	protein_coding	42
ENSMUSG00000036353	P2ry12	protein_coding	42
ENSMUSG00000037493	Cib2	protein_coding	42
ENSMUSG00000057497	Fam136a	protein_coding	42
ENSMUSG00000037434	Slc30a1	protein_coding	42
ENSMUSG00000031377	Bmx	protein_coding	42
ENSMUSG00000021474	Sfxn1	protein_coding	42
ENSMUSG00000042594	Sh2b3	protein_coding	42
ENSMUSG00000042510	AA986860	protein_coding	42
ENSMUSG00000029428	Stx2	protein_coding	42
ENSMUSG00000038298	Pdzk1	protein_coding	42
ENSMUSG00000003585	Sec14l2	protein_coding	42
ENSMUSG00000029426	Scarb2	protein_coding	42
ENSMUSG00000050830	Vwc2	protein_coding	42
ENSMUSG00000029463	Fam216a	protein_coding	42
ENSMUSG00000021340	Gpld1	protein_coding	42
ENSMUSG00000030761	Myo7a	protein_coding	42
ENSMUSG00000024667	Tmem216	protein_coding	42
ENSMUSG00000021572	Cep72	protein_coding	42
ENSMUSG00000041731	Pgm5	protein_coding	42
ENSMUSG00000001211	Agpat3	protein_coding	42
ENSMUSG00000001942	Siae	protein_coding	42
ENSMUSG00000034413	Neurl1b	protein_coding	42
ENSMUSG00000030407	Qpctl	protein_coding	42
ENSMUSG00000055675	Kbtbd11	protein_coding	42
ENSMUSG00000040219	Ttc12	protein_coding	42
ENSMUSG00000004221	Ikbkg	protein_coding	42
ENSMUSG00000026383	Epb41l5	protein_coding	42
ENSMUSG00000042558	Adprs	protein_coding	42
ENSMUSG00000027510	Rbm38	protein_coding	42
ENSMUSG00000075289	Carns1	protein_coding	42
ENSMUSG00000024805	Pcgf5	protein_coding	42
ENSMUSG00000048078	Tenm4	protein_coding	42
ENSMUSG00000037624	Kcnk2	protein_coding	42
ENSMUSG00000031957	Ctrb1	protein_coding	42
ENSMUSG00000025154	Arhgap19	protein_coding	42
ENSMUSG00000022610	Mapk12	protein_coding	42
ENSMUSG00000031539	Ap3m2	protein_coding	42
ENSMUSG00000061451	Tmem151a	protein_coding	42
ENSMUSG00000020493	Prr11	protein_coding	42
ENSMUSG00000051238	Swsap1	protein_coding	42
ENSMUSG00000033313	Fbxl8	protein_coding	42
ENSMUSG00000022021	Diaph3	protein_coding	42
ENSMUSG00000028081	Rps3a1	protein_coding	42
ENSMUSG00000019303	Psmc3ip	protein_coding	42
ENSMUSG00000051346	Spryd4	protein_coding	42
ENSMUSG00000051375	Pcdh1	protein_coding	42
ENSMUSG00000026430	Rassf5	protein_coding	42
ENSMUSG00000021306	Gpr137b	protein_coding	42
ENSMUSG00000024793	Tnfrsf25	protein_coding	42
ENSMUSG00000070423	Or51e1	protein_coding	42
ENSMUSG00000028132	Tlcd4	protein_coding	42
ENSMUSG00000026520	Pycr2	protein_coding	42
ENSMUSG00000002055	Spag5	protein_coding	42
ENSMUSG00000045672	Col27a1	protein_coding	42
ENSMUSG00000038217	Tlcd2	protein_coding	42
ENSMUSG00000079465	Col4a3	protein_coding	42
ENSMUSG00000025400	Tac2	protein_coding	42
ENSMUSG00000022946	Dop1b	protein_coding	42
ENSMUSG00000027208	Fgf7	protein_coding	42
ENSMUSG00000047821	Trim16	protein_coding	42
ENSMUSG00000002797	Ggct	protein_coding	42
ENSMUSG00000074218	Cox7a1	protein_coding	42
ENSMUSG00000051515	Fam181b	protein_coding	42
ENSMUSG00000035835	Plppr3	protein_coding	42
ENSMUSG00000035171	1110059E24Rik	protein_coding	42
ENSMUSG00000025130	P4hb	protein_coding	42
ENSMUSG00000028565	Nfia	protein_coding	42
ENSMUSG00000045757	Zfp764	protein_coding	42
ENSMUSG00000022594	Lynx1	protein_coding	42
ENSMUSG00000087141	Plcxd2	protein_coding	42
ENSMUSG00000017607	Tns4	protein_coding	42
ENSMUSG00000023439	Gnb3	protein_coding	42
ENSMUSG00000057963	Itpk1	protein_coding	42
ENSMUSG00000025728	Pigq	protein_coding	42
ENSMUSG00000042306	S100a14	protein_coding	42
ENSMUSG00000035697	Arhgap45	protein_coding	42
ENSMUSG00000035713	Usp35	protein_coding	42
ENSMUSG00000017664	Slc35c2	protein_coding	42
ENSMUSG00000026721	Rabgap1l	protein_coding	42
ENSMUSG00000035206	Sppl2b	protein_coding	42
ENSMUSG00000029798	Herc6	protein_coding	42
ENSMUSG00000032026	Rexo2	protein_coding	42
ENSMUSG00000028163	Nfkb1	protein_coding	42
ENSMUSG00000040472	Rabggta	protein_coding	42
ENSMUSG00000027411	Vps16	protein_coding	42
ENSMUSG00000001248	Gramd1a	protein_coding	42
ENSMUSG00000034390	Cmip	protein_coding	42
ENSMUSG00000035506	Slc12a8	protein_coding	42
ENSMUSG00000027377	Mall	protein_coding	42
ENSMUSG00000021235	Coq6	protein_coding	42
ENSMUSG00000047434	Xxylt1	protein_coding	42
ENSMUSG00000018740	Slc25a35	protein_coding	42
ENSMUSG00000038894	Irs2	protein_coding	42
ENSMUSG00000028167	Bdh2	protein_coding	42
ENSMUSG00000011837	Snapc2	protein_coding	42
ENSMUSG00000052310	Slc39a1	protein_coding	42
ENSMUSG00000025510	Cd151	protein_coding	42
ENSMUSG00000068115	Ninl	protein_coding	42
ENSMUSG00000054836	Elp6	protein_coding	42
ENSMUSG00000055067	Smyd3	protein_coding	42
ENSMUSG00000021203	Otub2	protein_coding	42
ENSMUSG00000015850	Adamtsl4	protein_coding	42
ENSMUSG00000028633	Ctps1	protein_coding	42
ENSMUSG00000028273	Pdlim5	protein_coding	42
ENSMUSG00000020658	Efr3b	protein_coding	42
ENSMUSG00000041438	Utp4	protein_coding	42
ENSMUSG00000041439	Mfsd6	protein_coding	42
ENSMUSG00000026890	Lhx6	protein_coding	42
ENSMUSG00000062939	Stat4	protein_coding	42
ENSMUSG00000038533	Cbfa2t2	protein_coding	42
ENSMUSG00000031824	6430548M08Rik	protein_coding	42
ENSMUSG00000062995	Ica1	protein_coding	42
ENSMUSG00000062980	Cped1	protein_coding	42
ENSMUSG00000046387	Pcdhb17	protein_coding	41
ENSMUSG00000026922	Agpat2	protein_coding	41
ENSMUSG00000002105	Slc39a13	protein_coding	41
ENSMUSG00000031101	Sash3	protein_coding	41
ENSMUSG00000031758	Cdyl2	protein_coding	41
ENSMUSG00000019124	Scrn1	protein_coding	41
ENSMUSG00000039474	Wfs1	protein_coding	41
ENSMUSG00000049657	Zbtb5	protein_coding	41
ENSMUSG00000029127	Zbtb49	protein_coding	41
ENSMUSG00000031823	Zdhhc7	protein_coding	41
ENSMUSG00000032690	Oas2	protein_coding	41
ENSMUSG00000022686	B3gnt5	protein_coding	41
ENSMUSG00000056413	Adap1	protein_coding	41
ENSMUSG00000024975	Pdcd4	protein_coding	41
ENSMUSG00000031644	Nek1	protein_coding	41
ENSMUSG00000003955	Fam162a	protein_coding	41
ENSMUSG00000003949	Hlf	protein_coding	41
ENSMUSG00000052142	Rasal3	protein_coding	41
ENSMUSG00000021646	Mccc2	protein_coding	41
ENSMUSG00000059479	B3gnt8	protein_coding	41
ENSMUSG00000019214	Chtf18	protein_coding	41
ENSMUSG00000029095	Ablim2	protein_coding	41
ENSMUSG00000045752	Tssc4	protein_coding	41
ENSMUSG00000045555	Mettl24	protein_coding	41
ENSMUSG00000018893	Mb	protein_coding	41
ENSMUSG00000047415	Gpr68	protein_coding	41
ENSMUSG00000043257	Pigv	protein_coding	41
ENSMUSG00000021469	Msx2	protein_coding	41
ENSMUSG00000020741	Cluh	protein_coding	41
ENSMUSG00000005892	Trh	protein_coding	41
ENSMUSG00000049950	Rpp38	protein_coding	41
ENSMUSG00000036960	Clca2	protein_coding	41
ENSMUSG00000003348	Mob3a	protein_coding	41
ENSMUSG00000022678	Nde1	protein_coding	41
ENSMUSG00000013495	Tmem175	protein_coding	41
ENSMUSG00000046318	Ccbe1	protein_coding	41
ENSMUSG00000038412	Higd1a	protein_coding	41
ENSMUSG00000038520	Tbc1d17	protein_coding	41
ENSMUSG00000031119	Gpc4	protein_coding	41
ENSMUSG00000011877	Git1	protein_coding	41
ENSMUSG00000026638	Irf6	protein_coding	41
ENSMUSG00000000305	Cdh4	protein_coding	41
ENSMUSG00000045316	Fahd1	protein_coding	41
ENSMUSG00000028717	Tal1	protein_coding	41
ENSMUSG00000031617	Tmem184c	protein_coding	41
ENSMUSG00000031609	Sap30	protein_coding	41
ENSMUSG00000026578	Ccdc181	protein_coding	41
ENSMUSG00000022440	C1qtnf6	protein_coding	41
ENSMUSG00000042029	Ncapg2	protein_coding	41
ENSMUSG00000033540	Idua	protein_coding	41
ENSMUSG00000039349	C130074G19Rik	protein_coding	41
ENSMUSG00000039438	Ttc36	protein_coding	41
ENSMUSG00000024561	Mbd1	protein_coding	41
ENSMUSG00000048921	Zfp689	protein_coding	41
ENSMUSG00000049091	Sephs2	protein_coding	41
ENSMUSG00000037254	Itih2	protein_coding	41
ENSMUSG00000028953	Abcf2	protein_coding	41
ENSMUSG00000024247	Pkdcc	protein_coding	41
ENSMUSG00000098789	Jmjd7	protein_coding	41
ENSMUSG00000047604	Frat2	protein_coding	41
ENSMUSG00000033233	Trim45	protein_coding	41
ENSMUSG00000010660	Plcd1	protein_coding	41
ENSMUSG00000034751	Mast4	protein_coding	41
ENSMUSG00000022793	B4galt4	protein_coding	41
ENSMUSG00000021094	Dhrs7	protein_coding	41
ENSMUSG00000002228	Ppm1j	protein_coding	41
ENSMUSG00000028333	Anp32b	protein_coding	41
ENSMUSG00000038600	Atp6v0a4	protein_coding	41
ENSMUSG00000012126	Ubxn11	protein_coding	41
ENSMUSG00000054459	Vsnl1	protein_coding	41
ENSMUSG00000029822	Osbpl3	protein_coding	41
ENSMUSG00000041849	Card6	protein_coding	41
ENSMUSG00000041845	Rhod	protein_coding	41
ENSMUSG00000041936	Agrn	protein_coding	41
ENSMUSG00000026672	Optn	protein_coding	41
ENSMUSG00000023104	Rfc2	protein_coding	41
ENSMUSG00000022574	Naprt	protein_coding	41
ENSMUSG00000000296	Tpd52l1	protein_coding	41
ENSMUSG00000053469	Tg	protein_coding	41
ENSMUSG00000034898	Filip1	protein_coding	41
ENSMUSG00000021286	Zfyve21	protein_coding	41
ENSMUSG00000050315	Synpo2	protein_coding	41
ENSMUSG00000029287	Tgfbr3	protein_coding	41
ENSMUSG00000061080	Lsamp	protein_coding	41
ENSMUSG00000002325	Irf9	protein_coding	41
ENSMUSG00000024831	Ighmbp2	protein_coding	41
ENSMUSG00000020811	Wscd1	protein_coding	41
ENSMUSG00000018293	Pfn1	protein_coding	41
ENSMUSG00000030257	Srgap3	protein_coding	41
ENSMUSG00000038188	Scarf1	protein_coding	41
ENSMUSG00000032021	Crtam	protein_coding	41
ENSMUSG00000015647	Lama5	protein_coding	41
ENSMUSG00000024176	Sox8	protein_coding	41
ENSMUSG00000039231	Suv39h1	protein_coding	41
ENSMUSG00000026797	Stxbp1	protein_coding	41
ENSMUSG00000012848	Rps5	protein_coding	41
ENSMUSG00000071001	Hrct1	protein_coding	41
ENSMUSG00000022382	Wnt7b	protein_coding	41
ENSMUSG00000037826	Ppm1k	protein_coding	41
ENSMUSG00000039048	Foxred1	protein_coding	41
ENSMUSG00000025789	St8sia2	protein_coding	41
ENSMUSG00000026526	Fh1	protein_coding	41
ENSMUSG00000018238	Gdf9	protein_coding	41
ENSMUSG00000062110	Scfd2	protein_coding	41
ENSMUSG00000040724	Kcna2	protein_coding	41
ENSMUSG00000005534	Insr	protein_coding	41
ENSMUSG00000034329	Brip1	protein_coding	41
ENSMUSG00000055737	Ghr	protein_coding	41
ENSMUSG00000042712	Tceal9	protein_coding	41
ENSMUSG00000061186	Sfmbt2	protein_coding	41
ENSMUSG00000032333	Stoml1	protein_coding	41
ENSMUSG00000057193	Slc44a2	protein_coding	41
ENSMUSG00000007603	Dus3l	protein_coding	41
ENSMUSG00000026303	Mlph	protein_coding	41
ENSMUSG00000029338	Antxr2	protein_coding	41
ENSMUSG00000026694	Mettl13	protein_coding	41
ENSMUSG00000023032	Slc4a8	protein_coding	41
ENSMUSG00000003271	Sult2b1	protein_coding	41
ENSMUSG00000047880	Cxcr5	protein_coding	41
ENSMUSG00000063531	Sema3e	protein_coding	41
ENSMUSG00000052512	Nav2	protein_coding	41
ENSMUSG00000036526	Card11	protein_coding	41
ENSMUSG00000017453	Pipox	protein_coding	41
ENSMUSG00000034858	Atosa	protein_coding	41
ENSMUSG00000032666	1700025G04Rik	protein_coding	41
ENSMUSG00000025364	Pa2g4	protein_coding	41
ENSMUSG00000098022	Zfp82	protein_coding	41
ENSMUSG00000005873	Reep5	protein_coding	41
ENSMUSG00000005824	Tnfsf14	protein_coding	41
ENSMUSG00000028093	Acp6	protein_coding	41
ENSMUSG00000025737	Wdr24	protein_coding	41
ENSMUSG00000033389	Arhgap44	protein_coding	41
ENSMUSG00000057440	Mpp7	protein_coding	41
ENSMUSG00000083282	Ctsf	protein_coding	41
ENSMUSG00000029536	Gatc	protein_coding	41
ENSMUSG00000041889	Shisa4	protein_coding	41
ENSMUSG00000028048	Gba1	protein_coding	41
ENSMUSG00000028015	Ctso	protein_coding	41
ENSMUSG00000025927	Tfap2b	protein_coding	41
ENSMUSG00000032186	Tmod2	protein_coding	41
ENSMUSG00000027583	Zbtb46	protein_coding	41
ENSMUSG00000036206	Sh3bp4	protein_coding	41
ENSMUSG00000024076	Vit	protein_coding	41
ENSMUSG00000064037	Gpn1	protein_coding	41
ENSMUSG00000066800	Rnasel	protein_coding	41
ENSMUSG00000028496	Mllt3	protein_coding	41
ENSMUSG00000032812	Arap1	protein_coding	41
ENSMUSG00000058571	Gpc6	protein_coding	41
ENSMUSG00000018983	E2f2	protein_coding	41
ENSMUSG00000055421	Pcdh9	protein_coding	41
ENSMUSG00000026357	Rgs18	protein_coding	41
ENSMUSG00000031402	Mpp1	protein_coding	41
ENSMUSG00000037418	Best1	protein_coding	41
ENSMUSG00000044629	Cnrip1	protein_coding	41
ENSMUSG00000063455	D630045J12Rik	protein_coding	41
ENSMUSG00000020184	Mdm2	protein_coding	41
ENSMUSG00000021565	Slc6a19	protein_coding	41
ENSMUSG00000024781	Lipa	protein_coding	41
ENSMUSG00000029563	Foxp2	protein_coding	41
ENSMUSG00000047976	Kcna1	protein_coding	41
ENSMUSG00000027513	Pck1	protein_coding	41
ENSMUSG00000036061	Smug1	protein_coding	41
ENSMUSG00000036053	Fmnl2	protein_coding	41
ENSMUSG00000042590	Ipo11	protein_coding	41
ENSMUSG00000042570	Mier2	protein_coding	41
ENSMUSG00000000693	Loxl3	protein_coding	41
ENSMUSG00000030768	Disp1	protein_coding	41
ENSMUSG00000022106	Rcbtb2	protein_coding	41
ENSMUSG00000031659	Adcy7	protein_coding	41
ENSMUSG00000015889	Lta4h	protein_coding	41
ENSMUSG00000031700	Gpt2	protein_coding	41
ENSMUSG00000030041	M1ap	protein_coding	41
ENSMUSG00000034930	Rtkn	protein_coding	41
ENSMUSG00000005505	Kbtbd4	protein_coding	41
ENSMUSG00000040213	Kyat3	protein_coding	41
ENSMUSG00000017491	Rarb	protein_coding	41
ENSMUSG00000053128	Rnf26	protein_coding	41
ENSMUSG00000021504	B4galt7	protein_coding	41
ENSMUSG00000055368	Slc6a2	protein_coding	41
ENSMUSG00000023883	Phf10	protein_coding	41
ENSMUSG00000059182	Skap2	protein_coding	41
ENSMUSG00000026988	Wdsub1	protein_coding	41
ENSMUSG00000041362	Shtn1	protein_coding	41
ENSMUSG00000000093	Tbx2	protein_coding	41
ENSMUSG00000015776	Med22	protein_coding	41
ENSMUSG00000026942	Traf2	protein_coding	41
ENSMUSG00000038534	Osbpl7	protein_coding	41
ENSMUSG00000020646	Mboat2	protein_coding	41
ENSMUSG00000079144	A130010J15Rik	protein_coding	41
ENSMUSG00000027931	Npr1	protein_coding	41
ENSMUSG00000060512	Pgcka1	protein_coding	41
ENSMUSG00000064057	Scgb3a1	protein_coding	41
ENSMUSG00000017707	Serinc3	protein_coding	41
ENSMUSG00000067279	Ppp1r3c	protein_coding	41
ENSMUSG00000026853	Crat	protein_coding	41
ENSMUSG00000041119	Pde9a	protein_coding	41
ENSMUSG00000041168	Lonp1	protein_coding	41
ENSMUSG00000041153	Osgin2	protein_coding	41
ENSMUSG00000021699	Pde4d	protein_coding	41
ENSMUSG00000059173	Pde1a	protein_coding	40
ENSMUSG00000030125	Lrrc23	protein_coding	40
ENSMUSG00000024479	Mal2	protein_coding	40
ENSMUSG00000010067	Rassf1	protein_coding	40
ENSMUSG00000037190	Cyb561d2	protein_coding	40
ENSMUSG00000021062	Rab15	protein_coding	40
ENSMUSG00000021065	Fut8	protein_coding	40
ENSMUSG00000037999	Arap2	protein_coding	40
ENSMUSG00000028278	Rragd	protein_coding	40
ENSMUSG00000067370	B3galt4	protein_coding	40
ENSMUSG00000041313	Slc7a1	protein_coding	40
ENSMUSG00000031791	Tmem38a	protein_coding	40
ENSMUSG00000031816	Mthfsd	protein_coding	40
ENSMUSG00000022911	Arl13b	protein_coding	40
ENSMUSG00000029863	Casp2	protein_coding	40
ENSMUSG00000034957	Cebpa	protein_coding	40
ENSMUSG00000026765	Lypd6b	protein_coding	40
ENSMUSG00000041688	Amot	protein_coding	40
ENSMUSG00000031901	Dus2	protein_coding	40
ENSMUSG00000034467	Dynlrb2	protein_coding	40
ENSMUSG00000034473	Sec22a	protein_coding	40
ENSMUSG00000034403	Pja1	protein_coding	40
ENSMUSG00000040220	Gas8	protein_coding	40
ENSMUSG00000059395	Nkapl	protein_coding	40
ENSMUSG00000025377	Tepsin	protein_coding	40
ENSMUSG00000020917	Acly	protein_coding	40
ENSMUSG00000050965	Prkca	protein_coding	40
ENSMUSG00000008305	Tle1	protein_coding	40
ENSMUSG00000057766	Ankrd29	protein_coding	40
ENSMUSG00000024029	Tff3	protein_coding	40
ENSMUSG00000020522	Mfap3	protein_coding	40
ENSMUSG00000051048	P4ha3	protein_coding	40
ENSMUSG00000042515	Pwwp3b	protein_coding	40
ENSMUSG00000037606	Osbpl5	protein_coding	40
ENSMUSG00000029598	Plbd2	protein_coding	40
ENSMUSG00000063450	Syne2	protein_coding	40
ENSMUSG00000034175	Rhbdd3	protein_coding	40
ENSMUSG00000034116	Vav1	protein_coding	40
ENSMUSG00000033323	Ctdp1	protein_coding	40
ENSMUSG00000025867	Cplx2	protein_coding	40
ENSMUSG00000030029	Lrig1	protein_coding	40
ENSMUSG00000020297	Nsg2	protein_coding	40
ENSMUSG00000001524	Gtf2h4	protein_coding	40
ENSMUSG00000023972	Ptk7	protein_coding	40
ENSMUSG00000031925	Maml2	protein_coding	40
ENSMUSG00000062309	Rpp25	protein_coding	40
ENSMUSG00000027224	Duoxa1	protein_coding	40
ENSMUSG00000031016	Wee1	protein_coding	40
ENSMUSG00000025139	Tollip	protein_coding	40
ENSMUSG00000028476	Reck	protein_coding	40
ENSMUSG00000022614	Lmf2	protein_coding	40
ENSMUSG00000054612	Mgmt	protein_coding	40
ENSMUSG00000022391	Rangap1	protein_coding	40
ENSMUSG00000032178	Ilf3	protein_coding	40
ENSMUSG00000028909	Ptpru	protein_coding	40
ENSMUSG00000028914	Casp9	protein_coding	40
ENSMUSG00000028948	Nol9	protein_coding	40
ENSMUSG00000031562	Dctd	protein_coding	40
ENSMUSG00000021222	Dcaf4	protein_coding	40
ENSMUSG00000023995	Tspo2	protein_coding	40
ENSMUSG00000024824	Rad9a	protein_coding	40
ENSMUSG00000040274	Cdk6	protein_coding	40
ENSMUSG00000046876	Atxn1	protein_coding	40
ENSMUSG00000032596	Uba7	protein_coding	40
ENSMUSG00000002103	Acp2	protein_coding	40
ENSMUSG00000040997	Abhd4	protein_coding	40
ENSMUSG00000029994	Anxa4	protein_coding	40
ENSMUSG00000029370	Rassf6	protein_coding	40
ENSMUSG00000036599	Chst12	protein_coding	40
ENSMUSG00000035754	Wdr18	protein_coding	40
ENSMUSG00000020547	Bzw2	protein_coding	40
ENSMUSG00000003970	Rpl8	protein_coding	40
ENSMUSG00000022462	Slc38a2	protein_coding	40
ENSMUSG00000026450	Chit1	protein_coding	40
ENSMUSG00000037712	Fermt2	protein_coding	40
ENSMUSG00000028107	Tars2	protein_coding	40
ENSMUSG00000042354	Gnl3	protein_coding	40
ENSMUSG00000020700	Map3k3	protein_coding	40
ENSMUSG00000027670	Ocstamp	protein_coding	40
ENSMUSG00000026200	Glb1l	protein_coding	40
ENSMUSG00000057182	Scn3a	protein_coding	40
ENSMUSG00000057234	Mettl15	protein_coding	40
ENSMUSG00000032298	Neil1	protein_coding	40
ENSMUSG00000028047	Thbs3	protein_coding	40
ENSMUSG00000021271	Zfp839	protein_coding	40
ENSMUSG00000030357	Fkbp4	protein_coding	40
ENSMUSG00000020635	Fkbp1b	protein_coding	40
ENSMUSG00000027219	Slc28a2	protein_coding	40
ENSMUSG00000027487	Cdk5rap1	protein_coding	40
ENSMUSG00000039001	Rps21	protein_coding	40
ENSMUSG00000047787	Flrt1	protein_coding	40
ENSMUSG00000019820	Utrn	protein_coding	40
ENSMUSG00000034573	Ptpn13	protein_coding	40
ENSMUSG00000013275	Slc41a1	protein_coding	40
ENSMUSG00000054555	Adam12	protein_coding	40
ENSMUSG00000041057	Wdr43	protein_coding	40
ENSMUSG00000041079	Rwdd2b	protein_coding	40
ENSMUSG00000027171	Prrg4	protein_coding	40
ENSMUSG00000039304	Tnfsf10	protein_coding	40
ENSMUSG00000024137	E4f1	protein_coding	40
ENSMUSG00000025137	Pcyt2	protein_coding	40
ENSMUSG00000038112	AW551984	protein_coding	40
ENSMUSG00000022550	Adck5	protein_coding	40
ENSMUSG00000022558	Mroh1	protein_coding	40
ENSMUSG00000027454	Gins1	protein_coding	40
ENSMUSG00000057967	Fgf18	protein_coding	40
ENSMUSG00000022504	Ciita	protein_coding	40
ENSMUSG00000040033	Stat2	protein_coding	40
ENSMUSG00000019734	Tmc4	protein_coding	40
ENSMUSG00000004393	Ddx56	protein_coding	40
ENSMUSG00000010663	Fads1	protein_coding	40
ENSMUSG00000039783	Kmo	protein_coding	40
ENSMUSG00000004508	Gab2	protein_coding	40
ENSMUSG00000021361	Tmem14c	protein_coding	40
ENSMUSG00000010136	Cimap3	protein_coding	40
ENSMUSG00000026600	Soat1	protein_coding	40
ENSMUSG00000030313	Dennd5b	protein_coding	40
ENSMUSG00000019989	Enpp3	protein_coding	40
ENSMUSG00000026657	Frmd4a	protein_coding	40
ENSMUSG00000029811	Aoc1	protein_coding	40
ENSMUSG00000029821	Gsdme	protein_coding	40
ENSMUSG00000032089	Il10ra	protein_coding	40
ENSMUSG00000028367	Txn1	protein_coding	40
ENSMUSG00000012889	Podnl1	protein_coding	40
ENSMUSG00000000792	Slc5a5	protein_coding	40
ENSMUSG00000030111	A2m	protein_coding	40
ENSMUSG00000028952	Zbtb48	protein_coding	40
ENSMUSG00000024225	Clps	protein_coding	40
ENSMUSG00000050107	Haspin	protein_coding	40
ENSMUSG00000023330	Dtwd1	protein_coding	40
ENSMUSG00000045538	Ddx28	protein_coding	40
ENSMUSG00000019810	Fuca2	protein_coding	40
ENSMUSG00000033170	Card10	protein_coding	40
ENSMUSG00000025730	Rab40c	protein_coding	40
ENSMUSG00000059810	Rgs3	protein_coding	40
ENSMUSG00000021670	Hmgcr	protein_coding	40
ENSMUSG00000104445	Rhbg	protein_coding	40
ENSMUSG00000051950	B3glct	protein_coding	40
ENSMUSG00000051557	Pusl1	protein_coding	40
ENSMUSG00000023341	Mx2	protein_coding	40
ENSMUSG00000027765	P2ry1	protein_coding	40
ENSMUSG00000005986	Ankrd13d	protein_coding	40
ENSMUSG00000004637	Wwox	protein_coding	40
ENSMUSG00000029029	Wrap73	protein_coding	40
ENSMUSG00000001995	Sipa1l2	protein_coding	40
ENSMUSG00000038375	Trp53inp2	protein_coding	40
ENSMUSG00000032845	Alpk2	protein_coding	40
ENSMUSG00000042179	Pnliprp1	protein_coding	40
ENSMUSG00000021234	Fam161b	protein_coding	40
ENSMUSG00000029687	Ezh2	protein_coding	40
ENSMUSG00000070645	Ren1	protein_coding	40
ENSMUSG00000028175	Depdc1a	protein_coding	40
ENSMUSG00000038481	Cdk19	protein_coding	40
ENSMUSG00000020284	Cfap410	protein_coding	40
ENSMUSG00000054446	Cpa1	protein_coding	40
ENSMUSG00000056598	Drc3	protein_coding	40
ENSMUSG00000029171	Pgm2	protein_coding	40
ENSMUSG00000036986	Pml	protein_coding	40
ENSMUSG00000036820	Amdhd2	protein_coding	40
ENSMUSG00000043822	Adamtsl5	protein_coding	40
ENSMUSG00000049872	Calhm5	protein_coding	40
ENSMUSG00000019558	Slc6a8	protein_coding	40
ENSMUSG00000027775	Mfsd1	protein_coding	40
ENSMUSG00000074491	Clec4g	protein_coding	40
ENSMUSG00000002897	Il17ra	protein_coding	40
ENSMUSG00000056938	Acbd4	protein_coding	40
ENSMUSG00000020732	Rab37	protein_coding	40
ENSMUSG00000060376	Bckdha	protein_coding	40
ENSMUSG00000032294	Pkm	protein_coding	40
ENSMUSG00000019853	Hebp2	protein_coding	40
ENSMUSG00000040653	Ppp1r14c	protein_coding	40
ENSMUSG00000023150	Ivns1abp	protein_coding	40
ENSMUSG00000029735	Tpk1	protein_coding	40
ENSMUSG00000038068	Rnf144b	protein_coding	40
ENSMUSG00000021904	Sema3g	protein_coding	40
ENSMUSG00000052435	Cebpe	protein_coding	40
ENSMUSG00000052270	Fpr2	protein_coding	40
ENSMUSG00000052102	Gnpda1	protein_coding	40
ENSMUSG00000027332	Ivd	protein_coding	40
ENSMUSG00000004707	Ly9	protein_coding	40
ENSMUSG00000020321	Mdh1	protein_coding	40
ENSMUSG00000021647	Cartpt	protein_coding	40
ENSMUSG00000003948	Mmd	protein_coding	40
ENSMUSG00000025558	Dock9	protein_coding	40
ENSMUSG00000003382	Etv3	protein_coding	40
ENSMUSG00000041479	Syt15	protein_coding	40
ENSMUSG00000001416	Cct3	protein_coding	40
ENSMUSG00000039476	Prrx2	protein_coding	40
ENSMUSG00000039501	Znfx1	protein_coding	40
ENSMUSG00000030652	Coq7	protein_coding	40
ENSMUSG00000039533	Mmd2	protein_coding	40
ENSMUSG00000027889	Ampd2	protein_coding	40
ENSMUSG00000053797	Krt16	protein_coding	40
ENSMUSG00000031756	Cenpn	protein_coding	40
ENSMUSG00000027007	Itprid2	protein_coding	39
ENSMUSG00000020937	Plcd3	protein_coding	39
ENSMUSG00000073968	Trim68	protein_coding	39
ENSMUSG00000026970	Rbms1	protein_coding	39
ENSMUSG00000067567	Hdac8	protein_coding	39
ENSMUSG00000030102	Itpr1	protein_coding	39
ENSMUSG00000064105	Cnnm2	protein_coding	39
ENSMUSG00000032702	Kank1	protein_coding	39
ENSMUSG00000031833	Mast3	protein_coding	39
ENSMUSG00000062760	Shisal1	protein_coding	39
ENSMUSG00000030720	Cln3	protein_coding	39
ENSMUSG00000075704	Txnrd2	protein_coding	39
ENSMUSG00000029060	Mib2	protein_coding	39
ENSMUSG00000034796	Cpne7	protein_coding	39
ENSMUSG00000041064	Pif1	protein_coding	39
ENSMUSG00000040938	Slc16a11	protein_coding	39
ENSMUSG00000032834	Pwp2	protein_coding	39
ENSMUSG00000032849	Abcc4	protein_coding	39
ENSMUSG00000002769	Gnmt	protein_coding	39
ENSMUSG00000046275	Trarg1	protein_coding	39
ENSMUSG00000046404	Yod1	protein_coding	39
ENSMUSG00000063177	Klk1b27	protein_coding	39
ENSMUSG00000003657	Calb2	protein_coding	39
ENSMUSG00000030051	Aplf	protein_coding	39
ENSMUSG00000025959	Klf7	protein_coding	39
ENSMUSG00000027827	Kcnab1	protein_coding	39
ENSMUSG00000027878	Notch2	protein_coding	39
ENSMUSG00000033554	Dph5	protein_coding	39
ENSMUSG00000002489	Tiam1	protein_coding	39
ENSMUSG00000021418	Rpp40	protein_coding	39
ENSMUSG00000020876	Snx11	protein_coding	39
ENSMUSG00000021177	Tdp1	protein_coding	39
ENSMUSG00000021102	Glrx5	protein_coding	39
ENSMUSG00000025402	Nab2	protein_coding	39
ENSMUSG00000032590	Apeh	protein_coding	39
ENSMUSG00000040883	Tmem205	protein_coding	39
ENSMUSG00000034850	Tmem127	protein_coding	39
ENSMUSG00000053580	Tanc2	protein_coding	39
ENSMUSG00000022853	Ehhadh	protein_coding	39
ENSMUSG00000031903	Pla2g15	protein_coding	39
ENSMUSG00000034993	Vat1	protein_coding	39
ENSMUSG00000022658	Tagln3	protein_coding	39
ENSMUSG00000032308	Ulk3	protein_coding	39
ENSMUSG00000032279	Idh3a	protein_coding	39
ENSMUSG00000015363	Trabd	protein_coding	39
ENSMUSG00000060961	Slc4a4	protein_coding	39
ENSMUSG00000049744	Arhgap15	protein_coding	39
ENSMUSG00000027947	Il6ra	protein_coding	39
ENSMUSG00000043629	1700019D03Rik	protein_coding	39
ENSMUSG00000003559	As3mt	protein_coding	39
ENSMUSG00000001542	Ell2	protein_coding	39
ENSMUSG00000038267	Slc22a23	protein_coding	39
ENSMUSG00000045822	Zswim3	protein_coding	39
ENSMUSG00000003623	Crot	protein_coding	39
ENSMUSG00000027273	Snap25	protein_coding	39
ENSMUSG00000024268	Celf4	protein_coding	39
ENSMUSG00000016239	Lonrf3	protein_coding	39
ENSMUSG00000015337	Endog	protein_coding	39
ENSMUSG00000029001	Fbxo44	protein_coding	39
ENSMUSG00000030725	Lipt2	protein_coding	39
ENSMUSG00000001588	Acap1	protein_coding	39
ENSMUSG00000010057	Nprl2	protein_coding	39
ENSMUSG00000063694	Cycs	protein_coding	39
ENSMUSG00000045817	Zfp36l2	protein_coding	39
ENSMUSG00000025474	Tubgcp2	protein_coding	39
ENSMUSG00000028289	Epha7	protein_coding	39
ENSMUSG00000028300	C9orf72	protein_coding	39
ENSMUSG00000032869	Psmf1	protein_coding	39
ENSMUSG00000037275	Gemin5	protein_coding	39
ENSMUSG00000037295	Ldlrap1	protein_coding	39
ENSMUSG00000036587	Fut7	protein_coding	39
ENSMUSG00000036768	Kif15	protein_coding	39
ENSMUSG00000039660	Spout1	protein_coding	39
ENSMUSG00000031478	Nek3	protein_coding	39
ENSMUSG00000010358	Ifi35	protein_coding	39
ENSMUSG00000036832	Lpar3	protein_coding	39
ENSMUSG00000032553	Srprb	protein_coding	39
ENSMUSG00000031310	Zmym3	protein_coding	39
ENSMUSG00000028601	Echdc2	protein_coding	39
ENSMUSG00000074796	Slc4a11	protein_coding	39
ENSMUSG00000074064	Mlycd	protein_coding	39
ENSMUSG00000023008	Fmnl3	protein_coding	39
ENSMUSG00000027220	Syt13	protein_coding	39
ENSMUSG00000039908	Slc26a11	protein_coding	39
ENSMUSG00000039831	Arhgap29	protein_coding	39
ENSMUSG00000027709	Mccc1	protein_coding	39
ENSMUSG00000022353	Mtss1	protein_coding	39
ENSMUSG00000029314	Gpat3	protein_coding	39
ENSMUSG00000039738	Slx4	protein_coding	39
ENSMUSG00000048826	Dact2	protein_coding	39
ENSMUSG00000057101	Zfp180	protein_coding	39
ENSMUSG00000050395	Tnfsf15	protein_coding	39
ENSMUSG00000048796	Cyb561d1	protein_coding	39
ENSMUSG00000004846	Plod3	protein_coding	39
ENSMUSG00000024654	Asrgl1	protein_coding	39
ENSMUSG00000015027	Galns	protein_coding	39
ENSMUSG00000032316	Clk3	protein_coding	39
ENSMUSG00000028040	Efna4	protein_coding	39
ENSMUSG00000030493	Faap24	protein_coding	39
ENSMUSG00000030498	Gas2	protein_coding	39
ENSMUSG00000050473	Slc35d3	protein_coding	39
ENSMUSG00000035235	Trim13	protein_coding	39
ENSMUSG00000005150	Wdr83	protein_coding	39
ENSMUSG00000046997	Spsb4	protein_coding	39
ENSMUSG00000025134	Alyref	protein_coding	39
ENSMUSG00000031207	Msn	protein_coding	39
ENSMUSG00000023030	Slc11a2	protein_coding	39
ENSMUSG00000022596	Slurp1	protein_coding	39
ENSMUSG00000025413	Ttc4	protein_coding	39
ENSMUSG00000075419	Dolk	protein_coding	39
ENSMUSG00000044367	Slc16a13	protein_coding	39
ENSMUSG00000022394	L3mbtl2	protein_coding	39
ENSMUSG00000034161	Scx	protein_coding	39
ENSMUSG00000034118	Tpst1	protein_coding	39
ENSMUSG00000042810	Krba1	protein_coding	39
ENSMUSG00000038132	Rbm24	protein_coding	39
ENSMUSG00000022559	Fbxl6	protein_coding	39
ENSMUSG00000030316	Tamm41	protein_coding	39
ENSMUSG00000027254	Map1a	protein_coding	39
ENSMUSG00000025010	Ccnj	protein_coding	39
ENSMUSG00000040690	Col16a1	protein_coding	39
ENSMUSG00000040658	Dnph1	protein_coding	39
ENSMUSG00000052316	Lrrc15	protein_coding	39
ENSMUSG00000089872	Rps6kc1	protein_coding	39
ENSMUSG00000020604	Arsg	protein_coding	39
ENSMUSG00000054967	Zfp647	protein_coding	39
ENSMUSG00000044551	9930012K11Rik	protein_coding	39
ENSMUSG00000033319	Fem1c	protein_coding	39
ENSMUSG00000008398	Elk3	protein_coding	39
ENSMUSG00000026347	Tmem163	protein_coding	39
ENSMUSG00000004347	Pde1c	protein_coding	39
ENSMUSG00000031508	Ankrd10	protein_coding	39
ENSMUSG00000021694	Ercc8	protein_coding	39
ENSMUSG00000001891	Ugp2	protein_coding	39
ENSMUSG00000020932	Gfap	protein_coding	39
ENSMUSG00000031647	Mfap3l	protein_coding	39
ENSMUSG00000045404	Kcnk13	protein_coding	39
ENSMUSG00000019809	Pex3	protein_coding	39
ENSMUSG00000035726	Supt16	protein_coding	39
ENSMUSG00000059842	Zfp341	protein_coding	39
ENSMUSG00000027524	Edn3	protein_coding	39
ENSMUSG00000030409	Dmpk	protein_coding	39
ENSMUSG00000001768	Rin2	protein_coding	39
ENSMUSG00000037979	Ccdc92	protein_coding	39
ENSMUSG00000029708	Gcc1	protein_coding	39
ENSMUSG00000052062	Pard3b	protein_coding	39
ENSMUSG00000030319	Cand2	protein_coding	39
ENSMUSG00000032018	Sc5d	protein_coding	39
ENSMUSG00000033222	Ttf2	protein_coding	39
ENSMUSG00000070643	Sox13	protein_coding	39
ENSMUSG00000000278	Scpep1	protein_coding	39
ENSMUSG00000007029	Vars1	protein_coding	39
ENSMUSG00000030278	Cidec	protein_coding	39
ENSMUSG00000074269	Rec114	protein_coding	39
ENSMUSG00000040345	Arhgap9	protein_coding	39
ENSMUSG00000026456	Cyb5r1	protein_coding	39
ENSMUSG00000060036	Rpl3	protein_coding	39
ENSMUSG00000060131	Atp8b4	protein_coding	39
ENSMUSG00000037661	Gpr160	protein_coding	39
ENSMUSG00000028850	Gpatch3	protein_coding	39
ENSMUSG00000048216	Gpr85	protein_coding	39
ENSMUSG00000039130	Zc3hc1	protein_coding	39
ENSMUSG00000057897	Camk2b	protein_coding	39
ENSMUSG00000021638	Ocln	protein_coding	39
ENSMUSG00000016498	Pdcd1lg2	protein_coding	39
ENSMUSG00000025764	Jade1	protein_coding	39
ENSMUSG00000025648	Pfkfb4	protein_coding	39
ENSMUSG00000030872	Gga2	protein_coding	39
ENSMUSG00000026558	Uck2	protein_coding	39
ENSMUSG00000035711	Dok3	protein_coding	39
ENSMUSG00000021242	Npc2	protein_coding	39
ENSMUSG00000032078	Zpr1	protein_coding	39
ENSMUSG00000020086	Macroh2a2	protein_coding	39
ENSMUSG00000029547	Ints1	protein_coding	39
ENSMUSG00000029557	Mrm2	protein_coding	39
ENSMUSG00000057454	Lypd3	protein_coding	39
ENSMUSG00000000394	Gcg	protein_coding	39
ENSMUSG00000005716	Pvalb	protein_coding	39
ENSMUSG00000040272	Accs	protein_coding	39
ENSMUSG00000051232	Tmem199	protein_coding	39
ENSMUSG00000026380	Tfcp2l1	protein_coding	39
ENSMUSG00000024855	Pacs1	protein_coding	39
ENSMUSG00000028786	Tmem54	protein_coding	39
ENSMUSG00000009654	Oit3	protein_coding	39
ENSMUSG00000025722	Wdr73	protein_coding	39
ENSMUSG00000045064	Zc2hc1c	protein_coding	39
ENSMUSG00000000673	Haao	protein_coding	39
ENSMUSG00000022385	Gtse1	protein_coding	39
ENSMUSG00000015966	Il17rb	protein_coding	39
ENSMUSG00000038967	Pdk2	protein_coding	39
ENSMUSG00000024866	Acy3	protein_coding	39
ENSMUSG00000002803	Btbd6	protein_coding	39
ENSMUSG00000020806	Rhbdf2	protein_coding	39
ENSMUSG00000040412	Elapor1	protein_coding	39
ENSMUSG00000029627	Zkscan14	protein_coding	39
ENSMUSG00000023908	Pkmyt1	protein_coding	39
ENSMUSG00000024790	Sac3d1	protein_coding	39
ENSMUSG00000043557	Mdga1	protein_coding	39
ENSMUSG00000006019	Dhx34	protein_coding	39
ENSMUSG00000043668	Tox3	protein_coding	39
ENSMUSG00000020739	Nup85	protein_coding	39
ENSMUSG00000024420	Zfp521	protein_coding	39
ENSMUSG00000041219	Arhgap11a	protein_coding	39
ENSMUSG00000028454	Pigo	protein_coding	39
ENSMUSG00000028337	Coro2a	protein_coding	39
ENSMUSG00000046324	Ermp1	protein_coding	39
ENSMUSG00000005465	Il27ra	protein_coding	39
ENSMUSG00000025226	Fbxl15	protein_coding	39
ENSMUSG00000041608	Entpd3	protein_coding	39
ENSMUSG00000031728	Zfp821	protein_coding	39
ENSMUSG00000003410	Elavl3	protein_coding	39
ENSMUSG00000067713	Prkag1	protein_coding	39
ENSMUSG00000041556	Fbxo2	protein_coding	38
ENSMUSG00000026854	Usp20	protein_coding	38
ENSMUSG00000030084	Plxna1	protein_coding	38
ENSMUSG00000020264	Slc36a2	protein_coding	38
ENSMUSG00000025225	Nfkb2	protein_coding	38
ENSMUSG00000028385	Snx30	protein_coding	38
ENSMUSG00000038503	Mesd	protein_coding	38
ENSMUSG00000041189	Chrnb1	protein_coding	38
ENSMUSG00000002280	Ciao3	protein_coding	38
ENSMUSG00000039529	Atp8b1	protein_coding	38
ENSMUSG00000039382	Wdr45	protein_coding	38
ENSMUSG00000001380	Hars1	protein_coding	38
ENSMUSG00000043415	Otud1	protein_coding	38
ENSMUSG00000049555	Tmie	protein_coding	38
ENSMUSG00000037005	Xpnpep2	protein_coding	38
ENSMUSG00000031875	Cmtm3	protein_coding	38
ENSMUSG00000024797	Vps51	protein_coding	38
ENSMUSG00000026433	Rab29	protein_coding	38
ENSMUSG00000055116	Bmal1	protein_coding	38
ENSMUSG00000029632	Ndufa4	protein_coding	38
ENSMUSG00000037824	Tspan14	protein_coding	38
ENSMUSG00000045005	Fzd5	protein_coding	38
ENSMUSG00000031543	Ank1	protein_coding	38
ENSMUSG00000022454	Nell2	protein_coding	38
ENSMUSG00000030399	Ckm	protein_coding	38
ENSMUSG00000006273	Atp6v1b2	protein_coding	38
ENSMUSG00000042389	Tsen2	protein_coding	38
ENSMUSG00000044952	Kctd21	protein_coding	38
ENSMUSG00000045071	E130308A19Rik	protein_coding	38
ENSMUSG00000026411	Tmem9	protein_coding	38
ENSMUSG00000050973	Gdpgp1	protein_coding	38
ENSMUSG00000044847	Lsm11	protein_coding	38
ENSMUSG00000030854	Ptpn5	protein_coding	38
ENSMUSG00000023994	Nfya	protein_coding	38
ENSMUSG00000061477	Rps7	protein_coding	38
ENSMUSG00000030306	Tmtc1	protein_coding	38
ENSMUSG00000025572	Tmc6	protein_coding	38
ENSMUSG00000025647	Shisa5	protein_coding	38
ENSMUSG00000059714	Flot1	protein_coding	38
ENSMUSG00000057948	Unc13d	protein_coding	38
ENSMUSG00000020770	Unk	protein_coding	38
ENSMUSG00000032119	Hinfp	protein_coding	38
ENSMUSG00000068762	Gstm6	protein_coding	38
ENSMUSG00000036006	Ripor2	protein_coding	38
ENSMUSG00000036002	Atosb	protein_coding	38
ENSMUSG00000029504	Ddx51	protein_coding	38
ENSMUSG00000037536	Fbxo34	protein_coding	38
ENSMUSG00000048175	Asb8	protein_coding	38
ENSMUSG00000037679	Inf2	protein_coding	38
ENSMUSG00000025875	Tspan17	protein_coding	38
ENSMUSG00000034379	Wdr5b	protein_coding	38
ENSMUSG00000007021	Syngr3	protein_coding	38
ENSMUSG00000051735	Rinl	protein_coding	38
ENSMUSG00000051705	Senp8	protein_coding	38
ENSMUSG00000068335	Dok1	protein_coding	38
ENSMUSG00000021573	Tppp	protein_coding	38
ENSMUSG00000032478	Nme6	protein_coding	38
ENSMUSG00000002031	Ift46	protein_coding	38
ENSMUSG00000028743	Akr7a5	protein_coding	38
ENSMUSG00000047719	Ubiad1	protein_coding	38
ENSMUSG00000042148	Cox10	protein_coding	38
ENSMUSG00000021895	Arhgef3	protein_coding	38
ENSMUSG00000033102	Cdc14b	protein_coding	38
ENSMUSG00000045201	Lrrc3b	protein_coding	38
ENSMUSG00000028179	Cth	protein_coding	38
ENSMUSG00000038903	Ccdc68	protein_coding	38
ENSMUSG00000024922	Ovol1	protein_coding	38
ENSMUSG00000028700	Pomgnt1	protein_coding	38
ENSMUSG00000050721	Plekho2	protein_coding	38
ENSMUSG00000050761	Gp1bb	protein_coding	38
ENSMUSG00000029513	Prkab1	protein_coding	38
ENSMUSG00000036030	Prtg	protein_coding	38
ENSMUSG00000027472	Pdrg1	protein_coding	38
ENSMUSG00000022386	Trmu	protein_coding	38
ENSMUSG00000055723	Rras2	protein_coding	38
ENSMUSG00000055707	Klhl26	protein_coding	38
ENSMUSG00000025809	Itgb1	protein_coding	38
ENSMUSG00000030796	Tead2	protein_coding	38
ENSMUSG00000062006	Rpl34	protein_coding	38
ENSMUSG00000062075	Lmnb2	protein_coding	38
ENSMUSG00000055053	Nfic	protein_coding	38
ENSMUSG00000031298	Adgrg2	protein_coding	38
ENSMUSG00000032527	Pccb	protein_coding	38
ENSMUSG00000032519	Slc25a38	protein_coding	38
ENSMUSG00000021684	Pde8b	protein_coding	38
ENSMUSG00000059602	Syn3	protein_coding	38
ENSMUSG00000026313	Hdac4	protein_coding	38
ENSMUSG00000042734	Ttc9	protein_coding	38
ENSMUSG00000024160	Spsb3	protein_coding	38
ENSMUSG00000042616	Oscp1	protein_coding	38
ENSMUSG00000027555	Car13	protein_coding	38
ENSMUSG00000040183	Ankrd6	protein_coding	38
ENSMUSG00000015133	Lrrk1	protein_coding	38
ENSMUSG00000004929	Thop1	protein_coding	38
ENSMUSG00000048371	Pdp2	protein_coding	38
ENSMUSG00000036352	Ubac1	protein_coding	38
ENSMUSG00000020315	Sptbn1	protein_coding	38
ENSMUSG00000052485	Tmem171	protein_coding	38
ENSMUSG00000020605	Hs1bp3	protein_coding	38
ENSMUSG00000029772	Ahcyl2	protein_coding	38
ENSMUSG00000006920	Ezh1	protein_coding	38
ENSMUSG00000008658	Rbfox1	protein_coding	38
ENSMUSG00000028641	P3h1	protein_coding	38
ENSMUSG00000070699	Sars2	protein_coding	38
ENSMUSG00000045410	Akr1e1	protein_coding	38
ENSMUSG00000027309	Dnaaf9	protein_coding	38
ENSMUSG00000019838	Slc16a10	protein_coding	38
ENSMUSG00000026668	Ucma	protein_coding	38
ENSMUSG00000005107	Slc2a9	protein_coding	38
ENSMUSG00000020832	Eral1	protein_coding	38
ENSMUSG00000030979	Uros	protein_coding	38
ENSMUSG00000033031	Cip2a	protein_coding	38
ENSMUSG00000042873	Lhfpl4	protein_coding	38
ENSMUSG00000026281	Dtymk	protein_coding	38
ENSMUSG00000034220	Gpc1	protein_coding	38
ENSMUSG00000032175	Tyk2	protein_coding	38
ENSMUSG00000027999	Pla2g12a	protein_coding	38
ENSMUSG00000070304	Scn2b	protein_coding	38
ENSMUSG00000025885	Myo5b	protein_coding	38
ENSMUSG00000006127	Inpp5k	protein_coding	38
ENSMUSG00000018841	Rad51d	protein_coding	38
ENSMUSG00000034442	Trmt5	protein_coding	38
ENSMUSG00000026726	Cubn	protein_coding	38
ENSMUSG00000002083	Bbc3	protein_coding	38
ENSMUSG00000005474	Myl10	protein_coding	38
ENSMUSG00000001517	Foxm1	protein_coding	38
ENSMUSG00000038145	Snrk	protein_coding	38
ENSMUSG00000036634	Mag	protein_coding	38
ENSMUSG00000029283	Cdc7	protein_coding	38
ENSMUSG00000030530	Furin	protein_coding	38
ENSMUSG00000056131	Pgm3	protein_coding	38
ENSMUSG00000030494	Rhpn2	protein_coding	38
ENSMUSG00000002458	Rgs19	protein_coding	38
ENSMUSG00000032299	Commd4	protein_coding	38
ENSMUSG00000015224	Cyp2j9	protein_coding	38
ENSMUSG00000030729	Pgm2l1	protein_coding	38
ENSMUSG00000030727	Rabep2	protein_coding	38
ENSMUSG00000007805	Twist2	protein_coding	38
ENSMUSG00000036432	Siah2	protein_coding	38
ENSMUSG00000057134	Ado	protein_coding	38
ENSMUSG00000035329	Fbxo33	protein_coding	38
ENSMUSG00000026715	Serpinc1	protein_coding	38
ENSMUSG00000006411	Nectin4	protein_coding	38
ENSMUSG00000002274	Metrn	protein_coding	38
ENSMUSG00000025432	Avil	protein_coding	38
ENSMUSG00000038725	Pkhd1l1	protein_coding	38
ENSMUSG00000079436	Kcnj13	protein_coding	38
ENSMUSG00000014601	Strip1	protein_coding	38
ENSMUSG00000027792	Bche	protein_coding	38
ENSMUSG00000039725	Trp53rka	protein_coding	38
ENSMUSG00000039686	Zer1	protein_coding	38
ENSMUSG00000036678	Aaas	protein_coding	38
ENSMUSG00000029247	Paics	protein_coding	38
ENSMUSG00000027300	Ubox5	protein_coding	38
ENSMUSG00000022557	Bop1	protein_coding	38
ENSMUSG00000015749	Anp32e	protein_coding	38
ENSMUSG00000026730	Pter	protein_coding	38
ENSMUSG00000017929	B4galt5	protein_coding	38
ENSMUSG00000022575	Gsdmd	protein_coding	38
ENSMUSG00000022564	Grina	protein_coding	38
ENSMUSG00000025145	Lrrc45	protein_coding	38
ENSMUSG00000064181	Rab3ip	protein_coding	38
ENSMUSG00000026019	Wdr12	protein_coding	38
ENSMUSG00000026014	Raph1	protein_coding	38
ENSMUSG00000039345	Mettl22	protein_coding	38
ENSMUSG00000004631	Sgce	protein_coding	38
ENSMUSG00000026172	Bcs1l	protein_coding	38
ENSMUSG00000036867	Smad6	protein_coding	38
ENSMUSG00000063275	Hacd1	protein_coding	38
ENSMUSG00000053192	Mllt11	protein_coding	38
ENSMUSG00000022849	Hspbap1	protein_coding	38
ENSMUSG00000070953	Rabepk	protein_coding	38
ENSMUSG00000071415	Rpl23	protein_coding	38
ENSMUSG00000002550	Uck1	protein_coding	38
ENSMUSG00000118669	Arvcf	protein_coding	38
ENSMUSG00000001555	Fkbp10	protein_coding	38
ENSMUSG00000027942	4933434E20Rik	protein_coding	38
ENSMUSG00000022205	Sub1	protein_coding	38
ENSMUSG00000030556	Lrrc28	protein_coding	38
ENSMUSG00000061143	Maml3	protein_coding	38
ENSMUSG00000032220	Myo1e	protein_coding	38
ENSMUSG00000021461	Fancc	protein_coding	38
ENSMUSG00000053617	Sh3pxd2a	protein_coding	38
ENSMUSG00000034883	Lrr1	protein_coding	38
ENSMUSG00000032633	Flcn	protein_coding	38
ENSMUSG00000046027	Stard5	protein_coding	38
ENSMUSG00000096883	Shisa8	protein_coding	38
ENSMUSG00000026090	Cracdl	protein_coding	38
ENSMUSG00000026158	Ogfrl1	protein_coding	38
ENSMUSG00000020451	Limk2	protein_coding	38
ENSMUSG00000018537	Pcgf2	protein_coding	38
ENSMUSG00000017057	Il13ra1	protein_coding	38
ENSMUSG00000069910	Spdl1	protein_coding	38
ENSMUSG00000043885	Slc36a4	protein_coding	38
ENSMUSG00000022898	Vps26c	protein_coding	38
ENSMUSG00000022822	Abcc5	protein_coding	38
ENSMUSG00000067780	Pi15	protein_coding	38
ENSMUSG00000058728	Cd300c	protein_coding	38
ENSMUSG00000030067	Foxp1	protein_coding	38
ENSMUSG00000022721	Trmt2a	protein_coding	38
ENSMUSG00000034684	Sema3f	protein_coding	38
ENSMUSG00000029094	Afap1	protein_coding	38
ENSMUSG00000004661	Arid3b	protein_coding	38
ENSMUSG00000075701	Selenos	protein_coding	38
ENSMUSG00000037085	Trmt12	protein_coding	38
ENSMUSG00000090841	Myl6	protein_coding	38
ENSMUSG00000033610	Pank1	protein_coding	38
ENSMUSG00000030662	Ipo5	protein_coding	38
ENSMUSG00000079110	Capn3	protein_coding	38
ENSMUSG00000063683	Glyat	protein_coding	38
ENSMUSG00000021368	Tbc1d7	protein_coding	38
ENSMUSG00000020674	Pxdn	protein_coding	38
ENSMUSG00000034520	Gjc1	protein_coding	38
ENSMUSG00000034923	Ly6g6f	protein_coding	38
ENSMUSG00000026887	Mrrf	protein_coding	38
ENSMUSG00000021751	Acox2	protein_coding	38
ENSMUSG00000021779	Thrb	protein_coding	38
ENSMUSG00000071068	Treml2	protein_coding	38
ENSMUSG00000000823	Zfp512b	protein_coding	38
ENSMUSG00000022751	Nit2	protein_coding	38
ENSMUSG00000041132	N4bp2l1	protein_coding	38
ENSMUSG00000053965	Pde5a	protein_coding	38
ENSMUSG00000073987	Ggh	protein_coding	38
ENSMUSG00000008734	Gprc5b	protein_coding	38
ENSMUSG00000026930	Gpsm1	protein_coding	37
ENSMUSG00000021032	Ngb	protein_coding	37
ENSMUSG00000031834	Pik3r2	protein_coding	37
ENSMUSG00000028410	Dnaja1	protein_coding	37
ENSMUSG00000034255	Arhgap27	protein_coding	37
ENSMUSG00000027540	Ptpn1	protein_coding	37
ENSMUSG00000042642	Flad1	protein_coding	37
ENSMUSG00000032123	Dpagt1	protein_coding	37
ENSMUSG00000021338	Carmil1	protein_coding	37
ENSMUSG00000042707	Dnali1	protein_coding	37
ENSMUSG00000040055	Gjb6	protein_coding	37
ENSMUSG00000026295	Spp2	protein_coding	37
ENSMUSG00000027582	Zgpat	protein_coding	37
ENSMUSG00000064043	Trerf1	protein_coding	37
ENSMUSG00000031161	Hdac6	protein_coding	37
ENSMUSG00000014778	Fhod1	protein_coding	37
ENSMUSG00000032763	Ilvbl	protein_coding	37
ENSMUSG00000032667	Pon2	protein_coding	37
ENSMUSG00000019066	Rab3d	protein_coding	37
ENSMUSG00000020275	Rel	protein_coding	37
ENSMUSG00000046337	Fam178b	protein_coding	37
ENSMUSG00000028334	Nans	protein_coding	37
ENSMUSG00000028460	Sit1	protein_coding	37
ENSMUSG00000005220	Corin	protein_coding	37
ENSMUSG00000038451	Spsb2	protein_coding	37
ENSMUSG00000028434	Epb41l4b	protein_coding	37
ENSMUSG00000054434	Tmem120b	protein_coding	37
ENSMUSG00000021823	Vcl	protein_coding	37
ENSMUSG00000038371	Sbf2	protein_coding	37
ENSMUSG00000032598	Nckipsd	protein_coding	37
ENSMUSG00000025185	Loxl4	protein_coding	37
ENSMUSG00000046186	Cd109	protein_coding	37
ENSMUSG00000038637	Lrrc56	protein_coding	37
ENSMUSG00000074305	Peak1	protein_coding	37
ENSMUSG00000036295	Lrrn3	protein_coding	37
ENSMUSG00000024158	Hagh	protein_coding	37
ENSMUSG00000018405	Mrm1	protein_coding	37
ENSMUSG00000029466	Anapc7	protein_coding	37
ENSMUSG00000036185	Sapcd1	protein_coding	37
ENSMUSG00000040209	Zfp704	protein_coding	37
ENSMUSG00000050549	Fam241a	protein_coding	37
ENSMUSG00000059316	Slc27a4	protein_coding	37
ENSMUSG00000002319	Ipo4	protein_coding	37
ENSMUSG00000002279	Lmf1	protein_coding	37
ENSMUSG00000003534	Ddr1	protein_coding	37
ENSMUSG00000027628	Aar2	protein_coding	37
ENSMUSG00000040013	Fkbp6	protein_coding	37
ENSMUSG00000055652	Klhl25	protein_coding	37
ENSMUSG00000055782	Abcd2	protein_coding	37
ENSMUSG00000026424	Gpr37l1	protein_coding	37
ENSMUSG00000006179	Prss16	protein_coding	37
ENSMUSG00000034917	Tjp3	protein_coding	37
ENSMUSG00000030000	Add2	protein_coding	37
ENSMUSG00000041025	Iffo2	protein_coding	37
ENSMUSG00000026858	Miga2	protein_coding	37
ENSMUSG00000001911	Nfix	protein_coding	37
ENSMUSG00000004270	Lpcat3	protein_coding	37
ENSMUSG00000024150	Mcfd2	protein_coding	37
ENSMUSG00000034028	Cd226	protein_coding	37
ENSMUSG00000055976	Cldn23	protein_coding	37
ENSMUSG00000039929	Urb1	protein_coding	37
ENSMUSG00000039917	Rhbdd2	protein_coding	37
ENSMUSG00000007613	Tgfbr1	protein_coding	37
ENSMUSG00000032602	Slc25a20	protein_coding	37
ENSMUSG00000005089	Slc1a2	protein_coding	37
ENSMUSG00000028545	Bend5	protein_coding	37
ENSMUSG00000025147	Mob2	protein_coding	37
ENSMUSG00000031066	Usp11	protein_coding	37
ENSMUSG00000032875	Arhgef17	protein_coding	37
ENSMUSG00000047040	Prr15l	protein_coding	37
ENSMUSG00000045690	Wdr89	protein_coding	37
ENSMUSG00000038732	Mboat1	protein_coding	37
ENSMUSG00000038712	Mindy1	protein_coding	37
ENSMUSG00000036027	Pou2af2	protein_coding	37
ENSMUSG00000036040	Adamtsl2	protein_coding	37
ENSMUSG00000022434	Fam118a	protein_coding	37
ENSMUSG00000035964	Tmem59l	protein_coding	37
ENSMUSG00000061436	Hipk2	protein_coding	37
ENSMUSG00000047248	C2cd3	protein_coding	37
ENSMUSG00000021902	Phf7	protein_coding	37
ENSMUSG00000025495	Ptdss2	protein_coding	37
ENSMUSG00000014602	Kif1a	protein_coding	37
ENSMUSG00000028614	Ndc1	protein_coding	37
ENSMUSG00000086040	Wipf3	protein_coding	37
ENSMUSG00000010755	Cars1	protein_coding	37
ENSMUSG00000004371	Il11	protein_coding	37
ENSMUSG00000049957	Ccdc137	protein_coding	37
ENSMUSG00000029209	Gnpda2	protein_coding	37
ENSMUSG00000027808	Serp1	protein_coding	37
ENSMUSG00000039637	Coro7	protein_coding	37
ENSMUSG00000039634	Zfp189	protein_coding	37
ENSMUSG00000027801	Tm4sf4	protein_coding	37
ENSMUSG00000039754	Alkbh4	protein_coding	37
ENSMUSG00000024251	Thada	protein_coding	37
ENSMUSG00000031343	Gabra3	protein_coding	37
ENSMUSG00000032514	Ttc21a	protein_coding	37
ENSMUSG00000020868	Xylt2	protein_coding	37
ENSMUSG00000034509	Mad2l1bp	protein_coding	37
ENSMUSG00000021175	Cdca7l	protein_coding	37
ENSMUSG00000053199	Arhgap20	protein_coding	37
ENSMUSG00000051373	Plpp7	protein_coding	37
ENSMUSG00000051306	Usp42	protein_coding	37
ENSMUSG00000051435	Fhad1	protein_coding	37
ENSMUSG00000021278	Amn	protein_coding	37
ENSMUSG00000030643	Rab30	protein_coding	37
ENSMUSG00000011305	Plin5	protein_coding	37
ENSMUSG00000055235	Wdr86	protein_coding	37
ENSMUSG00000040354	Mars1	protein_coding	37
ENSMUSG00000017210	Med24	protein_coding	37
ENSMUSG00000039521	Foxp3	protein_coding	37
ENSMUSG00000033096	Apmap	protein_coding	37
ENSMUSG00000038055	Dexi	protein_coding	37
ENSMUSG00000038046	Mrm3	protein_coding	37
ENSMUSG00000047409	Ctdspl	protein_coding	37
ENSMUSG00000020250	Txnrd1	protein_coding	37
ENSMUSG00000028228	Cpne3	protein_coding	37
ENSMUSG00000031349	Nsdhl	protein_coding	37
ENSMUSG00000020455	Trim11	protein_coding	37
ENSMUSG00000020460	Rps27a	protein_coding	37
ENSMUSG00000004626	Stxbp2	protein_coding	37
ENSMUSG00000049517	Rps23	protein_coding	37
ENSMUSG00000021451	Sema4d	protein_coding	37
ENSMUSG00000060862	Zbtb40	protein_coding	37
ENSMUSG00000021420	Fars2	protein_coding	37
ENSMUSG00000000148	Brat1	protein_coding	37
ENSMUSG00000060477	Irak2	protein_coding	37
ENSMUSG00000020257	Wdr82	protein_coding	37
ENSMUSG00000020255	Nopchap1	protein_coding	37
ENSMUSG00000028173	Wls	protein_coding	37
ENSMUSG00000030865	Chp2	protein_coding	37
ENSMUSG00000028684	Urod	protein_coding	37
ENSMUSG00000037993	Dhx38	protein_coding	37
ENSMUSG00000029843	Slc13a4	protein_coding	37
ENSMUSG00000041695	Kcnj2	protein_coding	37
ENSMUSG00000041650	Pcca	protein_coding	37
ENSMUSG00000015652	Steap1	protein_coding	37
ENSMUSG00000029119	Man2b2	protein_coding	37
ENSMUSG00000049305	Ccdc71	protein_coding	37
ENSMUSG00000049303	Syt12	protein_coding	37
ENSMUSG00000028693	Nasp	protein_coding	37
ENSMUSG00000028687	Mutyh	protein_coding	37
ENSMUSG00000073705	Cenps	protein_coding	37
ENSMUSG00000022962	Gart	protein_coding	37
ENSMUSG00000023000	Dhh	protein_coding	37
ENSMUSG00000001829	Clpb	protein_coding	37
ENSMUSG00000028139	Riiad1	protein_coding	37
ENSMUSG00000022498	Txndc11	protein_coding	37
ENSMUSG00000022488	Nckap1l	protein_coding	37
ENSMUSG00000027420	Bfsp1	protein_coding	37
ENSMUSG00000027419	Pcsk2	protein_coding	37
ENSMUSG00000022136	Dnajc3	protein_coding	37
ENSMUSG00000025757	Hspa4l	protein_coding	37
ENSMUSG00000057894	Zfp329	protein_coding	37
ENSMUSG00000047507	Baiap3	protein_coding	37
ENSMUSG00000032507	Fbxl2	protein_coding	37
ENSMUSG00000063904	Dpp3	protein_coding	37
ENSMUSG00000021595	Nsun2	protein_coding	37
ENSMUSG00000043631	Ecm2	protein_coding	37
ENSMUSG00000027938	Creb3l4	protein_coding	37
ENSMUSG00000029093	Sorcs2	protein_coding	37
ENSMUSG00000049225	Pdp1	protein_coding	37
ENSMUSG00000029020	Mfn2	protein_coding	37
ENSMUSG00000075588	Hoxb2	protein_coding	37
ENSMUSG00000010048	Ifrd2	protein_coding	37
ENSMUSG00000033653	Vps8	protein_coding	37
ENSMUSG00000051768	Xrcc1	protein_coding	37
ENSMUSG00000032006	Pdgfd	protein_coding	37
ENSMUSG00000021221	Dpf3	protein_coding	37
ENSMUSG00000055200	Sertad3	protein_coding	37
ENSMUSG00000003279	Dlgap1	protein_coding	37
ENSMUSG00000079197	Psme2	protein_coding	37
ENSMUSG00000022131	Gpr180	protein_coding	37
ENSMUSG00000037921	Ddx60	protein_coding	37
ENSMUSG00000047731	Wbp1l	protein_coding	37
ENSMUSG00000028150	Rorc	protein_coding	37
ENSMUSG00000017631	Abr	protein_coding	37
ENSMUSG00000026723	Trdmt1	protein_coding	37
ENSMUSG00000027248	Pdia3	protein_coding	37
ENSMUSG00000030894	Tpp1	protein_coding	37
ENSMUSG00000027350	Chgb	protein_coding	37
ENSMUSG00000027338	Prnd	protein_coding	37
ENSMUSG00000041895	Wipi1	protein_coding	37
ENSMUSG00000039201	Tbc1d25	protein_coding	37
ENSMUSG00000078954	Arhgap8	protein_coding	37
ENSMUSG00000054723	Vmac	protein_coding	37
ENSMUSG00000052516	Robo2	protein_coding	37
ENSMUSG00000040663	Clcf1	protein_coding	37
ENSMUSG00000040701	Ap1g2	protein_coding	37
ENSMUSG00000024868	Dkk1	protein_coding	37
ENSMUSG00000037813	D630003M21Rik	protein_coding	37
ENSMUSG00000092586	Ly6g6c	protein_coding	37
ENSMUSG00000019467	Arhgef25	protein_coding	37
ENSMUSG00000039286	Fndc3b	protein_coding	37
ENSMUSG00000010122	Slc47a1	protein_coding	37
ENSMUSG00000018672	Copz2	protein_coding	37
ENSMUSG00000009894	Snap47	protein_coding	37
ENSMUSG00000063808	Gpatch1	protein_coding	37
ENSMUSG00000059901	Adamts14	protein_coding	37
ENSMUSG00000028864	Hgf	protein_coding	37
ENSMUSG00000020359	Phykpl	protein_coding	37
ENSMUSG00000019320	Noxo1	protein_coding	37
ENSMUSG00000028096	Gpr89	protein_coding	37
ENSMUSG00000028089	Chd1l	protein_coding	37
ENSMUSG00000022022	Mtrf1	protein_coding	37
ENSMUSG00000030315	Vgll4	protein_coding	37
ENSMUSG00000022123	Scel	protein_coding	37
ENSMUSG00000035357	Pdzrn3	protein_coding	37
ENSMUSG00000035448	Ccr3	protein_coding	37
ENSMUSG00000041966	Dcaf17	protein_coding	37
ENSMUSG00000026604	Ptpn14	protein_coding	37
ENSMUSG00000063439	B9d2	protein_coding	37
ENSMUSG00000066975	Cryba4	protein_coding	37
ENSMUSG00000026669	Mcm10	protein_coding	37
ENSMUSG00000033379	Atp6v0b	protein_coding	37
ENSMUSG00000022095	Fhip2b	protein_coding	37
ENSMUSG00000039182	AW209491	protein_coding	37
ENSMUSG00000025956	Mettl21a	protein_coding	37
ENSMUSG00000025938	Slco5a1	protein_coding	37
ENSMUSG00000030802	Bckdk	protein_coding	37
ENSMUSG00000008393	Carhsp1	protein_coding	37
ENSMUSG00000038527	C1rl	protein_coding	37
ENSMUSG00000058952	Cfi	protein_coding	37
ENSMUSG00000021795	Sftpd	protein_coding	37
ENSMUSG00000054008	Ndst1	protein_coding	37
ENSMUSG00000022711	Pmm2	protein_coding	37
ENSMUSG00000054321	Taf4b	protein_coding	37
ENSMUSG00000062861	Zfp28	protein_coding	37
ENSMUSG00000015709	Arnt2	protein_coding	37
ENSMUSG00000024120	Lrpprc	protein_coding	37
ENSMUSG00000003344	Btbd2	protein_coding	37
ENSMUSG00000067341	H2-Eb2	protein_coding	37
ENSMUSG00000000811	Txnrd3	protein_coding	37
ENSMUSG00000041235	Chd7	protein_coding	37
ENSMUSG00000019932	Kera	protein_coding	37
ENSMUSG00000063130	Calml3	protein_coding	37
ENSMUSG00000031681	Smad1	protein_coding	37
ENSMUSG00000062937	Mtap	protein_coding	36
ENSMUSG00000019943	Atp2b1	protein_coding	36
ENSMUSG00000031782	Coq9	protein_coding	36
ENSMUSG00000026915	Strbp	protein_coding	36
ENSMUSG00000019909	Fam162b	protein_coding	36
ENSMUSG00000030101	Sumf1	protein_coding	36
ENSMUSG00000034723	Tmx4	protein_coding	36
ENSMUSG00000030166	Rad52	protein_coding	36
ENSMUSG00000025287	Acot9	protein_coding	36
ENSMUSG00000005362	Crbn	protein_coding	36
ENSMUSG00000071256	Zfp213	protein_coding	36
ENSMUSG00000071226	Cecr2	protein_coding	36
ENSMUSG00000028358	Zfp618	protein_coding	36
ENSMUSG00000038633	Degs1	protein_coding	36
ENSMUSG00000001755	Coasy	protein_coding	36
ENSMUSG00000036377	Cracd	protein_coding	36
ENSMUSG00000029467	Atp2a2	protein_coding	36
ENSMUSG00000024043	Arhgap28	protein_coding	36
ENSMUSG00000029434	Vps33a	protein_coding	36
ENSMUSG00000036218	Pdzrn4	protein_coding	36
ENSMUSG00000042694	Stn1	protein_coding	36
ENSMUSG00000024008	Cpne5	protein_coding	36
ENSMUSG00000025366	Esyt1	protein_coding	36
ENSMUSG00000020926	Adam11	protein_coding	36
ENSMUSG00000052214	Opa3	protein_coding	36
ENSMUSG00000001909	Trmt1	protein_coding	36
ENSMUSG00000030780	Rusf1	protein_coding	36
ENSMUSG00000071856	Mcc	protein_coding	36
ENSMUSG00000033316	Galnt9	protein_coding	36
ENSMUSG00000029781	Fkbp9	protein_coding	36
ENSMUSG00000029778	Adcyap1r1	protein_coding	36
ENSMUSG00000035382	Pcsk7	protein_coding	36
ENSMUSG00000052353	Cemip	protein_coding	36
ENSMUSG00000026679	Enkur	protein_coding	36
ENSMUSG00000026667	Uhmk1	protein_coding	36
ENSMUSG00000018171	Vmp1	protein_coding	36
ENSMUSG00000047909	Ankrd16	protein_coding	36
ENSMUSG00000048058	Ldlrad3	protein_coding	36
ENSMUSG00000018677	Slc25a39	protein_coding	36
ENSMUSG00000063849	Ppcdc	protein_coding	36
ENSMUSG00000048701	Ccdc6	protein_coding	36
ENSMUSG00000028845	Tekt2	protein_coding	36
ENSMUSG00000060044	Tmem26	protein_coding	36
ENSMUSG00000024789	Jak2	protein_coding	36
ENSMUSG00000019312	Grb7	protein_coding	36
ENSMUSG00000028807	Zbtb8a	protein_coding	36
ENSMUSG00000030847	Bag3	protein_coding	36
ENSMUSG00000022523	Fgf12	protein_coding	36
ENSMUSG00000115338	Pnp	protein_coding	36
ENSMUSG00000068264	Ap5s1	protein_coding	36
ENSMUSG00000062202	Btbd9	protein_coding	36
ENSMUSG00000062184	Hs6st2	protein_coding	36
ENSMUSG00000027359	Slc27a2	protein_coding	36
ENSMUSG00000022144	Gdnf	protein_coding	36
ENSMUSG00000078949	R3hdml	protein_coding	36
ENSMUSG00000052698	Tln2	protein_coding	36
ENSMUSG00000020598	Nrcam	protein_coding	36
ENSMUSG00000029755	Dlx5	protein_coding	36
ENSMUSG00000029826	Zc3hav1	protein_coding	36
ENSMUSG00000040680	Kremen2	protein_coding	36
ENSMUSG00000041797	Abca9	protein_coding	36
ENSMUSG00000024891	Slc29a2	protein_coding	36
ENSMUSG00000037762	Slc16a9	protein_coding	36
ENSMUSG00000039246	Lyplal1	protein_coding	36
ENSMUSG00000027993	Trim2	protein_coding	36
ENSMUSG00000044026	Slc35g1	protein_coding	36
ENSMUSG00000044134	Pheta1	protein_coding	36
ENSMUSG00000037251	Pomk	protein_coding	36
ENSMUSG00000071645	Tut1	protein_coding	36
ENSMUSG00000028803	Nipal3	protein_coding	36
ENSMUSG00000031958	Ldhd	protein_coding	36
ENSMUSG00000040732	Erg	protein_coding	36
ENSMUSG00000027249	F2	protein_coding	36
ENSMUSG00000026785	Pkn3	protein_coding	36
ENSMUSG00000048970	C1galt1c1	protein_coding	36
ENSMUSG00000044005	Gls2	protein_coding	36
ENSMUSG00000008167	Fbxw9	protein_coding	36
ENSMUSG00000029053	Prkcz	protein_coding	36
ENSMUSG00000034308	Sdr42e1	protein_coding	36
ENSMUSG00000042046	Dstyk	protein_coding	36
ENSMUSG00000042082	Arsb	protein_coding	36
ENSMUSG00000040536	Necab1	protein_coding	36
ENSMUSG00000029033	Acap3	protein_coding	36
ENSMUSG00000037110	Ralgapa2	protein_coding	36
ENSMUSG00000049038	Mterf2	protein_coding	36
ENSMUSG00000033579	Fa2h	protein_coding	36
ENSMUSG00000035620	Ric8b	protein_coding	36
ENSMUSG00000031610	Scrg1	protein_coding	36
ENSMUSG00000035578	Iqcg	protein_coding	36
ENSMUSG00000000275	Trim25	protein_coding	36
ENSMUSG00000034312	Iqsec1	protein_coding	36
ENSMUSG00000048756	Foxo3	protein_coding	36
ENSMUSG00000048978	Nrsn1	protein_coding	36
ENSMUSG00000047767	Atg16l2	protein_coding	36
ENSMUSG00000039018	Mtg1	protein_coding	36
ENSMUSG00000026544	Dusp23	protein_coding	36
ENSMUSG00000022515	Anks3	protein_coding	36
ENSMUSG00000023755	Rhebl1	protein_coding	36
ENSMUSG00000030739	Myh14	protein_coding	36
ENSMUSG00000059713	Rcan3	protein_coding	36
ENSMUSG00000002825	Qtrt1	protein_coding	36
ENSMUSG00000047648	Fbxo30	protein_coding	36
ENSMUSG00000038893	Fam117a	protein_coding	36
ENSMUSG00000038888	Ctu1	protein_coding	36
ENSMUSG00000028158	Mttp	protein_coding	36
ENSMUSG00000032431	Crtap	protein_coding	36
ENSMUSG00000014905	Dnajb9	protein_coding	36
ENSMUSG00000026080	Chst10	protein_coding	36
ENSMUSG00000037204	Atg101	protein_coding	36
ENSMUSG00000026779	Mastl	protein_coding	36
ENSMUSG00000026764	Kif5c	protein_coding	36
ENSMUSG00000026737	Pip4k2a	protein_coding	36
ENSMUSG00000022978	Mis18a	protein_coding	36
ENSMUSG00000003746	Man1a	protein_coding	36
ENSMUSG00000058022	Adtrp	protein_coding	36
ENSMUSG00000045326	Fndc7	protein_coding	36
ENSMUSG00000045281	Gpr20	protein_coding	36
ENSMUSG00000020258	Glyctk	protein_coding	36
ENSMUSG00000043467	Zbtb37	protein_coding	36
ENSMUSG00000056643	Chst13	protein_coding	36
ENSMUSG00000024440	Pcdh12	protein_coding	36
ENSMUSG00000042210	Abhd14a	protein_coding	36
ENSMUSG00000020063	Sirt1	protein_coding	36
ENSMUSG00000052934	Fbxo31	protein_coding	36
ENSMUSG00000026820	Ptges2	protein_coding	36
ENSMUSG00000038884	Shfl	protein_coding	36
ENSMUSG00000001482	Def8	protein_coding	36
ENSMUSG00000002007	Srpk3	protein_coding	36
ENSMUSG00000033857	Engase	protein_coding	36
ENSMUSG00000023800	Tiam2	protein_coding	36
ENSMUSG00000029624	Ptcd1	protein_coding	36
ENSMUSG00000011171	Vipr2	protein_coding	36
ENSMUSG00000035891	Cerk	protein_coding	36
ENSMUSG00000015980	Lrrc27	protein_coding	36
ENSMUSG00000032093	Cd3e	protein_coding	36
ENSMUSG00000032087	Dscaml1	protein_coding	36
ENSMUSG00000038866	Zcchc2	protein_coding	36
ENSMUSG00000038860	Garnl3	protein_coding	36
ENSMUSG00000021948	Prkcd	protein_coding	36
ENSMUSG00000058354	Krt6a	protein_coding	36
ENSMUSG00000058290	Espl1	protein_coding	36
ENSMUSG00000033147	Slc22a15	protein_coding	36
ENSMUSG00000028629	Exo5	protein_coding	36
ENSMUSG00000024981	Acsl5	protein_coding	36
ENSMUSG00000027803	Wwtr1	protein_coding	36
ENSMUSG00000019564	Arid3a	protein_coding	36
ENSMUSG00000024422	Dhx16	protein_coding	36
ENSMUSG00000020877	Scrn2	protein_coding	36
ENSMUSG00000024410	Rmc1	protein_coding	36
ENSMUSG00000056698	Elmod3	protein_coding	36
ENSMUSG00000056671	Prelid2	protein_coding	36
ENSMUSG00000051335	Gfod1	protein_coding	36
ENSMUSG00000020899	Pfas	protein_coding	36
ENSMUSG00000021277	Traf3	protein_coding	36
ENSMUSG00000061462	Obscn	protein_coding	36
ENSMUSG00000036980	Taf6	protein_coding	36
ENSMUSG00000056222	Spock1	protein_coding	36
ENSMUSG00000036822	Topors	protein_coding	36
ENSMUSG00000024331	Dsc2	protein_coding	36
ENSMUSG00000029596	Sdsl	protein_coding	36
ENSMUSG00000000686	Abhd15	protein_coding	36
ENSMUSG00000027460	Angpt4	protein_coding	36
ENSMUSG00000020743	Mif4gd	protein_coding	36
ENSMUSG00000027864	Ptgfrn	protein_coding	36
ENSMUSG00000002342	Tmem161a	protein_coding	36
ENSMUSG00000063646	Jakmip1	protein_coding	36
ENSMUSG00000069633	Pex11g	protein_coding	36
ENSMUSG00000039629	Strip2	protein_coding	36
ENSMUSG00000022621	Rabl2	protein_coding	36
ENSMUSG00000022994	Adcy6	protein_coding	36
ENSMUSG00000067158	Col4a4	protein_coding	36
ENSMUSG00000031907	Zfp90	protein_coding	36
ENSMUSG00000040907	Atp1a3	protein_coding	36
ENSMUSG00000053101	Gpr141	protein_coding	36
ENSMUSG00000038187	Btbd10	protein_coding	36
ENSMUSG00000047123	Ticam1	protein_coding	36
ENSMUSG00000051367	Six1	protein_coding	36
ENSMUSG00000051236	Msrb3	protein_coding	36
ENSMUSG00000029602	Rasal1	protein_coding	36
ENSMUSG00000029245	Epha5	protein_coding	36
ENSMUSG00000050132	Sarm1	protein_coding	36
ENSMUSG00000036644	Tbc1d9b	protein_coding	36
ENSMUSG00000036613	Eipr1	protein_coding	36
ENSMUSG00000025480	Syce1	protein_coding	36
ENSMUSG00000025512	Chid1	protein_coding	36
ENSMUSG00000037960	Card19	protein_coding	36
ENSMUSG00000079445	B3gnt7	protein_coding	36
ENSMUSG00000030917	Ldaf1	protein_coding	36
ENSMUSG00000020839	Tmigd1	protein_coding	36
ENSMUSG00000028560	Usp1	protein_coding	36
ENSMUSG00000030515	Tars3	protein_coding	36
ENSMUSG00000034032	Rpap1	protein_coding	36
ENSMUSG00000029306	Ibsp	protein_coding	36
ENSMUSG00000027710	Acad9	protein_coding	36
ENSMUSG00000026204	Ptprn	protein_coding	36
ENSMUSG00000032606	Nicn1	protein_coding	36
ENSMUSG00000001521	Tulp3	protein_coding	36
ENSMUSG00000038368	Focad	protein_coding	36
ENSMUSG00000028546	Elavl4	protein_coding	36
ENSMUSG00000032898	Fbxo21	protein_coding	36
ENSMUSG00000074768	Bhmt	protein_coding	36
ENSMUSG00000029512	Ulk1	protein_coding	36
ENSMUSG00000036095	Dgkb	protein_coding	36
ENSMUSG00000029502	Golga3	protein_coding	36
ENSMUSG00000022412	Mief1	protein_coding	36
ENSMUSG00000055409	Nell1	protein_coding	36
ENSMUSG00000029600	Rita1	protein_coding	36
ENSMUSG00000066640	Fbxl18	protein_coding	36
ENSMUSG00000001120	Pcbp3	protein_coding	36
ENSMUSG00000022861	Dgkg	protein_coding	36
ENSMUSG00000034853	Acot11	protein_coding	36
ENSMUSG00000040972	Igsf21	protein_coding	36
ENSMUSG00000041632	Mrps27	protein_coding	36
ENSMUSG00000026798	Coq4	protein_coding	36
ENSMUSG00000041528	Rnf123	protein_coding	36
ENSMUSG00000030062	Rpn1	protein_coding	36
ENSMUSG00000005267	Zfp287	protein_coding	36
ENSMUSG00000002603	Tgfb1	protein_coding	36
ENSMUSG00000029330	Cds1	protein_coding	36
ENSMUSG00000004500	Zfp324	protein_coding	36
ENSMUSG00000003134	Tbc1d8	protein_coding	36
ENSMUSG00000025064	Col17a1	protein_coding	36
ENSMUSG00000028521	Slc35d1	protein_coding	36
ENSMUSG00000030217	Art4	protein_coding	36
ENSMUSG00000022722	Arl6	protein_coding	36
ENSMUSG00000067787	Blcap	protein_coding	36
ENSMUSG00000017765	Slc12a4	protein_coding	36
ENSMUSG00000030091	Nup210	protein_coding	36
ENSMUSG00000021830	Txndc16	protein_coding	36
ENSMUSG00000061288	Taok3	protein_coding	36
ENSMUSG00000032192	Gnb5	protein_coding	36
ENSMUSG00000068747	Sort1	protein_coding	36
ENSMUSG00000004085	Map3k20	protein_coding	36
ENSMUSG00000051007	Gatd1	protein_coding	36
ENSMUSG00000019718	L3hypdh	protein_coding	36
ENSMUSG00000027579	Srms	protein_coding	36
ENSMUSG00000015839	Nfe2l2	protein_coding	36
ENSMUSG00000026944	Abca2	protein_coding	36
ENSMUSG00000031787	Katnb1	protein_coding	36
ENSMUSG00000038500	Prr3	protein_coding	36
ENSMUSG00000038542	Pcid2	protein_coding	36
ENSMUSG00000034247	Plekhm1	protein_coding	36
ENSMUSG00000034218	Atm	protein_coding	36
ENSMUSG00000042632	Pla2g6	protein_coding	36
ENSMUSG00000019796	Lrp11	protein_coding	36
ENSMUSG00000027597	Ahcy	protein_coding	36
ENSMUSG00000038422	Hdhd3	protein_coding	36
ENSMUSG00000031171	Ftsj1	protein_coding	36
ENSMUSG00000038349	Plcl1	protein_coding	36
ENSMUSG00000038507	Parp12	protein_coding	36
ENSMUSG00000010044	Zmynd10	protein_coding	36
ENSMUSG00000044626	Liph	protein_coding	36
ENSMUSG00000019359	Gdpd2	protein_coding	36
ENSMUSG00000028949	Smarcd3	protein_coding	36
ENSMUSG00000037408	Cnnm4	protein_coding	36
ENSMUSG00000057751	Megf6	protein_coding	36
ENSMUSG00000030760	Acer3	protein_coding	36
ENSMUSG00000031398	Plxna3	protein_coding	36
ENSMUSG00000021539	Lect2	protein_coding	36
ENSMUSG00000021532	Fastkd3	protein_coding	36
ENSMUSG00000021798	Ldb3	protein_coding	36
ENSMUSG00000054162	Spock3	protein_coding	36
ENSMUSG00000026926	Pmpca	protein_coding	36
ENSMUSG00000062859	Tcp11	protein_coding	36
ENSMUSG00000031714	Gab1	protein_coding	36
ENSMUSG00000031862	Atp13a1	protein_coding	36
ENSMUSG00000041476	Smpx	protein_coding	35
ENSMUSG00000006587	Snai3	protein_coding	35
ENSMUSG00000046794	Ppp1r3b	protein_coding	35
ENSMUSG00000046178	Nxph1	protein_coding	35
ENSMUSG00000058979	Hdhd5	protein_coding	35
ENSMUSG00000032641	Gpr19	protein_coding	35
ENSMUSG00000032649	Colgalt2	protein_coding	35
ENSMUSG00000038379	Ttk	protein_coding	35
ENSMUSG00000021130	Galnt16	protein_coding	35
ENSMUSG00000020956	Dtd2	protein_coding	35
ENSMUSG00000002227	Mov10	protein_coding	35
ENSMUSG00000017756	Slc12a7	protein_coding	35
ENSMUSG00000070880	Gad1	protein_coding	35
ENSMUSG00000038260	Trpm4	protein_coding	35
ENSMUSG00000028573	Fggy	protein_coding	35
ENSMUSG00000047030	Spata2	protein_coding	35
ENSMUSG00000020910	Adprm	protein_coding	35
ENSMUSG00000061313	Ddhd2	protein_coding	35
ENSMUSG00000022367	Has2	protein_coding	35
ENSMUSG00000030471	Zdhhc13	protein_coding	35
ENSMUSG00000066406	Akap13	protein_coding	35
ENSMUSG00000036452	Arhgap26	protein_coding	35
ENSMUSG00000018459	Slc13a3	protein_coding	35
ENSMUSG00000020483	Dynll2	protein_coding	35
ENSMUSG00000027551	Zfp64	protein_coding	35
ENSMUSG00000029416	Slc15a4	protein_coding	35
ENSMUSG00000050846	Zfp623	protein_coding	35
ENSMUSG00000024165	Jpt2	protein_coding	35
ENSMUSG00000000916	Nsun5	protein_coding	35
ENSMUSG00000018347	Zkscan6	protein_coding	35
ENSMUSG00000026228	Htr2b	protein_coding	35
ENSMUSG00000042766	Trim46	protein_coding	35
ENSMUSG00000042487	Leo1	protein_coding	35
ENSMUSG00000042502	Cd2bp2	protein_coding	35
ENSMUSG00000042506	Usp22	protein_coding	35
ENSMUSG00000006288	Ttc5	protein_coding	35
ENSMUSG00000027466	Rbck1	protein_coding	35
ENSMUSG00000079012	Serpina3m	protein_coding	35
ENSMUSG00000079015	Serpina1c	protein_coding	35
ENSMUSG00000055639	Dach1	protein_coding	35
ENSMUSG00000027634	Ndrg3	protein_coding	35
ENSMUSG00000042804	Gpr153	protein_coding	35
ENSMUSG00000082361	Btc	protein_coding	35
ENSMUSG00000031480	Thsd1	protein_coding	35
ENSMUSG00000033949	Trim36	protein_coding	35
ENSMUSG00000036641	Ccdc148	protein_coding	35
ENSMUSG00000050103	Agmo	protein_coding	35
ENSMUSG00000021311	Mtr	protein_coding	35
ENSMUSG00000035919	Bbs9	protein_coding	35
ENSMUSG00000036091	Hyal3	protein_coding	35
ENSMUSG00000024032	Tff1	protein_coding	35
ENSMUSG00000039943	Plcb4	protein_coding	35
ENSMUSG00000026273	Mterf4	protein_coding	35
ENSMUSG00000034157	Cipc	protein_coding	35
ENSMUSG00000034105	Meak7	protein_coding	35
ENSMUSG00000036469	Marchf1	protein_coding	35
ENSMUSG00000036478	Btg1	protein_coding	35
ENSMUSG00000004296	Il12b	protein_coding	35
ENSMUSG00000039936	Pik3cd	protein_coding	35
ENSMUSG00000060969	Irx1	protein_coding	35
ENSMUSG00000049791	Fzd4	protein_coding	35
ENSMUSG00000033871	Ppargc1b	protein_coding	35
ENSMUSG00000011382	Dhdh	protein_coding	35
ENSMUSG00000061751	Kalrn	protein_coding	35
ENSMUSG00000061758	Akr1b10	protein_coding	35
ENSMUSG00000040321	Zfp770	protein_coding	35
ENSMUSG00000051344	Plekhm3	protein_coding	35
ENSMUSG00000029267	Mtf2	protein_coding	35
ENSMUSG00000024246	Thumpd2	protein_coding	35
ENSMUSG00000026198	Abcb6	protein_coding	35
ENSMUSG00000043153	Crppa	protein_coding	35
ENSMUSG00000036826	Igflr1	protein_coding	35
ENSMUSG00000069378	Prdm6	protein_coding	35
ENSMUSG00000039787	Cercam	protein_coding	35
ENSMUSG00000021373	Cap2	protein_coding	35
ENSMUSG00000024350	Dnajc18	protein_coding	35
ENSMUSG00000043391	2510009E07Rik	protein_coding	35
ENSMUSG00000027870	Hao2	protein_coding	35
ENSMUSG00000030609	Aen	protein_coding	35
ENSMUSG00000074220	Zfp382	protein_coding	35
ENSMUSG00000027478	Dnmt3b	protein_coding	35
ENSMUSG00000042377	Fam83g	protein_coding	35
ENSMUSG00000026509	Capn2	protein_coding	35
ENSMUSG00000078521	Aunip	protein_coding	35
ENSMUSG00000029575	Mmab	protein_coding	35
ENSMUSG00000029578	Wipi2	protein_coding	35
ENSMUSG00000026123	Plekhb2	protein_coding	35
ENSMUSG00000015316	Slamf1	protein_coding	35
ENSMUSG00000061119	Prcp	protein_coding	35
ENSMUSG00000060938	Rpl26	protein_coding	35
ENSMUSG00000001418	Glmp	protein_coding	35
ENSMUSG00000039483	Asb6	protein_coding	35
ENSMUSG00000033767	Tmem131l	protein_coding	35
ENSMUSG00000034336	Ina	protein_coding	35
ENSMUSG00000035671	Zswim4	protein_coding	35
ENSMUSG00000015452	Ager	protein_coding	35
ENSMUSG00000032044	Rpusd4	protein_coding	35
ENSMUSG00000023828	Slc22a3	protein_coding	35
ENSMUSG00000035772	Mrps2	protein_coding	35
ENSMUSG00000051498	Tlr6	protein_coding	35
ENSMUSG00000030674	Qprt	protein_coding	35
ENSMUSG00000024423	Impact	protein_coding	35
ENSMUSG00000049521	Cdc42ep1	protein_coding	35
ENSMUSG00000029147	Ppm1g	protein_coding	35
ENSMUSG00000036944	Tmem71	protein_coding	35
ENSMUSG00000004610	Etfb	protein_coding	35
ENSMUSG00000049336	Tenm2	protein_coding	35
ENSMUSG00000049287	Iba57	protein_coding	35
ENSMUSG00000029034	Ints11	protein_coding	35
ENSMUSG00000026072	Il1r1	protein_coding	35
ENSMUSG00000023393	Slc17a9	protein_coding	35
ENSMUSG00000040482	Dxo	protein_coding	35
ENSMUSG00000027428	Rbbp9	protein_coding	35
ENSMUSG00000022489	Pde1b	protein_coding	35
ENSMUSG00000022496	Tnfrsf17	protein_coding	35
ENSMUSG00000034324	Tmem132c	protein_coding	35
ENSMUSG00000024436	Mrps18b	protein_coding	35
ENSMUSG00000029134	Plb1	protein_coding	35
ENSMUSG00000049562	Ap5b1	protein_coding	35
ENSMUSG00000043683	Fem1a	protein_coding	35
ENSMUSG00000008090	Fgfrl1	protein_coding	35
ENSMUSG00000028988	Ctnnbip1	protein_coding	35
ENSMUSG00000028957	Per3	protein_coding	35
ENSMUSG00000022475	Hdac7	protein_coding	35
ENSMUSG00000035540	Gc	protein_coding	35
ENSMUSG00000026575	Nme7	protein_coding	35
ENSMUSG00000031570	Plpp5	protein_coding	35
ENSMUSG00000015533	Itga2	protein_coding	35
ENSMUSG00000062012	Zfp13	protein_coding	35
ENSMUSG00000001576	Ergic1	protein_coding	35
ENSMUSG00000029009	Mthfr	protein_coding	35
ENSMUSG00000026049	Tex30	protein_coding	35
ENSMUSG00000021466	Ptch1	protein_coding	35
ENSMUSG00000032305	Fam219b	protein_coding	35
ENSMUSG00000032243	Itga11	protein_coding	35
ENSMUSG00000020155	Kcnmb1	protein_coding	35
ENSMUSG00000020396	Nefh	protein_coding	35
ENSMUSG00000070000	Fcho1	protein_coding	35
ENSMUSG00000037318	Traf3ip3	protein_coding	35
ENSMUSG00000035365	Parpbp	protein_coding	35
ENSMUSG00000022526	Zfp251	protein_coding	35
ENSMUSG00000027340	Slc23a2	protein_coding	35
ENSMUSG00000007080	Pole	protein_coding	35
ENSMUSG00000040548	Tex2	protein_coding	35
ENSMUSG00000042178	Armc5	protein_coding	35
ENSMUSG00000030281	Il17rc	protein_coding	35
ENSMUSG00000034401	Spata6	protein_coding	35
ENSMUSG00000039452	Snx22	protein_coding	35
ENSMUSG00000039356	Exosc2	protein_coding	35
ENSMUSG00000037366	Pafah2	protein_coding	35
ENSMUSG00000048677	Tpcn2	protein_coding	35
ENSMUSG00000018654	Ikzf1	protein_coding	35
ENSMUSG00000048486	Fitm2	protein_coding	35
ENSMUSG00000022129	Dct	protein_coding	35
ENSMUSG00000031669	Gins3	protein_coding	35
ENSMUSG00000029672	Fam3c	protein_coding	35
ENSMUSG00000011884	Gltp	protein_coding	35
ENSMUSG00000113640	Adat3	protein_coding	35
ENSMUSG00000057191	AB124611	protein_coding	35
ENSMUSG00000039206	Daglb	protein_coding	35
ENSMUSG00000016458	Wt1	protein_coding	35
ENSMUSG00000044328	Trp53i13	protein_coding	35
ENSMUSG00000025877	Hk3	protein_coding	35
ENSMUSG00000075296	Aldh3b2	protein_coding	35
ENSMUSG00000028795	Ccdc28b	protein_coding	35
ENSMUSG00000014470	Rnf166	protein_coding	35
ENSMUSG00000040687	Madd	protein_coding	35
ENSMUSG00000040584	Abcb1a	protein_coding	35
ENSMUSG00000003208	Yju2	protein_coding	35
ENSMUSG00000066892	Fbxl12	protein_coding	35
ENSMUSG00000057337	Chst3	protein_coding	35
ENSMUSG00000032396	Dis3l	protein_coding	35
ENSMUSG00000025869	Nop16	protein_coding	35
ENSMUSG00000037572	Wdhd1	protein_coding	35
ENSMUSG00000000384	Tbrg4	protein_coding	35
ENSMUSG00000039069	Mtg2	protein_coding	35
ENSMUSG00000091405	H4c14	protein_coding	35
ENSMUSG00000047832	Cdca4	protein_coding	35
ENSMUSG00000024816	Frmd8	protein_coding	35
ENSMUSG00000026659	Dusp12	protein_coding	35
ENSMUSG00000078970	Dnaaf10	protein_coding	35
ENSMUSG00000005043	Sgsh	protein_coding	35
ENSMUSG00000044921	Rassf9	protein_coding	35
ENSMUSG00000044807	Zfp354c	protein_coding	35
ENSMUSG00000005686	Ampd3	protein_coding	35
ENSMUSG00000005699	Pard6a	protein_coding	35
ENSMUSG00000028072	Ntrk1	protein_coding	35
ENSMUSG00000024787	Snx15	protein_coding	35
ENSMUSG00000048310	Pskh1	protein_coding	35
ENSMUSG00000074657	Kif5a	protein_coding	35
ENSMUSG00000021569	Trip13	protein_coding	35
ENSMUSG00000059939	9430015G10Rik	protein_coding	35
ENSMUSG00000045140	Pigw	protein_coding	35
ENSMUSG00000025759	Mfsd8	protein_coding	35
ENSMUSG00000025576	Rbfox3	protein_coding	35
ENSMUSG00000025582	Nptx1	protein_coding	35
ENSMUSG00000030871	Ears2	protein_coding	35
ENSMUSG00000033209	Ttc28	protein_coding	35
ENSMUSG00000006930	Hap1	protein_coding	35
ENSMUSG00000061979	Rcc1l	protein_coding	35
ENSMUSG00000031927	1700012B09Rik	protein_coding	35
ENSMUSG00000062373	Tmem65	protein_coding	35
ENSMUSG00000052572	Dlg2	protein_coding	35
ENSMUSG00000030283	St8sia1	protein_coding	35
ENSMUSG00000017615	Tnfaip1	protein_coding	35
ENSMUSG00000009640	Dmap1	protein_coding	35
ENSMUSG00000020253	Ppm1m	protein_coding	35
ENSMUSG00000028184	Adgrl2	protein_coding	35
ENSMUSG00000023013	Aqp2	protein_coding	35
ENSMUSG00000035049	Rrp12	protein_coding	35
ENSMUSG00000041831	Sytl3	protein_coding	35
ENSMUSG00000073633	Fbxo36	protein_coding	35
ENSMUSG00000073643	Wdfy1	protein_coding	35
ENSMUSG00000073684	Faap20	protein_coding	35
ENSMUSG00000086596	Susd5	protein_coding	35
ENSMUSG00000047632	Fgfbp3	protein_coding	35
ENSMUSG00000032482	Cspg5	protein_coding	35
ENSMUSG00000002799	Jag2	protein_coding	35
ENSMUSG00000021990	Spata13	protein_coding	35
ENSMUSG00000021944	Gata4	protein_coding	35
ENSMUSG00000033114	Slc35d2	protein_coding	35
ENSMUSG00000020333	Acsl6	protein_coding	35
ENSMUSG00000019188	H13	protein_coding	35
ENSMUSG00000001440	Kpnb1	protein_coding	35
ENSMUSG00000001494	Sost	protein_coding	35
ENSMUSG00000028199	Cryz	protein_coding	35
ENSMUSG00000017950	Hnf4a	protein_coding	35
ENSMUSG00000029923	Rab19	protein_coding	35
ENSMUSG00000026786	Apbb1ip	protein_coding	35
ENSMUSG00000041762	Gpr155	protein_coding	35
ENSMUSG00000000359	Rem1	protein_coding	35
ENSMUSG00000040848	Sft2d2	protein_coding	35
ENSMUSG00000035183	Slc24a5	protein_coding	35
ENSMUSG00000052926	Rnaseh2a	protein_coding	35
ENSMUSG00000075254	Heg1	protein_coding	35
ENSMUSG00000038781	Stap2	protein_coding	35
ENSMUSG00000025453	Nnt	protein_coding	35
ENSMUSG00000005142	Man2b1	protein_coding	35
ENSMUSG00000047098	Rnf31	protein_coding	35
ENSMUSG00000053134	Supt7l	protein_coding	35
ENSMUSG00000015882	Lcorl	protein_coding	35
ENSMUSG00000030020	Prickle2	protein_coding	35
ENSMUSG00000074736	Syndig1	protein_coding	35
ENSMUSG00000074738	Fndc10	protein_coding	35
ENSMUSG00000001062	Vps9d1	protein_coding	35
ENSMUSG00000024960	Plcb3	protein_coding	35
ENSMUSG00000028622	Mrpl37	protein_coding	35
ENSMUSG00000018999	Slc35b4	protein_coding	35
ENSMUSG00000059323	Tonsl	protein_coding	35
ENSMUSG00000059540	Tcea2	protein_coding	35
ENSMUSG00000025217	Btrc	protein_coding	35
ENSMUSG00000028453	Fancg	protein_coding	35
ENSMUSG00000020672	Sntg2	protein_coding	35
ENSMUSG00000053641	Dennd4a	protein_coding	35
ENSMUSG00000030036	Mogs	protein_coding	35
ENSMUSG00000025026	Add3	protein_coding	35
ENSMUSG00000031012	Cask	protein_coding	35
ENSMUSG00000070814	Zswim9	protein_coding	35
ENSMUSG00000032583	Mon1a	protein_coding	35
ENSMUSG00000059552	Trp53	protein_coding	35
ENSMUSG00000020841	Cpd	protein_coding	35
ENSMUSG00000030986	Dhx32	protein_coding	35
ENSMUSG00000002109	Ddb2	protein_coding	35
ENSMUSG00000041390	Mdfic	protein_coding	35
ENSMUSG00000041193	Pla2g5	protein_coding	35
ENSMUSG00000034701	Neurod1	protein_coding	35
ENSMUSG00000067199	Frat1	protein_coding	35
ENSMUSG00000034614	Pik3ip1	protein_coding	35
ENSMUSG00000025241	Fyco1	protein_coding	35
ENSMUSG00000046519	Golph3l	protein_coding	35
ENSMUSG00000031109	Enox2	protein_coding	35
ENSMUSG00000021814	Anxa7	protein_coding	35
ENSMUSG00000038564	Ift172	protein_coding	35
ENSMUSG00000025350	Rdh5	protein_coding	35
ENSMUSG00000071192	Wfikkn1	protein_coding	35
ENSMUSG00000074934	Grem1	protein_coding	35
ENSMUSG00000038331	Satb2	protein_coding	35
ENSMUSG00000042744	Hectd4	protein_coding	35
ENSMUSG00000040037	Negr1	protein_coding	35
ENSMUSG00000040097	Flywch1	protein_coding	35
ENSMUSG00000055980	Irs1	protein_coding	35
ENSMUSG00000055991	Zkscan5	protein_coding	35
ENSMUSG00000050796	B3galt6	protein_coding	35
ENSMUSG00000031755	Bbs2	protein_coding	35
ENSMUSG00000020990	Cdkl1	protein_coding	35
ENSMUSG00000062867	Impdh2	protein_coding	35
ENSMUSG00000054115	Skp2	protein_coding	35
ENSMUSG00000067653	Ankrd23	protein_coding	35
ENSMUSG00000020648	Dus4l	protein_coding	35
ENSMUSG00000021725	Parp8	protein_coding	35
ENSMUSG00000021732	Fgf10	protein_coding	35
ENSMUSG00000059149	Mfsd4a	protein_coding	35
ENSMUSG00000002107	Celf2	protein_coding	35
ENSMUSG00000020948	Klhl28	protein_coding	34
ENSMUSG00000021131	Erh	protein_coding	34
ENSMUSG00000021068	Nin	protein_coding	34
ENSMUSG00000068114	Ccdc134	protein_coding	34
ENSMUSG00000028995	Hycc1	protein_coding	34
ENSMUSG00000001036	Epn2	protein_coding	34
ENSMUSG00000022223	Sdr39u1	protein_coding	34
ENSMUSG00000002984	Tomm40	protein_coding	34
ENSMUSG00000056458	Mok	protein_coding	34
ENSMUSG00000041263	Rusc1	protein_coding	34
ENSMUSG00000001143	Lman2l	protein_coding	34
ENSMUSG00000073775	Kti12	protein_coding	34
ENSMUSG00000050822	Slc29a4	protein_coding	34
ENSMUSG00000041229	Phf8	protein_coding	34
ENSMUSG00000027010	Slc25a12	protein_coding	34
ENSMUSG00000020740	Gga3	protein_coding	34
ENSMUSG00000045374	Wdr81	protein_coding	34
ENSMUSG00000056917	Sipa1	protein_coding	34
ENSMUSG00000024534	Sncaip	protein_coding	34
ENSMUSG00000089832	Shkbp1	protein_coding	34
ENSMUSG00000001604	Tcea3	protein_coding	34
ENSMUSG00000038990	Cables2	protein_coding	34
ENSMUSG00000028138	Adh5	protein_coding	34
ENSMUSG00000048138	Dmrt2	protein_coding	34
ENSMUSG00000062070	Pgk1	protein_coding	34
ENSMUSG00000029388	Eif2b1	protein_coding	34
ENSMUSG00000006526	Stimate	protein_coding	34
ENSMUSG00000041112	Elmo1	protein_coding	34
ENSMUSG00000026856	Dolpp1	protein_coding	34
ENSMUSG00000026818	Cel	protein_coding	34
ENSMUSG00000039004	Bmp6	protein_coding	34
ENSMUSG00000028145	Them4	protein_coding	34
ENSMUSG00000025485	Ric8a	protein_coding	34
ENSMUSG00000045414	Dipk2a	protein_coding	34
ENSMUSG00000024579	Pcyox1l	protein_coding	34
ENSMUSG00000024580	Grpel2	protein_coding	34
ENSMUSG00000028927	Padi2	protein_coding	34
ENSMUSG00000020929	Eftud2	protein_coding	34
ENSMUSG00000021179	Nrde2	protein_coding	34
ENSMUSG00000041143	Tmco4	protein_coding	34
ENSMUSG00000029366	Dck	protein_coding	34
ENSMUSG00000018425	Dhx40	protein_coding	34
ENSMUSG00000036362	P2ry13	protein_coding	34
ENSMUSG00000024130	Abca3	protein_coding	34
ENSMUSG00000037892	Pcdh18	protein_coding	34
ENSMUSG00000047898	Ccr4	protein_coding	34
ENSMUSG00000030055	Rab43	protein_coding	34
ENSMUSG00000041653	Pnpla3	protein_coding	34
ENSMUSG00000041681	Iapp	protein_coding	34
ENSMUSG00000004996	Mri1	protein_coding	34
ENSMUSG00000048285	Frmd6	protein_coding	34
ENSMUSG00000003452	Bicd1	protein_coding	34
ENSMUSG00000030032	Wdr54	protein_coding	34
ENSMUSG00000022761	Lztr1	protein_coding	34
ENSMUSG00000034793	G6pc3	protein_coding	34
ENSMUSG00000034800	Zfp661	protein_coding	34
ENSMUSG00000026788	Zbtb43	protein_coding	34
ENSMUSG00000037325	Bbs7	protein_coding	34
ENSMUSG00000033706	Smyd5	protein_coding	34
ENSMUSG00000019326	Aoc3	protein_coding	34
ENSMUSG00000071657	Bscl2	protein_coding	34
ENSMUSG00000090946	Ccdc71l	protein_coding	34
ENSMUSG00000018574	Acadvl	protein_coding	34
ENSMUSG00000029007	Agtrap	protein_coding	34
ENSMUSG00000002949	Timm44	protein_coding	34
ENSMUSG00000073678	Pgap1	protein_coding	34
ENSMUSG00000032046	Abhd12	protein_coding	34
ENSMUSG00000024169	Ift140	protein_coding	34
ENSMUSG00000050910	Cdr2l	protein_coding	34
ENSMUSG00000041707	Tmem273	protein_coding	34
ENSMUSG00000033578	Tmem35a	protein_coding	34
ENSMUSG00000071847	Apcdd1	protein_coding	34
ENSMUSG00000044770	Scml4	protein_coding	34
ENSMUSG00000000631	Myo18a	protein_coding	34
ENSMUSG00000048772	Tmem53	protein_coding	34
ENSMUSG00000028293	Slc35a1	protein_coding	34
ENSMUSG00000022323	Rida	protein_coding	34
ENSMUSG00000030533	Unc45a	protein_coding	34
ENSMUSG00000030538	Cib1	protein_coding	34
ENSMUSG00000038780	Smurf1	protein_coding	34
ENSMUSG00000025375	Aatk	protein_coding	34
ENSMUSG00000027246	Ell3	protein_coding	34
ENSMUSG00000000214	Th	protein_coding	34
ENSMUSG00000036492	Rnf39	protein_coding	34
ENSMUSG00000036499	Eea1	protein_coding	34
ENSMUSG00000027207	Galk2	protein_coding	34
ENSMUSG00000027285	Haus2	protein_coding	34
ENSMUSG00000052131	Akr1b7	protein_coding	34
ENSMUSG00000044707	Ccnjl	protein_coding	34
ENSMUSG00000044708	Kcnj10	protein_coding	34
ENSMUSG00000005674	Tomm40l	protein_coding	34
ENSMUSG00000030752	Kdm8	protein_coding	34
ENSMUSG00000020782	Llgl2	protein_coding	34
ENSMUSG00000034064	Poglut1	protein_coding	34
ENSMUSG00000034108	Ccs	protein_coding	34
ENSMUSG00000022246	Rai14	protein_coding	34
ENSMUSG00000056201	Cfl1	protein_coding	34
ENSMUSG00000038700	Hoxb5	protein_coding	34
ENSMUSG00000041891	Lman1	protein_coding	34
ENSMUSG00000040714	Klc3	protein_coding	34
ENSMUSG00000021245	Mlh3	protein_coding	34
ENSMUSG00000053870	Fpgt	protein_coding	34
ENSMUSG00000053746	Ptrh1	protein_coding	34
ENSMUSG00000030087	Klf15	protein_coding	34
ENSMUSG00000022972	Cfap298	protein_coding	34
ENSMUSG00000022912	Pros1	protein_coding	34
ENSMUSG00000053004	Hrh1	protein_coding	34
ENSMUSG00000000194	Gpr107	protein_coding	34
ENSMUSG00000050390	Nhsl3	protein_coding	34
ENSMUSG00000050271	Prag1	protein_coding	34
ENSMUSG00000004462	Tbccd1	protein_coding	34
ENSMUSG00000004530	Coro1c	protein_coding	34
ENSMUSG00000026650	Meig1	protein_coding	34
ENSMUSG00000027225	Duoxa2	protein_coding	34
ENSMUSG00000033436	Armcx2	protein_coding	34
ENSMUSG00000057147	Dph6	protein_coding	34
ENSMUSG00000025892	Gria4	protein_coding	34
ENSMUSG00000044252	Osbpl1a	protein_coding	34
ENSMUSG00000011831	Evi5	protein_coding	34
ENSMUSG00000020198	Ap3d1	protein_coding	34
ENSMUSG00000021266	Wars1	protein_coding	34
ENSMUSG00000020895	Tmem107	protein_coding	34
ENSMUSG00000040624	Plekhg1	protein_coding	34
ENSMUSG00000026608	Kctd3	protein_coding	34
ENSMUSG00000024680	Ms4a2	protein_coding	34
ENSMUSG00000070369	Itgad	protein_coding	34
ENSMUSG00000024921	Smarca2	protein_coding	34
ENSMUSG00000020325	Fstl3	protein_coding	34
ENSMUSG00000047361	Gm973	protein_coding	34
ENSMUSG00000024830	Rps6kb2	protein_coding	34
ENSMUSG00000016942	Tmprss6	protein_coding	34
ENSMUSG00000022043	Trim35	protein_coding	34
ENSMUSG00000020799	Tekt1	protein_coding	34
ENSMUSG00000057531	Dtnbp1	protein_coding	34
ENSMUSG00000039234	Sec24d	protein_coding	34
ENSMUSG00000025373	Rnf41	protein_coding	34
ENSMUSG00000029757	Dync1i1	protein_coding	34
ENSMUSG00000028857	Tmem222	protein_coding	34
ENSMUSG00000024750	Zfand5	protein_coding	34
ENSMUSG00000041949	Tango6	protein_coding	34
ENSMUSG00000041974	Spidr	protein_coding	34
ENSMUSG00000032198	Dock6	protein_coding	34
ENSMUSG00000051169	Rpusd3	protein_coding	34
ENSMUSG00000036022	Pabir2	protein_coding	34
ENSMUSG00000036667	Tcaf1	protein_coding	34
ENSMUSG00000040532	Abhd11	protein_coding	34
ENSMUSG00000050212	Eva1b	protein_coding	34
ENSMUSG00000021256	Vash1	protein_coding	34
ENSMUSG00000037138	Aff3	protein_coding	34
ENSMUSG00000039202	Abhd2	protein_coding	34
ENSMUSG00000072553	Gm525	protein_coding	34
ENSMUSG00000019373	Cops3	protein_coding	34
ENSMUSG00000005949	Ctns	protein_coding	34
ENSMUSG00000074577	Ripor3	protein_coding	34
ENSMUSG00000033365	Ipo13	protein_coding	34
ENSMUSG00000033253	Szt2	protein_coding	34
ENSMUSG00000020904	Cfap52	protein_coding	34
ENSMUSG00000020905	Usp43	protein_coding	34
ENSMUSG00000017774	Myo1c	protein_coding	34
ENSMUSG00000003282	Plag1	protein_coding	34
ENSMUSG00000070730	Rmdn3	protein_coding	34
ENSMUSG00000025008	Tctn3	protein_coding	34
ENSMUSG00000038079	Tmem237	protein_coding	34
ENSMUSG00000004934	Pias4	protein_coding	34
ENSMUSG00000037638	Zbtb42	protein_coding	34
ENSMUSG00000018012	Rac3	protein_coding	34
ENSMUSG00000037349	Nudt22	protein_coding	34
ENSMUSG00000020272	Stk10	protein_coding	34
ENSMUSG00000034177	Rnf43	protein_coding	34
ENSMUSG00000055917	Zfp277	protein_coding	34
ENSMUSG00000030495	Slc7a10	protein_coding	34
ENSMUSG00000026620	Mark1	protein_coding	34
ENSMUSG00000020019	Ntn4	protein_coding	34
ENSMUSG00000027378	Nphp1	protein_coding	34
ENSMUSG00000019823	Mical1	protein_coding	34
ENSMUSG00000032180	Tmed1	protein_coding	34
ENSMUSG00000075707	Dio3	protein_coding	34
ENSMUSG00000029120	Ppp2r2c	protein_coding	34
ENSMUSG00000033200	Tpsg1	protein_coding	34
ENSMUSG00000021983	Atp8a2	protein_coding	34
ENSMUSG00000002820	Atg4d	protein_coding	34
ENSMUSG00000039414	Heatr5b	protein_coding	34
ENSMUSG00000055670	Zzef1	protein_coding	34
ENSMUSG00000038545	Cul7	protein_coding	34
ENSMUSG00000028389	Zfp37	protein_coding	34
ENSMUSG00000025036	Sfxn2	protein_coding	34
ENSMUSG00000067367	Lyar	protein_coding	34
ENSMUSG00000030127	Cops7a	protein_coding	34
ENSMUSG00000027430	Dtd1	protein_coding	34
ENSMUSG00000073481	Mtarc2	protein_coding	34
ENSMUSG00000021458	Aopep	protein_coding	34
ENSMUSG00000042155	Klhl23	protein_coding	34
ENSMUSG00000028381	Ugcg	protein_coding	34
ENSMUSG00000057816	Cfap299	protein_coding	34
ENSMUSG00000064307	Lrrc51	protein_coding	34
ENSMUSG00000039552	Rsph4a	protein_coding	34
ENSMUSG00000035722	Abca7	protein_coding	34
ENSMUSG00000029102	Hgfac	protein_coding	34
ENSMUSG00000043572	Pars2	protein_coding	34
ENSMUSG00000005103	Wdr1	protein_coding	34
ENSMUSG00000031447	Lamp1	protein_coding	34
ENSMUSG00000026527	Rgs7	protein_coding	34
ENSMUSG00000040389	Wdr47	protein_coding	34
ENSMUSG00000040410	Fbxl4	protein_coding	34
ENSMUSG00000027489	Necab3	protein_coding	34
ENSMUSG00000038000	Acd	protein_coding	34
ENSMUSG00000013419	Zbtb47	protein_coding	34
ENSMUSG00000039623	Ap5z1	protein_coding	34
ENSMUSG00000039628	Hs3st6	protein_coding	34
ENSMUSG00000006021	Kptn	protein_coding	34
ENSMUSG00000026003	Acadl	protein_coding	34
ENSMUSG00000043621	Ubxn10	protein_coding	34
ENSMUSG00000049553	Polr1a	protein_coding	34
ENSMUSG00000026096	Osgepl1	protein_coding	34
ENSMUSG00000026171	Rnf25	protein_coding	34
ENSMUSG00000032340	Neo1	protein_coding	34
ENSMUSG00000042331	Specc1	protein_coding	34
ENSMUSG00000042660	Wdr55	protein_coding	34
ENSMUSG00000028542	Slc6a9	protein_coding	34
ENSMUSG00000013236	Ptprs	protein_coding	34
ENSMUSG00000001948	Spa17	protein_coding	34
ENSMUSG00000054640	Slc8a1	protein_coding	34
ENSMUSG00000031355	Arhgap6	protein_coding	34
ENSMUSG00000021636	Marveld2	protein_coding	34
ENSMUSG00000079610	Ankrd39	protein_coding	34
ENSMUSG00000024339	Tap2	protein_coding	34
ENSMUSG00000040270	Bach2	protein_coding	34
ENSMUSG00000021957	Tkt	protein_coding	34
ENSMUSG00000030873	Scnn1b	protein_coding	34
ENSMUSG00000019518	Ap4m1	protein_coding	34
ENSMUSG00000028431	Elp1	protein_coding	34
ENSMUSG00000028456	Unc13b	protein_coding	34
ENSMUSG00000019088	Dnase1l1	protein_coding	34
ENSMUSG00000036902	Neto2	protein_coding	34
ENSMUSG00000048616	Nog	protein_coding	34
ENSMUSG00000048578	Mlec	protein_coding	34
ENSMUSG00000025255	Zfhx4	protein_coding	34
ENSMUSG00000017412	Cacnb4	protein_coding	34
ENSMUSG00000032503	Arpp21	protein_coding	34
ENSMUSG00000026288	Inpp5d	protein_coding	34
ENSMUSG00000038286	Bphl	protein_coding	34
ENSMUSG00000020387	Jade2	protein_coding	34
ENSMUSG00000070056	Mfhas1	protein_coding	34
ENSMUSG00000070306	Ccdc153	protein_coding	34
ENSMUSG00000035062	Zc4h2	protein_coding	34
ENSMUSG00000052920	Prkg1	protein_coding	34
ENSMUSG00000110206	Flt3l	protein_coding	34
ENSMUSG00000043259	Fam13c	protein_coding	34
ENSMUSG00000027778	Ift80	protein_coding	34
ENSMUSG00000072966	Gprasp2	protein_coding	34
ENSMUSG00000039607	Rbms3	protein_coding	34
ENSMUSG00000021838	Samd4	protein_coding	34
ENSMUSG00000021846	Peli2	protein_coding	34
ENSMUSG00000039810	Zc3h10	protein_coding	34
ENSMUSG00000032604	Qars1	protein_coding	34
ENSMUSG00000032567	Aste1	protein_coding	34
ENSMUSG00000032586	Traip	protein_coding	34
ENSMUSG00000031143	Ccdc22	protein_coding	34
ENSMUSG00000032648	Pygm	protein_coding	34
ENSMUSG00000032652	Crebl2	protein_coding	34
ENSMUSG00000007338	Mrpl49	protein_coding	34
ENSMUSG00000020538	Srebf1	protein_coding	34
ENSMUSG00000036890	Gtdc1	protein_coding	34
ENSMUSG00000027752	Exosc8	protein_coding	34
ENSMUSG00000043164	Tmem212	protein_coding	34
ENSMUSG00000043183	Simc1	protein_coding	34
ENSMUSG00000039840	Epg5	protein_coding	34
ENSMUSG00000027690	Slc2a2	protein_coding	34
ENSMUSG00000027692	Tnik	protein_coding	34
ENSMUSG00000040128	Pnrc1	protein_coding	34
ENSMUSG00000029207	Apbb2	protein_coding	34
ENSMUSG00000024261	Syt4	protein_coding	34
ENSMUSG00000069520	Tmem19	protein_coding	34
ENSMUSG00000038332	Sesn1	protein_coding	34
ENSMUSG00000028524	Sgip1	protein_coding	34
ENSMUSG00000025173	Wdr45b	protein_coding	34
ENSMUSG00000022471	Xrcc6	protein_coding	34
ENSMUSG00000025157	Zdhhc16	protein_coding	34
ENSMUSG00000030323	Ift122	protein_coding	34
ENSMUSG00000032714	Syde1	protein_coding	34
ENSMUSG00000021703	Serinc5	protein_coding	34
ENSMUSG00000034449	Dhrs11	protein_coding	34
ENSMUSG00000022537	Tmem44	protein_coding	34
ENSMUSG00000022546	Gpt	protein_coding	34
ENSMUSG00000024354	Slc23a1	protein_coding	34
ENSMUSG00000049686	Orai1	protein_coding	34
ENSMUSG00000049687	Pheta2	protein_coding	34
ENSMUSG00000039976	Tbc1d16	protein_coding	34
ENSMUSG00000040118	Cacna2d1	protein_coding	34
ENSMUSG00000040121	Rep15	protein_coding	34
ENSMUSG00000002731	Prkra	protein_coding	34
ENSMUSG00000030269	Mtmr14	protein_coding	34
ENSMUSG00000030353	Tead4	protein_coding	34
ENSMUSG00000003680	Taf6l	protein_coding	34
ENSMUSG00000029828	Spmip4	protein_coding	34
ENSMUSG00000040111	Gramd1b	protein_coding	34
ENSMUSG00000026258	Snorc	protein_coding	34
ENSMUSG00000026205	Slc23a3	protein_coding	34
ENSMUSG00000032776	Mctp2	protein_coding	34
ENSMUSG00000021733	Slc4a7	protein_coding	34
ENSMUSG00000022999	Lmbr1l	protein_coding	34
ENSMUSG00000037443	Cep85	protein_coding	34
ENSMUSG00000020289	Nprl3	protein_coding	34
ENSMUSG00000031805	Jak3	protein_coding	34
ENSMUSG00000031757	Mt4	protein_coding	34
ENSMUSG00000021061	Sptb	protein_coding	34
ENSMUSG00000001751	Naglu	protein_coding	34
ENSMUSG00000036225	Kctd1	protein_coding	34
ENSMUSG00000024044	Epb41l3	protein_coding	34
ENSMUSG00000031835	Mbtps1	protein_coding	34
ENSMUSG00000096215	Smim22	protein_coding	34
ENSMUSG00000031698	Mylk3	protein_coding	34
ENSMUSG00000015747	Vps45	protein_coding	34
ENSMUSG00000002308	Cd320	protein_coding	34
ENSMUSG00000026893	Gca	protein_coding	34
ENSMUSG00000029998	Pcyox1	protein_coding	34
ENSMUSG00000029999	Tgfa	protein_coding	34
ENSMUSG00000024812	Tjp2	protein_coding	34
ENSMUSG00000009739	Pou6f1	protein_coding	34
ENSMUSG00000000085	Scmh1	protein_coding	34
ENSMUSG00000026971	Itgb6	protein_coding	34
ENSMUSG00000026976	Pax8	protein_coding	34
ENSMUSG00000021038	Vipas39	protein_coding	34
ENSMUSG00000041423	Paqr6	protein_coding	34
ENSMUSG00000019889	Ptprk	protein_coding	34
ENSMUSG00000019891	Dcbld1	protein_coding	33
ENSMUSG00000062609	Kcnj15	protein_coding	33
ENSMUSG00000041355	Ssr2	protein_coding	33
ENSMUSG00000053226	Dand5	protein_coding	33
ENSMUSG00000073910	Mob3b	protein_coding	33
ENSMUSG00000041506	Rrp9	protein_coding	33
ENSMUSG00000036270	Edc4	protein_coding	33
ENSMUSG00000031858	Mau2	protein_coding	33
ENSMUSG00000062908	Acadm	protein_coding	33
ENSMUSG00000028920	Fbxo42	protein_coding	33
ENSMUSG00000058897	Col25a1	protein_coding	33
ENSMUSG00000032803	Cdv3	protein_coding	33
ENSMUSG00000039865	Slc44a3	protein_coding	33
ENSMUSG00000031917	Nip7	protein_coding	33
ENSMUSG00000031919	Tmed6	protein_coding	33
ENSMUSG00000031938	4931406C07Rik	protein_coding	33
ENSMUSG00000056899	Immp2l	protein_coding	33
ENSMUSG00000002012	Pnck	protein_coding	33
ENSMUSG00000002014	Ssr4	protein_coding	33
ENSMUSG00000035378	Shq1	protein_coding	33
ENSMUSG00000029782	Tmem209	protein_coding	33
ENSMUSG00000038982	Bloc1s5	protein_coding	33
ENSMUSG00000025583	Rptor	protein_coding	33
ENSMUSG00000037845	Fdxacb1	protein_coding	33
ENSMUSG00000018398	Septin8	protein_coding	33
ENSMUSG00000000561	Wdr77	protein_coding	33
ENSMUSG00000036285	Noa1	protein_coding	33
ENSMUSG00000036292	Gramd1c	protein_coding	33
ENSMUSG00000074918	Inafm2	protein_coding	33
ENSMUSG00000030284	Creld1	protein_coding	33
ENSMUSG00000054808	Actn4	protein_coding	33
ENSMUSG00000038271	Iffo1	protein_coding	33
ENSMUSG00000028469	Npr2	protein_coding	33
ENSMUSG00000028555	Ttc39a	protein_coding	33
ENSMUSG00000028488	Sh3gl2	protein_coding	33
ENSMUSG00000016510	Mtif3	protein_coding	33
ENSMUSG00000046668	Cxxc5	protein_coding	33
ENSMUSG00000025212	Sfxn3	protein_coding	33
ENSMUSG00000055296	Tmem245	protein_coding	33
ENSMUSG00000022466	Rpap3	protein_coding	33
ENSMUSG00000046856	Cmklr2	protein_coding	33
ENSMUSG00000022517	Mgrn1	protein_coding	33
ENSMUSG00000032561	Acp3	protein_coding	33
ENSMUSG00000059475	Zfp426	protein_coding	33
ENSMUSG00000019789	Hey2	protein_coding	33
ENSMUSG00000040174	Alkbh3	protein_coding	33
ENSMUSG00000042644	Itpr3	protein_coding	33
ENSMUSG00000032502	Stac	protein_coding	33
ENSMUSG00000035845	Alg12	protein_coding	33
ENSMUSG00000078607	1810010H24Rik	protein_coding	33
ENSMUSG00000029175	Slc35f6	protein_coding	33
ENSMUSG00000026189	Pecr	protein_coding	33
ENSMUSG00000027674	Pex5l	protein_coding	33
ENSMUSG00000039883	Lrrc17	protein_coding	33
ENSMUSG00000039851	Epcip	protein_coding	33
ENSMUSG00000020122	Egfr	protein_coding	33
ENSMUSG00000036862	Dchs1	protein_coding	33
ENSMUSG00000025104	Hdgfl3	protein_coding	33
ENSMUSG00000025169	Ogfod3	protein_coding	33
ENSMUSG00000038279	Nop2	protein_coding	33
ENSMUSG00000020411	Nipal4	protein_coding	33
ENSMUSG00000070287	Slc35g2	protein_coding	33
ENSMUSG00000035107	Dcbld2	protein_coding	33
ENSMUSG00000055401	Fbxo6	protein_coding	33
ENSMUSG00000039735	Fnbp1l	protein_coding	33
ENSMUSG00000072980	Oip5	protein_coding	33
ENSMUSG00000033021	Gmppa	protein_coding	33
ENSMUSG00000039747	Orai2	protein_coding	33
ENSMUSG00000002059	Rab34	protein_coding	33
ENSMUSG00000032564	Cpne4	protein_coding	33
ENSMUSG00000052676	Zmat1	protein_coding	33
ENSMUSG00000052593	Adam17	protein_coding	33
ENSMUSG00000075415	Fnbp1	protein_coding	33
ENSMUSG00000048732	Klhl11	protein_coding	33
ENSMUSG00000079470	Utp14b	protein_coding	33
ENSMUSG00000032932	Hspa13	protein_coding	33
ENSMUSG00000032952	Ap4b1	protein_coding	33
ENSMUSG00000058440	Nrf1	protein_coding	33
ENSMUSG00000049396	Gemin4	protein_coding	33
ENSMUSG00000036995	Asap3	protein_coding	33
ENSMUSG00000090439	Gm17455	protein_coding	33
ENSMUSG00000049624	Slc17a5	protein_coding	33
ENSMUSG00000004565	Pnpla6	protein_coding	33
ENSMUSG00000046709	Mapk10	protein_coding	33
ENSMUSG00000034295	Fhod3	protein_coding	33
ENSMUSG00000026413	Pkp1	protein_coding	33
ENSMUSG00000037525	Bcdin3d	protein_coding	33
ENSMUSG00000018698	Lhx1	protein_coding	33
ENSMUSG00000032412	Atp1b3	protein_coding	33
ENSMUSG00000059991	Nptx2	protein_coding	33
ENSMUSG00000036819	Jmjd4	protein_coding	33
ENSMUSG00000102418	Sh2d1b1	protein_coding	33
ENSMUSG00000023919	Cenpq	protein_coding	33
ENSMUSG00000006289	Osgep	protein_coding	33
ENSMUSG00000026471	Mr1	protein_coding	33
ENSMUSG00000030880	Polr3e	protein_coding	33
ENSMUSG00000028444	Cntfr	protein_coding	33
ENSMUSG00000046447	Camk2n1	protein_coding	33
ENSMUSG00000028411	Aptx	protein_coding	33
ENSMUSG00000060224	Pyroxd2	protein_coding	33
ENSMUSG00000040387	Klhl32	protein_coding	33
ENSMUSG00000038155	Gstp2	protein_coding	33
ENSMUSG00000058317	Ube2e2	protein_coding	33
ENSMUSG00000020159	Gabrp	protein_coding	33
ENSMUSG00000049580	Tsku	protein_coding	33
ENSMUSG00000024411	Aqp4	protein_coding	33
ENSMUSG00000023830	Igf2r	protein_coding	33
ENSMUSG00000035681	Kcnc2	protein_coding	33
ENSMUSG00000026494	Kif26b	protein_coding	33
ENSMUSG00000032434	Cmtm6	protein_coding	33
ENSMUSG00000020679	Hnf1b	protein_coding	33
ENSMUSG00000024997	Prdx3	protein_coding	33
ENSMUSG00000034593	Myo5a	protein_coding	33
ENSMUSG00000022629	Kif21a	protein_coding	33
ENSMUSG00000040433	Zbtb38	protein_coding	33
ENSMUSG00000015401	Cltrn	protein_coding	33
ENSMUSG00000028391	Wdr31	protein_coding	33
ENSMUSG00000055407	Map6	protein_coding	33
ENSMUSG00000022445	Cyp2d26	protein_coding	33
ENSMUSG00000035637	Grhpr	protein_coding	33
ENSMUSG00000068417	Pnp2	protein_coding	33
ENSMUSG00000051851	Rtl8c	protein_coding	33
ENSMUSG00000027845	Dclre1b	protein_coding	33
ENSMUSG00000043592	Unc5cl	protein_coding	33
ENSMUSG00000043419	Rnf227	protein_coding	33
ENSMUSG00000022641	Bbx	protein_coding	33
ENSMUSG00000022656	Nectin3	protein_coding	33
ENSMUSG00000032349	Elovl5	protein_coding	33
ENSMUSG00000032311	Nrg4	protein_coding	33
ENSMUSG00000063698	Sfxn4	protein_coding	33
ENSMUSG00000051483	Cbr1	protein_coding	33
ENSMUSG00000000486	Septin1	protein_coding	33
ENSMUSG00000027387	Zc3h8	protein_coding	33
ENSMUSG00000027394	Ttl	protein_coding	33
ENSMUSG00000032204	Aqp9	protein_coding	33
ENSMUSG00000020792	Exoc7	protein_coding	33
ENSMUSG00000002812	Flii	protein_coding	33
ENSMUSG00000022414	Tab1	protein_coding	33
ENSMUSG00000055809	Dnaaf3	protein_coding	33
ENSMUSG00000038143	Stox2	protein_coding	33
ENSMUSG00000047586	Nccrp1	protein_coding	33
ENSMUSG00000040356	Skic2	protein_coding	33
ENSMUSG00000032263	Bckdhb	protein_coding	33
ENSMUSG00000060733	Ipmk	protein_coding	33
ENSMUSG00000048440	Cyp4f16	protein_coding	33
ENSMUSG00000028854	Slc9a1	protein_coding	33
ENSMUSG00000000276	Dgke	protein_coding	33
ENSMUSG00000035158	Mitf	protein_coding	33
ENSMUSG00000037353	Letmd1	protein_coding	33
ENSMUSG00000037266	Rsrp1	protein_coding	33
ENSMUSG00000069920	B3gnt9	protein_coding	33
ENSMUSG00000020413	Hus1	protein_coding	33
ENSMUSG00000025314	Ptprj	protein_coding	33
ENSMUSG00000066366	Serpina1a	protein_coding	33
ENSMUSG00000026621	Mtarc1	protein_coding	33
ENSMUSG00000024253	Dync2li1	protein_coding	33
ENSMUSG00000069255	Dusp22	protein_coding	33
ENSMUSG00000029275	Gfi1	protein_coding	33
ENSMUSG00000020549	Elac2	protein_coding	33
ENSMUSG00000036009	Mettl25	protein_coding	33
ENSMUSG00000029246	Ppat	protein_coding	33
ENSMUSG00000032128	Robo3	protein_coding	33
ENSMUSG00000035237	Lcat	protein_coding	33
ENSMUSG00000052085	Dock8	protein_coding	33
ENSMUSG00000068206	Pick1	protein_coding	33
ENSMUSG00000068267	Cenpb	protein_coding	33
ENSMUSG00000029036	Atad3a	protein_coding	33
ENSMUSG00000044167	Foxo1	protein_coding	33
ENSMUSG00000043964	Orai3	protein_coding	33
ENSMUSG00000024426	Atat1	protein_coding	33
ENSMUSG00000026496	Parp1	protein_coding	33
ENSMUSG00000042216	Sgsm1	protein_coding	33
ENSMUSG00000060807	Serpina6	protein_coding	33
ENSMUSG00000021432	Slc35b3	protein_coding	33
ENSMUSG00000054277	Arfgap3	protein_coding	33
ENSMUSG00000006784	Odad4	protein_coding	33
ENSMUSG00000070371	Prss36	protein_coding	33
ENSMUSG00000053950	Adnp2	protein_coding	33
ENSMUSG00000022766	Serpind1	protein_coding	33
ENSMUSG00000037972	Snn	protein_coding	33
ENSMUSG00000022094	Slc39a14	protein_coding	33
ENSMUSG00000039221	Rpl22l1	protein_coding	33
ENSMUSG00000039230	Tbcd	protein_coding	33
ENSMUSG00000025932	Eya1	protein_coding	33
ENSMUSG00000045975	C2cd2	protein_coding	33
ENSMUSG00000045934	Mtmr11	protein_coding	33
ENSMUSG00000024613	Tcof1	protein_coding	33
ENSMUSG00000035266	Helq	protein_coding	33
ENSMUSG00000035232	Pdk3	protein_coding	33
ENSMUSG00000037573	Tob1	protein_coding	33
ENSMUSG00000024210	Ip6k3	protein_coding	33
ENSMUSG00000050323	Ndufaf6	protein_coding	33
ENSMUSG00000069171	Nr2f1	protein_coding	33
ENSMUSG00000029554	Mad1l1	protein_coding	33
ENSMUSG00000026709	Dars2	protein_coding	33
ENSMUSG00000026698	Pigc	protein_coding	33
ENSMUSG00000038702	Dsel	protein_coding	33
ENSMUSG00000038576	Susd4	protein_coding	33
ENSMUSG00000079243	Xirp1	protein_coding	33
ENSMUSG00000049482	Ctu2	protein_coding	33
ENSMUSG00000035472	Slc25a21	protein_coding	33
ENSMUSG00000029727	Cyp3a13	protein_coding	33
ENSMUSG00000052271	Bhlha15	protein_coding	33
ENSMUSG00000039176	Polg	protein_coding	33
ENSMUSG00000057219	Armc7	protein_coding	33
ENSMUSG00000006522	Itih3	protein_coding	33
ENSMUSG00000040759	Cmtm5	protein_coding	33
ENSMUSG00000022159	Rab2b	protein_coding	33
ENSMUSG00000020781	Tsen54	protein_coding	33
ENSMUSG00000033717	Adra2a	protein_coding	33
ENSMUSG00000045534	Kcna5	protein_coding	33
ENSMUSG00000041774	Ydjc	protein_coding	33
ENSMUSG00000041779	Tram2	protein_coding	33
ENSMUSG00000030082	Sec61a1	protein_coding	33
ENSMUSG00000047419	Cmya5	protein_coding	33
ENSMUSG00000024782	Ak3	protein_coding	33
ENSMUSG00000040669	Phc1	protein_coding	33
ENSMUSG00000061898	Rbak	protein_coding	33
ENSMUSG00000061723	Tnnt3	protein_coding	33
ENSMUSG00000021238	Aldh6a1	protein_coding	33
ENSMUSG00000033752	Mnd1	protein_coding	33
ENSMUSG00000038718	Pbx3	protein_coding	33
ENSMUSG00000020706	Ftsj3	protein_coding	33
ENSMUSG00000079057	Cyp4v3	protein_coding	33
ENSMUSG00000027244	Atg13	protein_coding	33
ENSMUSG00000027253	Lrp4	protein_coding	33
ENSMUSG00000051184	Zfp524	protein_coding	33
ENSMUSG00000036473	Tbc1d24	protein_coding	33
ENSMUSG00000050447	Lypd6	protein_coding	33
ENSMUSG00000029516	Cit	protein_coding	33
ENSMUSG00000029472	Anapc5	protein_coding	33
ENSMUSG00000035960	Apex1	protein_coding	33
ENSMUSG00000052833	Sae1	protein_coding	33
ENSMUSG00000037933	Bicd2	protein_coding	33
ENSMUSG00000031631	Cfap97	protein_coding	33
ENSMUSG00000028085	Gatb	protein_coding	33
ENSMUSG00000028127	Abcd3	protein_coding	33
ENSMUSG00000028068	Iqgap3	protein_coding	33
ENSMUSG00000037196	Pacrg	protein_coding	33
ENSMUSG00000018623	Mmp7	protein_coding	33
ENSMUSG00000002871	Tpra1	protein_coding	33
ENSMUSG00000022219	Cideb	protein_coding	33
ENSMUSG00000033658	Ddx19b	protein_coding	33
ENSMUSG00000041729	Coro2b	protein_coding	33
ENSMUSG00000027222	Pex16	protein_coding	33
ENSMUSG00000027195	Hsd17b12	protein_coding	33
ENSMUSG00000020921	Tmem101	protein_coding	33
ENSMUSG00000011034	Slc5a1	protein_coding	33
ENSMUSG00000027015	Cybrd1	protein_coding	33
ENSMUSG00000025602	Zfp202	protein_coding	33
ENSMUSG00000025607	Copg2	protein_coding	33
ENSMUSG00000045007	Tubg2	protein_coding	33
ENSMUSG00000025742	Prps2	protein_coding	33
ENSMUSG00000025508	Rplp2	protein_coding	33
ENSMUSG00000075590	Nrbp2	protein_coding	33
ENSMUSG00000028970	Abcb1b	protein_coding	33
ENSMUSG00000031974	Abcb10	protein_coding	33
ENSMUSG00000041037	Irgq	protein_coding	33
ENSMUSG00000022843	Clcn2	protein_coding	33
ENSMUSG00000022842	Ece2	protein_coding	33
ENSMUSG00000026311	Asb1	protein_coding	33
ENSMUSG00000041308	Sntb2	protein_coding	33
ENSMUSG00000026928	Card9	protein_coding	33
ENSMUSG00000021007	Spata7	protein_coding	33
ENSMUSG00000056459	Zbtb25	protein_coding	33
ENSMUSG00000030621	Me3	protein_coding	33
ENSMUSG00000033849	B3galt2	protein_coding	33
ENSMUSG00000022210	Dhrs4	protein_coding	33
ENSMUSG00000074030	Exoc8	protein_coding	33
ENSMUSG00000041147	Brca2	protein_coding	33
ENSMUSG00000031667	Aktip	protein_coding	33
ENSMUSG00000031671	Setd6	protein_coding	33
ENSMUSG00000021109	Hif1a	protein_coding	33
ENSMUSG00000024098	Twsg1	protein_coding	33
ENSMUSG00000041552	Ptchd1	protein_coding	33
ENSMUSG00000029189	Sel1l3	protein_coding	33
ENSMUSG00000073139	Tmem185a	protein_coding	33
ENSMUSG00000040061	Plcb2	protein_coding	33
ENSMUSG00000059363	Fxn	protein_coding	33
ENSMUSG00000021708	Rasgrf2	protein_coding	33
ENSMUSG00000027714	Exosc9	protein_coding	33
ENSMUSG00000032846	Zswim6	protein_coding	33
ENSMUSG00000032743	Katnip	protein_coding	33
ENSMUSG00000031133	Arhgef6	protein_coding	33
ENSMUSG00000007646	Rad51c	protein_coding	33
ENSMUSG00000028894	Inpp5b	protein_coding	33
ENSMUSG00000037343	Taf2	protein_coding	33
ENSMUSG00000035179	Saxo4	protein_coding	33
ENSMUSG00000026304	Rab17	protein_coding	33
ENSMUSG00000063142	Kcnma1	protein_coding	32
ENSMUSG00000020949	Fkbp3	protein_coding	32
ENSMUSG00000031697	Orc6	protein_coding	32
ENSMUSG00000029490	Slc49a3	protein_coding	32
ENSMUSG00000024041	Cryaa	protein_coding	32
ENSMUSG00000024064	Galnt14	protein_coding	32
ENSMUSG00000050919	Zfp366	protein_coding	32
ENSMUSG00000041471	Shld2	protein_coding	32
ENSMUSG00000062127	Cttnbp2nl	protein_coding	32
ENSMUSG00000037788	Vopp1	protein_coding	32
ENSMUSG00000037822	Smim14	protein_coding	32
ENSMUSG00000009545	Kcnq1	protein_coding	32
ENSMUSG00000022848	Slc49a4	protein_coding	32
ENSMUSG00000001786	Fbxo7	protein_coding	32
ENSMUSG00000034848	Ttc21b	protein_coding	32
ENSMUSG00000036368	Rmdn2	protein_coding	32
ENSMUSG00000036330	Slc18a1	protein_coding	32
ENSMUSG00000031969	Acad8	protein_coding	32
ENSMUSG00000029063	Nadk	protein_coding	32
ENSMUSG00000029056	Pank4	protein_coding	32
ENSMUSG00000037224	Zfyve28	protein_coding	32
ENSMUSG00000039063	Echdc3	protein_coding	32
ENSMUSG00000033703	Fcsk	protein_coding	32
ENSMUSG00000037316	Bag4	protein_coding	32
ENSMUSG00000024589	Nedd4l	protein_coding	32
ENSMUSG00000045639	Zfp629	protein_coding	32
ENSMUSG00000045441	Gprin3	protein_coding	32
ENSMUSG00000025489	Ifitm5	protein_coding	32
ENSMUSG00000019235	Rps6kl1	protein_coding	32
ENSMUSG00000024533	Spire1	protein_coding	32
ENSMUSG00000020444	Guk1	protein_coding	32
ENSMUSG00000029780	Nt5c3	protein_coding	32
ENSMUSG00000001986	Gria3	protein_coding	32
ENSMUSG00000033590	Myo5c	protein_coding	32
ENSMUSG00000052387	Trpm3	protein_coding	32
ENSMUSG00000052331	Ankrd44	protein_coding	32
ENSMUSG00000079043	Fastkd5	protein_coding	32
ENSMUSG00000045790	Ccdc149	protein_coding	32
ENSMUSG00000025383	Il23a	protein_coding	32
ENSMUSG00000005533	Igf1r	protein_coding	32
ENSMUSG00000038721	Hoxb7	protein_coding	32
ENSMUSG00000033697	Arhgap39	protein_coding	32
ENSMUSG00000017316	Ppy	protein_coding	32
ENSMUSG00000017314	Mpp2	protein_coding	32
ENSMUSG00000074682	Zcchc3	protein_coding	32
ENSMUSG00000025911	Adhfe1	protein_coding	32
ENSMUSG00000044595	Dnd1	protein_coding	32
ENSMUSG00000002908	Kcnn1	protein_coding	32
ENSMUSG00000017146	Brca1	protein_coding	32
ENSMUSG00000029097	Trmt44	protein_coding	32
ENSMUSG00000044345	Marveld1	protein_coding	32
ENSMUSG00000019261	Map1s	protein_coding	32
ENSMUSG00000057322	Rpl38	protein_coding	32
ENSMUSG00000025880	Smad7	protein_coding	32
ENSMUSG00000038604	Ripor1	protein_coding	32
ENSMUSG00000025358	Cdk2	protein_coding	32
ENSMUSG00000046034	Otulin	protein_coding	32
ENSMUSG00000022244	Amacr	protein_coding	32
ENSMUSG00000034159	Mab21l4	protein_coding	32
ENSMUSG00000030474	Siglece	protein_coding	32
ENSMUSG00000097789	Ctxnd1	protein_coding	32
ENSMUSG00000030732	Chrdl2	protein_coding	32
ENSMUSG00000022195	6030458C11Rik	protein_coding	32
ENSMUSG00000057594	Arl16	protein_coding	32
ENSMUSG00000022031	Elp3	protein_coding	32
ENSMUSG00000039195	Bbln	protein_coding	32
ENSMUSG00000037134	Prmt9	protein_coding	32
ENSMUSG00000035239	Neu3	protein_coding	32
ENSMUSG00000035200	Chrnb4	protein_coding	32
ENSMUSG00000091996	Smim35	protein_coding	32
ENSMUSG00000019039	Dalrd3	protein_coding	32
ENSMUSG00000038685	Rtel1	protein_coding	32
ENSMUSG00000046207	Pik3r6	protein_coding	32
ENSMUSG00000044475	Ascc1	protein_coding	32
ENSMUSG00000044465	Fhip1b	protein_coding	32
ENSMUSG00000027953	Slc50a1	protein_coding	32
ENSMUSG00000026097	Ormdl1	protein_coding	32
ENSMUSG00000057895	Zfp105	protein_coding	32
ENSMUSG00000033272	Slc35a4	protein_coding	32
ENSMUSG00000075705	Msrb1	protein_coding	32
ENSMUSG00000066440	Zfyve26	protein_coding	32
ENSMUSG00000056121	Fez2	protein_coding	32
ENSMUSG00000034194	R3hcc1	protein_coding	32
ENSMUSG00000051864	Tbc1d22a	protein_coding	32
ENSMUSG00000024382	Ercc3	protein_coding	32
ENSMUSG00000039308	Ndst2	protein_coding	32
ENSMUSG00000039427	Alg1	protein_coding	32
ENSMUSG00000026047	Poglut2	protein_coding	32
ENSMUSG00000026036	Nif3l1	protein_coding	32
ENSMUSG00000044288	Cnr1	protein_coding	32
ENSMUSG00000005823	Gpr108	protein_coding	32
ENSMUSG00000007950	Abhd8	protein_coding	32
ENSMUSG00000024498	Tcerg1	protein_coding	32
ENSMUSG00000023175	Bsg	protein_coding	32
ENSMUSG00000051786	Tubgcp6	protein_coding	32
ENSMUSG00000029676	Pot1a	protein_coding	32
ENSMUSG00000027901	Dennd2d	protein_coding	32
ENSMUSG00000058006	Mdn1	protein_coding	32
ENSMUSG00000064302	Clasp1	protein_coding	32
ENSMUSG00000030895	Hpx	protein_coding	32
ENSMUSG00000038506	Dcun1d2	protein_coding	32
ENSMUSG00000005373	Mlxipl	protein_coding	32
ENSMUSG00000055745	Rtl6	protein_coding	32
ENSMUSG00000017400	Stac2	protein_coding	32
ENSMUSG00000066720	Cldn9	protein_coding	32
ENSMUSG00000071176	Arhgef10	protein_coding	32
ENSMUSG00000039497	Dse	protein_coding	32
ENSMUSG00000026112	Coa5	protein_coding	32
ENSMUSG00000064147	Rab44	protein_coding	32
ENSMUSG00000058586	Serhl	protein_coding	32
ENSMUSG00000032939	Nup93	protein_coding	32
ENSMUSG00000028931	Kcnab2	protein_coding	32
ENSMUSG00000052566	Hook2	protein_coding	32
ENSMUSG00000025324	Atp10a	protein_coding	32
ENSMUSG00000046311	Zfp62	protein_coding	32
ENSMUSG00000009112	Bcl2l13	protein_coding	32
ENSMUSG00000074480	Mex3a	protein_coding	32
ENSMUSG00000027776	Il12a	protein_coding	32
ENSMUSG00000030881	Arfip2	protein_coding	32
ENSMUSG00000026024	Als2	protein_coding	32
ENSMUSG00000043733	Ptpn11	protein_coding	32
ENSMUSG00000043456	Zfp536	protein_coding	32
ENSMUSG00000014550	Rbsn	protein_coding	32
ENSMUSG00000043155	Hpdl	protein_coding	32
ENSMUSG00000039713	Plekhg5	protein_coding	32
ENSMUSG00000005981	Trap1	protein_coding	32
ENSMUSG00000039633	Lonrf1	protein_coding	32
ENSMUSG00000021901	Bap1	protein_coding	32
ENSMUSG00000005251	Ripk4	protein_coding	32
ENSMUSG00000038387	Rras	protein_coding	32
ENSMUSG00000066861	Oas1g	protein_coding	32
ENSMUSG00000013593	Ndufs2	protein_coding	32
ENSMUSG00000034259	Exosc4	protein_coding	32
ENSMUSG00000005225	Plekha8	protein_coding	32
ENSMUSG00000025178	Pi4k2a	protein_coding	32
ENSMUSG00000025176	Hoga1	protein_coding	32
ENSMUSG00000029154	Cwh43	protein_coding	32
ENSMUSG00000029182	Cimip2c	protein_coding	32
ENSMUSG00000032754	Slc8b1	protein_coding	32
ENSMUSG00000027702	Lrrc34	protein_coding	32
ENSMUSG00000030329	Pianp	protein_coding	32
ENSMUSG00000003234	Abcf3	protein_coding	32
ENSMUSG00000005299	Letm1	protein_coding	32
ENSMUSG00000058620	Adra2b	protein_coding	32
ENSMUSG00000031072	LTO1	protein_coding	32
ENSMUSG00000032892	Rangrf	protein_coding	32
ENSMUSG00000032883	Acsl3	protein_coding	32
ENSMUSG00000026280	Atg4b	protein_coding	32
ENSMUSG00000018509	Cenpv	protein_coding	32
ENSMUSG00000029174	Tbc1d1	protein_coding	32
ENSMUSG00000049904	Tmem17	protein_coding	32
ENSMUSG00000020448	Rnf185	protein_coding	32
ENSMUSG00000039813	Tbc1d2	protein_coding	32
ENSMUSG00000002688	Prkd1	protein_coding	32
ENSMUSG00000032796	Lama1	protein_coding	32
ENSMUSG00000032782	Cntrob	protein_coding	32
ENSMUSG00000043061	Tmem18	protein_coding	32
ENSMUSG00000026201	Stk16	protein_coding	32
ENSMUSG00000042807	Hecw2	protein_coding	32
ENSMUSG00000027618	Nfs1	protein_coding	32
ENSMUSG00000078719	Msmp	protein_coding	32
ENSMUSG00000028466	Creb3	protein_coding	32
ENSMUSG00000030301	Ccdc91	protein_coding	32
ENSMUSG00000003199	Mpnd	protein_coding	32
ENSMUSG00000055128	Cgrrf1	protein_coding	32
ENSMUSG00000109865	Hspa14	protein_coding	32
ENSMUSG00000030340	Scnn1a	protein_coding	32
ENSMUSG00000039748	Exo1	protein_coding	32
ENSMUSG00000039954	Stk32a	protein_coding	32
ENSMUSG00000002767	Mrpl2	protein_coding	32
ENSMUSG00000073102	Drc1	protein_coding	32
ENSMUSG00000019731	Slc35e1	protein_coding	32
ENSMUSG00000027661	Slc2a10	protein_coding	32
ENSMUSG00000049659	Aftph	protein_coding	32
ENSMUSG00000101892	9130401M01Rik	protein_coding	32
ENSMUSG00000029192	Tbc1d14	protein_coding	32
ENSMUSG00000022533	Atp13a3	protein_coding	32
ENSMUSG00000022529	Zfp263	protein_coding	32
ENSMUSG00000028518	Prkaa2	protein_coding	32
ENSMUSG00000037463	Fbxo27	protein_coding	32
ENSMUSG00000029830	Svopl	protein_coding	32
ENSMUSG00000059187	Tafa1	protein_coding	32
ENSMUSG00000032557	Uba5	protein_coding	32
ENSMUSG00000032540	Abhd5	protein_coding	32
ENSMUSG00000032531	Amotl2	protein_coding	32
ENSMUSG00000047115	Fam221a	protein_coding	32
ENSMUSG00000054702	Ap1s3	protein_coding	32
ENSMUSG00000054893	Zfp667	protein_coding	32
ENSMUSG00000022560	Slc52a2	protein_coding	32
ENSMUSG00000098112	Bin2	protein_coding	32
ENSMUSG00000024312	Wdr46	protein_coding	32
ENSMUSG00000027534	Snx16	protein_coding	32
ENSMUSG00000002588	Pon1	protein_coding	32
ENSMUSG00000032593	Amigo3	protein_coding	32
ENSMUSG00000022964	Tmem50b	protein_coding	32
ENSMUSG00000035064	Eef2k	protein_coding	32
ENSMUSG00000028576	Ift74	protein_coding	32
ENSMUSG00000038305	Spats2l	protein_coding	32
ENSMUSG00000038302	Afg1l	protein_coding	32
ENSMUSG00000009291	Pttg1ip	protein_coding	32
ENSMUSG00000025138	Sirt7	protein_coding	32
ENSMUSG00000046994	Mars2	protein_coding	32
ENSMUSG00000006281	Tep1	protein_coding	32
ENSMUSG00000042524	Sun2	protein_coding	32
ENSMUSG00000021681	Aggf1	protein_coding	32
ENSMUSG00000021639	Gtf2h2	protein_coding	32
ENSMUSG00000032523	Hhatl	protein_coding	32
ENSMUSG00000042613	Pbxip1	protein_coding	32
ENSMUSG00000029610	Aimp2	protein_coding	32
ENSMUSG00000026442	Nfasc	protein_coding	32
ENSMUSG00000068551	Zfp467	protein_coding	32
ENSMUSG00000050147	F2rl3	protein_coding	32
ENSMUSG00000102252	Snrpn	protein_coding	32
ENSMUSG00000024330	Col11a2	protein_coding	32
ENSMUSG00000059921	Unc5c	protein_coding	32
ENSMUSG00000022577	Ly6h	protein_coding	32
ENSMUSG00000022620	Arsa	protein_coding	32
ENSMUSG00000054676	1600014C10Rik	protein_coding	32
ENSMUSG00000034471	Caskin2	protein_coding	32
ENSMUSG00000034457	Eda2r	protein_coding	32
ENSMUSG00000028636	Ppcs	protein_coding	32
ENSMUSG00000020628	Trappc12	protein_coding	32
ENSMUSG00000038028	Tigar	protein_coding	32
ENSMUSG00000026504	Sdccag8	protein_coding	32
ENSMUSG00000059852	Kcng2	protein_coding	32
ENSMUSG00000015176	Nolc1	protein_coding	32
ENSMUSG00000063765	Chadl	protein_coding	32
ENSMUSG00000015305	Sash1	protein_coding	32
ENSMUSG00000073434	Wdr90	protein_coding	32
ENSMUSG00000047146	Tet1	protein_coding	32
ENSMUSG00000009292	Trpm2	protein_coding	32
ENSMUSG00000024998	Plce1	protein_coding	32
ENSMUSG00000047067	Dusp28	protein_coding	32
ENSMUSG00000022598	Psca	protein_coding	32
ENSMUSG00000042606	Hirip3	protein_coding	32
ENSMUSG00000073176	Zfp449	protein_coding	32
ENSMUSG00000027474	Ccm2l	protein_coding	32
ENSMUSG00000061013	Mkx	protein_coding	32
ENSMUSG00000040451	Sgms1	protein_coding	32
ENSMUSG00000060487	Samd5	protein_coding	32
ENSMUSG00000032262	Elovl4	protein_coding	32
ENSMUSG00000027401	Tgm3	protein_coding	32
ENSMUSG00000035877	Zhx3	protein_coding	32
ENSMUSG00000035944	Ttc38	protein_coding	32
ENSMUSG00000047583	Tyw3	protein_coding	32
ENSMUSG00000098923	Tmem185b	protein_coding	32
ENSMUSG00000025058	Tasl	protein_coding	32
ENSMUSG00000022684	Bfar	protein_coding	32
ENSMUSG00000078908	Mon1b	protein_coding	32
ENSMUSG00000038022	Mindy4	protein_coding	32
ENSMUSG00000038034	Igsf8	protein_coding	32
ENSMUSG00000032127	Vps11	protein_coding	32
ENSMUSG00000040463	Mybbp1a	protein_coding	32
ENSMUSG00000036661	Dennd3	protein_coding	32
ENSMUSG00000051343	Rab11fip5	protein_coding	32
ENSMUSG00000029560	Snx8	protein_coding	32
ENSMUSG00000051166	Eml5	protein_coding	32
ENSMUSG00000029254	Stap1	protein_coding	32
ENSMUSG00000018736	Ndel1	protein_coding	32
ENSMUSG00000018733	Pex12	protein_coding	32
ENSMUSG00000034659	Tmem109	protein_coding	32
ENSMUSG00000020882	Cacnb1	protein_coding	32
ENSMUSG00000032184	Lysmd2	protein_coding	32
ENSMUSG00000021294	Kif26a	protein_coding	32
ENSMUSG00000063652	Slc22a21	protein_coding	32
ENSMUSG00000000538	Tom1l2	protein_coding	32
ENSMUSG00000051378	Kif18b	protein_coding	32
ENSMUSG00000024220	Zfp523	protein_coding	32
ENSMUSG00000050288	Fzd2	protein_coding	32
ENSMUSG00002076083	Klhl17	protein_coding	32
ENSMUSG00000031561	Tenm3	protein_coding	32
ENSMUSG00000024896	Minpp1	protein_coding	32
ENSMUSG00000024892	Pcx	protein_coding	32
ENSMUSG00000047656	Trpt1	protein_coding	32
ENSMUSG00000020650	Bcap29	protein_coding	32
ENSMUSG00000024900	Cpt1a	protein_coding	32
ENSMUSG00000007041	Clic1	protein_coding	32
ENSMUSG00000041992	Rapgef5	protein_coding	32
ENSMUSG00000042109	Csdc2	protein_coding	32
ENSMUSG00000040606	Kazn	protein_coding	32
ENSMUSG00000020042	Abtb3	protein_coding	32
ENSMUSG00000063458	Lrmda	protein_coding	32
ENSMUSG00000021257	Angel1	protein_coding	32
ENSMUSG00000068794	Col28a1	protein_coding	32
ENSMUSG00000068966	Zbtb34	protein_coding	32
ENSMUSG00000036523	Greb1	protein_coding	32
ENSMUSG00000040813	Tex264	protein_coding	32
ENSMUSG00000053091	Lins1	protein_coding	32
ENSMUSG00000022906	Parp9	protein_coding	32
ENSMUSG00000022900	Ildr1	protein_coding	32
ENSMUSG00000053730	Tmem39b	protein_coding	32
ENSMUSG00000015970	Chdh	protein_coding	32
ENSMUSG00000007034	Slc44a4	protein_coding	32
ENSMUSG00000061780	Cfd	protein_coding	32
ENSMUSG00000041842	Fhdc1	protein_coding	32
ENSMUSG00000041935	Rimoc1	protein_coding	32
ENSMUSG00000036617	Etl4	protein_coding	32
ENSMUSG00000021180	Rps6ka5	protein_coding	32
ENSMUSG00000006538	Ihh	protein_coding	32
ENSMUSG00000034833	Tespa1	protein_coding	32
ENSMUSG00000022871	Fetub	protein_coding	32
ENSMUSG00000047875	Gpr157	protein_coding	32
ENSMUSG00000004994	Yju2b	protein_coding	32
ENSMUSG00000047953	Gp5	protein_coding	32
ENSMUSG00000036120	Rfxank	protein_coding	32
ENSMUSG00000036376	Abt1	protein_coding	32
ENSMUSG00000061603	Akap6	protein_coding	32
ENSMUSG00000015653	Steap2	protein_coding	32
ENSMUSG00000015627	Gata5	protein_coding	32
ENSMUSG00000032066	Bco2	protein_coding	32
ENSMUSG00000006958	Chrd	protein_coding	32
ENSMUSG00000019863	Qrsl1	protein_coding	32
ENSMUSG00000002104	Rapsn	protein_coding	32
ENSMUSG00000062585	Cnr2	protein_coding	32
ENSMUSG00000041360	Pum3	protein_coding	32
ENSMUSG00000026975	Dph7	protein_coding	32
ENSMUSG00000041309	Nkx6-2	protein_coding	32
ENSMUSG00000029992	Gfpt1	protein_coding	32
ENSMUSG00000041215	Yeats2	protein_coding	32
ENSMUSG00000096145	Vkorc1	protein_coding	32
ENSMUSG00000002324	Rec8	protein_coding	32
ENSMUSG00000031951	Tmem231	protein_coding	32
ENSMUSG00000031983	2310022B05Rik	protein_coding	32
ENSMUSG00000041642	Kif21b	protein_coding	32
ENSMUSG00000027072	Prg3	protein_coding	32
ENSMUSG00000041268	Dmxl2	protein_coding	32
ENSMUSG00000041264	Uspl1	protein_coding	32
ENSMUSG00000035293	G2e3	protein_coding	32
ENSMUSG00000066150	Slc31a1	protein_coding	32
ENSMUSG00000001065	Zfp276	protein_coding	32
ENSMUSG00000071573	Rnls	protein_coding	32
ENSMUSG00000071552	Tigit	protein_coding	32
ENSMUSG00000033933	Vhl	protein_coding	32
ENSMUSG00000033906	Zdhhc15	protein_coding	32
ENSMUSG00000034007	Scaper	protein_coding	32
ENSMUSG00000008690	Ncaph2	protein_coding	32
ENSMUSG00000020608	Smc6	protein_coding	32
ENSMUSG00000026874	Hc	protein_coding	32
ENSMUSG00000026873	Phf19	protein_coding	32
ENSMUSG00000020974	Pole2	protein_coding	32
ENSMUSG00000020973	Dnaaf2	protein_coding	32
ENSMUSG00000029436	Mmp17	protein_coding	32
ENSMUSG00000050732	Vamp8	protein_coding	32
ENSMUSG00000021071	Trim9	protein_coding	31
ENSMUSG00000021036	Sptlc2	protein_coding	31
ENSMUSG00000020964	Sel1l	protein_coding	31
ENSMUSG00000031822	Gse1	protein_coding	31
ENSMUSG00000003644	Rps6ka1	protein_coding	31
ENSMUSG00000053198	Prx	protein_coding	31
ENSMUSG00000078789	Dph1	protein_coding	31
ENSMUSG00000034908	Sidt2	protein_coding	31
ENSMUSG00000034903	Cobll1	protein_coding	31
ENSMUSG00000026836	Acvr1	protein_coding	31
ENSMUSG00000027163	Commd9	protein_coding	31
ENSMUSG00000027168	Pax6	protein_coding	31
ENSMUSG00000031652	N4bp1	protein_coding	31
ENSMUSG00000031608	Galnt7	protein_coding	31
ENSMUSG00000061981	Flot2	protein_coding	31
ENSMUSG00000029397	Rchy1	protein_coding	31
ENSMUSG00000078439	Smim24	protein_coding	31
ENSMUSG00000024049	Myom1	protein_coding	31
ENSMUSG00000020472	Zkscan17	protein_coding	31
ENSMUSG00000029364	Wsb2	protein_coding	31
ENSMUSG00000031997	Trpc6	protein_coding	31
ENSMUSG00000063362	Alg11	protein_coding	31
ENSMUSG00000034648	Lrrn1	protein_coding	31
ENSMUSG00000028634	Hivep3	protein_coding	31
ENSMUSG00000038080	Kdm1b	protein_coding	31
ENSMUSG00000048410	Zfp407	protein_coding	31
ENSMUSG00000048429	Timm29	protein_coding	31
ENSMUSG00000037605	Adgrl3	protein_coding	31
ENSMUSG00000024665	Fads2	protein_coding	31
ENSMUSG00000047671	Dynlt4	protein_coding	31
ENSMUSG00000028690	Mmachc	protein_coding	31
ENSMUSG00000034707	Gns	protein_coding	31
ENSMUSG00000017734	Dbndd2	protein_coding	31
ENSMUSG00000037957	Wdr20	protein_coding	31
ENSMUSG00000024941	Scyl1	protein_coding	31
ENSMUSG00000038205	Prkab2	protein_coding	31
ENSMUSG00000047036	Zfp445	protein_coding	31
ENSMUSG00000035051	Dhx57	protein_coding	31
ENSMUSG00000022948	Setd4	protein_coding	31
ENSMUSG00000022568	Scrib	protein_coding	31
ENSMUSG00000054517	Trim65	protein_coding	31
ENSMUSG00000038227	Hoxa9	protein_coding	31
ENSMUSG00000028621	Cyb5rl	protein_coding	31
ENSMUSG00000030134	Rasgef1a	protein_coding	31
ENSMUSG00000009293	Ube2g2	protein_coding	31
ENSMUSG00000009378	Slc16a12	protein_coding	31
ENSMUSG00000028673	Fuca1	protein_coding	31
ENSMUSG00000022723	Crybg3	protein_coding	31
ENSMUSG00000003309	Ap1m2	protein_coding	31
ENSMUSG00000022696	Sidt1	protein_coding	31
ENSMUSG00000030302	Atp2b2	protein_coding	31
ENSMUSG00000038417	Fig4	protein_coding	31
ENSMUSG00000037344	Slc12a9	protein_coding	31
ENSMUSG00000020381	Mrnip	protein_coding	31
ENSMUSG00000066894	Vsig10	protein_coding	31
ENSMUSG00000046947	Adck2	protein_coding	31
ENSMUSG00000025142	Aspscr1	protein_coding	31
ENSMUSG00000054716	Zfp771	protein_coding	31
ENSMUSG00000028532	Cachd1	protein_coding	31
ENSMUSG00000018965	Ywhah	protein_coding	31
ENSMUSG00000047117	Ankdd1b	protein_coding	31
ENSMUSG00000025133	Ints4	protein_coding	31
ENSMUSG00000038172	Ttc39b	protein_coding	31
ENSMUSG00000025227	Mfsd13a	protein_coding	31
ENSMUSG00000028397	Kdm4c	protein_coding	31
ENSMUSG00000046658	Zfp316	protein_coding	31
ENSMUSG00000035172	Plekhh3	protein_coding	31
ENSMUSG00000052504	Epha3	protein_coding	31
ENSMUSG00000023047	Amhr2	protein_coding	31
ENSMUSG00000023072	Cep89	protein_coding	31
ENSMUSG00000020599	Rgs9	protein_coding	31
ENSMUSG00000048537	Phldb1	protein_coding	31
ENSMUSG00000046605	B3gntl1	protein_coding	31
ENSMUSG00000028463	Car9	protein_coding	31
ENSMUSG00000034282	Evpl	protein_coding	31
ENSMUSG00000034300	Fam53c	protein_coding	31
ENSMUSG00000038383	Pigu	protein_coding	31
ENSMUSG00000046753	Ccdc66	protein_coding	31
ENSMUSG00000046191	Pcdhb20	protein_coding	31
ENSMUSG00000046006	Gapt	protein_coding	31
ENSMUSG00000045917	Tmem268	protein_coding	31
ENSMUSG00000028986	Klhl7	protein_coding	31
ENSMUSG00000070003	Ssbp4	protein_coding	31
ENSMUSG00000035168	Tanc1	protein_coding	31
ENSMUSG00000005374	Tbl2	protein_coding	31
ENSMUSG00000034209	Rasl10a	protein_coding	31
ENSMUSG00000034235	Usp54	protein_coding	31
ENSMUSG00000034121	Mks1	protein_coding	31
ENSMUSG00000020718	Polg2	protein_coding	31
ENSMUSG00000066392	Nrxn3	protein_coding	31
ENSMUSG00000046556	Zfp319	protein_coding	31
ENSMUSG00000046562	Unc119b	protein_coding	31
ENSMUSG00000013611	Snx31	protein_coding	31
ENSMUSG00000046351	Zfp322a	protein_coding	31
ENSMUSG00000020251	Glt8d2	protein_coding	31
ENSMUSG00000038807	Rap1gap2	protein_coding	31
ENSMUSG00000038828	Tmem214	protein_coding	31
ENSMUSG00000001039	B9d1	protein_coding	31
ENSMUSG00000048924	Ccdc125	protein_coding	31
ENSMUSG00000024587	Nars1	protein_coding	31
ENSMUSG00000037243	Zfp692	protein_coding	31
ENSMUSG00000048787	Dcun1d3	protein_coding	31
ENSMUSG00000025393	Atp5f1b	protein_coding	31
ENSMUSG00000030598	Fbxo17	protein_coding	31
ENSMUSG00000022314	Rad21	protein_coding	31
ENSMUSG00000034071	Zfp551	protein_coding	31
ENSMUSG00000003166	Dgcr2	protein_coding	31
ENSMUSG00000013833	Med16	protein_coding	31
ENSMUSG00000033781	Asb13	protein_coding	31
ENSMUSG00000035305	Ror1	protein_coding	31
ENSMUSG00000018143	Mafk	protein_coding	31
ENSMUSG00000023088	Abcc1	protein_coding	31
ENSMUSG00000028992	Nmnat1	protein_coding	31
ENSMUSG00000037259	Dzank1	protein_coding	31
ENSMUSG00000020755	Sap30bp	protein_coding	31
ENSMUSG00000056228	Cars2	protein_coding	31
ENSMUSG00000022303	Dcstamp	protein_coding	31
ENSMUSG00000030638	Sh3gl3	protein_coding	31
ENSMUSG00000025503	Taldo1	protein_coding	31
ENSMUSG00000025507	Pidd1	protein_coding	31
ENSMUSG00000045608	Dbx2	protein_coding	31
ENSMUSG00000025521	Tmem192	protein_coding	31
ENSMUSG00000044749	Abca6	protein_coding	31
ENSMUSG00000025645	Ccdc51	protein_coding	31
ENSMUSG00000025651	Uqcrc1	protein_coding	31
ENSMUSG00000028099	Polr3c	protein_coding	31
ENSMUSG00000029012	Orc5	protein_coding	31
ENSMUSG00000049350	Zg16	protein_coding	31
ENSMUSG00000049112	Oxtr	protein_coding	31
ENSMUSG00000045251	Zfp688	protein_coding	31
ENSMUSG00000025733	Rhot2	protein_coding	31
ENSMUSG00000092558	Med20	protein_coding	31
ENSMUSG00000045211	Nudt18	protein_coding	31
ENSMUSG00000039089	L3mbtl3	protein_coding	31
ENSMUSG00000038876	Rnf146	protein_coding	31
ENSMUSG00000005575	Ube2m	protein_coding	31
ENSMUSG00000005609	Ctr9	protein_coding	31
ENSMUSG00000033502	Cdc14a	protein_coding	31
ENSMUSG00000057406	Nsd2	protein_coding	31
ENSMUSG00000044254	Pcsk9	protein_coding	31
ENSMUSG00000037049	Smpd1	protein_coding	31
ENSMUSG00000029088	Kcnip4	protein_coding	31
ENSMUSG00000049295	Zfp219	protein_coding	31
ENSMUSG00000029673	Auts2	protein_coding	31
ENSMUSG00000052040	Klf13	protein_coding	31
ENSMUSG00000024548	Setbp1	protein_coding	31
ENSMUSG00000071669	Snx29	protein_coding	31
ENSMUSG00000001983	Taco1	protein_coding	31
ENSMUSG00000022181	C6	protein_coding	31
ENSMUSG00000074607	Tox2	protein_coding	31
ENSMUSG00000057054	Inca1	protein_coding	31
ENSMUSG00000002881	Nab1	protein_coding	31
ENSMUSG00000039096	Rsad1	protein_coding	31
ENSMUSG00000039315	Clnk	protein_coding	31
ENSMUSG00000049516	Spty2d1	protein_coding	31
ENSMUSG00000035539	Ccdc180	protein_coding	31
ENSMUSG00000023249	Parp3	protein_coding	31
ENSMUSG00000020573	Pik3cg	protein_coding	31
ENSMUSG00000039238	Zfp750	protein_coding	31
ENSMUSG00000039254	Pomt1	protein_coding	31
ENSMUSG00000016763	Scube1	protein_coding	31
ENSMUSG00000057691	Zfp746	protein_coding	31
ENSMUSG00000057715	A830018L16Rik	protein_coding	31
ENSMUSG00000039220	Ppp1r10	protein_coding	31
ENSMUSG00000044279	Crb3	protein_coding	31
ENSMUSG00000027956	Tmem144	protein_coding	31
ENSMUSG00000044352	Sowaha	protein_coding	31
ENSMUSG00000026127	Imp4	protein_coding	31
ENSMUSG00000043719	Col6a6	protein_coding	31
ENSMUSG00000058230	Arhgap35	protein_coding	31
ENSMUSG00000043518	Rai2	protein_coding	31
ENSMUSG00000035640	Cbarp	protein_coding	31
ENSMUSG00000003848	Nob1	protein_coding	31
ENSMUSG00000049307	Fut4	protein_coding	31
ENSMUSG00000037089	Slc35b2	protein_coding	31
ENSMUSG00000022013	Dnajc15	protein_coding	31
ENSMUSG00000057880	Abat	protein_coding	31
ENSMUSG00000027905	Ddx20	protein_coding	31
ENSMUSG00000044231	Nhlrc1	protein_coding	31
ENSMUSG00000044244	Il20rb	protein_coding	31
ENSMUSG00000027984	Hadh	protein_coding	31
ENSMUSG00000043154	Ppp2r3a	protein_coding	31
ENSMUSG00000039585	Myo9a	protein_coding	31
ENSMUSG00000014606	Slc25a11	protein_coding	31
ENSMUSG00000031024	Dennd2b	protein_coding	31
ENSMUSG00000049539	H1f1	protein_coding	31
ENSMUSG00000037020	Wdr62	protein_coding	31
ENSMUSG00000037022	Mmaa	protein_coding	31
ENSMUSG00000043372	Hexim2	protein_coding	31
ENSMUSG00000033065	Pfkm	protein_coding	31
ENSMUSG00000021903	Galnt15	protein_coding	31
ENSMUSG00000074483	Bglap	protein_coding	31
ENSMUSG00000043639	Rbm20	protein_coding	31
ENSMUSG00000014444	Piezo1	protein_coding	31
ENSMUSG00000000743	Chmp1a	protein_coding	31
ENSMUSG00000030942	Thumpd1	protein_coding	31
ENSMUSG00000026277	Stk25	protein_coding	31
ENSMUSG00000027716	Trpc3	protein_coding	31
ENSMUSG00000002668	Dennd1c	protein_coding	31
ENSMUSG00000058546	Rpl23a	protein_coding	31
ENSMUSG00000031074	Fgf3	protein_coding	31
ENSMUSG00000039740	Alg2	protein_coding	31
ENSMUSG00000020454	Eif4enif1	protein_coding	31
ENSMUSG00000029616	Erp29	protein_coding	31
ENSMUSG00000018322	Tomm34	protein_coding	31
ENSMUSG00000023495	Pcbp4	protein_coding	31
ENSMUSG00000004043	Stat5a	protein_coding	31
ENSMUSG00000029141	Slc4a1ap	protein_coding	31
ENSMUSG00000064177	Ghrl	protein_coding	31
ENSMUSG00000027742	Cog6	protein_coding	31
ENSMUSG00000026175	Vil1	protein_coding	31
ENSMUSG00000043252	Tmem64	protein_coding	31
ENSMUSG00000021775	Nr1d2	protein_coding	31
ENSMUSG00000002578	Ikzf4	protein_coding	31
ENSMUSG00000029188	Slc34a2	protein_coding	31
ENSMUSG00000039983	Ccdc32	protein_coding	31
ENSMUSG00000042992	Borcs5	protein_coding	31
ENSMUSG00000040136	Abcc8	protein_coding	31
ENSMUSG00000058793	Cds2	protein_coding	31
ENSMUSG00000079484	Phyhd1	protein_coding	31
ENSMUSG00000007783	Cpt1c	protein_coding	31
ENSMUSG00000032740	Ccdc88a	protein_coding	31
ENSMUSG00000042812	Foxf1	protein_coding	31
ENSMUSG00000039952	Dag1	protein_coding	31
ENSMUSG00000026181	Ppm1f	protein_coding	31
ENSMUSG00000039768	Dnajc11	protein_coding	31
ENSMUSG00000026270	Capn10	protein_coding	31
ENSMUSG00000042401	Crtac1	protein_coding	31
ENSMUSG00000042514	Klhl14	protein_coding	31
ENSMUSG00000059857	Ntng1	protein_coding	31
ENSMUSG00000059654	Reg1	protein_coding	31
ENSMUSG00000032375	Aph1b	protein_coding	31
ENSMUSG00000035863	Palm	protein_coding	31
ENSMUSG00000029217	Tec	protein_coding	31
ENSMUSG00000023923	Tbc1d5	protein_coding	31
ENSMUSG00000004568	Arhgef18	protein_coding	31
ENSMUSG00000007379	Dennd2c	protein_coding	31
ENSMUSG00000020080	Hkdc1	protein_coding	31
ENSMUSG00000002032	Tmem25	protein_coding	31
ENSMUSG00000026321	Tnfrsf11a	protein_coding	31
ENSMUSG00000042751	Nmnat2	protein_coding	31
ENSMUSG00000032562	Gnai2	protein_coding	31
ENSMUSG00000031482	Slc25a15	protein_coding	31
ENSMUSG00000015377	Dennd6b	protein_coding	31
ENSMUSG00000061024	Rrs1	protein_coding	31
ENSMUSG00000004415	Col26a1	protein_coding	31
ENSMUSG00000029233	Srd5a3	protein_coding	31
ENSMUSG00000011463	Cpb1	protein_coding	31
ENSMUSG00000035900	Gramd4	protein_coding	31
ENSMUSG00000027406	Idh3b	protein_coding	31
ENSMUSG00000027422	Rrbp1	protein_coding	31
ENSMUSG00000001288	Rarg	protein_coding	31
ENSMUSG00000001305	Rrp15	protein_coding	31
ENSMUSG00000042350	Arel1	protein_coding	31
ENSMUSG00000032352	Lrrc1	protein_coding	31
ENSMUSG00000063873	Slc24a3	protein_coding	31
ENSMUSG00000021276	Cinp	protein_coding	31
ENSMUSG00000026596	Abl2	protein_coding	31
ENSMUSG00000026563	Tada1	protein_coding	31
ENSMUSG00000007036	Abhd16a	protein_coding	31
ENSMUSG00000026632	Tatdn3	protein_coding	31
ENSMUSG00000041945	Mfsd9	protein_coding	31
ENSMUSG00000027339	Rassf2	protein_coding	31
ENSMUSG00000032115	Hyou1	protein_coding	31
ENSMUSG00000035914	Cd276	protein_coding	31
ENSMUSG00000051413	Plagl2	protein_coding	31
ENSMUSG00000051444	Bbs12	protein_coding	31
ENSMUSG00000036686	Cc2d1a	protein_coding	31
ENSMUSG00000036718	Micall2	protein_coding	31
ENSMUSG00000027395	Polr1b	protein_coding	31
ENSMUSG00000021376	Tpmt	protein_coding	31
ENSMUSG00000015968	Cacna1d	protein_coding	31
ENSMUSG00000032103	Pus3	protein_coding	31
ENSMUSG00000000202	Btbd17	protein_coding	31
ENSMUSG00000040661	Rad54l2	protein_coding	31
ENSMUSG00000040675	Mthfd1l	protein_coding	31
ENSMUSG00000027305	Ndufaf1	protein_coding	31
ENSMUSG00000050373	Snx21	protein_coding	31
ENSMUSG00000024180	Pgap6	protein_coding	31
ENSMUSG00000069170	Adgrv1	protein_coding	31
ENSMUSG00000016253	Nelfcd	protein_coding	31
ENSMUSG00000032121	Tmem218	protein_coding	31
ENSMUSG00000021303	Gng4	protein_coding	31
ENSMUSG00000040627	Aicda	protein_coding	31
ENSMUSG00000027329	Spef1	protein_coding	31
ENSMUSG00000061536	Sec22c	protein_coding	31
ENSMUSG00000032047	Acat1	protein_coding	31
ENSMUSG00000032050	Rdx	protein_coding	31
ENSMUSG00000032051	Fdx1	protein_coding	31
ENSMUSG00000032064	Dixdc1	protein_coding	31
ENSMUSG00000027198	Ext2	protein_coding	31
ENSMUSG00000027247	Arhgap1	protein_coding	31
ENSMUSG00000029534	St7	protein_coding	31
ENSMUSG00000029469	Ift81	protein_coding	31
ENSMUSG00000020495	Smg8	protein_coding	31
ENSMUSG00000027312	Atrn	protein_coding	31
ENSMUSG00000027238	Frmd5	protein_coding	31
ENSMUSG00000026727	Rsu1	protein_coding	31
ENSMUSG00000026687	Aldh9a1	protein_coding	31
ENSMUSG00000021313	Ryr2	protein_coding	31
ENSMUSG00000063430	Wscd2	protein_coding	31
ENSMUSG00000041134	Cyyr1	protein_coding	31
ENSMUSG00000036117	Il5	protein_coding	31
ENSMUSG00000024036	Slc37a1	protein_coding	31
ENSMUSG00000020524	Gria1	protein_coding	31
ENSMUSG00000050989	Selenon	protein_coding	31
ENSMUSG00000032036	Kirrel3	protein_coding	31
ENSMUSG00000061894	Zscan20	protein_coding	31
ENSMUSG00000021226	Acot2	protein_coding	31
ENSMUSG00000031629	Cenpu	protein_coding	31
ENSMUSG00000040913	Fbxw4	protein_coding	31
ENSMUSG00000000339	Rtca	protein_coding	31
ENSMUSG00000074093	Svip	protein_coding	31
ENSMUSG00000040860	Crocc	protein_coding	31
ENSMUSG00000020003	Pex7	protein_coding	31
ENSMUSG00000073702	Rpl31	protein_coding	31
ENSMUSG00000034902	Pip5k1c	protein_coding	31
ENSMUSG00000002147	Stat6	protein_coding	31
ENSMUSG00000036249	Rbm43	protein_coding	31
ENSMUSG00000029415	Sdad1	protein_coding	31
ENSMUSG00000036160	Surf6	protein_coding	31
ENSMUSG00000024042	Sik1	protein_coding	31
ENSMUSG00000029456	Acad10	protein_coding	31
ENSMUSG00000018395	Kif3a	protein_coding	31
ENSMUSG00000026842	Abl1	protein_coding	31
ENSMUSG00000031965	Tbx20	protein_coding	31
ENSMUSG00000041225	Arhgap12	protein_coding	31
ENSMUSG00000041594	Tmtc4	protein_coding	31
ENSMUSG00000006498	Ptbp1	protein_coding	31
ENSMUSG00000037926	Ssh2	protein_coding	31
ENSMUSG00000034780	B3galt1	protein_coding	31
ENSMUSG00000020652	Cenpo	protein_coding	31
ENSMUSG00000053040	Aph1c	protein_coding	31
ENSMUSG00000052852	Reep1	protein_coding	31
ENSMUSG00000075324	Fign	protein_coding	31
ENSMUSG00000037656	Slc20a2	protein_coding	31
ENSMUSG00000004947	Dtx2	protein_coding	31
ENSMUSG00000024867	Pip5k1b	protein_coding	31
ENSMUSG00000030054	Gp9	protein_coding	31
ENSMUSG00000048022	Tmem229a	protein_coding	31
ENSMUSG00000020620	Abca8b	protein_coding	31
ENSMUSG00000037815	Ctnna1	protein_coding	31
ENSMUSG00000004892	Bcan	protein_coding	31
ENSMUSG00000048232	Fbxo10	protein_coding	31
ENSMUSG00000031749	St3gal2	protein_coding	30
ENSMUSG00000000088	Cox5a	protein_coding	30
ENSMUSG00000021095	Gsc	protein_coding	30
ENSMUSG00000043556	Fbxl7	protein_coding	30
ENSMUSG00000039419	Cntnap2	protein_coding	30
ENSMUSG00000005897	Nr2c1	protein_coding	30
ENSMUSG00000021149	Gtpbp4	protein_coding	30
ENSMUSG00000021176	Efcab11	protein_coding	30
ENSMUSG00000010936	Vac14	protein_coding	30
ENSMUSG00000024019	Cmtr1	protein_coding	30
ENSMUSG00000036086	Zranb3	protein_coding	30
ENSMUSG00000050705	2310061I04Rik	protein_coding	30
ENSMUSG00000050730	Arhgap42	protein_coding	30
ENSMUSG00000004319	Clcn3	protein_coding	30
ENSMUSG00000064272	Gpbar1	protein_coding	30
ENSMUSG00000064284	Cdpf1	protein_coding	30
ENSMUSG00000039463	Slc9a8	protein_coding	30
ENSMUSG00000043384	Gprasp1	protein_coding	30
ENSMUSG00000030888	Rrp8	protein_coding	30
ENSMUSG00000033039	Micall1	protein_coding	30
ENSMUSG00000021922	Itih4	protein_coding	30
ENSMUSG00000050967	Creg2	protein_coding	30
ENSMUSG00000036560	Lgi4	protein_coding	30
ENSMUSG00000050471	Fam118b	protein_coding	30
ENSMUSG00000031955	Bcar1	protein_coding	30
ENSMUSG00000027983	Cyp2u1	protein_coding	30
ENSMUSG00000027997	Casp6	protein_coding	30
ENSMUSG00000019437	Tlcd1	protein_coding	30
ENSMUSG00000072623	Zfp9	protein_coding	30
ENSMUSG00000072640	Lyrm9	protein_coding	30
ENSMUSG00000027822	Slc33a1	protein_coding	30
ENSMUSG00000019578	Ubxn6	protein_coding	30
ENSMUSG00000024181	Mrpl28	protein_coding	30
ENSMUSG00000068740	Celsr2	protein_coding	30
ENSMUSG00000036046	5031439G07Rik	protein_coding	30
ENSMUSG00000020513	Tubd1	protein_coding	30
ENSMUSG00000023938	Aars2	protein_coding	30
ENSMUSG00000036602	Alx1	protein_coding	30
ENSMUSG00000029326	Enoph1	protein_coding	30
ENSMUSG00000050555	Hyls1	protein_coding	30
ENSMUSG00000050592	Fam78a	protein_coding	30
ENSMUSG00000039199	Zdhhc1	protein_coding	30
ENSMUSG00000057778	Cyb5d2	protein_coding	30
ENSMUSG00000057465	Saa2	protein_coding	30
ENSMUSG00000064145	Arih2	protein_coding	30
ENSMUSG00000039683	Sdk1	protein_coding	30
ENSMUSG00000028039	Efna3	protein_coding	30
ENSMUSG00000025888	Casp1	protein_coding	30
ENSMUSG00000028007	Snx7	protein_coding	30
ENSMUSG00000039178	Tbc1d19	protein_coding	30
ENSMUSG00000014226	Cacybp	protein_coding	30
ENSMUSG00000020775	Mrpl38	protein_coding	30
ENSMUSG00000044456	Rin3	protein_coding	30
ENSMUSG00000050240	Hic2	protein_coding	30
ENSMUSG00000036019	Tmtc2	protein_coding	30
ENSMUSG00000035934	Pknox2	protein_coding	30
ENSMUSG00000073771	Btbd19	protein_coding	30
ENSMUSG00000041133	Smc1a	protein_coding	30
ENSMUSG00000014303	Glis2	protein_coding	30
ENSMUSG00000033444	Specc1l	protein_coding	30
ENSMUSG00000057156	Homez	protein_coding	30
ENSMUSG00000033669	Zfp7	protein_coding	30
ENSMUSG00000022130	Tgds	protein_coding	30
ENSMUSG00000023971	Rrp36	protein_coding	30
ENSMUSG00000036721	Zscan12	protein_coding	30
ENSMUSG00000024175	Tekt4	protein_coding	30
ENSMUSG00000029310	Nudt9	protein_coding	30
ENSMUSG00000020131	Pcsk4	protein_coding	30
ENSMUSG00000039699	Batf2	protein_coding	30
ENSMUSG00000043102	Qrfp	protein_coding	30
ENSMUSG00000031112	Stk26	protein_coding	30
ENSMUSG00000020823	Sec14l1	protein_coding	30
ENSMUSG00000058690	Ccser2	protein_coding	30
ENSMUSG00000058709	Egln2	protein_coding	30
ENSMUSG00000028069	Gpatch4	protein_coding	30
ENSMUSG00000056919	Cep162	protein_coding	30
ENSMUSG00000056832	Ift56	protein_coding	30
ENSMUSG00000019143	Hars2	protein_coding	30
ENSMUSG00000038855	Itpkb	protein_coding	30
ENSMUSG00000039033	Tasp1	protein_coding	30
ENSMUSG00000039043	Arpin	protein_coding	30
ENSMUSG00000025613	Cct8	protein_coding	30
ENSMUSG00000049755	Zfp672	protein_coding	30
ENSMUSG00000031628	Casp3	protein_coding	30
ENSMUSG00000040964	Arhgef10l	protein_coding	30
ENSMUSG00000031996	Aplp2	protein_coding	30
ENSMUSG00000019945	Cabcoco1	protein_coding	30
ENSMUSG00000022236	Ropn1l	protein_coding	30
ENSMUSG00000039763	Dnajc28	protein_coding	30
ENSMUSG00000039887	Alg14	protein_coding	30
ENSMUSG00000032827	Ppp1r9a	protein_coding	30
ENSMUSG00000023572	Ccndbp1	protein_coding	30
ENSMUSG00000024269	Tpgs2	protein_coding	30
ENSMUSG00000035864	Syt1	protein_coding	30
ENSMUSG00000023809	Rps6ka2	protein_coding	30
ENSMUSG00000020528	Prpsap2	protein_coding	30
ENSMUSG00000068617	Clxn	protein_coding	30
ENSMUSG00000023926	Rhag	protein_coding	30
ENSMUSG00000020542	Myocd	protein_coding	30
ENSMUSG00000064068	Mtx1	protein_coding	30
ENSMUSG00000092417	Gpank1	protein_coding	30
ENSMUSG00000038879	Nipal2	protein_coding	30
ENSMUSG00000030607	Acan	protein_coding	30
ENSMUSG00000013822	Elof1	protein_coding	30
ENSMUSG00000033900	Map9	protein_coding	30
ENSMUSG00000033826	Dnah8	protein_coding	30
ENSMUSG00000036923	Stox1	protein_coding	30
ENSMUSG00000018541	Cwc25	protein_coding	30
ENSMUSG00000029146	Snx17	protein_coding	30
ENSMUSG00000037029	Zfp146	protein_coding	30
ENSMUSG00000024421	Lama3	protein_coding	30
ENSMUSG00000023832	Acat2	protein_coding	30
ENSMUSG00000035601	Trmt10b	protein_coding	30
ENSMUSG00000036833	Pnpla7	protein_coding	30
ENSMUSG00000049929	Lpar4	protein_coding	30
ENSMUSG00000024357	Sil1	protein_coding	30
ENSMUSG00000066233	Tmem42	protein_coding	30
ENSMUSG00000022283	Pabpc1	protein_coding	30
ENSMUSG00000071604	Entrep1	protein_coding	30
ENSMUSG00000071632	2510002D24Rik	protein_coding	30
ENSMUSG00000045333	Zfp423	protein_coding	30
ENSMUSG00000095098	Ccdc85b	protein_coding	30
ENSMUSG00000014850	Msh3	protein_coding	30
ENSMUSG00000031147	Magix	protein_coding	30
ENSMUSG00000018068	Ints2	protein_coding	30
ENSMUSG00000040820	Hlcs	protein_coding	30
ENSMUSG00000027243	Harbi1	protein_coding	30
ENSMUSG00000040752	Myh6	protein_coding	30
ENSMUSG00000006932	Ctnnb1	protein_coding	30
ENSMUSG00000041733	Coq5	protein_coding	30
ENSMUSG00000026816	Gtf3c5	protein_coding	30
ENSMUSG00000027185	Nat10	protein_coding	30
ENSMUSG00000010476	Ebf3	protein_coding	30
ENSMUSG00000049488	Tmem67	protein_coding	30
ENSMUSG00000049300	Prmt6	protein_coding	30
ENSMUSG00000035451	Foxa1	protein_coding	30
ENSMUSG00000052296	Ppp6r1	protein_coding	30
ENSMUSG00000068394	Cep152	protein_coding	30
ENSMUSG00000051615	Rap2a	protein_coding	30
ENSMUSG00000024502	Jakmip2	protein_coding	30
ENSMUSG00000075703	Selenoi	protein_coding	30
ENSMUSG00000029122	Evc	protein_coding	30
ENSMUSG00000028207	Asph	protein_coding	30
ENSMUSG00000025545	Clybl	protein_coding	30
ENSMUSG00000019179	Mdh2	protein_coding	30
ENSMUSG00000022297	Fzd6	protein_coding	30
ENSMUSG00000045691	Thtpa	protein_coding	30
ENSMUSG00000022335	Zfat	protein_coding	30
ENSMUSG00000030499	Kctd15	protein_coding	30
ENSMUSG00000035296	Sgcg	protein_coding	30
ENSMUSG00000068205	Macrod2	protein_coding	30
ENSMUSG00000026662	Sephs1	protein_coding	30
ENSMUSG00000026663	Atf6	protein_coding	30
ENSMUSG00000026686	Lmx1a	protein_coding	30
ENSMUSG00000026691	Fmo3	protein_coding	30
ENSMUSG00000040711	Sh3pxd2b	protein_coding	30
ENSMUSG00000032086	Bace1	protein_coding	30
ENSMUSG00000032091	Tmprss4	protein_coding	30
ENSMUSG00000033981	Gria2	protein_coding	30
ENSMUSG00000025509	Pnpla2	protein_coding	30
ENSMUSG00000058886	Deaf1	protein_coding	30
ENSMUSG00000032727	Mier3	protein_coding	30
ENSMUSG00000032688	Malt1	protein_coding	30
ENSMUSG00000032705	Exd2	protein_coding	30
ENSMUSG00000021754	Map3k1	protein_coding	30
ENSMUSG00000006143	Upk3bl	protein_coding	30
ENSMUSG00000028961	Pgd	protein_coding	30
ENSMUSG00000049285	Mblac1	protein_coding	30
ENSMUSG00000037216	Lipt1	protein_coding	30
ENSMUSG00000029049	Morn1	protein_coding	30
ENSMUSG00000024535	Snx24	protein_coding	30
ENSMUSG00000042729	Wdr74	protein_coding	30
ENSMUSG00000009013	Dynll1	protein_coding	30
ENSMUSG00000028294	Cfap206	protein_coding	30
ENSMUSG00000028318	Polr1e	protein_coding	30
ENSMUSG00000038611	Phrf1	protein_coding	30
ENSMUSG00000039989	Cbx4	protein_coding	30
ENSMUSG00000029767	Calu	protein_coding	30
ENSMUSG00000024592	C330018D20Rik	protein_coding	30
ENSMUSG00000052539	Magi3	protein_coding	30
ENSMUSG00000052565	H1f3	protein_coding	30
ENSMUSG00000049036	Tmem121	protein_coding	30
ENSMUSG00000024570	Rbfa	protein_coding	30
ENSMUSG00000026344	Lypd1	protein_coding	30
ENSMUSG00000026259	Ngef	protein_coding	30
ENSMUSG00000030523	Trpm1	protein_coding	30
ENSMUSG00000020265	Sumo3	protein_coding	30
ENSMUSG00000005370	Msh6	protein_coding	30
ENSMUSG00000052752	Traf7	protein_coding	30
ENSMUSG00000003762	Coq8b	protein_coding	30
ENSMUSG00000029832	Nfe2l3	protein_coding	30
ENSMUSG00000019849	Prep	protein_coding	30
ENSMUSG00000040599	Mis12	protein_coding	30
ENSMUSG00000015971	Actr8	protein_coding	30
ENSMUSG00000061576	Dpp6	protein_coding	30
ENSMUSG00000061393	Acvr2b	protein_coding	30
ENSMUSG00000061410	Zcchc14	protein_coding	30
ENSMUSG00000034201	Gas2l1	protein_coding	30
ENSMUSG00000066595	Flvcr1	protein_coding	30
ENSMUSG00000066643	Wdr35	protein_coding	30
ENSMUSG00000059482	Cfap418	protein_coding	30
ENSMUSG00000074282	Zfp94	protein_coding	30
ENSMUSG00000074345	Tnfaip8l3	protein_coding	30
ENSMUSG00000037466	Tedc1	protein_coding	30
ENSMUSG00000028910	Mecr	protein_coding	30
ENSMUSG00000070305	Mpzl3	protein_coding	30
ENSMUSG00000018661	Cog1	protein_coding	30
ENSMUSG00000037526	Atg14	protein_coding	30
ENSMUSG00000023057	Fabp2	protein_coding	30
ENSMUSG00000028933	Xrcc2	protein_coding	30
ENSMUSG00000004815	Dgkq	protein_coding	30
ENSMUSG00000048550	Thnsl1	protein_coding	30
ENSMUSG00000032537	Ephb1	protein_coding	30
ENSMUSG00000028437	Ubap1	protein_coding	30
ENSMUSG00000038473	Nos1ap	protein_coding	30
ENSMUSG00000046410	Kcnk6	protein_coding	30
ENSMUSG00000046295	Ankle1	protein_coding	30
ENSMUSG00000025321	Itgb8	protein_coding	30
ENSMUSG00000030447	Cyfip1	protein_coding	30
ENSMUSG00000030401	Rtn2	protein_coding	30
ENSMUSG00000020869	Lrrc59	protein_coding	30
ENSMUSG00000020087	Tysnd1	protein_coding	30
ENSMUSG00000029869	Ephb6	protein_coding	30
ENSMUSG00000034987	Hrh2	protein_coding	30
ENSMUSG00000034994	Eef2	protein_coding	30
ENSMUSG00000006418	Rnf114	protein_coding	30
ENSMUSG00000006435	Neurl1a	protein_coding	30
ENSMUSG00000026627	Pacc1	protein_coding	30
ENSMUSG00000042118	Bhmt2	protein_coding	30
ENSMUSG00000041961	Znrf3	protein_coding	30
ENSMUSG00000040549	Ckap5	protein_coding	30
ENSMUSG00000025200	Cwf19l1	protein_coding	30
ENSMUSG00000034265	Zdhhc14	protein_coding	30
ENSMUSG00000028373	Astn2	protein_coding	30
ENSMUSG00000025171	Ubtd1	protein_coding	30
ENSMUSG00000009035	Tmem184b	protein_coding	30
ENSMUSG00000020358	Hnrnpab	protein_coding	30
ENSMUSG00000030035	Wbp1	protein_coding	30
ENSMUSG00000024792	Zfpl1	protein_coding	30
ENSMUSG00000024851	Pitpnm1	protein_coding	30
ENSMUSG00000004897	Hdgf	protein_coding	30
ENSMUSG00000028862	Map3k6	protein_coding	30
ENSMUSG00000024668	Sdhaf2	protein_coding	30
ENSMUSG00000018001	Cyth3	protein_coding	30
ENSMUSG00000030337	Vamp1	protein_coding	30
ENSMUSG00000025184	R3hcc1l	protein_coding	30
ENSMUSG00000046714	Foxc2	protein_coding	30
ENSMUSG00000046593	Tmem215	protein_coding	30
ENSMUSG00000046598	Bdh1	protein_coding	30
ENSMUSG00000042700	Sipa1l1	protein_coding	30
ENSMUSG00000059772	Slx1b	protein_coding	30
ENSMUSG00000021680	Crhbp	protein_coding	30
ENSMUSG00000047881	Rell1	protein_coding	30
ENSMUSG00000030058	Copg1	protein_coding	30
ENSMUSG00000053470	Kdm3a	protein_coding	30
ENSMUSG00000022840	Adcy5	protein_coding	30
ENSMUSG00000024784	Gpha2	protein_coding	30
ENSMUSG00000032475	Nck1	protein_coding	30
ENSMUSG00000028487	Bnc2	protein_coding	30
ENSMUSG00000038335	Tsr1	protein_coding	30
ENSMUSG00000038354	Ankrd35	protein_coding	30
ENSMUSG00000030322	Mbd4	protein_coding	30
ENSMUSG00000018916	Csf2	protein_coding	30
ENSMUSG00000021314	Amph	protein_coding	30
ENSMUSG00000002372	Ranbp3	protein_coding	30
ENSMUSG00000070565	Rasal2	protein_coding	30
ENSMUSG00000028737	Aldh4a1	protein_coding	30
ENSMUSG00000037905	Bri3bp	protein_coding	30
ENSMUSG00000009647	Mcu	protein_coding	30
ENSMUSG00000059866	Tnip2	protein_coding	30
ENSMUSG00000059883	Irak4	protein_coding	30
ENSMUSG00000032454	Rbp2	protein_coding	30
ENSMUSG00000054874	Pcnx3	protein_coding	30
ENSMUSG00000025159	Mms19	protein_coding	30
ENSMUSG00000030314	Atg7	protein_coding	30
ENSMUSG00000028483	Snapc3	protein_coding	30
ENSMUSG00000038175	Mylip	protein_coding	30
ENSMUSG00000009246	Trpm5	protein_coding	30
ENSMUSG00000038280	Ostm1	protein_coding	30
ENSMUSG00000031485	Plpbp	protein_coding	30
ENSMUSG00000061118	Dnajc30	protein_coding	30
ENSMUSG00000024875	Yif1a	protein_coding	30
ENSMUSG00000003500	Impdh1	protein_coding	30
ENSMUSG00000042182	Bend6	protein_coding	30
ENSMUSG00000021357	Exoc2	protein_coding	30
ENSMUSG00000038241	Cep250	protein_coding	30
ENSMUSG00000028536	2610528J11Rik	protein_coding	30
ENSMUSG00000034435	Tmem30b	protein_coding	30
ENSMUSG00000032417	Rwdd2a	protein_coding	30
ENSMUSG00000079605	Zbtb9	protein_coding	30
ENSMUSG00000021550	Qng1	protein_coding	30
ENSMUSG00000059975	Zfp74	protein_coding	30
ENSMUSG00000059981	Taok2	protein_coding	30
ENSMUSG00000021619	Atg10	protein_coding	30
ENSMUSG00000026519	Tmem63a	protein_coding	30
ENSMUSG00000028651	Ppie	protein_coding	30
ENSMUSG00000047710	Champ1	protein_coding	30
ENSMUSG00000047712	Ust	protein_coding	30
ENSMUSG00000054106	Try4	protein_coding	30
ENSMUSG00000054150	Syne3	protein_coding	30
ENSMUSG00000020875	Hoxb9	protein_coding	30
ENSMUSG00000042262	Ccr8	protein_coding	30
ENSMUSG00000006315	Tmem147	protein_coding	30
ENSMUSG00000032261	Sh3bgrl2	protein_coding	30
ENSMUSG00000016262	Sertad4	protein_coding	30
ENSMUSG00000022561	Gpaa1	protein_coding	30
ENSMUSG00000007570	Fance	protein_coding	30
ENSMUSG00000015094	Npdc1	protein_coding	30
ENSMUSG00000031389	Arhgap4	protein_coding	30
ENSMUSG00000028698	Pik3r3	protein_coding	30
ENSMUSG00000024926	Kat5	protein_coding	30
ENSMUSG00000047473	Zfp30	protein_coding	30
ENSMUSG00000020656	Grhl1	protein_coding	30
ENSMUSG00000017817	Jph2	protein_coding	30
ENSMUSG00000063802	Hspbp1	protein_coding	30
ENSMUSG00000038070	Cntln	protein_coding	30
ENSMUSG00000025047	Pdcd11	protein_coding	30
ENSMUSG00000024962	Vegfb	protein_coding	30
ENSMUSG00000030204	Ddx47	protein_coding	30
ENSMUSG00000054309	Cpsf3	protein_coding	30
ENSMUSG00000017692	Rhbdl3	protein_coding	30
ENSMUSG00000038126	Mphosph9	protein_coding	30
ENSMUSG00000042404	Dennd4b	protein_coding	30
ENSMUSG00000042351	Grap2	protein_coding	30
ENSMUSG00000021518	Ptdss1	protein_coding	30
ENSMUSG00000031443	F7	protein_coding	30
ENSMUSG00000037971	Cfap68	protein_coding	30
ENSMUSG00000031840	Rab3a	protein_coding	30
ENSMUSG00000011114	Tbrg1	protein_coding	30
ENSMUSG00000036264	Fstl4	protein_coding	30
ENSMUSG00000001761	Smo	protein_coding	30
ENSMUSG00000019888	Mgat4c	protein_coding	30
ENSMUSG00000026939	Tmem141	protein_coding	30
ENSMUSG00000041426	Hibch	protein_coding	30
ENSMUSG00000041351	Rap1gap	protein_coding	30
ENSMUSG00000036155	Mgat5	protein_coding	30
ENSMUSG00000024085	Man2a1	protein_coding	30
ENSMUSG00000000552	Zfp385a	protein_coding	30
ENSMUSG00000000915	Hip1r	protein_coding	30
ENSMUSG00000029385	Ccng2	protein_coding	30
ENSMUSG00000041241	Mul1	protein_coding	30
ENSMUSG00000073856	Iqck	protein_coding	30
ENSMUSG00000062753	Smim29	protein_coding	29
ENSMUSG00000020962	Gtf2a1	protein_coding	29
ENSMUSG00000021120	Pigh	protein_coding	29
ENSMUSG00000041498	Kif14	protein_coding	29
ENSMUSG00000041491	Cep78	protein_coding	29
ENSMUSG00000078440	Dohh	protein_coding	29
ENSMUSG00000020492	Ska2	protein_coding	29
ENSMUSG00000029445	Hpd	protein_coding	29
ENSMUSG00000024135	Srbd1	protein_coding	29
ENSMUSG00000050627	Gpd1l	protein_coding	29
ENSMUSG00000030889	Vwa3a	protein_coding	29
ENSMUSG00000058248	Kcnh1	protein_coding	29
ENSMUSG00000064289	Tank	protein_coding	29
ENSMUSG00000043342	Hoxd9	protein_coding	29
ENSMUSG00000026159	Agfg1	protein_coding	29
ENSMUSG00000039509	Nup133	protein_coding	29
ENSMUSG00000027860	Vangl1	protein_coding	29
ENSMUSG00000020836	Coro6	protein_coding	29
ENSMUSG00000004233	Wars2	protein_coding	29
ENSMUSG00000047539	Fbxo28	protein_coding	29
ENSMUSG00000003308	Keap1	protein_coding	29
ENSMUSG00000067242	Lgi1	protein_coding	29
ENSMUSG00000027429	Sec23b	protein_coding	29
ENSMUSG00000060594	Layn	protein_coding	29
ENSMUSG00000027475	Kif3b	protein_coding	29
ENSMUSG00000047246	H2bc6	protein_coding	29
ENSMUSG00000030206	Gsg1	protein_coding	29
ENSMUSG00000034574	Daam1	protein_coding	29
ENSMUSG00000001943	Vsig2	protein_coding	29
ENSMUSG00000067148	Polr1c	protein_coding	29
ENSMUSG00000038074	Fkbp14	protein_coding	29
ENSMUSG00000030168	Adipor2	protein_coding	29
ENSMUSG00000054021	Sirt5	protein_coding	29
ENSMUSG00000021366	Hivep1	protein_coding	29
ENSMUSG00000027412	Lpin3	protein_coding	29
ENSMUSG00000042185	Nfrkb	protein_coding	29
ENSMUSG00000027488	Snta1	protein_coding	29
ENSMUSG00000095567	Noc2l	protein_coding	29
ENSMUSG00000017561	Crlf3	protein_coding	29
ENSMUSG00000047045	Tmem164	protein_coding	29
ENSMUSG00000018848	Rars1	protein_coding	29
ENSMUSG00000034486	Gbx2	protein_coding	29
ENSMUSG00000026427	Eif2d	protein_coding	29
ENSMUSG00000026436	Elk4	protein_coding	29
ENSMUSG00000021585	Cast	protein_coding	29
ENSMUSG00000032384	Csnk1g1	protein_coding	29
ENSMUSG00000032392	Parp16	protein_coding	29
ENSMUSG00000024937	Ehbp1l1	protein_coding	29
ENSMUSG00000047766	Lrrc49	protein_coding	29
ENSMUSG00000047777	Phf13	protein_coding	29
ENSMUSG00000030109	Slc6a12	protein_coding	29
ENSMUSG00000030098	Grip2	protein_coding	29
ENSMUSG00000028703	Lrrc41	protein_coding	29
ENSMUSG00000019806	Aig1	protein_coding	29
ENSMUSG00000021375	Kif13a	protein_coding	29
ENSMUSG00000047037	Nipa1	protein_coding	29
ENSMUSG00000022554	Hgh1	protein_coding	29
ENSMUSG00000022510	Trp63	protein_coding	29
ENSMUSG00000031373	Car5b	protein_coding	29
ENSMUSG00000021501	Caml	protein_coding	29
ENSMUSG00000042599	Kdm7a	protein_coding	29
ENSMUSG00000042104	Uggt2	protein_coding	29
ENSMUSG00000073557	Ppp1r12b	protein_coding	29
ENSMUSG00000073591	Pcdhb22	protein_coding	29
ENSMUSG00000037851	Iars1	protein_coding	29
ENSMUSG00000037855	Zfp365	protein_coding	29
ENSMUSG00000037773	Pced1a	protein_coding	29
ENSMUSG00000067851	Arfgef1	protein_coding	29
ENSMUSG00000028771	Ptpn12	protein_coding	29
ENSMUSG00000032452	Clstn2	protein_coding	29
ENSMUSG00000059878	Zfp422	protein_coding	29
ENSMUSG00000059669	Taf1b	protein_coding	29
ENSMUSG00000028527	Ak4	protein_coding	29
ENSMUSG00000028475	Spaar	protein_coding	29
ENSMUSG00000046985	Tapt1	protein_coding	29
ENSMUSG00000053329	Gatd3a	protein_coding	29
ENSMUSG00000022878	Adipoq	protein_coding	29
ENSMUSG00000003575	Crtc1	protein_coding	29
ENSMUSG00000000416	Cttnbp2	protein_coding	29
ENSMUSG00000037686	Aspg	protein_coding	29
ENSMUSG00000028851	Nudc	protein_coding	29
ENSMUSG00000032470	Mras	protein_coding	29
ENSMUSG00000046861	Hectd3	protein_coding	29
ENSMUSG00000067006	Serpinb5	protein_coding	29
ENSMUSG00000071005	Ccl19	protein_coding	29
ENSMUSG00000042535	Gtpbp1	protein_coding	29
ENSMUSG00000042500	Ago4	protein_coding	29
ENSMUSG00000030045	Mrpl19	protein_coding	29
ENSMUSG00000024835	Coro1b	protein_coding	29
ENSMUSG00000048349	Pou4f1	protein_coding	29
ENSMUSG00000004937	Sgta	protein_coding	29
ENSMUSG00000024773	Atg2a	protein_coding	29
ENSMUSG00000030380	Mzf1	protein_coding	29
ENSMUSG00000030386	Zfp606	protein_coding	29
ENSMUSG00000003228	Grk5	protein_coding	29
ENSMUSG00000034275	Igsf9b	protein_coding	29
ENSMUSG00000025175	Fn3k	protein_coding	29
ENSMUSG00000032512	Wdr48	protein_coding	29
ENSMUSG00000037731	Themis2	protein_coding	29
ENSMUSG00000028799	Zfp362	protein_coding	29
ENSMUSG00000047921	Trappc9	protein_coding	29
ENSMUSG00000007207	Stx1a	protein_coding	29
ENSMUSG00000061171	Slc38a11	protein_coding	29
ENSMUSG00000031511	Arhgef7	protein_coding	29
ENSMUSG00000020898	Ctc1	protein_coding	29
ENSMUSG00000095304	Plac9	protein_coding	29
ENSMUSG00000027498	Cstf1	protein_coding	29
ENSMUSG00000046618	Olfml2a	protein_coding	29
ENSMUSG00000038502	Ptov1	protein_coding	29
ENSMUSG00000038515	Grtp1	protein_coding	29
ENSMUSG00000038518	Jarid2	protein_coding	29
ENSMUSG00000038425	Poli	protein_coding	29
ENSMUSG00000032571	Pik3r4	protein_coding	29
ENSMUSG00000031284	Pak3	protein_coding	29
ENSMUSG00000020380	Rad50	protein_coding	29
ENSMUSG00000024712	Rfk	protein_coding	29
ENSMUSG00000035142	Nubpl	protein_coding	29
ENSMUSG00000035069	Oma1	protein_coding	29
ENSMUSG00000020629	Adi1	protein_coding	29
ENSMUSG00000004849	Ap1s1	protein_coding	29
ENSMUSG00000028898	Trnau1ap	protein_coding	29
ENSMUSG00000028413	B4galt1	protein_coding	29
ENSMUSG00000020857	Nme2	protein_coding	29
ENSMUSG00000002625	Akap8l	protein_coding	29
ENSMUSG00000002660	Clpp	protein_coding	29
ENSMUSG00000029864	Gstk1	protein_coding	29
ENSMUSG00000005378	Bud23	protein_coding	29
ENSMUSG00000020279	Il9r	protein_coding	29
ENSMUSG00000020610	Amz2	protein_coding	29
ENSMUSG00000068036	Afdn	protein_coding	29
ENSMUSG00000020051	Pah	protein_coding	29
ENSMUSG00000031546	Gins4	protein_coding	29
ENSMUSG00000061374	Fiz1	protein_coding	29
ENSMUSG00000055717	Slain1	protein_coding	29
ENSMUSG00000022365	Derl1	protein_coding	29
ENSMUSG00000027566	Psma7	protein_coding	29
ENSMUSG00000020121	Srgap1	protein_coding	29
ENSMUSG00000026317	Cln8	protein_coding	29
ENSMUSG00000031209	Heph	protein_coding	29
ENSMUSG00000031227	Magee1	protein_coding	29
ENSMUSG00000027298	Tyro3	protein_coding	29
ENSMUSG00000029763	Exoc4	protein_coding	29
ENSMUSG00000037351	Actr1b	protein_coding	29
ENSMUSG00000028959	Fastk	protein_coding	29
ENSMUSG00000024617	Camk2a	protein_coding	29
ENSMUSG00000001630	Stk38l	protein_coding	29
ENSMUSG00000024645	Timm21	protein_coding	29
ENSMUSG00000001034	Mapk7	protein_coding	29
ENSMUSG00000048920	Fkrp	protein_coding	29
ENSMUSG00000030431	Tmem238	protein_coding	29
ENSMUSG00000030519	Apba2	protein_coding	29
ENSMUSG00000030465	Psd3	protein_coding	29
ENSMUSG00000022292	Rrm2b	protein_coding	29
ENSMUSG00000056076	Eif3b	protein_coding	29
ENSMUSG00000022340	Sybu	protein_coding	29
ENSMUSG00000038555	Reep2	protein_coding	29
ENSMUSG00000020564	Atxn7l1	protein_coding	29
ENSMUSG00000018167	Stard3	protein_coding	29
ENSMUSG00000035246	Pcyt1b	protein_coding	29
ENSMUSG00000029804	Herc3	protein_coding	29
ENSMUSG00000004667	Polr2e	protein_coding	29
ENSMUSG00000004698	Hdac9	protein_coding	29
ENSMUSG00000029003	Mad2l2	protein_coding	29
ENSMUSG00000028331	Trmo	protein_coding	29
ENSMUSG00000038665	Dgki	protein_coding	29
ENSMUSG00000045871	Slitrk6	protein_coding	29
ENSMUSG00000034156	Tspoap1	protein_coding	29
ENSMUSG00000030545	Pex11a	protein_coding	29
ENSMUSG00000027660	Skil	protein_coding	29
ENSMUSG00000026283	Ing5	protein_coding	29
ENSMUSG00000042978	Sbk1	protein_coding	29
ENSMUSG00000052406	Rexo4	protein_coding	29
ENSMUSG00000052221	Ppp1r36	protein_coding	29
ENSMUSG00000028991	Mtor	protein_coding	29
ENSMUSG00000041921	Metap1d	protein_coding	29
ENSMUSG00000026725	Tnn	protein_coding	29
ENSMUSG00000040717	Il17rd	protein_coding	29
ENSMUSG00000024454	Hdac3	protein_coding	29
ENSMUSG00000030602	Pak4	protein_coding	29
ENSMUSG00000059183	Mtfmt	protein_coding	29
ENSMUSG00000028923	Necap2	protein_coding	29
ENSMUSG00000048782	Insc	protein_coding	29
ENSMUSG00000024601	Isoc1	protein_coding	29
ENSMUSG00000021219	Rgs6	protein_coding	29
ENSMUSG00000012017	Scarf2	protein_coding	29
ENSMUSG00000020566	Atp6v1c2	protein_coding	29
ENSMUSG00000020431	Adcy1	protein_coding	29
ENSMUSG00000018581	Dnah11	protein_coding	29
ENSMUSG00000028223	Decr1	protein_coding	29
ENSMUSG00000025529	Zfp711	protein_coding	29
ENSMUSG00000005615	Pcyt1a	protein_coding	29
ENSMUSG00000033904	Ccp110	protein_coding	29
ENSMUSG00000033918	Parl	protein_coding	29
ENSMUSG00000030557	Mef2a	protein_coding	29
ENSMUSG00000028282	Casp8ap2	protein_coding	29
ENSMUSG00000079033	Mef2b	protein_coding	29
ENSMUSG00000010311	Optc	protein_coding	29
ENSMUSG00000024413	Npc1	protein_coding	29
ENSMUSG00000004567	Mcoln1	protein_coding	29
ENSMUSG00000024359	Hspa9	protein_coding	29
ENSMUSG00000038859	Baiap2l1	protein_coding	29
ENSMUSG00000038872	Zfhx3	protein_coding	29
ENSMUSG00000042793	Lgr6	protein_coding	29
ENSMUSG00000042846	Lrrtm3	protein_coding	29
ENSMUSG00000031156	Slc35a2	protein_coding	29
ENSMUSG00000059060	Rad51b	protein_coding	29
ENSMUSG00000035521	Gnptg	protein_coding	29
ENSMUSG00000031594	Fgl1	protein_coding	29
ENSMUSG00000032057	Hoatz	protein_coding	29
ENSMUSG00000019951	Bltp3b	protein_coding	29
ENSMUSG00000026784	Pdss1	protein_coding	29
ENSMUSG00000027186	Elf5	protein_coding	29
ENSMUSG00000031132	Cd40lg	protein_coding	29
ENSMUSG00000035776	Cd99l2	protein_coding	29
ENSMUSG00000078612	Fyb2	protein_coding	29
ENSMUSG00000029638	Glcci1	protein_coding	29
ENSMUSG00000020541	Tom1l1	protein_coding	29
ENSMUSG00000004038	Gstm3	protein_coding	29
ENSMUSG00000036775	Decr2	protein_coding	29
ENSMUSG00000023829	Slc22a1	protein_coding	29
ENSMUSG00000021809	Nudt13	protein_coding	29
ENSMUSG00000064090	Vrk2	protein_coding	29
ENSMUSG00000045349	Sh2d5	protein_coding	29
ENSMUSG00000033769	Exoc6b	protein_coding	29
ENSMUSG00000045248	Med26	protein_coding	29
ENSMUSG00000038900	Rpl12	protein_coding	29
ENSMUSG00000033902	Mapkbp1	protein_coding	29
ENSMUSG00000022214	Dcaf11	protein_coding	29
ENSMUSG00000032009	Sesn3	protein_coding	29
ENSMUSG00000032013	Trim29	protein_coding	29
ENSMUSG00000015542	Nat9	protein_coding	29
ENSMUSG00000021193	Pitrm1	protein_coding	29
ENSMUSG00000031971	Ccsap	protein_coding	29
ENSMUSG00000025626	Phf6	protein_coding	29
ENSMUSG00000045103	Dmd	protein_coding	29
ENSMUSG00000000605	Clcn4	protein_coding	29
ENSMUSG00000000627	Sema4f	protein_coding	29
ENSMUSG00000033728	Lrrc14	protein_coding	29
ENSMUSG00000033768	Nrxn2	protein_coding	29
ENSMUSG00000026247	Ecel1	protein_coding	29
ENSMUSG00000026197	Zfand2b	protein_coding	29
ENSMUSG00000039914	Coq10a	protein_coding	29
ENSMUSG00000032840	Spring1	protein_coding	29
ENSMUSG00000032741	Tpcn1	protein_coding	29
ENSMUSG00000043157	Arl11	protein_coding	29
ENSMUSG00000020134	Peli1	protein_coding	29
ENSMUSG00000030671	Pde3b	protein_coding	29
ENSMUSG00000020212	Mdm1	protein_coding	29
ENSMUSG00000071650	Ganab	protein_coding	29
ENSMUSG00000071652	Ints5	protein_coding	29
ENSMUSG00000039065	Atpsckmt	protein_coding	29
ENSMUSG00000057069	Ero1b	protein_coding	29
ENSMUSG00000045210	Vcpip1	protein_coding	29
ENSMUSG00000038957	Edc3	protein_coding	29
ENSMUSG00000049717	Lig4	protein_coding	29
ENSMUSG00000049792	Bag5	protein_coding	29
ENSMUSG00000040945	Rcc2	protein_coding	29
ENSMUSG00000040877	Wdr25	protein_coding	29
ENSMUSG00000096847	Tmem151b	protein_coding	29
ENSMUSG00000041684	Bivm	protein_coding	29
ENSMUSG00000026860	Sh3glb2	protein_coding	29
ENSMUSG00000024302	Dtna	protein_coding	29
ENSMUSG00000090291	Lrrc10b	protein_coding	29
ENSMUSG00000036699	Zcchc12	protein_coding	29
ENSMUSG00000024335	Brd2	protein_coding	29
ENSMUSG00000036817	Sun1	protein_coding	29
ENSMUSG00000050270	Tmem220	protein_coding	29
ENSMUSG00000050295	Foxc1	protein_coding	29
ENSMUSG00000004460	Dnajb11	protein_coding	29
ENSMUSG00000028030	Tbck	protein_coding	29
ENSMUSG00000008373	Prpf31	protein_coding	29
ENSMUSG00000005982	Naa60	protein_coding	29
ENSMUSG00000039703	Nploc4	protein_coding	29
ENSMUSG00000041625	Ggact	protein_coding	29
ENSMUSG00000031634	Ufsp2	protein_coding	29
ENSMUSG00000031605	Klhl2	protein_coding	29
ENSMUSG00000031660	Brd7	protein_coding	29
ENSMUSG00000050332	Amer1	protein_coding	29
ENSMUSG00000005882	Uqcc1	protein_coding	29
ENSMUSG00000005682	Pan2	protein_coding	29
ENSMUSG00000044646	Zbtb7c	protein_coding	29
ENSMUSG00000057137	Tmem140	protein_coding	29
ENSMUSG00000113949	Scamp4	protein_coding	29
ENSMUSG00000030682	Cdipt	protein_coding	29
ENSMUSG00000071711	Mpst	protein_coding	29
ENSMUSG00000057181	5730455P16Rik	protein_coding	29
ENSMUSG00000058444	Map2k5	protein_coding	29
ENSMUSG00000064202	Spata6l	protein_coding	29
ENSMUSG00000064210	Ano6	protein_coding	29
ENSMUSG00000039662	Icmt	protein_coding	29
ENSMUSG00000026174	Cnot9	protein_coding	29
ENSMUSG00000033396	Spg11	protein_coding	29
ENSMUSG00000014195	Dnajc7	protein_coding	29
ENSMUSG00000033326	Kdm4a	protein_coding	29
ENSMUSG00000022089	Bin3	protein_coding	29
ENSMUSG00000044390	Tigd3	protein_coding	29
ENSMUSG00000023990	Tfeb	protein_coding	29
ENSMUSG00000020546	Stxbp4	protein_coding	29
ENSMUSG00000026806	Ddx31	protein_coding	29
ENSMUSG00000014725	Adam28	protein_coding	29
ENSMUSG00000051076	Vtcn1	protein_coding	29
ENSMUSG00000029522	Pla2g1b	protein_coding	29
ENSMUSG00000023980	Taf8	protein_coding	29
ENSMUSG00000023982	Guca1a	protein_coding	29
ENSMUSG00000018474	Chd3	protein_coding	29
ENSMUSG00000036026	Tmem63b	protein_coding	29
ENSMUSG00000031060	Rbm10	protein_coding	29
ENSMUSG00000032854	Ugt8a	protein_coding	29
ENSMUSG00000031078	Cttn	protein_coding	29
ENSMUSG00000028017	Egf	protein_coding	29
ENSMUSG00000093661	Eif4e3	protein_coding	29
ENSMUSG00000030825	Hsd17b14	protein_coding	29
ENSMUSG00000033356	Pus7l	protein_coding	29
ENSMUSG00000036502	Tmem255a	protein_coding	29
ENSMUSG00000029346	Srrd	protein_coding	29
ENSMUSG00000019944	Rhobtb1	protein_coding	29
ENSMUSG00000096225	Lhx8	protein_coding	29
ENSMUSG00000026979	Psd4	protein_coding	29
ENSMUSG00000001150	Mcm3ap	protein_coding	29
ENSMUSG00000027067	Ssrp1	protein_coding	29
ENSMUSG00000026849	Tor1a	protein_coding	29
ENSMUSG00000062352	Itgb1bp1	protein_coding	29
ENSMUSG00000007987	Ift22	protein_coding	29
ENSMUSG00000044117	Bmerb1	protein_coding	29
ENSMUSG00000072825	Cep170b	protein_coding	29
ENSMUSG00000005951	Shpk	protein_coding	29
ENSMUSG00000019579	Mydgf	protein_coding	29
ENSMUSG00000019699	Akt3	protein_coding	29
ENSMUSG00000041323	Ak7	protein_coding	29
ENSMUSG00000063077	Kif1b	protein_coding	29
ENSMUSG00000002205	Vrk3	protein_coding	29
ENSMUSG00000002221	Paxip1	protein_coding	29
ENSMUSG00000031723	Txnl4b	protein_coding	29
ENSMUSG00000043439	Epop	protein_coding	29
ENSMUSG00000043671	Dpy19l3	protein_coding	29
ENSMUSG00000043687	1190005I06Rik	protein_coding	29
ENSMUSG00000033029	1700088E04Rik	protein_coding	29
ENSMUSG00000058298	Mcm9	protein_coding	29
ENSMUSG00000027951	Adar	protein_coding	29
ENSMUSG00000030870	Ubfd1	protein_coding	29
ENSMUSG00000029392	Rilpl1	protein_coding	29
ENSMUSG00000036298	Slc2a13	protein_coding	29
ENSMUSG00000013465	Nelfb	protein_coding	29
ENSMUSG00000034617	Mtrr	protein_coding	29
ENSMUSG00000022679	Mpv17l	protein_coding	29
ENSMUSG00000022604	Cep97	protein_coding	29
ENSMUSG00000042345	Ubash3a	protein_coding	29
ENSMUSG00000026532	Spta1	protein_coding	29
ENSMUSG00000063704	Mapk15	protein_coding	29
ENSMUSG00000021464	Ror2	protein_coding	29
ENSMUSG00000031441	Atp11a	protein_coding	29
ENSMUSG00000021047	Nova1	protein_coding	29
ENSMUSG00000041406	Firrm	protein_coding	29
ENSMUSG00000041429	Nthl1	protein_coding	29
ENSMUSG00000010796	Asz1	protein_coding	29
ENSMUSG00000029348	Asphd2	protein_coding	28
ENSMUSG00000078485	Plekhn1	protein_coding	28
ENSMUSG00000024006	Stk38	protein_coding	28
ENSMUSG00000078451	Ppil6	protein_coding	28
ENSMUSG00000031916	Cog8	protein_coding	28
ENSMUSG00000031988	Vps26b	protein_coding	28
ENSMUSG00000026866	Kynu	protein_coding	28
ENSMUSG00000041616	Nppa	protein_coding	28
ENSMUSG00000019916	P4ha1	protein_coding	28
ENSMUSG00000029345	Tfip11	protein_coding	28
ENSMUSG00000090150	Acad11	protein_coding	28
ENSMUSG00000020527	Myo19	protein_coding	28
ENSMUSG00000036114	Rpp25l	protein_coding	28
ENSMUSG00000024163	Mapk8ip3	protein_coding	28
ENSMUSG00000019487	Trip10	protein_coding	28
ENSMUSG00000039270	Megf9	protein_coding	28
ENSMUSG00000021928	Ebpl	protein_coding	28
ENSMUSG00000021848	Otx2	protein_coding	28
ENSMUSG00000020828	Pld2	protein_coding	28
ENSMUSG00000033053	Cfap95	protein_coding	28
ENSMUSG00000039523	Cep104	protein_coding	28
ENSMUSG00000027865	Gdap2	protein_coding	28
ENSMUSG00000026142	Rhbdd1	protein_coding	28
ENSMUSG00000039546	Ajap1	protein_coding	28
ENSMUSG00000064264	Zfp428	protein_coding	28
ENSMUSG00000033187	BC016579	protein_coding	28
ENSMUSG00000026035	Ppil3	protein_coding	28
ENSMUSG00000026068	Il18rap	protein_coding	28
ENSMUSG00000006024	Napa	protein_coding	28
ENSMUSG00000058153	Sez6l	protein_coding	28
ENSMUSG00000057788	Ddx49	protein_coding	28
ENSMUSG00000033335	Dnm2	protein_coding	28
ENSMUSG00000030763	Lcmt1	protein_coding	28
ENSMUSG00000030801	Kat8	protein_coding	28
ENSMUSG00000039157	Eeig1	protein_coding	28
ENSMUSG00000039148	Sart1	protein_coding	28
ENSMUSG00000030922	Lyrm1	protein_coding	28
ENSMUSG00000021932	Rnaseh2b	protein_coding	28
ENSMUSG00000027849	Syt6	protein_coding	28
ENSMUSG00000074505	Fat3	protein_coding	28
ENSMUSG00000074500	Zfp558	protein_coding	28
ENSMUSG00000074486	Bglap2	protein_coding	28
ENSMUSG00000002833	Hdgfl2	protein_coding	28
ENSMUSG00000030851	Ldhc	protein_coding	28
ENSMUSG00000033308	Dpyd	protein_coding	28
ENSMUSG00000044636	Csrnp2	protein_coding	28
ENSMUSG00000016946	Kctd5	protein_coding	28
ENSMUSG00000017176	Nt5c3b	protein_coding	28
ENSMUSG00000016664	Pacsin2	protein_coding	28
ENSMUSG00000028010	Gar1	protein_coding	28
ENSMUSG00000025931	Paqr8	protein_coding	28
ENSMUSG00000005802	Slc30a4	protein_coding	28
ENSMUSG00000027811	4930579G24Rik	protein_coding	28
ENSMUSG00000039640	Mrpl12	protein_coding	28
ENSMUSG00000039680	Mrps6	protein_coding	28
ENSMUSG00000032867	Fbxw8	protein_coding	28
ENSMUSG00000031021	Tmem9b	protein_coding	28
ENSMUSG00000058594	Fbh1	protein_coding	28
ENSMUSG00000117975	Itprip	protein_coding	28
ENSMUSG00000057554	Lgals8	protein_coding	28
ENSMUSG00000044816	D630023F18Rik	protein_coding	28
ENSMUSG00000064138	Arb2a	protein_coding	28
ENSMUSG00000072969	Armcx5	protein_coding	28
ENSMUSG00000025871	4833439L19Rik	protein_coding	28
ENSMUSG00000066042	Med18	protein_coding	28
ENSMUSG00000022160	Mettl3	protein_coding	28
ENSMUSG00000033581	Igf2bp2	protein_coding	28
ENSMUSG00000071708	Sms	protein_coding	28
ENSMUSG00000044768	Macir	protein_coding	28
ENSMUSG00000025812	Pard3	protein_coding	28
ENSMUSG00000057280	Musk	protein_coding	28
ENSMUSG00000033454	Zbtb1	protein_coding	28
ENSMUSG00000014313	Cox6c	protein_coding	28
ENSMUSG00000014245	Pigl	protein_coding	28
ENSMUSG00000045252	Zfp574	protein_coding	28
ENSMUSG00000056752	Dnah9	protein_coding	28
ENSMUSG00000066148	Prpf4	protein_coding	28
ENSMUSG00000013921	Clip3	protein_coding	28
ENSMUSG00000030657	Xylt1	protein_coding	28
ENSMUSG00000064065	Ipcef1	protein_coding	28
ENSMUSG00000019761	Krt10	protein_coding	28
ENSMUSG00000039842	Mcph1	protein_coding	28
ENSMUSG00000026248	Mrpl44	protein_coding	28
ENSMUSG00000030670	Cyp2r1	protein_coding	28
ENSMUSG00000030718	Ppme1	protein_coding	28
ENSMUSG00000033713	Foxn3	protein_coding	28
ENSMUSG00000025785	Exosc7	protein_coding	28
ENSMUSG00000025702	Marchf8	protein_coding	28
ENSMUSG00000044827	Tlr1	protein_coding	28
ENSMUSG00000045532	C1ql1	protein_coding	28
ENSMUSG00000045665	Mfsd5	protein_coding	28
ENSMUSG00000071537	Klrg2	protein_coding	28
ENSMUSG00000021786	Oxsm	protein_coding	28
ENSMUSG00000014791	Elmo3	protein_coding	28
ENSMUSG00000031099	Smarca1	protein_coding	28
ENSMUSG00000064120	Mocs1	protein_coding	28
ENSMUSG00000064115	Cadm2	protein_coding	28
ENSMUSG00000026203	Dnajb2	protein_coding	28
ENSMUSG00000019737	Syne4	protein_coding	28
ENSMUSG00000056596	Trnp1	protein_coding	28
ENSMUSG00000033847	Pla2g4c	protein_coding	28
ENSMUSG00000033862	Cdk10	protein_coding	28
ENSMUSG00000020256	Aldh1l2	protein_coding	28
ENSMUSG00000028152	Tspan5	protein_coding	28
ENSMUSG00000056310	Tyw1	protein_coding	28
ENSMUSG00000034022	Cpsf1	protein_coding	28
ENSMUSG00000005364	Il5ra	protein_coding	28
ENSMUSG00000027642	Rpn2	protein_coding	28
ENSMUSG00000042726	Trafd1	protein_coding	28
ENSMUSG00000021803	Cdhr1	protein_coding	28
ENSMUSG00000058761	Rnf169	protein_coding	28
ENSMUSG00000025439	Clns1a	protein_coding	28
ENSMUSG00000092164	Rergl	protein_coding	28
ENSMUSG00000030543	Mesp2	protein_coding	28
ENSMUSG00000030534	Vps33b	protein_coding	28
ENSMUSG00000025427	Ark2c	protein_coding	28
ENSMUSG00000002996	Hbp1	protein_coding	28
ENSMUSG00000014039	Prdm15	protein_coding	28
ENSMUSG00000045409	Trim39	protein_coding	28
ENSMUSG00000038594	Cep85l	protein_coding	28
ENSMUSG00000046160	Olig1	protein_coding	28
ENSMUSG00000055923	Aasdh	protein_coding	28
ENSMUSG00000030432	Rpl28	protein_coding	28
ENSMUSG00000021748	Pdhb	protein_coding	28
ENSMUSG00000021712	Trim23	protein_coding	28
ENSMUSG00000032657	Entrep3	protein_coding	28
ENSMUSG00000026260	Ndufa10	protein_coding	28
ENSMUSG00000027635	Dsn1	protein_coding	28
ENSMUSG00000027624	Epb41l1	protein_coding	28
ENSMUSG00000026342	Slc35f5	protein_coding	28
ENSMUSG00000042688	Mapk6	protein_coding	28
ENSMUSG00000001098	Kctd10	protein_coding	28
ENSMUSG00000055553	Kxd1	protein_coding	28
ENSMUSG00000022359	Ntaq1	protein_coding	28
ENSMUSG00000025271	Pfkfb1	protein_coding	28
ENSMUSG00000038437	Mllt6	protein_coding	28
ENSMUSG00000032584	Mst1r	protein_coding	28
ENSMUSG00000059409	Ppp2r5d	protein_coding	28
ENSMUSG00000042677	Zc3h12a	protein_coding	28
ENSMUSG00000074358	Ccdc61	protein_coding	28
ENSMUSG00000055538	Zcchc24	protein_coding	28
ENSMUSG00000038524	Fchsd1	protein_coding	28
ENSMUSG00000038560	Sp6	protein_coding	28
ENSMUSG00000038544	Inip	protein_coding	28
ENSMUSG00000071253	Slc25a16	protein_coding	28
ENSMUSG00000038602	Slc35f1	protein_coding	28
ENSMUSG00000038429	Usp5	protein_coding	28
ENSMUSG00000038510	Rpf2	protein_coding	28
ENSMUSG00000022443	Myh9	protein_coding	28
ENSMUSG00000000690	Hoxb6	protein_coding	28
ENSMUSG00000034274	Thoc5	protein_coding	28
ENSMUSG00000034271	Jdp2	protein_coding	28
ENSMUSG00000031256	Cstf2	protein_coding	28
ENSMUSG00000021687	Scamp1	protein_coding	28
ENSMUSG00000059554	Ccdc28a	protein_coding	28
ENSMUSG00000002635	Pdcd2l	protein_coding	28
ENSMUSG00000079563	Pglyrp2	protein_coding	28
ENSMUSG00000079559	Pou2af3	protein_coding	28
ENSMUSG00000032555	Topbp1	protein_coding	28
ENSMUSG00000055799	Tcf7l1	protein_coding	28
ENSMUSG00000055760	Gemin6	protein_coding	28
ENSMUSG00000022433	Csnk1e	protein_coding	28
ENSMUSG00000022494	Shisa9	protein_coding	28
ENSMUSG00000020309	Chac2	protein_coding	28
ENSMUSG00000046785	Epm2aip1	protein_coding	28
ENSMUSG00000038365	Fbxo25	protein_coding	28
ENSMUSG00000074916	Chst14	protein_coding	28
ENSMUSG00000026409	Pfkfb2	protein_coding	28
ENSMUSG00000032477	Cdc25a	protein_coding	28
ENSMUSG00000032500	Dclk3	protein_coding	28
ENSMUSG00000032498	Mlh1	protein_coding	28
ENSMUSG00000031274	Col4a5	protein_coding	28
ENSMUSG00000020079	Supv3l1	protein_coding	28
ENSMUSG00000026404	Ddx59	protein_coding	28
ENSMUSG00000026398	Nr5a2	protein_coding	28
ENSMUSG00000027560	Dok5	protein_coding	28
ENSMUSG00000022428	Cby1	protein_coding	28
ENSMUSG00000025224	Gbf1	protein_coding	28
ENSMUSG00000020695	Mrc2	protein_coding	28
ENSMUSG00000022538	Lsg1	protein_coding	28
ENSMUSG00000054793	Cadm4	protein_coding	28
ENSMUSG00000054931	Zkscan4	protein_coding	28
ENSMUSG00000078931	Pdf	protein_coding	28
ENSMUSG00000025158	Rfng	protein_coding	28
ENSMUSG00000017639	Rab11fip4	protein_coding	28
ENSMUSG00000059689	Zfp637	protein_coding	28
ENSMUSG00000021577	Sdha	protein_coding	28
ENSMUSG00000032495	Lrrc2	protein_coding	28
ENSMUSG00000019787	Trdn	protein_coding	28
ENSMUSG00000040264	Gbp2b	protein_coding	28
ENSMUSG00000038416	Cdc16	protein_coding	28
ENSMUSG00000025020	Slit1	protein_coding	28
ENSMUSG00000025077	Dclre1a	protein_coding	28
ENSMUSG00000025069	Gsto2	protein_coding	28
ENSMUSG00000047193	Dync2h1	protein_coding	28
ENSMUSG00000047181	Samd14	protein_coding	28
ENSMUSG00000040312	Cchcr1	protein_coding	28
ENSMUSG00000040297	Suco	protein_coding	28
ENSMUSG00000001229	Dpp9	protein_coding	28
ENSMUSG00000021615	Xrcc4	protein_coding	28
ENSMUSG00000054863	Tafa5	protein_coding	28
ENSMUSG00000030256	Bhlhe41	protein_coding	28
ENSMUSG00000030254	Rad18	protein_coding	28
ENSMUSG00000034430	Zxdc	protein_coding	28
ENSMUSG00000046959	Slc26a1	protein_coding	28
ENSMUSG00000038248	Sobp	protein_coding	28
ENSMUSG00000047126	Cltc	protein_coding	28
ENSMUSG00000030145	Zfp248	protein_coding	28
ENSMUSG00000047388	Atmin	protein_coding	28
ENSMUSG00000024958	Gpr137	protein_coding	28
ENSMUSG00000047216	Cdh19	protein_coding	28
ENSMUSG00000038065	Mturn	protein_coding	28
ENSMUSG00000027485	Bpifb1	protein_coding	28
ENSMUSG00000021553	Slc28a3	protein_coding	28
ENSMUSG00000060176	Kif27	protein_coding	28
ENSMUSG00000063851	Rnf183	protein_coding	28
ENSMUSG00000060261	Gtf2i	protein_coding	28
ENSMUSG00000021481	Zfp346	protein_coding	28
ENSMUSG00000028541	B4galt2	protein_coding	28
ENSMUSG00000054484	Tmem62	protein_coding	28
ENSMUSG00000022570	Gfus	protein_coding	28
ENSMUSG00000034412	Tbc1d10a	protein_coding	28
ENSMUSG00000038115	Ano2	protein_coding	28
ENSMUSG00000047342	Zfp286	protein_coding	28
ENSMUSG00000047454	Gphn	protein_coding	28
ENSMUSG00000073424	Cyp4f15	protein_coding	28
ENSMUSG00000042444	Mindy2	protein_coding	28
ENSMUSG00000042359	Osbpl6	protein_coding	28
ENSMUSG00000026469	Xpr1	protein_coding	28
ENSMUSG00000109324	Prmt1	protein_coding	28
ENSMUSG00000030177	Ccdc77	protein_coding	28
ENSMUSG00000028683	Eif2b3	protein_coding	28
ENSMUSG00000028669	Pithd1	protein_coding	28
ENSMUSG00000028668	Eloa	protein_coding	28
ENSMUSG00000028640	Tfap2c	protein_coding	28
ENSMUSG00000070733	Fryl	protein_coding	28
ENSMUSG00000034575	Tent4a	protein_coding	28
ENSMUSG00000034709	Ppp1r21	protein_coding	28
ENSMUSG00000024944	Arl2	protein_coding	28
ENSMUSG00000047613	A430005L14Rik	protein_coding	28
ENSMUSG00000020873	Slc35b1	protein_coding	28
ENSMUSG00000121513	Ptprg	protein_coding	28
ENSMUSG00000060568	Fam78b	protein_coding	28
ENSMUSG00000060671	Atp8b2	protein_coding	28
ENSMUSG00000021408	Ripk1	protein_coding	28
ENSMUSG00000032245	Cln6	protein_coding	28
ENSMUSG00000019818	Cd164	protein_coding	28
ENSMUSG00000027424	Mgme1	protein_coding	28
ENSMUSG00000042256	Ptchd4	protein_coding	28
ENSMUSG00000000794	Kcnn3	protein_coding	28
ENSMUSG00000030126	Tmcc1	protein_coding	28
ENSMUSG00000047417	Rexo1	protein_coding	28
ENSMUSG00000053646	Plxnb1	protein_coding	28
ENSMUSG00000020653	Klf11	protein_coding	28
ENSMUSG00000024897	Apba1	protein_coding	28
ENSMUSG00000047735	Samd9l	protein_coding	28
ENSMUSG00000024889	Rce1	protein_coding	28
ENSMUSG00000060985	Tdrd5	protein_coding	28
ENSMUSG00000026556	Vangl2	protein_coding	28
ENSMUSG00000042207	Kdm5b	protein_coding	28
ENSMUSG00000001285	Myg1	protein_coding	28
ENSMUSG00000003438	Timm50	protein_coding	28
ENSMUSG00000022683	Pla2g10	protein_coding	28
ENSMUSG00000022760	Thap7	protein_coding	28
ENSMUSG00000022759	Lrrc74b	protein_coding	28
ENSMUSG00000028779	Pef1	protein_coding	28
ENSMUSG00000009563	Tor2a	protein_coding	28
ENSMUSG00000034731	Dgkh	protein_coding	28
ENSMUSG00000022828	Gtf2e1	protein_coding	28
ENSMUSG00000022788	Fgd4	protein_coding	28
ENSMUSG00000005057	Sh2b2	protein_coding	28
ENSMUSG00000047793	Sned1	protein_coding	28
ENSMUSG00000037761	Actr5	protein_coding	28
ENSMUSG00000040520	Manea	protein_coding	28
ENSMUSG00000032187	Smarca4	protein_coding	28
ENSMUSG00000021416	Eci3	protein_coding	28
ENSMUSG00000027371	Fahd2a	protein_coding	28
ENSMUSG00000027376	Prom2	protein_coding	28
ENSMUSG00000047428	Dlk2	protein_coding	28
ENSMUSG00000035126	Dnai4	protein_coding	28
ENSMUSG00000035109	Shc4	protein_coding	28
ENSMUSG00000027346	Gpcpd1	protein_coding	28
ENSMUSG00000041958	Pigs	protein_coding	28
ENSMUSG00000006463	Zdhhc24	protein_coding	28
ENSMUSG00000007050	Lsm2	protein_coding	28
ENSMUSG00000073598	Smim33	protein_coding	28
ENSMUSG00000029866	Kel	protein_coding	28
ENSMUSG00000028869	Gnl2	protein_coding	28
ENSMUSG00000024736	Tmem132a	protein_coding	28
ENSMUSG00000024732	Ccdc86	protein_coding	28
ENSMUSG00000053111	Fank1	protein_coding	28
ENSMUSG00000053141	Ptprt	protein_coding	28
ENSMUSG00000048027	Rgmb	protein_coding	28
ENSMUSG00000048001	Hes5	protein_coding	28
ENSMUSG00000028785	Hpca	protein_coding	28
ENSMUSG00000052430	Bmpr1b	protein_coding	28
ENSMUSG00000048668	Rhno1	protein_coding	28
ENSMUSG00000001642	Akr1b1	protein_coding	28
ENSMUSG00000037355	Uvssa	protein_coding	28
ENSMUSG00000040591	Cstpp1	protein_coding	28
ENSMUSG00000027316	Gfra4	protein_coding	28
ENSMUSG00000040620	Dhx33	protein_coding	28
ENSMUSG00000006850	Tmco6	protein_coding	28
ENSMUSG00000063576	Klhdc3	protein_coding	28
ENSMUSG00000089704	Galnt2	protein_coding	28
ENSMUSG00000003721	Insig2	protein_coding	28
ENSMUSG00000037339	Fam53a	protein_coding	28
ENSMUSG00000003810	Mast2	protein_coding	28
ENSMUSG00000020630	Rnaseh1	protein_coding	28
ENSMUSG00000012296	Tjap1	protein_coding	28
ENSMUSG00000024477	Pggt1b	protein_coding	28
ENSMUSG00000061461	Smim20	protein_coding	28
ENSMUSG00000040697	Dnajc16	protein_coding	28
ENSMUSG00000041798	Gck	protein_coding	28
ENSMUSG00000020032	Nuak1	protein_coding	28
ENSMUSG00000041926	Rnpep	protein_coding	28
ENSMUSG00000026643	Nmt2	protein_coding	28
ENSMUSG00000024480	Ap3s1	protein_coding	28
ENSMUSG00000049339	Retreg2	protein_coding	28
ENSMUSG00000029790	Cep41	protein_coding	28
ENSMUSG00000035285	Nat14	protein_coding	28
ENSMUSG00000035274	Tpbg	protein_coding	28
ENSMUSG00000024528	Srfbp1	protein_coding	28
ENSMUSG00000023051	Tarbp2	protein_coding	28
ENSMUSG00000036955	Kifbp	protein_coding	28
ENSMUSG00000004056	Akt2	protein_coding	28
ENSMUSG00000020919	Stat5b	protein_coding	28
ENSMUSG00000020018	Snrpf	protein_coding	28
ENSMUSG00000041741	Pde3a	protein_coding	28
ENSMUSG00000037034	Pax1	protein_coding	28
ENSMUSG00000037129	Tmprss13	protein_coding	28
ENSMUSG00000068323	Slc4a5	protein_coding	28
ENSMUSG00000035505	Cox18	protein_coding	28
ENSMUSG00000051853	Arf3	protein_coding	28
ENSMUSG00000049538	Adamts16	protein_coding	28
ENSMUSG00000049532	Sall2	protein_coding	28
ENSMUSG00000049323	Smcr8	protein_coding	28
ENSMUSG00000020429	Igfbp1	protein_coding	28
ENSMUSG00000010054	Tusc2	protein_coding	28
ENSMUSG00000029729	Zkscan1	protein_coding	28
ENSMUSG00000035936	Aldh5a1	protein_coding	28
ENSMUSG00000000441	Raf1	protein_coding	28
ENSMUSG00000051495	Irf2bp2	protein_coding	28
ENSMUSG00000036693	Nop14	protein_coding	28
ENSMUSG00000061731	Ext1	protein_coding	28
ENSMUSG00000035790	Cep19	protein_coding	28
ENSMUSG00000011154	Cfap161	protein_coding	28
ENSMUSG00000023707	Ogfod2	protein_coding	28
ENSMUSG00000035840	Lysmd3	protein_coding	28
ENSMUSG00000049690	Nckap5	protein_coding	28
ENSMUSG00000036781	Rps27l	protein_coding	28
ENSMUSG00000049502	Dtx3l	protein_coding	28
ENSMUSG00000018543	Spmap1	protein_coding	28
ENSMUSG00000010592	Dazl	protein_coding	28
ENSMUSG00000050505	Pcdh20	protein_coding	28
ENSMUSG00000027115	Kif18a	protein_coding	28
ENSMUSG00000026917	Wdr5	protein_coding	28
ENSMUSG00000031982	Arv1	protein_coding	28
ENSMUSG00000021112	Pals1	protein_coding	28
ENSMUSG00000015869	Prpsap1	protein_coding	28
ENSMUSG00000026799	Med27	protein_coding	28
ENSMUSG00000041000	Trim62	protein_coding	28
ENSMUSG00000051243	Islr2	protein_coding	28
ENSMUSG00000069135	Cep43	protein_coding	28
ENSMUSG00000036731	Cysrt1	protein_coding	28
ENSMUSG00000029211	Gabra4	protein_coding	28
ENSMUSG00000035860	Cdhr3	protein_coding	28
ENSMUSG00000021033	Gstz1	protein_coding	28
ENSMUSG00000062901	Klhl24	protein_coding	28
ENSMUSG00000002307	Daxx	protein_coding	28
ENSMUSG00000031913	Vps4a	protein_coding	28
ENSMUSG00000096188	Cmtm4	protein_coding	28
ENSMUSG00000073982	Rhog	protein_coding	28
ENSMUSG00000026994	Galnt3	protein_coding	28
ENSMUSG00000041231	Ublcp1	protein_coding	28
ENSMUSG00000015745	Plekho1	protein_coding	28
ENSMUSG00000078307	AI593442	protein_coding	28
ENSMUSG00000090122	Kcne5	protein_coding	28
ENSMUSG00000036395	Glb1l2	protein_coding	28
ENSMUSG00000036167	Pphln1	protein_coding	28
ENSMUSG00000036139	Hoxc9	protein_coding	28
ENSMUSG00000004356	Utp20	protein_coding	28
ENSMUSG00000079334	Naa80	protein_coding	28
ENSMUSG00000000776	Polr3d	protein_coding	28
ENSMUSG00000000730	Dnmt3l	protein_coding	28
ENSMUSG00000033088	Triobp	protein_coding	28
ENSMUSG00000014361	Mertk	protein_coding	28
ENSMUSG00000072889	Nfxl1	protein_coding	28
ENSMUSG00000043445	Pgp	protein_coding	28
ENSMUSG00000015659	Serac1	protein_coding	28
ENSMUSG00000031732	Phlpp2	protein_coding	28
ENSMUSG00000026883	Dab2ip	protein_coding	28
ENSMUSG00000041301	Cftr	protein_coding	28
ENSMUSG00000021054	Sgpp1	protein_coding	28
ENSMUSG00000020978	Klhdc2	protein_coding	28
ENSMUSG00000026946	Nmi	protein_coding	28
ENSMUSG00000027499	Pkia	protein_coding	27
ENSMUSG00000007476	Lrrc8a	protein_coding	27
ENSMUSG00000058013	Septin11	protein_coding	27
ENSMUSG00000074212	Dnajb14	protein_coding	27
ENSMUSG00000095115	Itpripl2	protein_coding	27
ENSMUSG00000019779	Frk	protein_coding	27
ENSMUSG00000022701	Ccdc191	protein_coding	27
ENSMUSG00000019813	Cep57l1	protein_coding	27
ENSMUSG00000064280	Ccdc146	protein_coding	27
ENSMUSG00000040043	Rbms2	protein_coding	27
ENSMUSG00000040034	Nup43	protein_coding	27
ENSMUSG00000050248	Evc2	protein_coding	27
ENSMUSG00000039960	Rhou	protein_coding	27
ENSMUSG00000027641	Rbl1	protein_coding	27
ENSMUSG00000039878	Slc39a5	protein_coding	27
ENSMUSG00000031845	Bco1	protein_coding	27
ENSMUSG00000048330	Ric3	protein_coding	27
ENSMUSG00000027650	Tti1	protein_coding	27
ENSMUSG00000027663	Zmat3	protein_coding	27
ENSMUSG00000019774	Mtrf1l	protein_coding	27
ENSMUSG00000021900	Btd	protein_coding	27
ENSMUSG00000039826	Trub2	protein_coding	27
ENSMUSG00000027257	Pacsin3	protein_coding	27
ENSMUSG00000039693	Msantd3	protein_coding	27
ENSMUSG00000039782	Cpeb2	protein_coding	27
ENSMUSG00000039844	Rapgef1	protein_coding	27
ENSMUSG00000027787	Nmd3	protein_coding	27
ENSMUSG00000039789	Zfp597	protein_coding	27
ENSMUSG00000040728	Esrp1	protein_coding	27
ENSMUSG00000004931	Apba3	protein_coding	27
ENSMUSG00000019715	Gle1	protein_coding	27
ENSMUSG00000039578	Ccser1	protein_coding	27
ENSMUSG00000024112	Cacna1h	protein_coding	27
ENSMUSG00000050675	Gp1ba	protein_coding	27
ENSMUSG00000004267	Eno2	protein_coding	27
ENSMUSG00000050312	Nsun3	protein_coding	27
ENSMUSG00000024215	Spdef	protein_coding	27
ENSMUSG00000024236	Svil	protein_coding	27
ENSMUSG00000058454	Dhcr7	protein_coding	27
ENSMUSG00000027828	Ssr3	protein_coding	27
ENSMUSG00000065979	Cpped1	protein_coding	27
ENSMUSG00000039518	Cdsn	protein_coding	27
ENSMUSG00000055027	Smyd1	protein_coding	27
ENSMUSG00000021023	Prorp	protein_coding	27
ENSMUSG00000027884	Clcc1	protein_coding	27
ENSMUSG00000064360	mt-Nd3	protein_coding	27
ENSMUSG00000040918	Slc19a2	protein_coding	27
ENSMUSG00000027896	Slc16a4	protein_coding	27
ENSMUSG00000040978	Gm11992	protein_coding	27
ENSMUSG00000074570	Cass4	protein_coding	27
ENSMUSG00000058589	Anks1b	protein_coding	27
ENSMUSG00000007989	Fzd3	protein_coding	27
ENSMUSG00000050199	Lgr4	protein_coding	27
ENSMUSG00000024104	Washc2	protein_coding	27
ENSMUSG00000024097	Srsf7	protein_coding	27
ENSMUSG00000050640	Tmem150c	protein_coding	27
ENSMUSG00000057541	Pus7	protein_coding	27
ENSMUSG00000022012	Enox1	protein_coding	27
ENSMUSG00000039037	St6galnac5	protein_coding	27
ENSMUSG00000039087	Rreb1	protein_coding	27
ENSMUSG00000006763	Saal1	protein_coding	27
ENSMUSG00000027068	Dhrs9	protein_coding	27
ENSMUSG00000074004	B3gnt6	protein_coding	27
ENSMUSG00000038987	Cfap157	protein_coding	27
ENSMUSG00000024070	Prkd3	protein_coding	27
ENSMUSG00000027087	Itgav	protein_coding	27
ENSMUSG00000041187	Prkd2	protein_coding	27
ENSMUSG00000027035	Cers6	protein_coding	27
ENSMUSG00000038949	Cnst	protein_coding	27
ENSMUSG00000051000	Fhip1a	protein_coding	27
ENSMUSG00000031948	Kars1	protein_coding	27
ENSMUSG00000015879	Fam184b	protein_coding	27
ENSMUSG00000024083	Pja2	protein_coding	27
ENSMUSG00000004394	Tmed4	protein_coding	27
ENSMUSG00000024201	Kdm4b	protein_coding	27
ENSMUSG00000026974	Zmynd19	protein_coding	27
ENSMUSG00000026966	Ssna1	protein_coding	27
ENSMUSG00000026927	Entr1	protein_coding	27
ENSMUSG00000038569	Rad9b	protein_coding	27
ENSMUSG00000019027	Dnah1	protein_coding	27
ENSMUSG00000019935	Slc17a8	protein_coding	27
ENSMUSG00000041605	Inava	protein_coding	27
ENSMUSG00000022472	Desi1	protein_coding	27
ENSMUSG00000024059	Clip4	protein_coding	27
ENSMUSG00000028409	Smu1	protein_coding	27
ENSMUSG00000038489	Polr2l	protein_coding	27
ENSMUSG00000041571	Selenow	protein_coding	27
ENSMUSG00000028447	Dctn3	protein_coding	27
ENSMUSG00000026857	Ntmt1	protein_coding	27
ENSMUSG00000020803	Txndc17	protein_coding	27
ENSMUSG00000020802	Ube2o	protein_coding	27
ENSMUSG00000091811	Inafm1	protein_coding	27
ENSMUSG00000041660	Bbox1	protein_coding	27
ENSMUSG00000041747	Utp15	protein_coding	27
ENSMUSG00000026792	Lrsam1	protein_coding	27
ENSMUSG00000023993	Treml1	protein_coding	27
ENSMUSG00000020520	Galnt10	protein_coding	27
ENSMUSG00000055137	Sugct	protein_coding	27
ENSMUSG00000031622	Sin3b	protein_coding	27
ENSMUSG00000062590	Armc9	protein_coding	27
ENSMUSG00000021700	Rab3c	protein_coding	27
ENSMUSG00000075040	Zfp408	protein_coding	27
ENSMUSG00000075031	H2bc3	protein_coding	27
ENSMUSG00000041720	Pi4ka	protein_coding	27
ENSMUSG00000041809	Efhc1	protein_coding	27
ENSMUSG00000026707	Nsun6	protein_coding	27
ENSMUSG00000038181	Chpf2	protein_coding	27
ENSMUSG00000038259	Gdf5	protein_coding	27
ENSMUSG00000026811	St6galnac6	protein_coding	27
ENSMUSG00000041757	Plekha6	protein_coding	27
ENSMUSG00000038150	Ormdl3	protein_coding	27
ENSMUSG00000028617	Lrrc42	protein_coding	27
ENSMUSG00000047989	Ino80c	protein_coding	27
ENSMUSG00000024818	Slc25a45	protein_coding	27
ENSMUSG00000020657	Dnajc27	protein_coding	27
ENSMUSG00000067369	Trmt2b	protein_coding	27
ENSMUSG00000003436	Dll3	protein_coding	27
ENSMUSG00000041872	Il17f	protein_coding	27
ENSMUSG00000026646	Suv39h2	protein_coding	27
ENSMUSG00000118665	Lin54	protein_coding	27
ENSMUSG00000063972	Nr6a1	protein_coding	27
ENSMUSG00000028681	Ptch2	protein_coding	27
ENSMUSG00000042055	Wdr11	protein_coding	27
ENSMUSG00000026565	Pou2f1	protein_coding	27
ENSMUSG00000037784	Dzip1l	protein_coding	27
ENSMUSG00000009471	Myod1	protein_coding	27
ENSMUSG00000022120	Obi1	protein_coding	27
ENSMUSG00000049807	Arhgap23	protein_coding	27
ENSMUSG00000004788	Eif2b2	protein_coding	27
ENSMUSG00000037708	Spag6	protein_coding	27
ENSMUSG00000075327	Zbtb2	protein_coding	27
ENSMUSG00000009646	Pla2g12b	protein_coding	27
ENSMUSG00000037594	Clba1	protein_coding	27
ENSMUSG00000037710	Cisd1	protein_coding	27
ENSMUSG00000073460	Pnldc1	protein_coding	27
ENSMUSG00000037610	Kcnmb2	protein_coding	27
ENSMUSG00000018651	Tada2a	protein_coding	27
ENSMUSG00000000247	Lhx2	protein_coding	27
ENSMUSG00000051220	Ercc6l	protein_coding	27
ENSMUSG00000042410	Agps	protein_coding	27
ENSMUSG00000066072	Cyp4a10	protein_coding	27
ENSMUSG00000037519	Ppfia1	protein_coding	27
ENSMUSG00000047789	Slc38a9	protein_coding	27
ENSMUSG00000001783	Rtcb	protein_coding	27
ENSMUSG00000084174	Sycn	protein_coding	27
ENSMUSG00000091264	Smim13	protein_coding	27
ENSMUSG00000028955	Vamp3	protein_coding	27
ENSMUSG00000042569	Dhrs7b	protein_coding	27
ENSMUSG00000057068	Fam47e	protein_coding	27
ENSMUSG00000037221	Mospd3	protein_coding	27
ENSMUSG00000037217	Syn1	protein_coding	27
ENSMUSG00000022184	Fbxo4	protein_coding	27
ENSMUSG00000023952	Gtpbp2	protein_coding	27
ENSMUSG00000037148	Arhgap10	protein_coding	27
ENSMUSG00000024352	Spata24	protein_coding	27
ENSMUSG00000021621	Zcchc9	protein_coding	27
ENSMUSG00000029149	Krtcap3	protein_coding	27
ENSMUSG00000029032	Arhgef16	protein_coding	27
ENSMUSG00000075706	Gpx4	protein_coding	27
ENSMUSG00000029071	Dvl1	protein_coding	27
ENSMUSG00000029123	Stk32b	protein_coding	27
ENSMUSG00000020372	Rack1	protein_coding	27
ENSMUSG00000024847	Aip	protein_coding	27
ENSMUSG00000032177	Pde4a	protein_coding	27
ENSMUSG00000036983	Tfb1m	protein_coding	27
ENSMUSG00000056966	Gjc3	protein_coding	27
ENSMUSG00000004040	Stat3	protein_coding	27
ENSMUSG00000036885	Arhgef26	protein_coding	27
ENSMUSG00000042638	Gucy2c	protein_coding	27
ENSMUSG00000020111	Micu1	protein_coding	27
ENSMUSG00000006154	Eps8l1	protein_coding	27
ENSMUSG00000026339	Ccdc93	protein_coding	27
ENSMUSG00000042787	Exog	protein_coding	27
ENSMUSG00000032131	Abcg4	protein_coding	27
ENSMUSG00000031489	Adrb3	protein_coding	27
ENSMUSG00000006215	Zbtb17	protein_coding	27
ENSMUSG00000021540	Smad5	protein_coding	27
ENSMUSG00000029191	Rfc1	protein_coding	27
ENSMUSG00000042942	Greb1l	protein_coding	27
ENSMUSG00000026199	Ankzf1	protein_coding	27
ENSMUSG00000022176	Rem2	protein_coding	27
ENSMUSG00000029311	Hsd17b11	protein_coding	27
ENSMUSG00000036687	Tmem184a	protein_coding	27
ENSMUSG00000090213	Peds1	protein_coding	27
ENSMUSG00000036598	Ccdc113	protein_coding	27
ENSMUSG00000036466	Megf11	protein_coding	27
ENSMUSG00000043065	Spice1	protein_coding	27
ENSMUSG00000043020	Dnai3	protein_coding	27
ENSMUSG00000031521	Aga	protein_coding	27
ENSMUSG00000032113	Chek1	protein_coding	27
ENSMUSG00000032249	Anp32a	protein_coding	27
ENSMUSG00000043207	Zmpste24	protein_coding	27
ENSMUSG00000026121	Sema4c	protein_coding	27
ENSMUSG00000072964	Bhlhb9	protein_coding	27
ENSMUSG00000068329	Htra2	protein_coding	27
ENSMUSG00000051920	Rspo2	protein_coding	27
ENSMUSG00000051652	Lrrc3	protein_coding	27
ENSMUSG00000026196	Bard1	protein_coding	27
ENSMUSG00000036333	Kidins220	protein_coding	27
ENSMUSG00000026135	Zfp142	protein_coding	27
ENSMUSG00000043542	Zc2hc1a	protein_coding	27
ENSMUSG00000010914	Pdhx	protein_coding	27
ENSMUSG00000022215	Fitm1	protein_coding	27
ENSMUSG00000070661	Rnf186	protein_coding	27
ENSMUSG00000029389	Ddx55	protein_coding	27
ENSMUSG00000021557	Agtpbp1	protein_coding	27
ENSMUSG00000029500	Pgam5	protein_coding	27
ENSMUSG00000036057	Ptpn23	protein_coding	27
ENSMUSG00000029524	Sirt4	protein_coding	27
ENSMUSG00000004561	Mettl17	protein_coding	27
ENSMUSG00000049641	Vgll2	protein_coding	27
ENSMUSG00000035933	Cog5	protein_coding	27
ENSMUSG00000043923	Cenatac	protein_coding	27
ENSMUSG00000043866	Taf10	protein_coding	27
ENSMUSG00000026027	Stradb	protein_coding	27
ENSMUSG00000021484	Lman2	protein_coding	27
ENSMUSG00000021476	Habp4	protein_coding	27
ENSMUSG00000029471	Camkk2	protein_coding	27
ENSMUSG00000003033	Ap1m1	protein_coding	27
ENSMUSG00000053317	Sec61b	protein_coding	27
ENSMUSG00000020627	Klhl29	protein_coding	27
ENSMUSG00000055373	Fut9	protein_coding	27
ENSMUSG00000035949	Fbxw2	protein_coding	27
ENSMUSG00000011306	Sugp1	protein_coding	27
ENSMUSG00000029597	Sds	protein_coding	27
ENSMUSG00000068327	Tlx2	protein_coding	27
ENSMUSG00000035849	Krt222	protein_coding	27
ENSMUSG00000029634	Rnf6	protein_coding	27
ENSMUSG00000035765	Dym	protein_coding	27
ENSMUSG00000024376	Epb41l4a	protein_coding	27
ENSMUSG00000060397	Zfp128	protein_coding	27
ENSMUSG00000035529	Prdm4	protein_coding	27
ENSMUSG00000035642	Aamdc	protein_coding	27
ENSMUSG00000044221	Grsf1	protein_coding	27
ENSMUSG00000044150	Bclaf3	protein_coding	27
ENSMUSG00000015202	Cnksr3	protein_coding	27
ENSMUSG00000032309	Fbxo22	protein_coding	27
ENSMUSG00000020328	Nudcd2	protein_coding	27
ENSMUSG00000020196	Cabin1	protein_coding	27
ENSMUSG00000000142	Axin2	protein_coding	27
ENSMUSG00000029699	Ssc4d	protein_coding	27
ENSMUSG00000029701	Rbm28	protein_coding	27
ENSMUSG00000029726	Mepce	protein_coding	27
ENSMUSG00000063687	Pcdhb5	protein_coding	27
ENSMUSG00000020181	Nav3	protein_coding	27
ENSMUSG00000035469	Rcbtb1	protein_coding	27
ENSMUSG00000072568	Lratd2	protein_coding	27
ENSMUSG00000025929	Il17a	protein_coding	27
ENSMUSG00000025917	Cops5	protein_coding	27
ENSMUSG00000044362	Ccdc89	protein_coding	27
ENSMUSG00000005774	Rfx5	protein_coding	27
ENSMUSG00000031442	Mcf2l	protein_coding	27
ENSMUSG00000031429	Psmd10	protein_coding	27
ENSMUSG00000031422	Morf4l2	protein_coding	27
ENSMUSG00000062444	Ap3b2	protein_coding	27
ENSMUSG00000002496	Tsc2	protein_coding	27
ENSMUSG00000002477	Snrpd1	protein_coding	27
ENSMUSG00000060538	Tmem219	protein_coding	27
ENSMUSG00000035187	Nkx6-1	protein_coding	27
ENSMUSG00000023094	Msrb2	protein_coding	27
ENSMUSG00000052299	Ltn1	protein_coding	27
ENSMUSG00000024457	Trim26	protein_coding	27
ENSMUSG00000072294	Klf12	protein_coding	27
ENSMUSG00000035007	Rundc1	protein_coding	27
ENSMUSG00000035085	1700020L24Rik	protein_coding	27
ENSMUSG00000035078	Mtmr9	protein_coding	27
ENSMUSG00000070738	Dgkd	protein_coding	27
ENSMUSG00000020319	Wdpcp	protein_coding	27
ENSMUSG00000023070	Rgn	protein_coding	27
ENSMUSG00000030007	Cct7	protein_coding	27
ENSMUSG00000097487	Ptges3l	protein_coding	27
ENSMUSG00000044676	Zfp612	protein_coding	27
ENSMUSG00000060798	Intu	protein_coding	27
ENSMUSG00000021364	Elovl2	protein_coding	27
ENSMUSG00000034789	Rab24	protein_coding	27
ENSMUSG00000034839	Larp6	protein_coding	27
ENSMUSG00000049134	Nrap	protein_coding	27
ENSMUSG00000034807	Colgalt1	protein_coding	27
ENSMUSG00000024517	Grp	protein_coding	27
ENSMUSG00000034757	Tmub2	protein_coding	27
ENSMUSG00000052423	B4galt3	protein_coding	27
ENSMUSG00000015112	Slc25a13	protein_coding	27
ENSMUSG00000003662	Ciao1	protein_coding	27
ENSMUSG00000060935	Tmem263	protein_coding	27
ENSMUSG00000034647	Ankrd12	protein_coding	27
ENSMUSG00000034636	Zyg11b	protein_coding	27
ENSMUSG00000030207	Fam234b	protein_coding	27
ENSMUSG00000030231	Plekha5	protein_coding	27
ENSMUSG00000034663	Bmp2k	protein_coding	27
ENSMUSG00000069844	Sco1	protein_coding	27
ENSMUSG00000030243	Recql	protein_coding	27
ENSMUSG00000025791	Pgm1	protein_coding	27
ENSMUSG00000023050	Map3k12	protein_coding	27
ENSMUSG00000054715	Zscan22	protein_coding	27
ENSMUSG00000054843	Atrnl1	protein_coding	27
ENSMUSG00000047242	Taf9b	protein_coding	27
ENSMUSG00000047443	Erfe	protein_coding	27
ENSMUSG00000045282	Tmem86b	protein_coding	27
ENSMUSG00000061286	Exosc5	protein_coding	27
ENSMUSG00000034285	Nipsnap1	protein_coding	27
ENSMUSG00000061046	Haghl	protein_coding	27
ENSMUSG00000056144	Trim34a	protein_coding	27
ENSMUSG00000030518	Entrep2	protein_coding	27
ENSMUSG00000030492	Slc7a9	protein_coding	27
ENSMUSG00000022329	Stk3	protein_coding	27
ENSMUSG00000001497	Pax9	protein_coding	27
ENSMUSG00000066798	Zbtb6	protein_coding	27
ENSMUSG00000034187	Nsf	protein_coding	27
ENSMUSG00000034168	Irf2bpl	protein_coding	27
ENSMUSG00000034126	Pomt2	protein_coding	27
ENSMUSG00000053898	Ech1	protein_coding	27
ENSMUSG00000030589	Rasgrp4	protein_coding	27
ENSMUSG00000002393	Nr2f6	protein_coding	27
ENSMUSG00000045598	Zfp553	protein_coding	27
ENSMUSG00000030512	Snrpa1	protein_coding	27
ENSMUSG00000063568	Jazf1	protein_coding	27
ENSMUSG00000063524	Eno1	protein_coding	27
ENSMUSG00000071477	Zfp777	protein_coding	27
ENSMUSG00000033773	Rpap2	protein_coding	27
ENSMUSG00000079657	Rab26	protein_coding	27
ENSMUSG00000013936	Myl2	protein_coding	27
ENSMUSG00000033819	Ppp1r16a	protein_coding	27
ENSMUSG00000005501	Usp40	protein_coding	27
ENSMUSG00000045751	Mms22l	protein_coding	27
ENSMUSG00000048911	Rnf24	protein_coding	27
ENSMUSG00000033762	Recql4	protein_coding	27
ENSMUSG00000071324	Armc2	protein_coding	27
ENSMUSG00000045980	Tmem104	protein_coding	27
ENSMUSG00000025429	Pstpip2	protein_coding	27
ENSMUSG00000061559	Skic8	protein_coding	27
ENSMUSG00000061479	Snrpa	protein_coding	27
ENSMUSG00000030681	Mvp	protein_coding	27
ENSMUSG00000030731	Syt3	protein_coding	27
ENSMUSG00000031295	Phka2	protein_coding	27
ENSMUSG00000046159	Chrm3	protein_coding	27
ENSMUSG00000079260	Tmppe	protein_coding	27
ENSMUSG00000061787	Rps17	protein_coding	27
ENSMUSG00000025257	Ribc1	protein_coding	27
ENSMUSG00000022369	Mtbp	protein_coding	27
ENSMUSG00000033306	Lpp	protein_coding	27
ENSMUSG00000086564	Cd101	protein_coding	27
ENSMUSG00000001632	Brpf1	protein_coding	27
ENSMUSG00000046500	Tafa4	protein_coding	27
ENSMUSG00000000759	Tubgcp3	protein_coding	27
ENSMUSG00000033126	Ybey	protein_coding	27
ENSMUSG00000046312	Myorg	protein_coding	27
ENSMUSG00000046449	Nexmif	protein_coding	27
ENSMUSG00000047221	Fam185a	protein_coding	27
ENSMUSG00000022805	Cfap91	protein_coding	27
ENSMUSG00000053799	Exoc6	protein_coding	27
ENSMUSG00000053929	Zftraf1	protein_coding	27
ENSMUSG00000014867	Surf4	protein_coding	27
ENSMUSG00000032511	Scn5a	protein_coding	27
ENSMUSG00000025236	Adpgk	protein_coding	27
ENSMUSG00000052854	Nrk	protein_coding	27
ENSMUSG00000030990	Pgap2	protein_coding	27
ENSMUSG00000061838	Suclg2	protein_coding	27
ENSMUSG00000022545	Ercc4	protein_coding	27
ENSMUSG00000054770	Kctd18	protein_coding	27
ENSMUSG00000062312	Erbb2	protein_coding	27
ENSMUSG00000024594	Prrc1	protein_coding	27
ENSMUSG00000024642	Tle4	protein_coding	27
ENSMUSG00000021182	Ccdc88c	protein_coding	27
ENSMUSG00000062078	Qki	protein_coding	27
ENSMUSG00000032905	Atg12	protein_coding	27
ENSMUSG00000032899	Styk1	protein_coding	27
ENSMUSG00000025209	Twnk	protein_coding	27
ENSMUSG00000046865	Fbl	protein_coding	27
ENSMUSG00000079478	Znrd2	protein_coding	27
ENSMUSG00000031167	Rbm3	protein_coding	27
ENSMUSG00000032777	Gtf3c1	protein_coding	27
ENSMUSG00000016552	Foxred2	protein_coding	27
ENSMUSG00000003549	Ercc1	protein_coding	27
ENSMUSG00000031264	Btk	protein_coding	27
ENSMUSG00000032580	Rbm5	protein_coding	27
ENSMUSG00000070802	Pnma8b	protein_coding	27
ENSMUSG00000014767	Tbp	protein_coding	27
ENSMUSG00000046761	Fam83h	protein_coding	27
ENSMUSG00000046897	Zfp740	protein_coding	27
ENSMUSG00000025025	Mxi1	protein_coding	27
ENSMUSG00000025091	Pnliprp2	protein_coding	27
ENSMUSG00000025078	Nhlrc2	protein_coding	27
ENSMUSG00000025076	Casp7	protein_coding	27
ENSMUSG00000031273	Col4a6	protein_coding	27
ENSMUSG00000000125	Wnt3	protein_coding	27
ENSMUSG00000031819	Emc8	protein_coding	27
ENSMUSG00000000056	Narf	protein_coding	27
ENSMUSG00000020946	Gosr2	protein_coding	26
ENSMUSG00000029829	Tmem213	protein_coding	26
ENSMUSG00000029814	Igf2bp3	protein_coding	26
ENSMUSG00000029769	Ccdc136	protein_coding	26
ENSMUSG00000035234	Abraxas1	protein_coding	26
ENSMUSG00000030008	Pradc1	protein_coding	26
ENSMUSG00000003660	Snrnp200	protein_coding	26
ENSMUSG00000025086	Trub1	protein_coding	26
ENSMUSG00000025019	Lcor	protein_coding	26
ENSMUSG00000064262	Gimap8	protein_coding	26
ENSMUSG00000027525	Phactr3	protein_coding	26
ENSMUSG00000040195	Nemp1	protein_coding	26
ENSMUSG00000074240	Cib3	protein_coding	26
ENSMUSG00000035283	Adrb1	protein_coding	26
ENSMUSG00000049411	Tmem241	protein_coding	26
ENSMUSG00000025857	Dnaaf5	protein_coding	26
ENSMUSG00000002475	Abhd3	protein_coding	26
ENSMUSG00000032267	Usp28	protein_coding	26
ENSMUSG00000015222	Map2	protein_coding	26
ENSMUSG00000035020	Epgn	protein_coding	26
ENSMUSG00000056296	Synpr	protein_coding	26
ENSMUSG00000017999	Ddx27	protein_coding	26
ENSMUSG00000024136	Dnase1l2	protein_coding	26
ENSMUSG00000027603	Ggt7	protein_coding	26
ENSMUSG00000027596	a	protein_coding	26
ENSMUSG00000019794	Katna1	protein_coding	26
ENSMUSG00000063316	Rpl27	protein_coding	26
ENSMUSG00000032528	Vipr1	protein_coding	26
ENSMUSG00000032530	Lyzl4	protein_coding	26
ENSMUSG00000040124	Gorab	protein_coding	26
ENSMUSG00000004880	Lbr	protein_coding	26
ENSMUSG00000048307	Ankrd46	protein_coding	26
ENSMUSG00000070345	Hsf5	protein_coding	26
ENSMUSG00000039953	Clstn1	protein_coding	26
ENSMUSG00000047003	Zfp41	protein_coding	26
ENSMUSG00000031258	Xkrx	protein_coding	26
ENSMUSG00000023216	Epb42	protein_coding	26
ENSMUSG00000035476	Tab3	protein_coding	26
ENSMUSG00000035376	Hacd2	protein_coding	26
ENSMUSG00000020180	Snrpd3	protein_coding	26
ENSMUSG00000022296	Baalc	protein_coding	26
ENSMUSG00000018040	Rrp7a	protein_coding	26
ENSMUSG00000030004	Nat8	protein_coding	26
ENSMUSG00000052373	Mpp3	protein_coding	26
ENSMUSG00000022300	Dcaf13	protein_coding	26
ENSMUSG00000019762	Iyd	protein_coding	26
ENSMUSG00000039795	Zfand1	protein_coding	26
ENSMUSG00000039824	Myl6b	protein_coding	26
ENSMUSG00000039745	Htatip2	protein_coding	26
ENSMUSG00000039835	Nhsl1	protein_coding	26
ENSMUSG00000039841	Zfp800	protein_coding	26
ENSMUSG00000040537	Adam22	protein_coding	26
ENSMUSG00000107002	Ncbp2as2	protein_coding	26
ENSMUSG00000032594	Ip6k1	protein_coding	26
ENSMUSG00000079502	Cfap77	protein_coding	26
ENSMUSG00000040543	Pitpnm3	protein_coding	26
ENSMUSG00000004768	Rab23	protein_coding	26
ENSMUSG00000025876	Unc5a	protein_coding	26
ENSMUSG00000022305	Lrp12	protein_coding	26
ENSMUSG00000022241	Tars1	protein_coding	26
ENSMUSG00000044220	Nkx2-3	protein_coding	26
ENSMUSG00000035559	Mpv17l2	protein_coding	26
ENSMUSG00000035569	Ankrd11	protein_coding	26
ENSMUSG00000031881	Cdh16	protein_coding	26
ENSMUSG00000031887	Tradd	protein_coding	26
ENSMUSG00000039753	Fbxl5	protein_coding	26
ENSMUSG00000039632	Odad3	protein_coding	26
ENSMUSG00000027809	Etfdh	protein_coding	26
ENSMUSG00000025156	Gps1	protein_coding	26
ENSMUSG00000031166	Wdr13	protein_coding	26
ENSMUSG00000035575	Utp6	protein_coding	26
ENSMUSG00000035764	Fbxo45	protein_coding	26
ENSMUSG00000044072	Eml6	protein_coding	26
ENSMUSG00000043998	Mgat2	protein_coding	26
ENSMUSG00000029671	Wnt16	protein_coding	26
ENSMUSG00000025817	Nudt5	protein_coding	26
ENSMUSG00000011158	Brf1	protein_coding	26
ENSMUSG00000011254	Thg1l	protein_coding	26
ENSMUSG00000007812	Zfp655	protein_coding	26
ENSMUSG00000016541	Atxn10	protein_coding	26
ENSMUSG00000031105	Slc25a14	protein_coding	26
ENSMUSG00000046834	Krt1	protein_coding	26
ENSMUSG00000071037	Camkmt	protein_coding	26
ENSMUSG00000019864	Rtn4ip1	protein_coding	26
ENSMUSG00000048445	Ccdc57	protein_coding	26
ENSMUSG00000048458	Inka2	protein_coding	26
ENSMUSG00000044164	Rnf182	protein_coding	26
ENSMUSG00000026029	Casp8	protein_coding	26
ENSMUSG00000025962	Fastkd2	protein_coding	26
ENSMUSG00000025967	Eef1b2	protein_coding	26
ENSMUSG00000068270	Shroom4	protein_coding	26
ENSMUSG00000029621	Arpc1a	protein_coding	26
ENSMUSG00000040794	C1qtnf4	protein_coding	26
ENSMUSG00000040726	Hesx1	protein_coding	26
ENSMUSG00000025193	Cutc	protein_coding	26
ENSMUSG00000032806	Slc10a3	protein_coding	26
ENSMUSG00000032717	Mdfi	protein_coding	26
ENSMUSG00000031134	Rbmx	protein_coding	26
ENSMUSG00000007837	Prrg2	protein_coding	26
ENSMUSG00000072663	Spef2	protein_coding	26
ENSMUSG00000053333	Dis3l2	protein_coding	26
ENSMUSG00000024927	Rela	protein_coding	26
ENSMUSG00000022280	Rnf19a	protein_coding	26
ENSMUSG00000031959	Wdr59	protein_coding	26
ENSMUSG00000022829	Stxbp5l	protein_coding	26
ENSMUSG00000048065	Cyb5r2	protein_coding	26
ENSMUSG00000020346	Mgat1	protein_coding	26
ENSMUSG00000027833	Shox2	protein_coding	26
ENSMUSG00000039385	Cdh6	protein_coding	26
ENSMUSG00000031007	Atp6ap2	protein_coding	26
ENSMUSG00000020716	Nf1	protein_coding	26
ENSMUSG00000031027	Stk33	protein_coding	26
ENSMUSG00000043831	Lysmd4	protein_coding	26
ENSMUSG00000035930	Chst4	protein_coding	26
ENSMUSG00000049556	Lingo1	protein_coding	26
ENSMUSG00000003731	Kpna6	protein_coding	26
ENSMUSG00000032329	Hmg20a	protein_coding	26
ENSMUSG00000032342	Mto1	protein_coding	26
ENSMUSG00000032355	Mlip	protein_coding	26
ENSMUSG00000015095	Fbxw5	protein_coding	26
ENSMUSG00000029507	Pus1	protein_coding	26
ENSMUSG00000022724	Riox2	protein_coding	26
ENSMUSG00000093668	Pou5f2	protein_coding	26
ENSMUSG00000093938	Evi2b	protein_coding	26
ENSMUSG00000027242	Wdr76	protein_coding	26
ENSMUSG00000064367	mt-Nd5	protein_coding	26
ENSMUSG00000065954	Tacc1	protein_coding	26
ENSMUSG00000005320	Fgfr4	protein_coding	26
ENSMUSG00000048728	Zfp454	protein_coding	26
ENSMUSG00000001420	Tmem79	protein_coding	26
ENSMUSG00000026048	Ercc5	protein_coding	26
ENSMUSG00000005705	Agrp	protein_coding	26
ENSMUSG00000034687	Fras1	protein_coding	26
ENSMUSG00000034706	Dnai2	protein_coding	26
ENSMUSG00000034729	Mrps10	protein_coding	26
ENSMUSG00000029480	Dhx37	protein_coding	26
ENSMUSG00000024271	Elp2	protein_coding	26
ENSMUSG00000058587	Tmod3	protein_coding	26
ENSMUSG00000040990	Sh3kbp1	protein_coding	26
ENSMUSG00000022477	Aco2	protein_coding	26
ENSMUSG00000054942	Miga1	protein_coding	26
ENSMUSG00000022551	Cyc1	protein_coding	26
ENSMUSG00000067336	Bmpr2	protein_coding	26
ENSMUSG00000054320	Lrrc36	protein_coding	26
ENSMUSG00000018341	Il12rb2	protein_coding	26
ENSMUSG00000036246	Gmip	protein_coding	26
ENSMUSG00000072919	Noxred1	protein_coding	26
ENSMUSG00000020167	Tcf3	protein_coding	26
ENSMUSG00000024858	Grk2	protein_coding	26
ENSMUSG00000061032	Rrp1	protein_coding	26
ENSMUSG00000030213	Atf7ip	protein_coding	26
ENSMUSG00000020175	Rab36	protein_coding	26
ENSMUSG00000022217	Emc9	protein_coding	26
ENSMUSG00000057551	Zfp317	protein_coding	26
ENSMUSG00000048264	Dip2c	protein_coding	26
ENSMUSG00000015714	Cers2	protein_coding	26
ENSMUSG00000031706	Rfx1	protein_coding	26
ENSMUSG00000022957	Itsn1	protein_coding	26
ENSMUSG00000039158	Akna	protein_coding	26
ENSMUSG00000050762	Prss27	protein_coding	26
ENSMUSG00000036306	Lzts1	protein_coding	26
ENSMUSG00000000938	Hoxa10	protein_coding	26
ENSMUSG00000000976	Heatr6	protein_coding	26
ENSMUSG00000036281	Snapc4	protein_coding	26
ENSMUSG00000049093	Il23r	protein_coding	26
ENSMUSG00000030225	Dera	protein_coding	26
ENSMUSG00000044864	Ankrd50	protein_coding	26
ENSMUSG00000044906	4930503L19Rik	protein_coding	26
ENSMUSG00000058704	Memo1	protein_coding	26
ENSMUSG00000041161	Otud3	protein_coding	26
ENSMUSG00000041020	Map7d2	protein_coding	26
ENSMUSG00000027088	Phospho2	protein_coding	26
ENSMUSG00000039067	Psmd7	protein_coding	26
ENSMUSG00000039081	Zfp503	protein_coding	26
ENSMUSG00000039086	Ss18l1	protein_coding	26
ENSMUSG00000028125	Abca4	protein_coding	26
ENSMUSG00000039050	Osbpl2	protein_coding	26
ENSMUSG00000032459	Mrps22	protein_coding	26
ENSMUSG00000022791	Tnk2	protein_coding	26
ENSMUSG00000074749	Kiz	protein_coding	26
ENSMUSG00000027122	Arl14ep	protein_coding	26
ENSMUSG00000041124	Msantd4	protein_coding	26
ENSMUSG00000086587	Gm11837	protein_coding	26
ENSMUSG00000033075	Senp1	protein_coding	26
ENSMUSG00000030966	Trim21	protein_coding	26
ENSMUSG00000036430	Tbcc	protein_coding	26
ENSMUSG00000054520	Sh3bp2	protein_coding	26
ENSMUSG00000023433	Cela3b	protein_coding	26
ENSMUSG00000000562	Adora3	protein_coding	26
ENSMUSG00000066151	Fkbp15	protein_coding	26
ENSMUSG00000056692	Ilrun	protein_coding	26
ENSMUSG00000025658	Cnksr2	protein_coding	26
ENSMUSG00000049281	Scn3b	protein_coding	26
ENSMUSG00000004668	Abca13	protein_coding	26
ENSMUSG00000032251	Irak1bp1	protein_coding	26
ENSMUSG00000031527	Eri1	protein_coding	26
ENSMUSG00000020525	Ppm1d	protein_coding	26
ENSMUSG00000041343	Ankrd42	protein_coding	26
ENSMUSG00000061702	Tmem91	protein_coding	26
ENSMUSG00000046338	Gpat2	protein_coding	26
ENSMUSG00000041237	Pklr	protein_coding	26
ENSMUSG00000036568	Bicral	protein_coding	26
ENSMUSG00000044948	Cfap43	protein_coding	26
ENSMUSG00000052609	Plekhg3	protein_coding	26
ENSMUSG00000026187	Xrcc5	protein_coding	26
ENSMUSG00000049670	Morn4	protein_coding	26
ENSMUSG00000022607	Ptk2	protein_coding	26
ENSMUSG00000038827	Abitram	protein_coding	26
ENSMUSG00000028189	Ctbs	protein_coding	26
ENSMUSG00000046242	Nme9	protein_coding	26
ENSMUSG00000000889	Dbh	protein_coding	26
ENSMUSG00000022771	Ppil2	protein_coding	26
ENSMUSG00000021396	Nxnl2	protein_coding	26
ENSMUSG00000045039	Megf8	protein_coding	26
ENSMUSG00000036620	Mgat4b	protein_coding	26
ENSMUSG00000112129	Pbld1	protein_coding	26
ENSMUSG00000026245	Farsb	protein_coding	26
ENSMUSG00000020105	Lrig3	protein_coding	26
ENSMUSG00000051721	Wdcp	protein_coding	26
ENSMUSG00000026279	Thap4	protein_coding	26
ENSMUSG00000026227	2810459M11Rik	protein_coding	26
ENSMUSG00000042997	Nhlrc3	protein_coding	26
ENSMUSG00000043003	Rasef	protein_coding	26
ENSMUSG00000029199	Lias	protein_coding	26
ENSMUSG00000034501	Pcnx4	protein_coding	26
ENSMUSG00000034354	Mtmr3	protein_coding	26
ENSMUSG00000021536	Adcy2	protein_coding	26
ENSMUSG00000026933	Camsap1	protein_coding	26
ENSMUSG00000008730	Hipk1	protein_coding	26
ENSMUSG00000038774	Ascc3	protein_coding	26
ENSMUSG00000038759	Nup205	protein_coding	26
ENSMUSG00000047747	Rnf150	protein_coding	26
ENSMUSG00000031467	Agpat5	protein_coding	26
ENSMUSG00000042831	Alkbh6	protein_coding	26
ENSMUSG00000026308	Klhl30	protein_coding	26
ENSMUSG00000042680	Garem1	protein_coding	26
ENSMUSG00000032411	Tfdp2	protein_coding	26
ENSMUSG00000042719	Naa25	protein_coding	26
ENSMUSG00000015597	Zfp318	protein_coding	26
ENSMUSG00000026889	Rbm18	protein_coding	26
ENSMUSG00000019978	Epb41l2	protein_coding	26
ENSMUSG00000019986	Ahi1	protein_coding	26
ENSMUSG00000073805	Insyn2a	protein_coding	26
ENSMUSG00000006476	Nsmf	protein_coding	26
ENSMUSG00000022913	Psmg1	protein_coding	26
ENSMUSG00000042628	Zfyve1	protein_coding	26
ENSMUSG00000026289	Atg16l1	protein_coding	26
ENSMUSG00000018565	Elp5	protein_coding	26
ENSMUSG00000036966	Spryd3	protein_coding	26
ENSMUSG00000029168	Dpysl5	protein_coding	26
ENSMUSG00000051499	Zfp786	protein_coding	26
ENSMUSG00000037013	Ss18	protein_coding	26
ENSMUSG00000037016	Frem2	protein_coding	26
ENSMUSG00000028357	Kif12	protein_coding	26
ENSMUSG00000024012	Mtch1	protein_coding	26
ENSMUSG00000030824	Nucb1	protein_coding	26
ENSMUSG00000055197	Fev	protein_coding	26
ENSMUSG00000030270	Cpne9	protein_coding	26
ENSMUSG00000032202	Rab27a	protein_coding	26
ENSMUSG00000024873	Cnih2	protein_coding	26
ENSMUSG00000024854	Pold4	protein_coding	26
ENSMUSG00000049721	Gal3st1	protein_coding	26
ENSMUSG00000034216	Vps18	protein_coding	26
ENSMUSG00000020715	Ern1	protein_coding	26
ENSMUSG00000042608	Stk40	protein_coding	26
ENSMUSG00000019969	Psen1	protein_coding	26
ENSMUSG00000059049	Frem1	protein_coding	26
ENSMUSG00000046152	Pofut3	protein_coding	26
ENSMUSG00000037103	Dcaf15	protein_coding	26
ENSMUSG00000068587	Mgam	protein_coding	26
ENSMUSG00000068696	Gpr88	protein_coding	26
ENSMUSG00000002963	Pnkp	protein_coding	26
ENSMUSG00000022332	Khdrbs3	protein_coding	26
ENSMUSG00000029005	Draxin	protein_coding	26
ENSMUSG00000021669	Cert1	protein_coding	26
ENSMUSG00000028969	Cdk5	protein_coding	26
ENSMUSG00000037151	Lrrc20	protein_coding	26
ENSMUSG00000032377	Plscr4	protein_coding	26
ENSMUSG00000024966	Stip1	protein_coding	26
ENSMUSG00000033595	Lgi3	protein_coding	26
ENSMUSG00000024993	Dennd10	protein_coding	26
ENSMUSG00000021810	Ecd	protein_coding	26
ENSMUSG00000037375	Hhat	protein_coding	26
ENSMUSG00000048832	Vps37c	protein_coding	26
ENSMUSG00000024537	Psmg2	protein_coding	26
ENSMUSG00000024539	Ptpn2	protein_coding	26
ENSMUSG00000024552	Slc14a2	protein_coding	26
ENSMUSG00000049090	Ptgr3	protein_coding	26
ENSMUSG00000034152	Exoc3	protein_coding	26
ENSMUSG00000026443	Lrrn2	protein_coding	26
ENSMUSG00000006269	Atp6v1b1	protein_coding	26
ENSMUSG00000073400	Trim10	protein_coding	26
ENSMUSG00000073414	Mpig6b	protein_coding	26
ENSMUSG00000041649	Klf8	protein_coding	26
ENSMUSG00000028519	Dab1	protein_coding	26
ENSMUSG00000038299	Wdr36	protein_coding	26
ENSMUSG00000016757	Ttll12	protein_coding	26
ENSMUSG00000030733	Sh2b1	protein_coding	26
ENSMUSG00000033628	Pik3c3	protein_coding	26
ENSMUSG00000051427	Ccdc157	protein_coding	26
ENSMUSG00000037279	Ovol2	protein_coding	26
ENSMUSG00000037426	Depdc5	protein_coding	26
ENSMUSG00000037335	Hand1	protein_coding	26
ENSMUSG00000037336	Mfsd2b	protein_coding	26
ENSMUSG00000061306	Slc38a10	protein_coding	26
ENSMUSG00000021285	Ppp1r13b	protein_coding	26
ENSMUSG00000038233	Gask1a	protein_coding	26
ENSMUSG00000022350	Washc5	protein_coding	26
ENSMUSG00000033720	Sfxn5	protein_coding	26
ENSMUSG00000028538	St3gal3	protein_coding	26
ENSMUSG00000006307	Kmt2b	protein_coding	26
ENSMUSG00000015994	Fnta	protein_coding	26
ENSMUSG00000107283	Mpv17	protein_coding	26
ENSMUSG00000053483	Usp21	protein_coding	26
ENSMUSG00000025499	Hras	protein_coding	26
ENSMUSG00000045482	Trrap	protein_coding	26
ENSMUSG00000001964	Emd	protein_coding	26
ENSMUSG00000018707	Dync1h1	protein_coding	26
ENSMUSG00000020776	Fbf1	protein_coding	26
ENSMUSG00000020780	Srp68	protein_coding	26
ENSMUSG00000037683	Armc3	protein_coding	26
ENSMUSG00000025532	Crcp	protein_coding	26
ENSMUSG00000001424	Snd1	protein_coding	26
ENSMUSG00000045613	Chrm2	protein_coding	26
ENSMUSG00000034040	Galnt17	protein_coding	26
ENSMUSG00000026618	Iars2	protein_coding	26
ENSMUSG00000028653	Trit1	protein_coding	26
ENSMUSG00000009214	Mymk	protein_coding	26
ENSMUSG00000033486	Catsper2	protein_coding	26
ENSMUSG00000033487	Fndc3a	protein_coding	26
ENSMUSG00000061356	Nuggc	protein_coding	26
ENSMUSG00000033760	Rbm4b	protein_coding	26
ENSMUSG00000024578	Il17b	protein_coding	26
ENSMUSG00000042272	Sestd1	protein_coding	26
ENSMUSG00000042115	Klhdc8a	protein_coding	26
ENSMUSG00000028730	Cfap57	protein_coding	26
ENSMUSG00000037738	Nek5	protein_coding	26
ENSMUSG00000063550	Nup98	protein_coding	26
ENSMUSG00000037750	Fam222b	protein_coding	26
ENSMUSG00000037994	Slc9b2	protein_coding	26
ENSMUSG00000038042	Ptpdc1	protein_coding	26
ENSMUSG00000037990	Sh3rf3	protein_coding	26
ENSMUSG00000028696	Ipp	protein_coding	26
ENSMUSG00000042010	Acacb	protein_coding	26
ENSMUSG00000045733	Sprn	protein_coding	26
ENSMUSG00000052726	Kcnt2	protein_coding	26
ENSMUSG00000052605	Isoc2b	protein_coding	26
ENSMUSG00000079111	Kdelr2	protein_coding	26
ENSMUSG00000031993	Snx19	protein_coding	26
ENSMUSG00000055041	Commd5	protein_coding	26
ENSMUSG00000054920	Klhl5	protein_coding	26
ENSMUSG00000020393	Kremen1	protein_coding	26
ENSMUSG00000031545	Gpat4	protein_coding	26
ENSMUSG00000032040	Dcps	protein_coding	26
ENSMUSG00000015501	Hivep2	protein_coding	26
ENSMUSG00000045775	Slc16a5	protein_coding	26
ENSMUSG00000049709	Nlrp10	protein_coding	26
ENSMUSG00000051256	Jagn1	protein_coding	26
ENSMUSG00000023987	Pgc	protein_coding	26
ENSMUSG00000020021	Fgd6	protein_coding	26
ENSMUSG00000018809	Smyd4	protein_coding	26
ENSMUSG00000018865	Sult4a1	protein_coding	26
ENSMUSG00000030714	Sgf29	protein_coding	26
ENSMUSG00000021318	Gli3	protein_coding	26
ENSMUSG00000021690	Jmy	protein_coding	26
ENSMUSG00000028811	Yars1	protein_coding	26
ENSMUSG00000028756	Pink1	protein_coding	26
ENSMUSG00000021115	Vrk1	protein_coding	26
ENSMUSG00000021133	Susd6	protein_coding	26
ENSMUSG00000062372	Otof	protein_coding	26
ENSMUSG00000032485	Scap	protein_coding	26
ENSMUSG00000032494	Cripto	protein_coding	26
ENSMUSG00000079654	Prrt4	protein_coding	26
ENSMUSG00000022091	Sorbs3	protein_coding	26
ENSMUSG00000057110	Cntrl	protein_coding	26
ENSMUSG00000027508	Pag1	protein_coding	26
ENSMUSG00000031753	Cog4	protein_coding	26
ENSMUSG00000040260	Daam2	protein_coding	26
ENSMUSG00000021993	Mipep	protein_coding	26
ENSMUSG00000040302	Rbm48	protein_coding	26
ENSMUSG00000020668	Kif3c	protein_coding	26
ENSMUSG00000054611	Kdm2a	protein_coding	26
ENSMUSG00000029851	Tcaf2	protein_coding	26
ENSMUSG00000022707	Gbe1	protein_coding	26
ENSMUSG00000069045	Ddx3y	protein_coding	26
ENSMUSG00000031860	Pbx4	protein_coding	26
ENSMUSG00000015846	Rxra	protein_coding	26
ENSMUSG00000003464	Pex19	protein_coding	26
ENSMUSG00000014980	Tsen15	protein_coding	26
ENSMUSG00000031333	Abcb7	protein_coding	26
ENSMUSG00000048388	Fam171b	protein_coding	26
ENSMUSG00000074211	Sdhaf1	protein_coding	26
ENSMUSG00000035164	Zc3h12c	protein_coding	25
ENSMUSG00000040359	Ufl1	protein_coding	25
ENSMUSG00000050530	Fam171a1	protein_coding	25
ENSMUSG00000035279	Ssc5d	protein_coding	25
ENSMUSG00000044442	N6amt1	protein_coding	25
ENSMUSG00000044296	Zfp879	protein_coding	25
ENSMUSG00000035351	Nup37	protein_coding	25
ENSMUSG00000032264	Zw10	protein_coding	25
ENSMUSG00000031434	Morc4	protein_coding	25
ENSMUSG00000007122	Casq1	protein_coding	25
ENSMUSG00000069094	Pde7a	protein_coding	25
ENSMUSG00000040105	Plpp6	protein_coding	25
ENSMUSG00000039977	Deup1	protein_coding	25
ENSMUSG00000063317	Usp31	protein_coding	25
ENSMUSG00000062190	Lancl2	protein_coding	25
ENSMUSG00000046971	Pla2g4f	protein_coding	25
ENSMUSG00000022965	Ifngr2	protein_coding	25
ENSMUSG00000021891	Mettl6	protein_coding	25
ENSMUSG00000052713	Zfp608	protein_coding	25
ENSMUSG00000070047	Fat1	protein_coding	25
ENSMUSG00000045689	Pcdhb4	protein_coding	25
ENSMUSG00000034021	Pds5b	protein_coding	25
ENSMUSG00000021255	Esrrb	protein_coding	25
ENSMUSG00000063480	Snu13	protein_coding	25
ENSMUSG00000049871	Nlrc3	protein_coding	25
ENSMUSG00000049878	Rlf	protein_coding	25
ENSMUSG00000022142	Nup155	protein_coding	25
ENSMUSG00000020072	Pbld2	protein_coding	25
ENSMUSG00000037885	Stk35	protein_coding	25
ENSMUSG00000009569	Mrtfb	protein_coding	25
ENSMUSG00000033739	Fkbpl	protein_coding	25
ENSMUSG00000038047	Haus6	protein_coding	25
ENSMUSG00000020400	Tnip1	protein_coding	25
ENSMUSG00000042328	Hps4	protein_coding	25
ENSMUSG00000042268	Slc26a9	protein_coding	25
ENSMUSG00000006373	Pgrmc1	protein_coding	25
ENSMUSG00000006389	Mpl	protein_coding	25
ENSMUSG00000042111	Ccdc115	protein_coding	25
ENSMUSG00000030536	Iqgap1	protein_coding	25
ENSMUSG00000030649	Anapc15	protein_coding	25
ENSMUSG00000025531	Chm	protein_coding	25
ENSMUSG00000002100	Mybpc3	protein_coding	25
ENSMUSG00000002102	Psmc3	protein_coding	25
ENSMUSG00000041957	Pkp2	protein_coding	25
ENSMUSG00000038009	Dnajc22	protein_coding	25
ENSMUSG00000037991	Rmi2	protein_coding	25
ENSMUSG00000028701	Lurap1	protein_coding	25
ENSMUSG00000025497	Cdhr5	protein_coding	25
ENSMUSG00000005628	Tmod4	protein_coding	25
ENSMUSG00000054580	Pla2r1	protein_coding	25
ENSMUSG00000020843	Timm22	protein_coding	25
ENSMUSG00000028841	Cnksr1	protein_coding	25
ENSMUSG00000028849	Map7d1	protein_coding	25
ENSMUSG00000037636	Slc25a43	protein_coding	25
ENSMUSG00000020651	Slc26a4	protein_coding	25
ENSMUSG00000018882	Mrpl45	protein_coding	25
ENSMUSG00000024799	Tm7sf2	protein_coding	25
ENSMUSG00000032058	Ppp2r1b	protein_coding	25
ENSMUSG00000031555	Adam9	protein_coding	25
ENSMUSG00000032034	Kcnj5	protein_coding	25
ENSMUSG00000024308	Tapbp	protein_coding	25
ENSMUSG00000020728	Cep112	protein_coding	25
ENSMUSG00000045973	Slc25a51	protein_coding	25
ENSMUSG00000045991	Onecut2	protein_coding	25
ENSMUSG00000033712	Ccar2	protein_coding	25
ENSMUSG00000033615	Cplx1	protein_coding	25
ENSMUSG00000038206	Fbxo8	protein_coding	25
ENSMUSG00000042428	Mgat3	protein_coding	25
ENSMUSG00000002658	Gtf2f1	protein_coding	25
ENSMUSG00000028886	Eya3	protein_coding	25
ENSMUSG00000016028	Celsr1	protein_coding	25
ENSMUSG00000004127	Trmt10a	protein_coding	25
ENSMUSG00000051065	Mb21d2	protein_coding	25
ENSMUSG00000022748	Cmss1	protein_coding	25
ENSMUSG00000031297	Slc7a3	protein_coding	25
ENSMUSG00000033530	Ttc7b	protein_coding	25
ENSMUSG00000006527	Sfmbt1	protein_coding	25
ENSMUSG00000026490	Cdc42bpa	protein_coding	25
ENSMUSG00000028917	Plekhm2	protein_coding	25
ENSMUSG00000051401	Kctd16	protein_coding	25
ENSMUSG00000051431	Gpr87	protein_coding	25
ENSMUSG00000028901	Gmeb1	protein_coding	25
ENSMUSG00000028906	Epb41	protein_coding	25
ENSMUSG00000061175	Fnip2	protein_coding	25
ENSMUSG00000034109	Golim4	protein_coding	25
ENSMUSG00000053838	Nudcd3	protein_coding	25
ENSMUSG00000019998	Stx7	protein_coding	25
ENSMUSG00000057388	Mrpl18	protein_coding	25
ENSMUSG00000033565	Rbfox2	protein_coding	25
ENSMUSG00000001508	Sgca	protein_coding	25
ENSMUSG00000025049	Taf5	protein_coding	25
ENSMUSG00000058881	Zfp516	protein_coding	25
ENSMUSG00000037369	Kdm6a	protein_coding	25
ENSMUSG00000048833	Slc39a9	protein_coding	25
ENSMUSG00000034190	Chmp7	protein_coding	25
ENSMUSG00000026434	Nucks1	protein_coding	25
ENSMUSG00000041712	Ubr7	protein_coding	25
ENSMUSG00000038319	Kcnh2	protein_coding	25
ENSMUSG00000031618	Nr3c2	protein_coding	25
ENSMUSG00000030402	Ppm1n	protein_coding	25
ENSMUSG00000030423	Pop4	protein_coding	25
ENSMUSG00000028976	Slc2a5	protein_coding	25
ENSMUSG00000022779	Top3b	protein_coding	25
ENSMUSG00000024963	Dnajc4	protein_coding	25
ENSMUSG00000055561	Spink5	protein_coding	25
ENSMUSG00000042476	Abcb4	protein_coding	25
ENSMUSG00000042439	Zfp532	protein_coding	25
ENSMUSG00000042451	Mybph	protein_coding	25
ENSMUSG00000042492	Tbc1d10b	protein_coding	25
ENSMUSG00000028962	Slc4a2	protein_coding	25
ENSMUSG00000026825	Dnm1	protein_coding	25
ENSMUSG00000028484	Psip1	protein_coding	25
ENSMUSG00000026830	Ermn	protein_coding	25
ENSMUSG00000057378	Ryr3	protein_coding	25
ENSMUSG00000028455	Stoml2	protein_coding	25
ENSMUSG00000021731	Mrps30	protein_coding	25
ENSMUSG00000028438	Kif24	protein_coding	25
ENSMUSG00000009090	Ap1b1	protein_coding	25
ENSMUSG00000022672	Prkdc	protein_coding	25
ENSMUSG00000038495	Otud7b	protein_coding	25
ENSMUSG00000038496	Slc19a3	protein_coding	25
ENSMUSG00000025353	Ormdl2	protein_coding	25
ENSMUSG00000037075	Rnf139	protein_coding	25
ENSMUSG00000010080	Epn3	protein_coding	25
ENSMUSG00000004018	Fancl	protein_coding	25
ENSMUSG00000068663	Clec16a	protein_coding	25
ENSMUSG00000031320	Rps4x	protein_coding	25
ENSMUSG00000030433	Sbk2	protein_coding	25
ENSMUSG00000061048	Cdh3	protein_coding	25
ENSMUSG00000030374	Strn4	protein_coding	25
ENSMUSG00000059734	Ndufs8	protein_coding	25
ENSMUSG00000015962	Spmip3	protein_coding	25
ENSMUSG00000032194	Kank2	protein_coding	25
ENSMUSG00000029125	Stx18	protein_coding	25
ENSMUSG00000049739	Zfp646	protein_coding	25
ENSMUSG00000034290	Nek9	protein_coding	25
ENSMUSG00000049796	Crh	protein_coding	25
ENSMUSG00000037104	Socs5	protein_coding	25
ENSMUSG00000022105	Rb1	protein_coding	25
ENSMUSG00000006494	Pdk1	protein_coding	25
ENSMUSG00000006546	Cryba2	protein_coding	25
ENSMUSG00000019917	Septin10	protein_coding	25
ENSMUSG00000019971	Cep290	protein_coding	25
ENSMUSG00000033352	Map2k4	protein_coding	25
ENSMUSG00000024028	Tff2	protein_coding	25
ENSMUSG00000048142	Nat8l	protein_coding	25
ENSMUSG00000020704	Asic2	protein_coding	25
ENSMUSG00000036932	Aifm1	protein_coding	25
ENSMUSG00000042675	Ypel3	protein_coding	25
ENSMUSG00000056941	Commd7	protein_coding	25
ENSMUSG00000056999	Ide	protein_coding	25
ENSMUSG00000045259	Klhdc9	protein_coding	25
ENSMUSG00000025584	Pde8a	protein_coding	25
ENSMUSG00000028354	Fmn2	protein_coding	25
ENSMUSG00000042724	Map3k9	protein_coding	25
ENSMUSG00000036892	Prodh2	protein_coding	25
ENSMUSG00000036904	Fzd8	protein_coding	25
ENSMUSG00000010290	AI597479	protein_coding	25
ENSMUSG00000010453	Kansl3	protein_coding	25
ENSMUSG00000045100	Slc25a26	protein_coding	25
ENSMUSG00000045302	Preb	protein_coding	25
ENSMUSG00000030291	Med21	protein_coding	25
ENSMUSG00000028415	Spink4	protein_coding	25
ENSMUSG00000028430	Nol6	protein_coding	25
ENSMUSG00000001674	Ddx18	protein_coding	25
ENSMUSG00000001707	Eef1e1	protein_coding	25
ENSMUSG00000061778	Mospd2	protein_coding	25
ENSMUSG00000061577	Adgrg5	protein_coding	25
ENSMUSG00000030815	Phkg2	protein_coding	25
ENSMUSG00000041303	Gtf3c3	protein_coding	25
ENSMUSG00000031486	Adgra2	protein_coding	25
ENSMUSG00000015484	Fam163a	protein_coding	25
ENSMUSG00000076435	Acsf2	protein_coding	25
ENSMUSG00000036875	Dna2	protein_coding	25
ENSMUSG00000030303	Far2	protein_coding	25
ENSMUSG00000030309	Caprin2	protein_coding	25
ENSMUSG00000047344	Lancl3	protein_coding	25
ENSMUSG00000015579	Nkx2-5	protein_coding	25
ENSMUSG00000046168	Kcnrg	protein_coding	25
ENSMUSG00000030770	Parva	protein_coding	25
ENSMUSG00000036646	Man1b1	protein_coding	25
ENSMUSG00000026211	Obsl1	protein_coding	25
ENSMUSG00000021592	Arsk	protein_coding	25
ENSMUSG00000054814	Usp46	protein_coding	25
ENSMUSG00000034518	Hmgxb4	protein_coding	25
ENSMUSG00000001100	Poldip2	protein_coding	25
ENSMUSG00000026894	Morn5	protein_coding	25
ENSMUSG00000038670	Mybpc2	protein_coding	25
ENSMUSG00000038671	Arfrp1	protein_coding	25
ENSMUSG00000038695	Josd2	protein_coding	25
ENSMUSG00000061759	Armt1	protein_coding	25
ENSMUSG00000028232	Tmem68	protein_coding	25
ENSMUSG00000001095	Slc13a2	protein_coding	25
ENSMUSG00000027030	Stk39	protein_coding	25
ENSMUSG00000031577	Tti2	protein_coding	25
ENSMUSG00000031962	Cdh15	protein_coding	25
ENSMUSG00000033285	Wdr3	protein_coding	25
ENSMUSG00000020263	Appl2	protein_coding	25
ENSMUSG00000036534	Slc38a7	protein_coding	25
ENSMUSG00000061111	Mcrip1	protein_coding	25
ENSMUSG00000017667	Zfp334	protein_coding	25
ENSMUSG00000030245	Golt1b	protein_coding	25
ENSMUSG00000036743	Psma8	protein_coding	25
ENSMUSG00000030869	Ndufab1	protein_coding	25
ENSMUSG00000021217	Tshz3	protein_coding	25
ENSMUSG00000103677	Pcdhga4	protein_coding	25
ENSMUSG00000047638	Nr1h4	protein_coding	25
ENSMUSG00000059890	Ube4a	protein_coding	25
ENSMUSG00000026213	Stk11ip	protein_coding	25
ENSMUSG00000020133	2310011J03Rik	protein_coding	25
ENSMUSG00000034460	Six4	protein_coding	25
ENSMUSG00000034591	Slc41a2	protein_coding	25
ENSMUSG00000071644	Eef1g	protein_coding	25
ENSMUSG00000049608	Gpr55	protein_coding	25
ENSMUSG00000049680	Urgcp	protein_coding	25
ENSMUSG00000026986	Hnmt	protein_coding	25
ENSMUSG00000024242	Map4k3	protein_coding	25
ENSMUSG00000020826	Nos2	protein_coding	25
ENSMUSG00000028164	Manba	protein_coding	25
ENSMUSG00000028101	Pias3	protein_coding	25
ENSMUSG00000025239	Limd1	protein_coding	25
ENSMUSG00000030982	Vps35l	protein_coding	25
ENSMUSG00000028156	Eif4e	protein_coding	25
ENSMUSG00000020536	Llgl1	protein_coding	25
ENSMUSG00000020537	Drg2	protein_coding	25
ENSMUSG00000036442	Thap11	protein_coding	25
ENSMUSG00000013418	B4galnt2	protein_coding	25
ENSMUSG00000034528	Hsd17b13	protein_coding	25
ENSMUSG00000020526	Znhit3	protein_coding	25
ENSMUSG00000019892	Lrriq1	protein_coding	25
ENSMUSG00000041341	Atg2b	protein_coding	25
ENSMUSG00000071103	Cfap96	protein_coding	25
ENSMUSG00000046532	Ar	protein_coding	25
ENSMUSG00000033106	Slc7a6os	protein_coding	25
ENSMUSG00000024096	Ralbp1	protein_coding	25
ENSMUSG00000000959	Oxa1l	protein_coding	25
ENSMUSG00000021555	Naa35	protein_coding	25
ENSMUSG00000005980	Dnase1	protein_coding	25
ENSMUSG00000044857	Lemd2	protein_coding	25
ENSMUSG00000044876	Zfp444	protein_coding	25
ENSMUSG00000044991	Shld1	protein_coding	25
ENSMUSG00000036412	Arsi	protein_coding	25
ENSMUSG00000036422	Pcdh8	protein_coding	25
ENSMUSG00000028070	Naxe	protein_coding	25
ENSMUSG00000039058	Ak5	protein_coding	25
ENSMUSG00000052928	Ctif	protein_coding	25
ENSMUSG00000020477	Mrps24	protein_coding	25
ENSMUSG00000024069	Slc30a6	protein_coding	25
ENSMUSG00000019189	Rnf145	protein_coding	25
ENSMUSG00000040841	Six5	protein_coding	25
ENSMUSG00000036273	Lrrk2	protein_coding	25
ENSMUSG00000036216	Leap2	protein_coding	25
ENSMUSG00000063594	Gng8	protein_coding	25
ENSMUSG00000063651	Cnfn	protein_coding	25
ENSMUSG00000021417	Eci2	protein_coding	25
ENSMUSG00000003161	Sri	protein_coding	25
ENSMUSG00000022325	Pop1	protein_coding	25
ENSMUSG00000057777	Mab21l2	protein_coding	25
ENSMUSG00000039205	Ciz1	protein_coding	25
ENSMUSG00000031935	Med17	protein_coding	25
ENSMUSG00000046671	Mtfr1l	protein_coding	25
ENSMUSG00000046572	Zfp518b	protein_coding	25
ENSMUSG00000030929	Eri2	protein_coding	25
ENSMUSG00000028032	Papss1	protein_coding	25
ENSMUSG00000068860	Gm128	protein_coding	25
ENSMUSG00000024622	Hmgxb3	protein_coding	25
ENSMUSG00000014873	Surf2	protein_coding	25
ENSMUSG00000063296	Tmem117	protein_coding	25
ENSMUSG00000029521	Chek2	protein_coding	25
ENSMUSG00000036197	Gxylt1	protein_coding	25
ENSMUSG00000036151	Tm6sf2	protein_coding	25
ENSMUSG00000026098	Pms1	protein_coding	25
ENSMUSG00000030172	Erc1	protein_coding	25
ENSMUSG00000004451	Ralb	protein_coding	25
ENSMUSG00000050213	Snip1	protein_coding	25
ENSMUSG00000040936	Ulk4	protein_coding	25
ENSMUSG00000074582	Arfgef2	protein_coding	25
ENSMUSG00000024774	Ankrd22	protein_coding	25
ENSMUSG00000064141	Zfp69	protein_coding	25
ENSMUSG00000022377	Asap1	protein_coding	25
ENSMUSG00000055805	Fmnl1	protein_coding	25
ENSMUSG00000035967	Ints6l	protein_coding	25
ENSMUSG00000049577	Zfpm1	protein_coding	25
ENSMUSG00000020621	Rdh14	protein_coding	25
ENSMUSG00000032388	Spg21	protein_coding	25
ENSMUSG00000016487	Ppfibp1	protein_coding	25
ENSMUSG00000016495	Plgrkt	protein_coding	25
ENSMUSG00000032908	Sgpp2	protein_coding	25
ENSMUSG00000024173	Tpsab1	protein_coding	25
ENSMUSG00000004264	Phb2	protein_coding	25
ENSMUSG00000035941	Ibtk	protein_coding	25
ENSMUSG00000022253	Nadk2	protein_coding	25
ENSMUSG00000053289	Ddx10	protein_coding	25
ENSMUSG00000003581	Rnf215	protein_coding	25
ENSMUSG00000053411	Cbx7	protein_coding	25
ENSMUSG00000052407	Ccdc171	protein_coding	25
ENSMUSG00000034832	Tet3	protein_coding	25
ENSMUSG00000020228	Helb	protein_coding	25
ENSMUSG00000024505	Dtwd2	protein_coding	25
ENSMUSG00000001366	Fbxo9	protein_coding	25
ENSMUSG00000053693	Mast1	protein_coding	25
ENSMUSG00000027296	Itpka	protein_coding	25
ENSMUSG00000019868	Vta1	protein_coding	25
ENSMUSG00000048439	Nup42	protein_coding	25
ENSMUSG00000005886	Ncoa2	protein_coding	25
ENSMUSG00000005899	Smpd4	protein_coding	25
ENSMUSG00000023764	Sfi1	protein_coding	25
ENSMUSG00000012819	Cdh23	protein_coding	25
ENSMUSG00000030079	Ruvbl1	protein_coding	25
ENSMUSG00000018199	Ro60	protein_coding	25
ENSMUSG00000029576	Radil	protein_coding	25
ENSMUSG00000035878	Hykk	protein_coding	25
ENSMUSG00000040722	Scamp5	protein_coding	25
ENSMUSG00000039512	Bltp3a	protein_coding	25
ENSMUSG00000027774	Gfm1	protein_coding	25
ENSMUSG00000032815	Fanca	protein_coding	25
ENSMUSG00000016528	Mapkapk2	protein_coding	25
ENSMUSG00000039704	Lmbrd2	protein_coding	25
ENSMUSG00000046798	Cldn12	protein_coding	25
ENSMUSG00000031168	Ebp	protein_coding	25
ENSMUSG00000019845	Tube1	protein_coding	25
ENSMUSG00000078681	Tm2d3	protein_coding	25
ENSMUSG00000052117	D630039A03Rik	protein_coding	25
ENSMUSG00000029646	Cdx2	protein_coding	25
ENSMUSG00000044139	Prss53	protein_coding	25
ENSMUSG00000018263	Tbx5	protein_coding	25
ENSMUSG00000025782	Taf3	protein_coding	25
ENSMUSG00000035759	Bbs10	protein_coding	25
ENSMUSG00000032826	Ank2	protein_coding	25
ENSMUSG00000016624	Phf21b	protein_coding	25
ENSMUSG00000031103	Elf4	protein_coding	25
ENSMUSG00000046844	Vat1l	protein_coding	25
ENSMUSG00000005354	Txn2	protein_coding	25
ENSMUSG00000040560	Wdr7	protein_coding	25
ENSMUSG00000027667	Zfp639	protein_coding	25
ENSMUSG00000040533	Matn1	protein_coding	25
ENSMUSG00000047635	Mtrfr	protein_coding	25
ENSMUSG00000004798	Ulk2	protein_coding	25
ENSMUSG00000048520	Fbxl13	protein_coding	25
ENSMUSG00000048546	Tob2	protein_coding	25
ENSMUSG00000004771	Rab11a	protein_coding	25
ENSMUSG00000020883	Fbxl20	protein_coding	25
ENSMUSG00000030056	Isy1	protein_coding	25
ENSMUSG00000044700	Tmem201	protein_coding	25
ENSMUSG00000044177	Wfikkn2	protein_coding	25
ENSMUSG00000031889	Phaf1	protein_coding	25
ENSMUSG00000031737	Irx5	protein_coding	25
ENSMUSG00000039639	Kcne1	protein_coding	25
ENSMUSG00000039652	Cpeb3	protein_coding	25
ENSMUSG00000027671	Actl6a	protein_coding	25
ENSMUSG00000027649	Ctnnbl1	protein_coding	25
ENSMUSG00000048402	Gli2	protein_coding	25
ENSMUSG00000048281	Dleu7	protein_coding	25
ENSMUSG00000002845	Tmem39a	protein_coding	25
ENSMUSG00000021978	Extl3	protein_coding	25
ENSMUSG00000019842	Traf3ip2	protein_coding	25
ENSMUSG00000032589	Bsn	protein_coding	25
ENSMUSG00000018189	Uchl5	protein_coding	25
ENSMUSG00000011632	Pinlyp	protein_coding	25
ENSMUSG00000056367	Actr3b	protein_coding	25
ENSMUSG00000035478	Mbd3	protein_coding	25
ENSMUSG00000027676	Ccdc39	protein_coding	25
ENSMUSG00000053574	4930563E22Rik	protein_coding	25
ENSMUSG00000035173	Ccdc186	protein_coding	25
ENSMUSG00000035181	Heatr5a	protein_coding	25
ENSMUSG00000029777	Gars1	protein_coding	25
ENSMUSG00000025017	Pik3ap1	protein_coding	25
ENSMUSG00000003604	Aven	protein_coding	25
ENSMUSG00000053093	Myh7	protein_coding	25
ENSMUSG00000021951	Eef1akmt1	protein_coding	25
ENSMUSG00000040473	Cfap69	protein_coding	25
ENSMUSG00000040479	Dgkz	protein_coding	25
ENSMUSG00000019826	Zbtb24	protein_coding	25
ENSMUSG00000021916	Glt8d1	protein_coding	25
ENSMUSG00000031278	Acsl4	protein_coding	25
ENSMUSG00000025162	Csnk1d	protein_coding	25
ENSMUSG00000020918	Kat2a	protein_coding	25
ENSMUSG00000040385	Ppp1ca	protein_coding	25
ENSMUSG00000049999	Ppp1r3d	protein_coding	25
ENSMUSG00000021693	Kif2a	protein_coding	25
ENSMUSG00000059493	Nhs	protein_coding	25
ENSMUSG00000028789	Azin2	protein_coding	25
ENSMUSG00000017288	Vps53	protein_coding	25
ENSMUSG00000031818	Cox4i1	protein_coding	25
ENSMUSG00000019790	Stxbp5	protein_coding	25
ENSMUSG00000021460	Auh	protein_coding	25
ENSMUSG00000060681	Slc9a6	protein_coding	25
ENSMUSG00000078773	Rad54b	protein_coding	25
ENSMUSG00000031837	Necab2	protein_coding	25
ENSMUSG00000015790	Surf1	protein_coding	25
ENSMUSG00000021010	Npas3	protein_coding	25
ENSMUSG00000031790	Mmp15	protein_coding	24
ENSMUSG00000000439	Mkrn2	protein_coding	24
ENSMUSG00000000216	Scnn1g	protein_coding	24
ENSMUSG00000051224	Tceanc	protein_coding	24
ENSMUSG00000010021	Kif19a	protein_coding	24
ENSMUSG00000020059	Sycp3	protein_coding	24
ENSMUSG00000020453	Patz1	protein_coding	24
ENSMUSG00000037568	Vash2	protein_coding	24
ENSMUSG00000031388	Naa10	protein_coding	24
ENSMUSG00000040374	Pex2	protein_coding	24
ENSMUSG00000022401	Xpnpep3	protein_coding	24
ENSMUSG00000079557	Marchf2	protein_coding	24
ENSMUSG00000031767	Nudt7	protein_coding	24
ENSMUSG00000031851	Ntpcr	protein_coding	24
ENSMUSG00000031843	Mphosph6	protein_coding	24
ENSMUSG00000028865	Cd164l2	protein_coding	24
ENSMUSG00000023964	Calcr	protein_coding	24
ENSMUSG00000020061	Mybpc1	protein_coding	24
ENSMUSG00000042348	Arl15	protein_coding	24
ENSMUSG00000047810	Ccdc88b	protein_coding	24
ENSMUSG00000022875	Kng1	protein_coding	24
ENSMUSG00000001794	Capns1	protein_coding	24
ENSMUSG00000050541	Adra1b	protein_coding	24
ENSMUSG00000035093	Secisbp2l	protein_coding	24
ENSMUSG00000062510	Nsl1	protein_coding	24
ENSMUSG00000012483	Rpa3	protein_coding	24
ENSMUSG00000067942	Zfp160	protein_coding	24
ENSMUSG00000001999	Blvra	protein_coding	24
ENSMUSG00000001985	Grik3	protein_coding	24
ENSMUSG00000075376	Rc3h2	protein_coding	24
ENSMUSG00000009741	Ubp1	protein_coding	24
ENSMUSG00000055926	Gm14137	protein_coding	24
ENSMUSG00000045795	Whamm	protein_coding	24
ENSMUSG00000042369	Rbm45	protein_coding	24
ENSMUSG00000032534	Cep63	protein_coding	24
ENSMUSG00000044452	Zfp507	protein_coding	24
ENSMUSG00000025872	Thoc3	protein_coding	24
ENSMUSG00000035227	Spcs2	protein_coding	24
ENSMUSG00000044583	Tlr7	protein_coding	24
ENSMUSG00000040040	Ift88	protein_coding	24
ENSMUSG00000024143	Rhoq	protein_coding	24
ENSMUSG00000021963	Sap18	protein_coding	24
ENSMUSG00000026459	Myog	protein_coding	24
ENSMUSG00000026452	Syt2	protein_coding	24
ENSMUSG00000033983	Coil	protein_coding	24
ENSMUSG00000004789	Dlst	protein_coding	24
ENSMUSG00000055069	Rab39	protein_coding	24
ENSMUSG00000021668	Polk	protein_coding	24
ENSMUSG00000049985	Ankrd55	protein_coding	24
ENSMUSG00000061311	Rag1	protein_coding	24
ENSMUSG00000037410	Tbc1d2b	protein_coding	24
ENSMUSG00000031383	Dusp9	protein_coding	24
ENSMUSG00000035401	Emsy	protein_coding	24
ENSMUSG00000039987	Phtf2	protein_coding	24
ENSMUSG00000046949	Nqo2	protein_coding	24
ENSMUSG00000021262	Evl	protein_coding	24
ENSMUSG00000033931	Rbm34	protein_coding	24
ENSMUSG00000033909	Usp36	protein_coding	24
ENSMUSG00000002320	Tm9sf1	protein_coding	24
ENSMUSG00000028757	Ddost	protein_coding	24
ENSMUSG00000037860	Aim2	protein_coding	24
ENSMUSG00000028792	Ak2	protein_coding	24
ENSMUSG00000005871	Apc	protein_coding	24
ENSMUSG00000044408	Sptssa	protein_coding	24
ENSMUSG00000012114	Med15	protein_coding	24
ENSMUSG00000031684	Slc10a7	protein_coding	24
ENSMUSG00000015943	Bola1	protein_coding	24
ENSMUSG00000047153	Khnyn	protein_coding	24
ENSMUSG00000037395	Rcor3	protein_coding	24
ENSMUSG00000049076	Acap2	protein_coding	24
ENSMUSG00000022151	Ttc33	protein_coding	24
ENSMUSG00000022432	Smc1b	protein_coding	24
ENSMUSG00000032489	Kif9	protein_coding	24
ENSMUSG00000028741	Mrto4	protein_coding	24
ENSMUSG00000026637	Traf5	protein_coding	24
ENSMUSG00000044312	Neurog3	protein_coding	24
ENSMUSG00000021929	Kpna3	protein_coding	24
ENSMUSG00000039879	Heca	protein_coding	24
ENSMUSG00000014763	Fam120b	protein_coding	24
ENSMUSG00000021975	Ints9	protein_coding	24
ENSMUSG00000074194	Zfp791	protein_coding	24
ENSMUSG00000037916	Ndufv1	protein_coding	24
ENSMUSG00000033792	Atp7a	protein_coding	24
ENSMUSG00000018820	Zfyve27	protein_coding	24
ENSMUSG00000021610	Clptm1l	protein_coding	24
ENSMUSG00000028944	Prkag2	protein_coding	24
ENSMUSG00000029026	Trp73	protein_coding	24
ENSMUSG00000037257	Aagab	protein_coding	24
ENSMUSG00000001018	Snapin	protein_coding	24
ENSMUSG00000041912	Tdrkh	protein_coding	24
ENSMUSG00000041975	Mettl8	protein_coding	24
ENSMUSG00000026577	Blzf1	protein_coding	24
ENSMUSG00000037995	Igsf9	protein_coding	24
ENSMUSG00000033735	Spr	protein_coding	24
ENSMUSG00000079109	Pms2	protein_coding	24
ENSMUSG00000002428	Hltf	protein_coding	24
ENSMUSG00000040594	Ranbp17	protein_coding	24
ENSMUSG00000039781	Cep131	protein_coding	24
ENSMUSG00000039834	Zfp335	protein_coding	24
ENSMUSG00000032591	Mst1	protein_coding	24
ENSMUSG00000021147	Wdr37	protein_coding	24
ENSMUSG00000003555	Cyp17a1	protein_coding	24
ENSMUSG00000027361	Gabpb1	protein_coding	24
ENSMUSG00000050587	Lrrc4c	protein_coding	24
ENSMUSG00000020375	Rufy1	protein_coding	24
ENSMUSG00000004872	Pax3	protein_coding	24
ENSMUSG00000022304	Dpys	protein_coding	24
ENSMUSG00000035517	Tdrd7	protein_coding	24
ENSMUSG00000035629	Rubcn	protein_coding	24
ENSMUSG00000024077	Strn	protein_coding	24
ENSMUSG00000024107	Lhcgr	protein_coding	24
ENSMUSG00000023074	Mospd1	protein_coding	24
ENSMUSG00000052584	Serp2	protein_coding	24
ENSMUSG00000037234	Hook3	protein_coding	24
ENSMUSG00000022361	Zhx1	protein_coding	24
ENSMUSG00000024982	Zdhhc6	protein_coding	24
ENSMUSG00000041840	Haus1	protein_coding	24
ENSMUSG00000042032	Mat2b	protein_coding	24
ENSMUSG00000020647	Ncoa1	protein_coding	24
ENSMUSG00000022485	Hoxc5	protein_coding	24
ENSMUSG00000046743	Fat4	protein_coding	24
ENSMUSG00000032842	Abcc10	protein_coding	24
ENSMUSG00000031077	Fadd	protein_coding	24
ENSMUSG00000094910	D430019H16Rik	protein_coding	24
ENSMUSG00000028664	Ephb2	protein_coding	24
ENSMUSG00000021114	Atp6v1d	protein_coding	24
ENSMUSG00000023805	Synj2	protein_coding	24
ENSMUSG00000030713	Klk7	protein_coding	24
ENSMUSG00000070426	Rnf121	protein_coding	24
ENSMUSG00000024259	Slc25a46	protein_coding	24
ENSMUSG00000024327	Slc39a7	protein_coding	24
ENSMUSG00000024369	Nelfe	protein_coding	24
ENSMUSG00000020234	Tektip1	protein_coding	24
ENSMUSG00000024566	Atp9b	protein_coding	24
ENSMUSG00000025436	Atp23	protein_coding	24
ENSMUSG00000026705	Klhl20	protein_coding	24
ENSMUSG00000020430	Pes1	protein_coding	24
ENSMUSG00000049420	Tmem200a	protein_coding	24
ENSMUSG00000029635	Cdk8	protein_coding	24
ENSMUSG00000005950	P2rx5	protein_coding	24
ENSMUSG00000020193	Zpbp	protein_coding	24
ENSMUSG00000024212	Mllt1	protein_coding	24
ENSMUSG00000016524	Il19	protein_coding	24
ENSMUSG00000029076	Sdf4	protein_coding	24
ENSMUSG00000028603	Scp2	protein_coding	24
ENSMUSG00000038116	Phf20	protein_coding	24
ENSMUSG00000038102	Trappc11	protein_coding	24
ENSMUSG00000073680	Tmem278	protein_coding	24
ENSMUSG00000021650	Ptcd2	protein_coding	24
ENSMUSG00000020185	E2f7	protein_coding	24
ENSMUSG00000025981	Coq10b	protein_coding	24
ENSMUSG00000054027	Nt5dc3	protein_coding	24
ENSMUSG00000027869	Hsd3b6	protein_coding	24
ENSMUSG00000040785	Ttc3	protein_coding	24
ENSMUSG00000027722	Afg2a	protein_coding	24
ENSMUSG00000074472	Zfp872	protein_coding	24
ENSMUSG00000067215	Usp51	protein_coding	24
ENSMUSG00000034342	Cbl	protein_coding	24
ENSMUSG00000034278	Dnajc17	protein_coding	24
ENSMUSG00000034292	Traf3ip1	protein_coding	24
ENSMUSG00000038180	Spag4	protein_coding	24
ENSMUSG00000028530	Jak1	protein_coding	24
ENSMUSG00000038366	Lasp1	protein_coding	24
ENSMUSG00000038291	Snx25	protein_coding	24
ENSMUSG00000079469	Pigb	protein_coding	24
ENSMUSG00000022378	Cyrib	protein_coding	24
ENSMUSG00000022375	Dnaaf11	protein_coding	24
ENSMUSG00000044763	Trmt10c	protein_coding	24
ENSMUSG00000018287	Spag7	protein_coding	24
ENSMUSG00000029670	Ing3	protein_coding	24
ENSMUSG00000005893	Nr2c2	protein_coding	24
ENSMUSG00000094483	Purb	protein_coding	24
ENSMUSG00000031149	Praf2	protein_coding	24
ENSMUSG00000003200	Sh3gl1	protein_coding	24
ENSMUSG00000090626	Tex9	protein_coding	24
ENSMUSG00000032199	Polr2m	protein_coding	24
ENSMUSG00000062580	Timm17a	protein_coding	24
ENSMUSG00000033629	Hacd3	protein_coding	24
ENSMUSG00000030750	Nsmce1	protein_coding	24
ENSMUSG00000039431	Mtmr7	protein_coding	24
ENSMUSG00000027882	Stxbp3	protein_coding	24
ENSMUSG00000039470	Zdhhc2	protein_coding	24
ENSMUSG00000021982	Cdadc1	protein_coding	24
ENSMUSG00000058260	Serpina9	protein_coding	24
ENSMUSG00000067825	Pex26	protein_coding	24
ENSMUSG00000021028	Mbip	protein_coding	24
ENSMUSG00000023277	Twf2	protein_coding	24
ENSMUSG00000078517	Emc1	protein_coding	24
ENSMUSG00000052942	Glis3	protein_coding	24
ENSMUSG00000048707	Tprn	protein_coding	24
ENSMUSG00000020389	Cdkl3	protein_coding	24
ENSMUSG00000035852	Misp	protein_coding	24
ENSMUSG00000034867	Ankrd27	protein_coding	24
ENSMUSG00000034795	Ccdc122	protein_coding	24
ENSMUSG00000037012	Hk1	protein_coding	24
ENSMUSG00000030393	Zik1	protein_coding	24
ENSMUSG00000026343	Gpr39	protein_coding	24
ENSMUSG00000041671	Pyroxd1	protein_coding	24
ENSMUSG00000022437	Samm50	protein_coding	24
ENSMUSG00000026269	Rnpepl1	protein_coding	24
ENSMUSG00000045287	Rtn4rl1	protein_coding	24
ENSMUSG00000025731	Mettl26	protein_coding	24
ENSMUSG00000045095	Magi1	protein_coding	24
ENSMUSG00000058975	Kcnc1	protein_coding	24
ENSMUSG00000019948	Actr6	protein_coding	24
ENSMUSG00000030074	Gxylt2	protein_coding	24
ENSMUSG00000034813	Grip1	protein_coding	24
ENSMUSG00000034744	Nagk	protein_coding	24
ENSMUSG00000040852	Plekhh2	protein_coding	24
ENSMUSG00000040891	Foxa3	protein_coding	24
ENSMUSG00000019433	Gipc1	protein_coding	24
ENSMUSG00000039485	Tspyl4	protein_coding	24
ENSMUSG00000049321	Zfp2	protein_coding	24
ENSMUSG00000018486	Wnt9b	protein_coding	24
ENSMUSG00000028420	Tmem38b	protein_coding	24
ENSMUSG00000050138	Kcnk12	protein_coding	24
ENSMUSG00000050079	Rspry1	protein_coding	24
ENSMUSG00000038485	Socs7	protein_coding	24
ENSMUSG00000038459	Abhd17c	protein_coding	24
ENSMUSG00000031532	Saraf	protein_coding	24
ENSMUSG00000055371	Stam2	protein_coding	24
ENSMUSG00000022263	Trio	protein_coding	24
ENSMUSG00000043872	Zmym1	protein_coding	24
ENSMUSG00000054792	Klhl18	protein_coding	24
ENSMUSG00000029577	Ube3b	protein_coding	24
ENSMUSG00000024901	Peli3	protein_coding	24
ENSMUSG00000030276	Ttll3	protein_coding	24
ENSMUSG00000080268	Brms1	protein_coding	24
ENSMUSG00000047264	Zfp358	protein_coding	24
ENSMUSG00000047238	Mageh1	protein_coding	24
ENSMUSG00000028461	Ccdc107	protein_coding	24
ENSMUSG00000025371	Chmp6	protein_coding	24
ENSMUSG00000032120	C2cd2l	protein_coding	24
ENSMUSG00000033361	Prrg3	protein_coding	24
ENSMUSG00000026327	Serpinb11	protein_coding	24
ENSMUSG00000019861	Gopc	protein_coding	24
ENSMUSG00000029599	Ddx54	protein_coding	24
ENSMUSG00000020752	Recql5	protein_coding	24
ENSMUSG00000034773	Hrob	protein_coding	24
ENSMUSG00000020623	Map2k6	protein_coding	24
ENSMUSG00000022883	Robo1	protein_coding	24
ENSMUSG00000027998	Plrg1	protein_coding	24
ENSMUSG00000050174	Nudt6	protein_coding	24
ENSMUSG00000039275	Foxk2	protein_coding	24
ENSMUSG00000053436	Mapk14	protein_coding	24
ENSMUSG00000024727	Trpm6	protein_coding	24
ENSMUSG00000049649	Gpr3	protein_coding	24
ENSMUSG00000026037	Orc2	protein_coding	24
ENSMUSG00000014609	Chrne	protein_coding	24
ENSMUSG00000001151	Pcnt	protein_coding	24
ENSMUSG00000006705	Pknox1	protein_coding	24
ENSMUSG00000036825	Ssx2ip	protein_coding	24
ENSMUSG00000022580	Rhpn1	protein_coding	24
ENSMUSG00000028433	Ubap2	protein_coding	24
ENSMUSG00000038497	Tmco3	protein_coding	24
ENSMUSG00000041444	Arhgap32	protein_coding	24
ENSMUSG00000015605	Srf	protein_coding	24
ENSMUSG00000061601	Pclo	protein_coding	24
ENSMUSG00000023353	Agap3	protein_coding	24
ENSMUSG00000036073	Galt	protein_coding	24
ENSMUSG00000018401	Mtmr4	protein_coding	24
ENSMUSG00000036112	Metap2	protein_coding	24
ENSMUSG00000017724	Etv4	protein_coding	24
ENSMUSG00000017718	Afmid	protein_coding	24
ENSMUSG00000034621	Gpatch8	protein_coding	24
ENSMUSG00000031937	Vstm5	protein_coding	24
ENSMUSG00000031984	Fsaf1	protein_coding	24
ENSMUSG00000099689	Zfp383	protein_coding	24
ENSMUSG00000048279	Sacs	protein_coding	24
ENSMUSG00000048249	Crebrf	protein_coding	24
ENSMUSG00000048240	Gng7	protein_coding	24
ENSMUSG00000071202	Ccdc78	protein_coding	24
ENSMUSG00000025347	Tmt1b	protein_coding	24
ENSMUSG00000052798	Nup107	protein_coding	24
ENSMUSG00000025578	Cbx8	protein_coding	24
ENSMUSG00000045038	Prkce	protein_coding	24
ENSMUSG00000041592	Sdk2	protein_coding	24
ENSMUSG00000019979	Apaf1	protein_coding	24
ENSMUSG00000045107	Saysd1	protein_coding	24
ENSMUSG00000023026	Dip2b	protein_coding	24
ENSMUSG00000018387	Shroom1	protein_coding	24
ENSMUSG00000074637	Sox2	protein_coding	24
ENSMUSG00000057738	Sptan1	protein_coding	24
ENSMUSG00000051730	Mettl5	protein_coding	24
ENSMUSG00000038607	Gng10	protein_coding	24
ENSMUSG00000038591	Colec10	protein_coding	24
ENSMUSG00000028383	Hsdl2	protein_coding	24
ENSMUSG00000038525	Armc10	protein_coding	24
ENSMUSG00000030781	Slc5a2	protein_coding	24
ENSMUSG00000030775	Trat1	protein_coding	24
ENSMUSG00000006576	Slc4a3	protein_coding	24
ENSMUSG00000006567	Atp7b	protein_coding	24
ENSMUSG00000052302	Tbc1d30	protein_coding	24
ENSMUSG00000003135	Cnot11	protein_coding	24
ENSMUSG00000034570	Inpp5j	protein_coding	24
ENSMUSG00000021427	Ssr1	protein_coding	24
ENSMUSG00000028057	Rit1	protein_coding	24
ENSMUSG00000038975	Rabggtb	protein_coding	24
ENSMUSG00000033054	Npat	protein_coding	24
ENSMUSG00000029414	Kntc1	protein_coding	24
ENSMUSG00000026965	Anapc2	protein_coding	24
ENSMUSG00000029236	Nmu	protein_coding	24
ENSMUSG00000043015	Nemp2	protein_coding	24
ENSMUSG00000056553	Ptprn2	protein_coding	24
ENSMUSG00000029313	Aff1	protein_coding	24
ENSMUSG00000038612	Mcl1	protein_coding	24
ENSMUSG00000026959	Grin1	protein_coding	24
ENSMUSG00000014353	Tmem87b	protein_coding	24
ENSMUSG00000003235	Eif2b5	protein_coding	24
ENSMUSG00000038895	Zfp653	protein_coding	24
ENSMUSG00000016181	Utp25	protein_coding	24
ENSMUSG00000036327	Qsox2	protein_coding	24
ENSMUSG00000058706	0610030E20Rik	protein_coding	24
ENSMUSG00000019301	Hsd17b1	protein_coding	24
ENSMUSG00000019297	Nop9	protein_coding	24
ENSMUSG00000039055	Eme1	protein_coding	24
ENSMUSG00000028116	Myoz2	protein_coding	24
ENSMUSG00000045232	Rln3	protein_coding	24
ENSMUSG00000038740	Mvb12b	protein_coding	24
ENSMUSG00000008489	Elavl2	protein_coding	24
ENSMUSG00000038697	Taf5l	protein_coding	24
ENSMUSG00000028277	Ube2j1	protein_coding	24
ENSMUSG00000031987	Egln1	protein_coding	24
ENSMUSG00000050947	Amigo1	protein_coding	24
ENSMUSG00000022234	Cct5	protein_coding	24
ENSMUSG00000041238	Rbbp8	protein_coding	24
ENSMUSG00000027130	Slc12a6	protein_coding	24
ENSMUSG00000041258	Zfp236	protein_coding	24
ENSMUSG00000038902	Pogz	protein_coding	24
ENSMUSG00000056665	Them6	protein_coding	24
ENSMUSG00000031505	Naxd	protein_coding	24
ENSMUSG00000015342	Xk	protein_coding	24
ENSMUSG00000032258	Lca5	protein_coding	24
ENSMUSG00000001138	Cnnm3	protein_coding	24
ENSMUSG00000057469	E2f6	protein_coding	24
ENSMUSG00000057615	Ldoc1	protein_coding	24
ENSMUSG00000055866	Per2	protein_coding	24
ENSMUSG00000014418	Hps5	protein_coding	24
ENSMUSG00000026088	Mitd1	protein_coding	24
ENSMUSG00000028243	Ubxn2b	protein_coding	24
ENSMUSG00000028218	Cibar1	protein_coding	24
ENSMUSG00000019230	Lhx9	protein_coding	24
ENSMUSG00000117679	Apbb3	protein_coding	24
ENSMUSG00000030852	Tacc2	protein_coding	24
ENSMUSG00000043333	Rhbdl2	protein_coding	24
ENSMUSG00000036411	Matcap2	protein_coding	24
ENSMUSG00000090115	Usp49	protein_coding	24
ENSMUSG00000030890	Ilk	protein_coding	24
ENSMUSG00000031979	Cog2	protein_coding	24
ENSMUSG00000032012	Nectin1	protein_coding	24
ENSMUSG00000003458	Ncstn	protein_coding	24
ENSMUSG00000053626	Tll1	protein_coding	24
ENSMUSG00000021009	Ptpn21	protein_coding	24
ENSMUSG00000040268	Plekha1	protein_coding	24
ENSMUSG00000028840	Zfp593	protein_coding	24
ENSMUSG00000052337	Immt	protein_coding	24
ENSMUSG00000052276	Ostn	protein_coding	24
ENSMUSG00000040234	Tm7sf3	protein_coding	24
ENSMUSG00000069072	Slc7a14	protein_coding	24
ENSMUSG00000022685	Parn	protein_coding	24
ENSMUSG00000021959	Lats2	protein_coding	24
ENSMUSG00000027502	Rtf2	protein_coding	24
ENSMUSG00000021991	Cacna2d3	protein_coding	24
ENSMUSG00000058152	Chsy3	protein_coding	24
ENSMUSG00000042195	Slc35f2	protein_coding	23
ENSMUSG00000002814	Top3a	protein_coding	23
ENSMUSG00000021996	Esd	protein_coding	23
ENSMUSG00000022503	Nubp1	protein_coding	23
ENSMUSG00000021958	Pinx1	protein_coding	23
ENSMUSG00000027438	Napb	protein_coding	23
ENSMUSG00000023041	Krt6b	protein_coding	23
ENSMUSG00000037570	Mcrs1	protein_coding	23
ENSMUSG00000037583	Nr0b2	protein_coding	23
ENSMUSG00000045629	Sh3tc2	protein_coding	23
ENSMUSG00000022905	Kpna1	protein_coding	23
ENSMUSG00000052369	Tmem106c	protein_coding	23
ENSMUSG00000037552	Plekhg2	protein_coding	23
ENSMUSG00000042246	Tmc7	protein_coding	23
ENSMUSG00000020052	Ascl1	protein_coding	23
ENSMUSG00000042269	Cibar2	protein_coding	23
ENSMUSG00000034110	Kctd7	protein_coding	23
ENSMUSG00000030603	Psmc4	protein_coding	23
ENSMUSG00000030595	Nfkbib	protein_coding	23
ENSMUSG00000034111	Tmed8	protein_coding	23
ENSMUSG00000047904	Sstr2	protein_coding	23
ENSMUSG00000000295	Hddc2	protein_coding	23
ENSMUSG00000040434	Large2	protein_coding	23
ENSMUSG00000019795	Pcmt1	protein_coding	23
ENSMUSG00000024462	Gabbr1	protein_coding	23
ENSMUSG00000046442	Ppm1e	protein_coding	23
ENSMUSG00000038909	Kat7	protein_coding	23
ENSMUSG00000031709	Tbc1d9	protein_coding	23
ENSMUSG00000050840	Cdh20	protein_coding	23
ENSMUSG00000029307	Dmp1	protein_coding	23
ENSMUSG00000057455	Rit2	protein_coding	23
ENSMUSG00000055862	Izumo4	protein_coding	23
ENSMUSG00000030861	Acadsb	protein_coding	23
ENSMUSG00000048895	Cdk5r1	protein_coding	23
ENSMUSG00000043398	Gpr135	protein_coding	23
ENSMUSG00000043366	Or51e2	protein_coding	23
ENSMUSG00000036278	Macrod1	protein_coding	23
ENSMUSG00000036391	Sec24a	protein_coding	23
ENSMUSG00000020462	Cfap36	protein_coding	23
ENSMUSG00000029352	Crybb3	protein_coding	23
ENSMUSG00000025656	Arhgef9	protein_coding	23
ENSMUSG00000034462	Pkd2	protein_coding	23
ENSMUSG00000045078	Rnf216	protein_coding	23
ENSMUSG00000020268	Lyrm7	protein_coding	23
ENSMUSG00000020267	Hint1	protein_coding	23
ENSMUSG00000041298	Katnal1	protein_coding	23
ENSMUSG00000038751	Ptk6	protein_coding	23
ENSMUSG00000020482	Ccdc117	protein_coding	23
ENSMUSG00000044813	Shb	protein_coding	23
ENSMUSG00000044894	Uqcrq	protein_coding	23
ENSMUSG00000025736	Jmjd8	protein_coding	23
ENSMUSG00000020220	Vps13d	protein_coding	23
ENSMUSG00000041164	Zmiz2	protein_coding	23
ENSMUSG00000061859	Patj	protein_coding	23
ENSMUSG00000033068	Entpd6	protein_coding	23
ENSMUSG00000026274	Pask	protein_coding	23
ENSMUSG00000021400	Wrnip1	protein_coding	23
ENSMUSG00000021385	Ippk	protein_coding	23
ENSMUSG00000034371	Tkfc	protein_coding	23
ENSMUSG00000036676	Tmtc3	protein_coding	23
ENSMUSG00000041567	Serpina12	protein_coding	23
ENSMUSG00000024948	Map4k2	protein_coding	23
ENSMUSG00000039110	Mycbpap	protein_coding	23
ENSMUSG00000041073	Nacad	protein_coding	23
ENSMUSG00000032269	Htr3a	protein_coding	23
ENSMUSG00000036450	Hif1an	protein_coding	23
ENSMUSG00000026113	Inpp4a	protein_coding	23
ENSMUSG00000058669	Nkx2-9	protein_coding	23
ENSMUSG00000029478	Ncor2	protein_coding	23
ENSMUSG00000057719	Sh3rf2	protein_coding	23
ENSMUSG00000022000	Zc3h13	protein_coding	23
ENSMUSG00000028086	Fbxw7	protein_coding	23
ENSMUSG00000026207	Speg	protein_coding	23
ENSMUSG00000029249	Rest	protein_coding	23
ENSMUSG00000036748	Cuedc2	protein_coding	23
ENSMUSG00000036745	Ttll7	protein_coding	23
ENSMUSG00000006575	Rundc3a	protein_coding	23
ENSMUSG00000026914	Psmd14	protein_coding	23
ENSMUSG00000020878	Lrrc46	protein_coding	23
ENSMUSG00000047617	Paxx	protein_coding	23
ENSMUSG00000028049	Scamp3	protein_coding	23
ENSMUSG00000028148	Them5	protein_coding	23
ENSMUSG00000039047	Pigk	protein_coding	23
ENSMUSG00000074652	Myh7b	protein_coding	23
ENSMUSG00000053716	Dusp7	protein_coding	23
ENSMUSG00000031703	Itfg1	protein_coding	23
ENSMUSG00000071234	Syndig1l	protein_coding	23
ENSMUSG00000022986	Krt75	protein_coding	23
ENSMUSG00000021326	Trim27	protein_coding	23
ENSMUSG00000059834	Sclt1	protein_coding	23
ENSMUSG00000038546	Ranbp9	protein_coding	23
ENSMUSG00000019984	Med23	protein_coding	23
ENSMUSG00000043811	Rtn4r	protein_coding	23
ENSMUSG00000047654	Tssk6	protein_coding	23
ENSMUSG00000032965	Ift57	protein_coding	23
ENSMUSG00000074673	Ttll9	protein_coding	23
ENSMUSG00000028013	Ppa2	protein_coding	23
ENSMUSG00000024777	Ppp2r5b	protein_coding	23
ENSMUSG00000039137	Whrn	protein_coding	23
ENSMUSG00000039117	Taf4	protein_coding	23
ENSMUSG00000030935	Acsm3	protein_coding	23
ENSMUSG00000025264	Tsr2	protein_coding	23
ENSMUSG00000001173	Ocrl	protein_coding	23
ENSMUSG00000027165	Iftap	protein_coding	23
ENSMUSG00000073096	Lrrc61	protein_coding	23
ENSMUSG00000020661	Dnmt3a	protein_coding	23
ENSMUSG00000028330	Ncbp1	protein_coding	23
ENSMUSG00000033545	Znrf1	protein_coding	23
ENSMUSG00000031666	Rbl2	protein_coding	23
ENSMUSG00000070424	Art5	protein_coding	23
ENSMUSG00000066571	Garre1	protein_coding	23
ENSMUSG00000003531	Dgcr6	protein_coding	23
ENSMUSG00000025221	Kcnip2	protein_coding	23
ENSMUSG00000054708	Ankrd24	protein_coding	23
ENSMUSG00000029185	Fam114a1	protein_coding	23
ENSMUSG00000030769	Slc5a11	protein_coding	23
ENSMUSG00000016940	Kctd2	protein_coding	23
ENSMUSG00000046215	Rprml	protein_coding	23
ENSMUSG00000030827	Fgf21	protein_coding	23
ENSMUSG00000001729	Akt1	protein_coding	23
ENSMUSG00000020116	Pno1	protein_coding	23
ENSMUSG00000066324	Bpnt2	protein_coding	23
ENSMUSG00000036099	Vezt	protein_coding	23
ENSMUSG00000039244	Ints15	protein_coding	23
ENSMUSG00000019856	Fam184a	protein_coding	23
ENSMUSG00000039307	Hexd	protein_coding	23
ENSMUSG00000006736	Tspan31	protein_coding	23
ENSMUSG00000029501	Ankle2	protein_coding	23
ENSMUSG00000074579	Lekr1	protein_coding	23
ENSMUSG00000074088	Snrnp40	protein_coding	23
ENSMUSG00000020402	Vdac1	protein_coding	23
ENSMUSG00000029594	Rbm19	protein_coding	23
ENSMUSG00000018209	Stk4	protein_coding	23
ENSMUSG00000032422	Snx14	protein_coding	23
ENSMUSG00000024936	Kcnk7	protein_coding	23
ENSMUSG00000038453	Srcin1	protein_coding	23
ENSMUSG00000019082	Slc25a22	protein_coding	23
ENSMUSG00000059022	Kcp	protein_coding	23
ENSMUSG00000028465	Tln1	protein_coding	23
ENSMUSG00000073792	Alg6	protein_coding	23
ENSMUSG00000000171	Sdhd	protein_coding	23
ENSMUSG00000046070	Igfals	protein_coding	23
ENSMUSG00000019432	Ddx39b	protein_coding	23
ENSMUSG00000027852	Nras	protein_coding	23
ENSMUSG00000051675	Trim32	protein_coding	23
ENSMUSG00000051674	Dcun1d4	protein_coding	23
ENSMUSG00000010342	Tex14	protein_coding	23
ENSMUSG00000022100	Xpo7	protein_coding	23
ENSMUSG00000031367	Ap1s2	protein_coding	23
ENSMUSG00000031360	Ctps2	protein_coding	23
ENSMUSG00000031483	Erlin2	protein_coding	23
ENSMUSG00000022441	Efcab6	protein_coding	23
ENSMUSG00000047631	Apof	protein_coding	23
ENSMUSG00000056531	Ccdc18	protein_coding	23
ENSMUSG00000060268	Armh1	protein_coding	23
ENSMUSG00000021486	Prelid1	protein_coding	23
ENSMUSG00000030345	Dyrk4	protein_coding	23
ENSMUSG00000045318	Adra2c	protein_coding	23
ENSMUSG00000025538	Sumf2	protein_coding	23
ENSMUSG00000059208	Hnrnpm	protein_coding	23
ENSMUSG00000061517	Sox21	protein_coding	23
ENSMUSG00000048930	Tada3	protein_coding	23
ENSMUSG00000036943	Rab8b	protein_coding	23
ENSMUSG00000036941	Elac1	protein_coding	23
ENSMUSG00000029136	Rbks	protein_coding	23
ENSMUSG00000034801	Sos2	protein_coding	23
ENSMUSG00000034761	Map4k5	protein_coding	23
ENSMUSG00000052533	Nup188	protein_coding	23
ENSMUSG00000054986	Sec14l3	protein_coding	23
ENSMUSG00000040896	Kcnd3	protein_coding	23
ENSMUSG00000068299	Nat8f4	protein_coding	23
ENSMUSG00000052087	Rgs14	protein_coding	23
ENSMUSG00000020590	Snx13	protein_coding	23
ENSMUSG00000039428	Tmem135	protein_coding	23
ENSMUSG00000063235	Ptpmt1	protein_coding	23
ENSMUSG00000020392	Cdkn2aipnl	protein_coding	23
ENSMUSG00000011257	Pabpc4	protein_coding	23
ENSMUSG00000025591	Tma16	protein_coding	23
ENSMUSG00000002341	Ncan	protein_coding	23
ENSMUSG00000005566	Trim28	protein_coding	23
ENSMUSG00000004110	Cacna1e	protein_coding	23
ENSMUSG00000025041	Nt5c2	protein_coding	23
ENSMUSG00000057400	Ces1c	protein_coding	23
ENSMUSG00000057375	Yipf1	protein_coding	23
ENSMUSG00000006134	Crkl	protein_coding	23
ENSMUSG00000006095	Tbcb	protein_coding	23
ENSMUSG00000014776	Nol3	protein_coding	23
ENSMUSG00000021710	Nln	protein_coding	23
ENSMUSG00000029173	Sepsecs	protein_coding	23
ENSMUSG00000024841	Eif1ad	protein_coding	23
ENSMUSG00000005069	Pex5	protein_coding	23
ENSMUSG00000032015	Pou2f3	protein_coding	23
ENSMUSG00000062761	Zfp512	protein_coding	23
ENSMUSG00000030683	Sez6l2	protein_coding	23
ENSMUSG00000087370	Tmem170b	protein_coding	23
ENSMUSG00000002804	Nudt14	protein_coding	23
ENSMUSG00000021986	Amer2	protein_coding	23
ENSMUSG00000064225	Paqr9	protein_coding	23
ENSMUSG00000022827	Rabl3	protein_coding	23
ENSMUSG00000067889	Sptbn2	protein_coding	23
ENSMUSG00000023284	Zfp605	protein_coding	23
ENSMUSG00000024370	Cdc23	protein_coding	23
ENSMUSG00000024431	Nr3c1	protein_coding	23
ENSMUSG00000000632	Sez6	protein_coding	23
ENSMUSG00000034210	Efcab14	protein_coding	23
ENSMUSG00000062694	Cav3	protein_coding	23
ENSMUSG00000038250	Usp38	protein_coding	23
ENSMUSG00000038290	Smg6	protein_coding	23
ENSMUSG00000026787	Gad2	protein_coding	23
ENSMUSG00000038212	Mfsd14b	protein_coding	23
ENSMUSG00000005683	Cs	protein_coding	23
ENSMUSG00000025816	Sec61a2	protein_coding	23
ENSMUSG00000044042	Fmn1	protein_coding	23
ENSMUSG00000027177	Hipk3	protein_coding	23
ENSMUSG00000021918	Nek4	protein_coding	23
ENSMUSG00000014837	Matcap1	protein_coding	23
ENSMUSG00000022313	Utp23	protein_coding	23
ENSMUSG00000021583	Erap1	protein_coding	23
ENSMUSG00000029030	Tprg1l	protein_coding	23
ENSMUSG00000037003	Tns2	protein_coding	23
ENSMUSG00000090862	Rps13	protein_coding	23
ENSMUSG00000037172	Dennd11	protein_coding	23
ENSMUSG00000020017	Hal	protein_coding	23
ENSMUSG00000038192	Cer1	protein_coding	23
ENSMUSG00000029111	Nelfa	protein_coding	23
ENSMUSG00000021643	Serf1	protein_coding	23
ENSMUSG00000030034	Ino80b	protein_coding	23
ENSMUSG00000078813	Leng1	protein_coding	23
ENSMUSG00000027871	Hsd3b1	protein_coding	23
ENSMUSG00000027194	Ttc17	protein_coding	23
ENSMUSG00000027799	Nbea	protein_coding	23
ENSMUSG00000024565	Sall3	protein_coding	23
ENSMUSG00000061360	Phf5a	protein_coding	23
ENSMUSG00000032017	Grik4	protein_coding	23
ENSMUSG00000016179	Camk1g	protein_coding	23
ENSMUSG00000016128	Stard13	protein_coding	23
ENSMUSG00000026766	Mmadhc	protein_coding	23
ENSMUSG00000005553	Atp4a	protein_coding	23
ENSMUSG00000013646	Sh3bp5l	protein_coding	23
ENSMUSG00000020248	Nfyb	protein_coding	23
ENSMUSG00000041879	Ipo9	protein_coding	23
ENSMUSG00000049421	Zfp260	protein_coding	23
ENSMUSG00000024132	Eci1	protein_coding	23
ENSMUSG00000016520	Lnx2	protein_coding	23
ENSMUSG00000006906	Stambp	protein_coding	23
ENSMUSG00000044086	Lmod3	protein_coding	23
ENSMUSG00000053964	Lgals4	protein_coding	23
ENSMUSG00000049536	Tceal1	protein_coding	23
ENSMUSG00000024740	Ddb1	protein_coding	23
ENSMUSG00000014771	Pdcd2	protein_coding	23
ENSMUSG00000046791	Riox1	protein_coding	23
ENSMUSG00000020311	Erlec1	protein_coding	23
ENSMUSG00000020307	Cdc34	protein_coding	23
ENSMUSG00000039804	Ncoa5	protein_coding	23
ENSMUSG00000074151	Nlrc5	protein_coding	23
ENSMUSG00000018585	Atox1	protein_coding	23
ENSMUSG00000042655	Shisal2b	protein_coding	23
ENSMUSG00000028964	Park7	protein_coding	23
ENSMUSG00000042529	Kcnj12	protein_coding	23
ENSMUSG00000054199	Gon4l	protein_coding	23
ENSMUSG00000006456	Rbm14	protein_coding	23
ENSMUSG00000027327	Adissp	protein_coding	23
ENSMUSG00000027286	Lrrc57	protein_coding	23
ENSMUSG00000027272	Ubr1	protein_coding	23
ENSMUSG00000007035	Msh5	protein_coding	23
ENSMUSG00000026377	Nifk	protein_coding	23
ENSMUSG00000022404	Slc25a17	protein_coding	23
ENSMUSG00000052681	Rap1b	protein_coding	23
ENSMUSG00000041837	Pdcd7	protein_coding	23
ENSMUSG00000026641	Usf1	protein_coding	23
ENSMUSG00000041986	Elmod1	protein_coding	23
ENSMUSG00000018900	Slc22a5	protein_coding	23
ENSMUSG00000028672	Hmgcl	protein_coding	23
ENSMUSG00000044667	Plppr4	protein_coding	23
ENSMUSG00000071424	Grid2	protein_coding	23
ENSMUSG00000028708	Mknk1	protein_coding	23
ENSMUSG00000075256	Cerkl	protein_coding	23
ENSMUSG00000075227	Znhit2	protein_coding	23
ENSMUSG00000073565	Prr16	protein_coding	23
ENSMUSG00000091002	Tcerg1l	protein_coding	23
ENSMUSG00000021715	Cwc27	protein_coding	23
ENSMUSG00000052392	Acot4	protein_coding	23
ENSMUSG00000015149	Sirt2	protein_coding	23
ENSMUSG00000047371	Zfp768	protein_coding	23
ENSMUSG00000027303	Ptpra	protein_coding	23
ENSMUSG00000032656	Marchf3	protein_coding	23
ENSMUSG00000029868	Trpv6	protein_coding	23
ENSMUSG00000019772	Vip	protein_coding	23
ENSMUSG00000019768	Esr1	protein_coding	23
ENSMUSG00000011752	Pgam1	protein_coding	23
ENSMUSG00000040550	Otud6b	protein_coding	23
ENSMUSG00000027400	Pdyn	protein_coding	23
ENSMUSG00000042472	Zfp410	protein_coding	23
ENSMUSG00000016356	Col20a1	protein_coding	23
ENSMUSG00000018678	Sp2	protein_coding	23
ENSMUSG00000010097	Nxf1	protein_coding	23
ENSMUSG00000042050	Dync2i1	protein_coding	23
ENSMUSG00000026554	Dcaf8	protein_coding	23
ENSMUSG00000037907	Ankrd13b	protein_coding	23
ENSMUSG00000030588	Yif1b	protein_coding	23
ENSMUSG00000045875	Adra1a	protein_coding	23
ENSMUSG00000031826	Usp10	protein_coding	23
ENSMUSG00000031872	Bean1	protein_coding	23
ENSMUSG00000002608	Ccdc97	protein_coding	23
ENSMUSG00000037300	Ttc13	protein_coding	23
ENSMUSG00000037376	Trmt6	protein_coding	23
ENSMUSG00000024558	Mapk4	protein_coding	23
ENSMUSG00000073542	Cep76	protein_coding	23
ENSMUSG00000057130	Txnl4a	protein_coding	23
ENSMUSG00000022429	Dmc1	protein_coding	23
ENSMUSG00000037989	Wnk2	protein_coding	23
ENSMUSG00000027655	Dhx35	protein_coding	23
ENSMUSG00000039967	Zfp292	protein_coding	23
ENSMUSG00000039963	Ccdc40	protein_coding	23
ENSMUSG00000025127	Gcgr	protein_coding	23
ENSMUSG00000000378	Ccm2	protein_coding	23
ENSMUSG00000049800	Sertad2	protein_coding	23
ENSMUSG00000032473	Cldn18	protein_coding	23
ENSMUSG00000032462	Pik3cb	protein_coding	23
ENSMUSG00000021067	Sav1	protein_coding	23
ENSMUSG00000018761	Mpdu1	protein_coding	23
ENSMUSG00000018800	Abca5	protein_coding	23
ENSMUSG00000003923	Tfam	protein_coding	23
ENSMUSG00000044502	Bod1	protein_coding	23
ENSMUSG00000031896	Ctrl	protein_coding	23
ENSMUSG00000024151	Msh2	protein_coding	23
ENSMUSG00000032536	Trak1	protein_coding	23
ENSMUSG00000040462	Os9	protein_coding	23
ENSMUSG00000042364	Snx18	protein_coding	23
ENSMUSG00000033985	Tesk2	protein_coding	23
ENSMUSG00000015488	Cacfd1	protein_coding	23
ENSMUSG00000021666	Gfm2	protein_coding	23
ENSMUSG00000022112	Gpc5	protein_coding	23
ENSMUSG00000061322	Dnai1	protein_coding	23
ENSMUSG00000031446	Cul4a	protein_coding	23
ENSMUSG00000035297	Cops4	protein_coding	23
ENSMUSG00000023153	Tmem52	protein_coding	23
ENSMUSG00000023247	Guca2a	protein_coding	23
ENSMUSG00000003934	Efnb3	protein_coding	23
ENSMUSG00000106864	Gtf3c2	protein_coding	23
ENSMUSG00000072258	Taf1a	protein_coding	23
ENSMUSG00000017978	Cadps2	protein_coding	23
ENSMUSG00000035086	Becn1	protein_coding	23
ENSMUSG00000024970	Spindoc	protein_coding	23
ENSMUSG00000026510	Trp53bp2	protein_coding	23
ENSMUSG00000066036	Ubr4	protein_coding	23
ENSMUSG00000063529	Stmnd1	protein_coding	23
ENSMUSG00000091387	Gcnt4	protein_coding	23
ENSMUSG00000056055	Sag	protein_coding	23
ENSMUSG00000042426	Dhx29	protein_coding	23
ENSMUSG00000031145	Prickle3	protein_coding	23
ENSMUSG00000044499	Hs3st5	protein_coding	23
ENSMUSG00000056305	Usp39	protein_coding	23
ENSMUSG00000050244	Heatr1	protein_coding	23
ENSMUSG00000021428	Riok1	protein_coding	23
ENSMUSG00000020062	Slc5a8	protein_coding	23
ENSMUSG00000023973	Cnpy3	protein_coding	23
ENSMUSG00000042302	Ehbp1	protein_coding	23
ENSMUSG00000030590	Fam98c	protein_coding	23
ENSMUSG00000028833	Ncdn	protein_coding	23
ENSMUSG00000025505	Tmem80	protein_coding	23
ENSMUSG00000005656	Snx6	protein_coding	23
ENSMUSG00000040003	Magi2	protein_coding	23
ENSMUSG00000022389	Tef	protein_coding	23
ENSMUSG00000086158	Pierce2	protein_coding	23
ENSMUSG00000007415	Gatad1	protein_coding	23
ENSMUSG00000015829	Tnr	protein_coding	23
ENSMUSG00000038845	Phb1	protein_coding	23
ENSMUSG00000028217	Cdh17	protein_coding	23
ENSMUSG00000038984	Tspyl5	protein_coding	23
ENSMUSG00000054659	Pm20d2	protein_coding	23
ENSMUSG00000036427	Gpi1	protein_coding	23
ENSMUSG00000056158	Car10	protein_coding	23
ENSMUSG00000034557	Zfyve9	protein_coding	23
ENSMUSG00000014496	Ankrd28	protein_coding	23
ENSMUSG00000033282	Rpgrip1l	protein_coding	23
ENSMUSG00000005371	Fbxo11	protein_coding	23
ENSMUSG00000058145	Adamts17	protein_coding	23
ENSMUSG00000020963	Tshr	protein_coding	23
ENSMUSG00000062949	Atp11c	protein_coding	23
ENSMUSG00000078716	Tmem8b	protein_coding	23
ENSMUSG00000000127	Fer	protein_coding	22
ENSMUSG00000031792	Usb1	protein_coding	22
ENSMUSG00000040269	Mrps28	protein_coding	22
ENSMUSG00000074342	I830077J02Rik	protein_coding	22
ENSMUSG00000074361	C5ar2	protein_coding	22
ENSMUSG00000020916	Krt36	protein_coding	22
ENSMUSG00000054737	Zfp182	protein_coding	22
ENSMUSG00000024409	Psors1c2	protein_coding	22
ENSMUSG00000042211	Fbxo38	protein_coding	22
ENSMUSG00000023977	Ubr2	protein_coding	22
ENSMUSG00000023953	Polh	protein_coding	22
ENSMUSG00000042202	Slc35e2	protein_coding	22
ENSMUSG00000026568	Mpc2	protein_coding	22
ENSMUSG00000028834	Trim63	protein_coding	22
ENSMUSG00000028848	Gpn2	protein_coding	22
ENSMUSG00000034055	Phka1	protein_coding	22
ENSMUSG00000033882	Rbm46	protein_coding	22
ENSMUSG00000017221	Psmd3	protein_coding	22
ENSMUSG00000042312	S100a13	protein_coding	22
ENSMUSG00000037563	Rps16	protein_coding	22
ENSMUSG00000033948	Zswim5	protein_coding	22
ENSMUSG00000014074	Rnf168	protein_coding	22
ENSMUSG00000062519	Zfp398	protein_coding	22
ENSMUSG00000002500	Rpl3l	protein_coding	22
ENSMUSG00000027364	Usp50	protein_coding	22
ENSMUSG00000027367	Stard7	protein_coding	22
ENSMUSG00000074247	Dda1	protein_coding	22
ENSMUSG00000024182	Axin1	protein_coding	22
ENSMUSG00000040133	Gpr176	protein_coding	22
ENSMUSG00000021911	Parg	protein_coding	22
ENSMUSG00000031231	Cox7b	protein_coding	22
ENSMUSG00000032612	Usp4	protein_coding	22
ENSMUSG00000031262	Cenpi	protein_coding	22
ENSMUSG00000050272	Dscam	protein_coding	22
ENSMUSG00000040044	Orc3	protein_coding	22
ENSMUSG00000056268	Dennd1b	protein_coding	22
ENSMUSG00000056073	Grik2	protein_coding	22
ENSMUSG00000003062	Stard3nl	protein_coding	22
ENSMUSG00000003070	Efna2	protein_coding	22
ENSMUSG00000055943	Emc7	protein_coding	22
ENSMUSG00000037795	N4bp2	protein_coding	22
ENSMUSG00000037805	Rpl10a	protein_coding	22
ENSMUSG00000037747	Phyhipl	protein_coding	22
ENSMUSG00000010045	Tmem115	protein_coding	22
ENSMUSG00000001785	Pwp1	protein_coding	22
ENSMUSG00000034023	Fancd2	protein_coding	22
ENSMUSG00000063558	Aox1	protein_coding	22
ENSMUSG00000049939	Lrrc4	protein_coding	22
ENSMUSG00000025417	Pip4k2c	protein_coding	22
ENSMUSG00000022516	Nudt16l1	protein_coding	22
ENSMUSG00000030544	Mesp1	protein_coding	22
ENSMUSG00000045659	Plekha7	protein_coding	22
ENSMUSG00000021275	Tecpr2	protein_coding	22
ENSMUSG00000029859	Epha1	protein_coding	22
ENSMUSG00000035212	Leprot	protein_coding	22
ENSMUSG00000062151	Unc13c	protein_coding	22
ENSMUSG00000047084	Ngrn	protein_coding	22
ENSMUSG00000032481	Smarcc1	protein_coding	22
ENSMUSG00000032105	Nherf4	protein_coding	22
ENSMUSG00000021622	Ckmt2	protein_coding	22
ENSMUSG00000009905	Kdsr	protein_coding	22
ENSMUSG00000022634	Yaf2	protein_coding	22
ENSMUSG00000023931	Efhb	protein_coding	22
ENSMUSG00000037415	Ranbp10	protein_coding	22
ENSMUSG00000037326	Capn15	protein_coding	22
ENSMUSG00000035027	Map2k2	protein_coding	22
ENSMUSG00000034958	Atcay	protein_coding	22
ENSMUSG00000047108	Dnajb7	protein_coding	22
ENSMUSG00000021003	Galc	protein_coding	22
ENSMUSG00000029710	Ephb4	protein_coding	22
ENSMUSG00000011960	Ccnt1	protein_coding	22
ENSMUSG00000071858	Gm94	protein_coding	22
ENSMUSG00000030451	Herc2	protein_coding	22
ENSMUSG00000034154	Ino80	protein_coding	22
ENSMUSG00000051111	Sv2c	protein_coding	22
ENSMUSG00000051149	Adnp	protein_coding	22
ENSMUSG00000018770	Atp5mc3	protein_coding	22
ENSMUSG00000002580	Mien1	protein_coding	22
ENSMUSG00000028772	Zcchc17	protein_coding	22
ENSMUSG00000020866	Cacna1g	protein_coding	22
ENSMUSG00000005846	Rsl1d1	protein_coding	22
ENSMUSG00000072494	Ppp1r3e	protein_coding	22
ENSMUSG00000019808	Adat2	protein_coding	22
ENSMUSG00000022020	Naa16	protein_coding	22
ENSMUSG00000040521	Tsfm	protein_coding	22
ENSMUSG00000021872	Rnase10	protein_coding	22
ENSMUSG00000012123	Crybg2	protein_coding	22
ENSMUSG00000012187	Mogat1	protein_coding	22
ENSMUSG00000031314	Taf1	protein_coding	22
ENSMUSG00000026623	Lpgat1	protein_coding	22
ENSMUSG00000037958	Nsrp1	protein_coding	22
ENSMUSG00000042105	Inpp5f	protein_coding	22
ENSMUSG00000020515	Cnot8	protein_coding	22
ENSMUSG00000030522	Mtmr10	protein_coding	22
ENSMUSG00000034088	Hdlbp	protein_coding	22
ENSMUSG00000011589	Fsd1	protein_coding	22
ENSMUSG00000011832	Evi5l	protein_coding	22
ENSMUSG00000025878	Uimc1	protein_coding	22
ENSMUSG00000044313	Mab21l3	protein_coding	22
ENSMUSG00000027643	Ghrh	protein_coding	22
ENSMUSG00000019852	Arfgef3	protein_coding	22
ENSMUSG00000019854	Reps1	protein_coding	22
ENSMUSG00000052962	Mrpl35	protein_coding	22
ENSMUSG00000009470	Tnpo1	protein_coding	22
ENSMUSG00000028718	Stil	protein_coding	22
ENSMUSG00000031372	Trex2	protein_coding	22
ENSMUSG00000031378	Abcd1	protein_coding	22
ENSMUSG00000052981	Ube2ql1	protein_coding	22
ENSMUSG00000053024	Cntn2	protein_coding	22
ENSMUSG00000016554	Eif3d	protein_coding	22
ENSMUSG00000031201	Brcc3	protein_coding	22
ENSMUSG00000027678	Ncoa3	protein_coding	22
ENSMUSG00000040569	Slc26a7	protein_coding	22
ENSMUSG00000034931	Dhx8	protein_coding	22
ENSMUSG00000089911	Mfsd14a	protein_coding	22
ENSMUSG00000021490	Slc34a1	protein_coding	22
ENSMUSG00000028974	Dffa	protein_coding	22
ENSMUSG00000021608	Lpcat1	protein_coding	22
ENSMUSG00000020024	Cep83	protein_coding	22
ENSMUSG00000075284	Wipf1	protein_coding	22
ENSMUSG00000025465	Echs1	protein_coding	22
ENSMUSG00000052395	Rft1	protein_coding	22
ENSMUSG00000052234	Epx	protein_coding	22
ENSMUSG00000031150	Ccdc120	protein_coding	22
ENSMUSG00000019848	Popdc3	protein_coding	22
ENSMUSG00000022768	Ccdc116	protein_coding	22
ENSMUSG00000029050	Ski	protein_coding	22
ENSMUSG00000029004	Kmt2e	protein_coding	22
ENSMUSG00000010066	Cacna2d2	protein_coding	22
ENSMUSG00000057074	Ces1g	protein_coding	22
ENSMUSG00000052581	Lrrtm4	protein_coding	22
ENSMUSG00000068015	Lrch1	protein_coding	22
ENSMUSG00000079157	Nalf1	protein_coding	22
ENSMUSG00000038060	Dlec1	protein_coding	22
ENSMUSG00000001016	Ilf2	protein_coding	22
ENSMUSG00000025915	Sgk3	protein_coding	22
ENSMUSG00000070319	Eif3g	protein_coding	22
ENSMUSG00000020385	Clk4	protein_coding	22
ENSMUSG00000007867	Ift43	protein_coding	22
ENSMUSG00000007908	Hmgcll1	protein_coding	22
ENSMUSG00000039672	Kcne2	protein_coding	22
ENSMUSG00000039714	Cplx3	protein_coding	22
ENSMUSG00000040640	Erc2	protein_coding	22
ENSMUSG00000051518	Rps19bp1	protein_coding	22
ENSMUSG00000020096	Tbata	protein_coding	22
ENSMUSG00000022199	Slc22a17	protein_coding	22
ENSMUSG00000022109	Med4	protein_coding	22
ENSMUSG00000024798	Htr7	protein_coding	22
ENSMUSG00000063888	Rpl7l1	protein_coding	22
ENSMUSG00000063894	Zkscan8	protein_coding	22
ENSMUSG00000034120	Srsf2	protein_coding	22
ENSMUSG00000020308	Tpgs1	protein_coding	22
ENSMUSG00000046807	Lrrc75b	protein_coding	22
ENSMUSG00000044066	Cep68	protein_coding	22
ENSMUSG00000035769	Xylb	protein_coding	22
ENSMUSG00000053963	Stum	protein_coding	22
ENSMUSG00000033644	Piwil2	protein_coding	22
ENSMUSG00000071350	Setdb2	protein_coding	22
ENSMUSG00000048794	Cfap100	protein_coding	22
ENSMUSG00000022680	Pdxdc1	protein_coding	22
ENSMUSG00000003437	Paf1	protein_coding	22
ENSMUSG00000037997	Parp11	protein_coding	22
ENSMUSG00000042523	Dnal1	protein_coding	22
ENSMUSG00000037149	Ddx1	protein_coding	22
ENSMUSG00000078650	G6pc1	protein_coding	22
ENSMUSG00000048495	Tyw5	protein_coding	22
ENSMUSG00000067001	Serpinb7	protein_coding	22
ENSMUSG00000055013	Agap1	protein_coding	22
ENSMUSG00000031910	Has3	protein_coding	22
ENSMUSG00000031065	Cdk16	protein_coding	22
ENSMUSG00000031093	Dock11	protein_coding	22
ENSMUSG00000050304	Slc25a2	protein_coding	22
ENSMUSG00000004328	Hif3a	protein_coding	22
ENSMUSG00000020190	Mknk2	protein_coding	22
ENSMUSG00000078622	Ccdc47	protein_coding	22
ENSMUSG00000025555	Farp1	protein_coding	22
ENSMUSG00000042572	Ube2q1	protein_coding	22
ENSMUSG00000050074	Spink8	protein_coding	22
ENSMUSG00000070462	Tlnrd1	protein_coding	22
ENSMUSG00000032023	Jhy	protein_coding	22
ENSMUSG00000021252	Erg28	protein_coding	22
ENSMUSG00000027804	Ppid	protein_coding	22
ENSMUSG00000039716	Dock3	protein_coding	22
ENSMUSG00000040721	Zfhx2	protein_coding	22
ENSMUSG00000044647	Csrnp3	protein_coding	22
ENSMUSG00000030042	Pole4	protein_coding	22
ENSMUSG00000041781	Cpsf2	protein_coding	22
ENSMUSG00000028559	Osbpl9	protein_coding	22
ENSMUSG00000059070	Rpl18	protein_coding	22
ENSMUSG00000054013	Tmem179	protein_coding	22
ENSMUSG00000022762	Ncam2	protein_coding	22
ENSMUSG00000025995	Wdr75	protein_coding	22
ENSMUSG00000024228	Nudt12	protein_coding	22
ENSMUSG00000032816	Igdcc4	protein_coding	22
ENSMUSG00000062232	Rapgef2	protein_coding	22
ENSMUSG00000020840	Blmh	protein_coding	22
ENSMUSG00000032870	Smap2	protein_coding	22
ENSMUSG00000044030	Irf2bp1	protein_coding	22
ENSMUSG00000043969	Emx2	protein_coding	22
ENSMUSG00000005907	Pex1	protein_coding	22
ENSMUSG00000035818	Plekhs1	protein_coding	22
ENSMUSG00000035666	Gtf3c4	protein_coding	22
ENSMUSG00000035842	Ddx11	protein_coding	22
ENSMUSG00000022383	Ppara	protein_coding	22
ENSMUSG00000036968	Cnpy4	protein_coding	22
ENSMUSG00000020015	Cdk17	protein_coding	22
ENSMUSG00000026767	Mindy3	protein_coding	22
ENSMUSG00000023945	Slc5a7	protein_coding	22
ENSMUSG00000021576	Pdcd6	protein_coding	22
ENSMUSG00000027131	Emc4	protein_coding	22
ENSMUSG00000062115	Rai1	protein_coding	22
ENSMUSG00000034871	Fam151a	protein_coding	22
ENSMUSG00000034854	Mfsd12	protein_coding	22
ENSMUSG00000060771	Tsga10	protein_coding	22
ENSMUSG00000060780	Lrrtm1	protein_coding	22
ENSMUSG00000035757	Selenoo	protein_coding	22
ENSMUSG00000035773	Kiss1r	protein_coding	22
ENSMUSG00000017307	Acot8	protein_coding	22
ENSMUSG00000033707	Lrrc24	protein_coding	22
ENSMUSG00000033618	Map3k13	protein_coding	22
ENSMUSG00000041794	Myrip	protein_coding	22
ENSMUSG00000038204	Asb10	protein_coding	22
ENSMUSG00000049764	Zfp280b	protein_coding	22
ENSMUSG00000034263	Ints14	protein_coding	22
ENSMUSG00000034245	Hdac11	protein_coding	22
ENSMUSG00000029090	Adgra3	protein_coding	22
ENSMUSG00000062257	Opcml	protein_coding	22
ENSMUSG00000032855	Pkd1	protein_coding	22
ENSMUSG00000027935	Rab13	protein_coding	22
ENSMUSG00000027937	Jtb	protein_coding	22
ENSMUSG00000054302	Eapp	protein_coding	22
ENSMUSG00000024887	Asah2	protein_coding	22
ENSMUSG00000029148	Nrbp1	protein_coding	22
ENSMUSG00000056962	Jmjd6	protein_coding	22
ENSMUSG00000056820	Tsnax	protein_coding	22
ENSMUSG00000103906	Tigd5	protein_coding	22
ENSMUSG00000028523	Dynlt5	protein_coding	22
ENSMUSG00000038295	Atg9b	protein_coding	22
ENSMUSG00000028528	Dnajc6	protein_coding	22
ENSMUSG00000035799	Twist1	protein_coding	22
ENSMUSG00000027900	Dram2	protein_coding	22
ENSMUSG00000049191	Rtl5	protein_coding	22
ENSMUSG00000063428	Ddo	protein_coding	22
ENSMUSG00000030987	Stim1	protein_coding	22
ENSMUSG00000039367	Sec24c	protein_coding	22
ENSMUSG00000028028	Alpk1	protein_coding	22
ENSMUSG00000074575	Kcng1	protein_coding	22
ENSMUSG00000039262	Prrc2b	protein_coding	22
ENSMUSG00000003039	Fam32a	protein_coding	22
ENSMUSG00000021301	Hecw1	protein_coding	22
ENSMUSG00000002326	Gmpr2	protein_coding	22
ENSMUSG00000030751	Psma1	protein_coding	22
ENSMUSG00000061665	Cd2ap	protein_coding	22
ENSMUSG00000062604	Srpk2	protein_coding	22
ENSMUSG00000031575	Ash2l	protein_coding	22
ENSMUSG00000031657	Heatr3	protein_coding	22
ENSMUSG00000047841	Fndc11	protein_coding	22
ENSMUSG00000024955	Esrra	protein_coding	22
ENSMUSG00000053293	Pom121	protein_coding	22
ENSMUSG00000027959	Sass6	protein_coding	22
ENSMUSG00000040888	Gfer	protein_coding	22
ENSMUSG00000007946	Phox2a	protein_coding	22
ENSMUSG00000039159	Ube2h	protein_coding	22
ENSMUSG00000036104	Rab3gap1	protein_coding	22
ENSMUSG00000025075	Habp2	protein_coding	22
ENSMUSG00000004113	Cacna1b	protein_coding	22
ENSMUSG00000041734	Kirrel1	protein_coding	22
ENSMUSG00000041658	Rragb	protein_coding	22
ENSMUSG00000031289	Il13ra2	protein_coding	22
ENSMUSG00000061079	Zfp143	protein_coding	22
ENSMUSG00000090035	Galnt4	protein_coding	22
ENSMUSG00000021468	Sptlc1	protein_coding	22
ENSMUSG00000023391	Dlx2	protein_coding	22
ENSMUSG00000051890	Klhdc1	protein_coding	22
ENSMUSG00000026869	Psmd5	protein_coding	22
ENSMUSG00000041624	Gucy1a2	protein_coding	22
ENSMUSG00000041638	Gcn1	protein_coding	22
ENSMUSG00000020723	Cacng4	protein_coding	22
ENSMUSG00000026824	Kcnj3	protein_coding	22
ENSMUSG00000058966	Tlcd3b	protein_coding	22
ENSMUSG00000036093	Arl5a	protein_coding	22
ENSMUSG00000043913	Ccdc60	protein_coding	22
ENSMUSG00000029569	Tmem168	protein_coding	22
ENSMUSG00000035969	Rusc2	protein_coding	22
ENSMUSG00000050786	Ccdc126	protein_coding	22
ENSMUSG00000024276	Zfp397	protein_coding	22
ENSMUSG00000024277	Mapre2	protein_coding	22
ENSMUSG00000049922	Slc35c1	protein_coding	22
ENSMUSG00000050150	Slc9b1	protein_coding	22
ENSMUSG00000022101	Fgf17	protein_coding	22
ENSMUSG00000029176	Anapc4	protein_coding	22
ENSMUSG00000018481	Appbp2	protein_coding	22
ENSMUSG00000036845	Lin37	protein_coding	22
ENSMUSG00000017715	Pgs1	protein_coding	22
ENSMUSG00000017776	Crk	protein_coding	22
ENSMUSG00000015126	Tsr3	protein_coding	22
ENSMUSG00000046561	Arsj	protein_coding	22
ENSMUSG00000053754	Chd8	protein_coding	22
ENSMUSG00000021999	Cpb2	protein_coding	22
ENSMUSG00000022003	Slc25a30	protein_coding	22
ENSMUSG00000028016	Ints12	protein_coding	22
ENSMUSG00000028078	Dclk2	protein_coding	22
ENSMUSG00000043535	Setx	protein_coding	22
ENSMUSG00000070639	Lrrc8b	protein_coding	22
ENSMUSG00000043753	Dmrta1	protein_coding	22
ENSMUSG00000036805	Noxa1	protein_coding	22
ENSMUSG00000029166	Mapre3	protein_coding	22
ENSMUSG00000046079	Lrrc8d	protein_coding	22
ENSMUSG00000000168	Dlat	protein_coding	22
ENSMUSG00000091780	Sco2	protein_coding	22
ENSMUSG00000021720	Rnf180	protein_coding	22
ENSMUSG00000033047	Eif3l	protein_coding	22
ENSMUSG00000031327	Chic1	protein_coding	22
ENSMUSG00000031255	Sytl4	protein_coding	22
ENSMUSG00000019368	Sec14l4	protein_coding	22
ENSMUSG00000028059	Arhgef2	protein_coding	22
ENSMUSG00000056167	Cnot10	protein_coding	22
ENSMUSG00000022321	Cdh10	protein_coding	22
ENSMUSG00000029486	Mrpl1	protein_coding	22
ENSMUSG00000029263	Pigg	protein_coding	22
ENSMUSG00000014232	Cluap1	protein_coding	22
ENSMUSG00000024905	Tesmin	protein_coding	22
ENSMUSG00000003378	Grik5	protein_coding	22
ENSMUSG00000029461	Fam168a	protein_coding	22
ENSMUSG00000028133	Rwdd3	protein_coding	22
ENSMUSG00000038910	Plcl2	protein_coding	22
ENSMUSG00000058655	Eif4b	protein_coding	22
ENSMUSG00000043411	Usp48	protein_coding	22
ENSMUSG00000043430	Psapl1	protein_coding	22
ENSMUSG00000031985	Gnpat	protein_coding	22
ENSMUSG00000024018	Ccdc167	protein_coding	22
ENSMUSG00000068745	Mybphl	protein_coding	22
ENSMUSG00000034432	Cops8	protein_coding	22
ENSMUSG00000016308	Ube2a	protein_coding	22
ENSMUSG00000041075	Fzd7	protein_coding	22
ENSMUSG00000041035	Dpcd	protein_coding	22
ENSMUSG00000025207	Sema4g	protein_coding	22
ENSMUSG00000030980	Knop1	protein_coding	22
ENSMUSG00000061911	Myt1l	protein_coding	22
ENSMUSG00000025260	Hsd17b10	protein_coding	22
ENSMUSG00000041236	Vps41	protein_coding	22
ENSMUSG00000050890	Pdik1l	protein_coding	22
ENSMUSG00000030138	Bms1	protein_coding	22
ENSMUSG00000017802	Retreg3	protein_coding	22
ENSMUSG00000023845	Lnpep	protein_coding	22
ENSMUSG00000061126	Cyp4f39	protein_coding	22
ENSMUSG00000034453	Polr3b	protein_coding	22
ENSMUSG00000055963	Triqk	protein_coding	22
ENSMUSG00000079235	Ccdc13	protein_coding	22
ENSMUSG00000014164	Klhl3	protein_coding	22
ENSMUSG00000071723	Gspt2	protein_coding	22
ENSMUSG00000000902	Smarcb1	protein_coding	22
ENSMUSG00000060206	Zfp462	protein_coding	22
ENSMUSG00000059995	Atxn7l3	protein_coding	22
ENSMUSG00000038886	Man2a2	protein_coding	22
ENSMUSG00000055733	Nap1l3	protein_coding	22
ENSMUSG00000031981	Capn9	protein_coding	22
ENSMUSG00000050994	Adgb	protein_coding	22
ENSMUSG00000054469	Lclat1	protein_coding	22
ENSMUSG00000049630	C1ql3	protein_coding	22
ENSMUSG00000036591	Arhgap21	protein_coding	22
ENSMUSG00000028247	Coq3	protein_coding	22
ENSMUSG00000028347	Tmeff1	protein_coding	22
ENSMUSG00000028351	Brinp1	protein_coding	22
ENSMUSG00000026924	Sec16a	protein_coding	22
ENSMUSG00000026848	Tor1b	protein_coding	22
ENSMUSG00000041530	Ago1	protein_coding	22
ENSMUSG00000073838	Tufm	protein_coding	22
ENSMUSG00000009030	Pdcl	protein_coding	22
ENSMUSG00000059851	Kmt5c	protein_coding	22
ENSMUSG00000036371	Serbp1	protein_coding	22
ENSMUSG00000036291	Ap5m1	protein_coding	22
ENSMUSG00000017686	Rhot1	protein_coding	22
ENSMUSG00000018428	Akap1	protein_coding	22
ENSMUSG00000029219	Slc10a4	protein_coding	22
ENSMUSG00000026961	Lrrc26	protein_coding	22
ENSMUSG00000046008	Pnlip	protein_coding	22
ENSMUSG00000036615	Rfxap	protein_coding	22
ENSMUSG00000002010	Idh3g	protein_coding	22
ENSMUSG00000034584	Exph5	protein_coding	22
ENSMUSG00000023021	Cers5	protein_coding	22
ENSMUSG00000049612	Omg	protein_coding	22
ENSMUSG00000034543	Morc2a	protein_coding	22
ENSMUSG00000034563	Ccpg1	protein_coding	22
ENSMUSG00000044982	Sft2d3	protein_coding	22
ENSMUSG00000038831	Ralgps1	protein_coding	22
ENSMUSG00000057672	Pkn1	protein_coding	22
ENSMUSG00000031516	Dctn6	protein_coding	22
ENSMUSG00000003269	Cyth2	protein_coding	22
ENSMUSG00000029361	Nos1	protein_coding	22
ENSMUSG00000022426	Josd1	protein_coding	22
ENSMUSG00000021188	Trip11	protein_coding	22
ENSMUSG00000030816	Rnf40	protein_coding	22
ENSMUSG00000030822	Prr14	protein_coding	22
ENSMUSG00000038615	Nfe2l1	protein_coding	22
ENSMUSG00000021771	Vdac2	protein_coding	22
ENSMUSG00000002763	Pex6	protein_coding	22
ENSMUSG00000029319	Coq2	protein_coding	22
ENSMUSG00000024883	Rin1	protein_coding	22
ENSMUSG00000051586	Mical3	protein_coding	22
ENSMUSG00000020130	Tbc1d15	protein_coding	22
ENSMUSG00000021066	Atl1	protein_coding	22
ENSMUSG00000052763	Zfp212	protein_coding	22
ENSMUSG00000052783	Grk4	protein_coding	22
ENSMUSG00000003346	Abhd17a	protein_coding	22
ENSMUSG00000064128	Cpap	protein_coding	22
ENSMUSG00000028226	Mmp16	protein_coding	22
ENSMUSG00000028309	Rnf20	protein_coding	22
ENSMUSG00000092192	Dnaaf4	protein_coding	22
ENSMUSG00000038692	Hoxb4	protein_coding	22
ENSMUSG00000021497	Txndc15	protein_coding	22
ENSMUSG00000045237	Eola1	protein_coding	22
ENSMUSG00000049122	Frmd3	protein_coding	22
ENSMUSG00000064293	Cntn4	protein_coding	22
ENSMUSG00000040322	Slc25a24	protein_coding	22
ENSMUSG00000027509	Rae1	protein_coding	22
ENSMUSG00000040188	Scamp2	protein_coding	22
ENSMUSG00000024184	Pdia2	protein_coding	22
ENSMUSG00000050445	Cyp8b1	protein_coding	22
ENSMUSG00000052253	Zfp622	protein_coding	22
ENSMUSG00000052105	Mtcl1	protein_coding	22
ENSMUSG00000031831	Dnaaf1	protein_coding	22
ENSMUSG00000031766	Slc12a3	protein_coding	22
ENSMUSG00000015755	Tab2	protein_coding	22
ENSMUSG00000031711	Zfp330	protein_coding	22
ENSMUSG00000035112	Wnk4	protein_coding	22
ENSMUSG00000035131	Brinp3	protein_coding	22
ENSMUSG00000015016	Acsf3	protein_coding	22
ENSMUSG00000032549	Rab6b	protein_coding	22
ENSMUSG00000031864	Ints10	protein_coding	22
ENSMUSG00000062981	Mrpl42	protein_coding	22
ENSMUSG00000040177	2310057M21Rik	protein_coding	22
ENSMUSG00000040164	Kcns1	protein_coding	21
ENSMUSG00000021013	Ttc8	protein_coding	21
ENSMUSG00000053460	Ggcx	protein_coding	21
ENSMUSG00000053604	Rpia	protein_coding	21
ENSMUSG00000044496	2510039O18Rik	protein_coding	21
ENSMUSG00000044340	Phlpp1	protein_coding	21
ENSMUSG00000062393	Dgkk	protein_coding	21
ENSMUSG00000030612	Mrpl46	protein_coding	21
ENSMUSG00000030614	Tmem126b	protein_coding	21
ENSMUSG00000042305	Tmem183a	protein_coding	21
ENSMUSG00000051331	Cacna1c	protein_coding	21
ENSMUSG00000037722	Gnpnat1	protein_coding	21
ENSMUSG00000030510	Cers3	protein_coding	21
ENSMUSG00000030539	Sema4b	protein_coding	21
ENSMUSG00000033854	Kcnk10	protein_coding	21
ENSMUSG00000037653	Kctd8	protein_coding	21
ENSMUSG00000023903	Mmp25	protein_coding	21
ENSMUSG00000037681	Esyt3	protein_coding	21
ENSMUSG00000001924	Uba1	protein_coding	21
ENSMUSG00000055835	Zfp1	protein_coding	21
ENSMUSG00000027002	Nckap1	protein_coding	21
ENSMUSG00000057649	Brd9	protein_coding	21
ENSMUSG00000015357	Clpx	protein_coding	21
ENSMUSG00000025340	Rabgef1	protein_coding	21
ENSMUSG00000021189	Atxn3	protein_coding	21
ENSMUSG00000061802	Odad2	protein_coding	21
ENSMUSG00000041353	Vcf2	protein_coding	21
ENSMUSG00000001127	Araf	protein_coding	21
ENSMUSG00000021770	Samd8	protein_coding	21
ENSMUSG00000029276	Glmn	protein_coding	21
ENSMUSG00000051736	Fam229b	protein_coding	21
ENSMUSG00000026240	Cops7b	protein_coding	21
ENSMUSG00000024082	Ndufaf7	protein_coding	21
ENSMUSG00000015890	Amdhd1	protein_coding	21
ENSMUSG00000038797	Zscan2	protein_coding	21
ENSMUSG00000038822	Hace1	protein_coding	21
ENSMUSG00000030868	Dctn5	protein_coding	21
ENSMUSG00000025280	Polr3a	protein_coding	21
ENSMUSG00000025766	D3Ertd751e	protein_coding	21
ENSMUSG00000013483	Card14	protein_coding	21
ENSMUSG00000056537	Rlim	protein_coding	21
ENSMUSG00000097328	Tnfsf12	protein_coding	21
ENSMUSG00000043067	Dpy19l1	protein_coding	21
ENSMUSG00000041278	Ttc1	protein_coding	21
ENSMUSG00000020611	Gna13	protein_coding	21
ENSMUSG00000044949	Ubtd2	protein_coding	21
ENSMUSG00000056153	Socs6	protein_coding	21
ENSMUSG00000043323	Fbrsl1	protein_coding	21
ENSMUSG00000014426	Map3k4	protein_coding	21
ENSMUSG00000046108	Il17c	protein_coding	21
ENSMUSG00000022208	Jph4	protein_coding	21
ENSMUSG00000066306	Numa1	protein_coding	21
ENSMUSG00000028102	Pex11b	protein_coding	21
ENSMUSG00000028137	Celf3	protein_coding	21
ENSMUSG00000038914	Dido1	protein_coding	21
ENSMUSG00000054662	Ano9	protein_coding	21
ENSMUSG00000024384	Iws1	protein_coding	21
ENSMUSG00000026841	Fibcd1	protein_coding	21
ENSMUSG00000028343	Erp44	protein_coding	21
ENSMUSG00000038563	Efl1	protein_coding	21
ENSMUSG00000059920	4930453N24Rik	protein_coding	21
ENSMUSG00000024403	Atp6v1g2	protein_coding	21
ENSMUSG00000036461	Elf1	protein_coding	21
ENSMUSG00000043284	Tmem11	protein_coding	21
ENSMUSG00000047220	Iho1	protein_coding	21
ENSMUSG00000025199	Chuk	protein_coding	21
ENSMUSG00000025204	Ndufb8	protein_coding	21
ENSMUSG00000046321	Hs3st2	protein_coding	21
ENSMUSG00000020922	Lsm12	protein_coding	21
ENSMUSG00000050875	Minar2	protein_coding	21
ENSMUSG00000043313	Pcdhb19	protein_coding	21
ENSMUSG00000044772	Sntn	protein_coding	21
ENSMUSG00000071722	Spin4	protein_coding	21
ENSMUSG00000054051	Ercc6	protein_coding	21
ENSMUSG00000054079	Utp18	protein_coding	21
ENSMUSG00000045009	Prrt3	protein_coding	21
ENSMUSG00000045036	Tmem232	protein_coding	21
ENSMUSG00000036737	Oxsr1	protein_coding	21
ENSMUSG00000003778	Brd8	protein_coding	21
ENSMUSG00000030255	Sspn	protein_coding	21
ENSMUSG00000030259	Rassf8	protein_coding	21
ENSMUSG00000029212	Gabrb1	protein_coding	21
ENSMUSG00000036814	Slc6a20a	protein_coding	21
ENSMUSG00000032226	Gcnt3	protein_coding	21
ENSMUSG00000032228	Tcf12	protein_coding	21
ENSMUSG00000032239	Rp9	protein_coding	21
ENSMUSG00000082101	Slfn14	protein_coding	21
ENSMUSG00000027076	Timm10	protein_coding	21
ENSMUSG00000019894	Slc6a15	protein_coding	21
ENSMUSG00000041040	Fam117b	protein_coding	21
ENSMUSG00000027014	Cwc22	protein_coding	21
ENSMUSG00000027016	Zfp385b	protein_coding	21
ENSMUSG00000022808	Snx4	protein_coding	21
ENSMUSG00000029394	Cdk2ap1	protein_coding	21
ENSMUSG00000029464	Gpn3	protein_coding	21
ENSMUSG00000028126	Pip5k1a	protein_coding	21
ENSMUSG00000039092	Sptlc3	protein_coding	21
ENSMUSG00000033152	Podxl2	protein_coding	21
ENSMUSG00000079316	Rab9	protein_coding	21
ENSMUSG00000028114	Mettl14	protein_coding	21
ENSMUSG00000058656	Samd12	protein_coding	21
ENSMUSG00000027071	P2rx3	protein_coding	21
ENSMUSG00000004896	Mettl25b	protein_coding	21
ENSMUSG00000048174	Tmem81	protein_coding	21
ENSMUSG00000055184	Fam72a	protein_coding	21
ENSMUSG00000015599	Ttbk1	protein_coding	21
ENSMUSG00000028329	Xpa	protein_coding	21
ENSMUSG00000038517	Tbkbp1	protein_coding	21
ENSMUSG00000029475	Kdm2b	protein_coding	21
ENSMUSG00000030879	Mrpl17	protein_coding	21
ENSMUSG00000039021	Ttc16	protein_coding	21
ENSMUSG00000023084	Lrrc71	protein_coding	21
ENSMUSG00000029477	Morn3	protein_coding	21
ENSMUSG00000078144	Capns2	protein_coding	21
ENSMUSG00000017204	Gsdma	protein_coding	21
ENSMUSG00000046192	Iqub	protein_coding	21
ENSMUSG00000024299	Adamts10	protein_coding	21
ENSMUSG00000041440	Gk5	protein_coding	21
ENSMUSG00000016933	Plcg1	protein_coding	21
ENSMUSG00000020271	Fbxw11	protein_coding	21
ENSMUSG00000016257	Prelid3b	protein_coding	21
ENSMUSG00000042686	Jph1	protein_coding	21
ENSMUSG00000003380	Rabac1	protein_coding	21
ENSMUSG00000014704	Hoxa2	protein_coding	21
ENSMUSG00000032966	Fkbp1a	protein_coding	21
ENSMUSG00000024913	Lrp5	protein_coding	21
ENSMUSG00000020153	Ndufs7	protein_coding	21
ENSMUSG00000029196	Tada2b	protein_coding	21
ENSMUSG00000029190	D5Ertd579e	protein_coding	21
ENSMUSG00000054693	Adam10	protein_coding	21
ENSMUSG00000025407	Gli1	protein_coding	21
ENSMUSG00000046062	Ppp1r15b	protein_coding	21
ENSMUSG00000021737	Psmd6	protein_coding	21
ENSMUSG00000047466	Ark2n	protein_coding	21
ENSMUSG00000047284	Neurl4	protein_coding	21
ENSMUSG00000030279	C2cd5	protein_coding	21
ENSMUSG00000029474	Rnf34	protein_coding	21
ENSMUSG00000041523	Upk2	protein_coding	21
ENSMUSG00000015087	Rabl6	protein_coding	21
ENSMUSG00000036023	Parp2	protein_coding	21
ENSMUSG00000036188	Ankmy2	protein_coding	21
ENSMUSG00000068373	D430041D05Rik	protein_coding	21
ENSMUSG00000001844	Zdhhc4	protein_coding	21
ENSMUSG00000053025	Sv2b	protein_coding	21
ENSMUSG00000052861	Dnah6	protein_coding	21
ENSMUSG00000046679	C87436	protein_coding	21
ENSMUSG00000006732	Mettl1	protein_coding	21
ENSMUSG00000074634	Tmem267	protein_coding	21
ENSMUSG00000039210	Gpatch2	protein_coding	21
ENSMUSG00000024776	Stambpl1	protein_coding	21
ENSMUSG00000039166	Akap7	protein_coding	21
ENSMUSG00000036893	Ehmt1	protein_coding	21
ENSMUSG00000026077	Npas2	protein_coding	21
ENSMUSG00000036087	Slain2	protein_coding	21
ENSMUSG00000035901	Dennd5a	protein_coding	21
ENSMUSG00000039257	Vstm2b	protein_coding	21
ENSMUSG00000039191	Rbpj	protein_coding	21
ENSMUSG00000031931	Ankrd49	protein_coding	21
ENSMUSG00000034620	Rxylt1	protein_coding	21
ENSMUSG00000031461	Myom2	protein_coding	21
ENSMUSG00000019975	Ikbip	protein_coding	21
ENSMUSG00000038390	Gpr162	protein_coding	21
ENSMUSG00000036959	Bcorl1	protein_coding	21
ENSMUSG00000010277	Bltp2	protein_coding	21
ENSMUSG00000036912	Piwil4	protein_coding	21
ENSMUSG00000023467	Tulp2	protein_coding	21
ENSMUSG00000006711	D130043K22Rik	protein_coding	21
ENSMUSG00000046573	Lyrm4	protein_coding	21
ENSMUSG00000025237	Parp6	protein_coding	21
ENSMUSG00000039156	Stim2	protein_coding	21
ENSMUSG00000051980	Casr	protein_coding	21
ENSMUSG00000051817	Sox12	protein_coding	21
ENSMUSG00000026810	Dpm2	protein_coding	21
ENSMUSG00000073791	Efcab7	protein_coding	21
ENSMUSG00000091735	Gpr62	protein_coding	21
ENSMUSG00000057335	Cep170	protein_coding	21
ENSMUSG00000030282	Cmas	protein_coding	21
ENSMUSG00000020109	Dnajb12	protein_coding	21
ENSMUSG00000042747	Krtcap2	protein_coding	21
ENSMUSG00000022887	Masp1	protein_coding	21
ENSMUSG00000032400	Zwilch	protein_coding	21
ENSMUSG00000036990	Otud4	protein_coding	21
ENSMUSG00000024991	Eif3a	protein_coding	21
ENSMUSG00000032437	Stt3b	protein_coding	21
ENSMUSG00000038301	Snx10	protein_coding	21
ENSMUSG00000041669	Prima1	protein_coding	21
ENSMUSG00000033542	Arhgef5	protein_coding	21
ENSMUSG00000045275	Lca5l	protein_coding	21
ENSMUSG00000030350	Prmt8	protein_coding	21
ENSMUSG00000004054	Map3k11	protein_coding	21
ENSMUSG00000036879	Phkb	protein_coding	21
ENSMUSG00000044730	Airim	protein_coding	21
ENSMUSG00000044737	Klk14	protein_coding	21
ENSMUSG00000006676	Usp19	protein_coding	21
ENSMUSG00000043909	Trp53bp1	protein_coding	21
ENSMUSG00000024947	Men1	protein_coding	21
ENSMUSG00000021288	Klc1	protein_coding	21
ENSMUSG00000061273	Mmgt1	protein_coding	21
ENSMUSG00000079215	Zfp664	protein_coding	21
ENSMUSG00000030685	Kctd13	protein_coding	21
ENSMUSG00000031578	Mak16	protein_coding	21
ENSMUSG00000118506	Cfap141	protein_coding	21
ENSMUSG00000118662	Tctn2	protein_coding	21
ENSMUSG00000019489	Cd70	protein_coding	21
ENSMUSG00000039242	B3galnt2	protein_coding	21
ENSMUSG00000052656	Rnf103	protein_coding	21
ENSMUSG00000027968	Larp7	protein_coding	21
ENSMUSG00000027201	Myef2	protein_coding	21
ENSMUSG00000040855	Reps2	protein_coding	21
ENSMUSG00000040859	Bsdc1	protein_coding	21
ENSMUSG00000054939	Zfp174	protein_coding	21
ENSMUSG00000052557	Gan	protein_coding	21
ENSMUSG00000013033	Adgrl1	protein_coding	21
ENSMUSG00000034748	Sirt6	protein_coding	21
ENSMUSG00000029592	Usp30	protein_coding	21
ENSMUSG00000071064	Zfp827	protein_coding	21
ENSMUSG00000025219	Fgf8	protein_coding	21
ENSMUSG00000058569	Tmed9	protein_coding	21
ENSMUSG00000058388	Phtf1	protein_coding	21
ENSMUSG00000028020	Glrb	protein_coding	21
ENSMUSG00000090083	Rnf8	protein_coding	21
ENSMUSG00000029544	Cabp1	protein_coding	21
ENSMUSG00000035948	Acss3	protein_coding	21
ENSMUSG00000001313	Rnd2	protein_coding	21
ENSMUSG00000022262	Dnah5	protein_coding	21
ENSMUSG00000042763	Maneal	protein_coding	21
ENSMUSG00000056952	Tatdn2	protein_coding	21
ENSMUSG00000020354	Sgcd	protein_coding	21
ENSMUSG00000028553	Angptl3	protein_coding	21
ENSMUSG00000028556	Dock7	protein_coding	21
ENSMUSG00000041645	Ddx24	protein_coding	21
ENSMUSG00000038292	Kash5	protein_coding	21
ENSMUSG00000038240	Pdss2	protein_coding	21
ENSMUSG00000029618	Ocm	protein_coding	21
ENSMUSG00000024507	Hsd17b4	protein_coding	21
ENSMUSG00000039480	Nt5dc1	protein_coding	21
ENSMUSG00000027895	Kcnc4	protein_coding	21
ENSMUSG00000000340	Dbt	protein_coding	21
ENSMUSG00000049327	Kmt5a	protein_coding	21
ENSMUSG00000034893	Cog3	protein_coding	21
ENSMUSG00000078584	AU022252	protein_coding	21
ENSMUSG00000021697	Depdc1b	protein_coding	21
ENSMUSG00000021704	Mtx3	protein_coding	21
ENSMUSG00000033478	Fhip2a	protein_coding	21
ENSMUSG00000026812	Tsc1	protein_coding	21
ENSMUSG00000038174	Hycc2	protein_coding	21
ENSMUSG00000013787	Ehmt2	protein_coding	21
ENSMUSG00000030994	D7Ertd443e	protein_coding	21
ENSMUSG00000027933	Ints3	protein_coding	21
ENSMUSG00000001773	Folh1	protein_coding	21
ENSMUSG00000029551	Psmg3	protein_coding	21
ENSMUSG00000039449	Prpf18	protein_coding	21
ENSMUSG00000039354	Smarcal1	protein_coding	21
ENSMUSG00000020988	L2hgdh	protein_coding	21
ENSMUSG00000053519	Kcnip1	protein_coding	21
ENSMUSG00000038193	Hand2	protein_coding	21
ENSMUSG00000038195	Rilp	protein_coding	21
ENSMUSG00000028539	Artn	protein_coding	21
ENSMUSG00000028544	Slc5a9	protein_coding	21
ENSMUSG00000038215	Cep44	protein_coding	21
ENSMUSG00000037098	Rab11fip3	protein_coding	21
ENSMUSG00000036992	Nxt1	protein_coding	21
ENSMUSG00000022821	Hgd	protein_coding	21
ENSMUSG00000039357	Pofut4	protein_coding	21
ENSMUSG00000027894	Slc6a17	protein_coding	21
ENSMUSG00000020246	Hcfc2	protein_coding	21
ENSMUSG00000005621	Zfp592	protein_coding	21
ENSMUSG00000017418	Arl5b	protein_coding	21
ENSMUSG00000054046	Klk13	protein_coding	21
ENSMUSG00000058420	Syt17	protein_coding	21
ENSMUSG00000039531	Zup1	protein_coding	21
ENSMUSG00000027189	Trim44	protein_coding	21
ENSMUSG00000031023	Akip1	protein_coding	21
ENSMUSG00000025194	Abcc2	protein_coding	21
ENSMUSG00000025963	Mdh1b	protein_coding	21
ENSMUSG00000023781	Hes7	protein_coding	21
ENSMUSG00000035699	Slc51a	protein_coding	21
ENSMUSG00000022376	Adcy8	protein_coding	21
ENSMUSG00000055761	Nkain3	protein_coding	21
ENSMUSG00000014551	Mrps25	protein_coding	21
ENSMUSG00000063253	Scoc	protein_coding	21
ENSMUSG00000039579	Grin3a	protein_coding	21
ENSMUSG00000027879	Sec22b	protein_coding	21
ENSMUSG00000034785	Dio1	protein_coding	21
ENSMUSG00000034786	Gpsm3	protein_coding	21
ENSMUSG00000054000	Tusc1	protein_coding	21
ENSMUSG00000021578	Ccdc127	protein_coding	21
ENSMUSG00000059854	Hydin	protein_coding	21
ENSMUSG00000026354	Lct	protein_coding	21
ENSMUSG00000049728	Zfp668	protein_coding	21
ENSMUSG00000071317	Popdc1	protein_coding	21
ENSMUSG00000071337	Tia1	protein_coding	21
ENSMUSG00000033676	Gabrb3	protein_coding	21
ENSMUSG00000022111	Uchl3	protein_coding	21
ENSMUSG00000028619	Tceanc2	protein_coding	21
ENSMUSG00000063975	Slco1a5	protein_coding	21
ENSMUSG00000029613	Eif2ak1	protein_coding	21
ENSMUSG00000030443	Zfp583	protein_coding	21
ENSMUSG00000025551	Fgf14	protein_coding	21
ENSMUSG00000024301	Kifc5b	protein_coding	21
ENSMUSG00000024313	Mep1b	protein_coding	21
ENSMUSG00000024260	Sap130	protein_coding	21
ENSMUSG00000031537	Ikbkb	protein_coding	21
ENSMUSG00000060429	Sntb1	protein_coding	21
ENSMUSG00000060240	Cend1	protein_coding	21
ENSMUSG00000031026	Trim66	protein_coding	21
ENSMUSG00000027193	Api5	protein_coding	21
ENSMUSG00000040797	Iqsec3	protein_coding	21
ENSMUSG00000035725	Prkx	protein_coding	21
ENSMUSG00000035735	Dagla	protein_coding	21
ENSMUSG00000022306	Zfpm2	protein_coding	21
ENSMUSG00000022307	Oxr1	protein_coding	21
ENSMUSG00000044148	1810030O07Rik	protein_coding	21
ENSMUSG00000033751	Gadd45gip1	protein_coding	21
ENSMUSG00000048799	Cep120	protein_coding	21
ENSMUSG00000003421	Nosip	protein_coding	21
ENSMUSG00000003423	Pih1d1	protein_coding	21
ENSMUSG00000023979	Guca1b	protein_coding	21
ENSMUSG00000026384	Ptpn4	protein_coding	21
ENSMUSG00000026393	Nek7	protein_coding	21
ENSMUSG00000031922	Cep57	protein_coding	21
ENSMUSG00000024219	Anks1	protein_coding	21
ENSMUSG00000072720	Myo18b	protein_coding	21
ENSMUSG00000039809	Gabbr2	protein_coding	21
ENSMUSG00000039814	Xkr5	protein_coding	21
ENSMUSG00000040621	Gemin8	protein_coding	21
ENSMUSG00000027823	Gmps	protein_coding	21
ENSMUSG00000020287	Mpg	protein_coding	21
ENSMUSG00000020305	Asb3	protein_coding	21
ENSMUSG00000020078	Vps26a	protein_coding	21
ENSMUSG00000021604	Irx4	protein_coding	21
ENSMUSG00000045725	Prr15	protein_coding	21
ENSMUSG00000059796	Eif4a1	protein_coding	21
ENSMUSG00000030406	Gipr	protein_coding	21
ENSMUSG00000030410	Dmwd	protein_coding	21
ENSMUSG00000032737	Inppl1	protein_coding	21
ENSMUSG00000079487	Med12	protein_coding	21
ENSMUSG00000046836	Brox	protein_coding	21
ENSMUSG00000070939	Tgfbrap1	protein_coding	21
ENSMUSG00000075270	Pde11a	protein_coding	21
ENSMUSG00000045854	Lyrm2	protein_coding	21
ENSMUSG00000069041	Slc25a31	protein_coding	21
ENSMUSG00000024078	Ttc27	protein_coding	21
ENSMUSG00000027284	Cdan1	protein_coding	21
ENSMUSG00000074129	Rpl13a	protein_coding	21
ENSMUSG00000035649	Zcchc7	protein_coding	21
ENSMUSG00000035498	Cdcp1	protein_coding	21
ENSMUSG00000026484	Rnf2	protein_coding	21
ENSMUSG00000017286	Glod4	protein_coding	21
ENSMUSG00000042498	Radx	protein_coding	21
ENSMUSG00000042501	Cpa6	protein_coding	21
ENSMUSG00000006299	Aamp	protein_coding	21
ENSMUSG00000048581	E130311K13Rik	protein_coding	21
ENSMUSG00000052997	Uba2	protein_coding	21
ENSMUSG00000039770	Ypel5	protein_coding	21
ENSMUSG00000027255	Arfgap2	protein_coding	21
ENSMUSG00000027259	Adal	protein_coding	21
ENSMUSG00000020884	Asgr1	protein_coding	21
ENSMUSG00000012117	Dhdds	protein_coding	21
ENSMUSG00000030059	Tmf1	protein_coding	21
ENSMUSG00000037363	Letm2	protein_coding	21
ENSMUSG00000048988	Elfn1	protein_coding	21
ENSMUSG00000001052	Sec24b	protein_coding	21
ENSMUSG00000028936	Rpl22	protein_coding	21
ENSMUSG00000020038	Cry1	protein_coding	21
ENSMUSG00000019990	Pde7b	protein_coding	21
ENSMUSG00000019996	Map7	protein_coding	21
ENSMUSG00000028675	Pnrc2	protein_coding	21
ENSMUSG00000075224	Lrrc55	protein_coding	21
ENSMUSG00000021890	Eaf1	protein_coding	21
ENSMUSG00000039873	Neurl2	protein_coding	21
ENSMUSG00000027668	Mfn1	protein_coding	21
ENSMUSG00000027344	Fsip1	protein_coding	21
ENSMUSG00000003573	Homer3	protein_coding	21
ENSMUSG00000045903	Npas4	protein_coding	21
ENSMUSG00000025421	Hdhd2	protein_coding	21
ENSMUSG00000033732	Sf3b3	protein_coding	21
ENSMUSG00000037896	Rcor1	protein_coding	21
ENSMUSG00000037938	Chchd5	protein_coding	21
ENSMUSG00000037942	Crp	protein_coding	21
ENSMUSG00000028975	Pex14	protein_coding	21
ENSMUSG00000026439	Rbbp5	protein_coding	21
ENSMUSG00000073422	Hsd17b8	protein_coding	21
ENSMUSG00000028919	Arhgef19	protein_coding	21
ENSMUSG00000023921	Mmut	protein_coding	21
ENSMUSG00000052133	Sema5b	protein_coding	21
ENSMUSG00000074182	Znhit6	protein_coding	21
ENSMUSG00000031202	Rab39b	protein_coding	21
ENSMUSG00000040506	Ambra1	protein_coding	21
ENSMUSG00000039901	Armh3	protein_coding	21
ENSMUSG00000030043	Tacr1	protein_coding	21
ENSMUSG00000034912	Mdga2	protein_coding	21
ENSMUSG00000031381	Piga	protein_coding	21
ENSMUSG00000042557	Sin3a	protein_coding	21
ENSMUSG00000042496	Prdm10	protein_coding	21
ENSMUSG00000020074	Ccar1	protein_coding	21
ENSMUSG00000061207	Stk19	protein_coding	21
ENSMUSG00000021339	Mrs2	protein_coding	21
ENSMUSG00000023007	Prpf40b	protein_coding	21
ENSMUSG00000034918	Cdhr2	protein_coding	21
ENSMUSG00000028902	Sf3a3	protein_coding	21
ENSMUSG00000034959	Rubcnl	protein_coding	21
ENSMUSG00000034973	Dop1a	protein_coding	21
ENSMUSG00000046999	1110032F04Rik	protein_coding	21
ENSMUSG00000070366	Plpp4	protein_coding	21
ENSMUSG00000056476	Med12l	protein_coding	21
ENSMUSG00000011958	Bnip2	protein_coding	21
ENSMUSG00000029700	Slc13a1	protein_coding	21
ENSMUSG00000022969	Il10rb	protein_coding	21
ENSMUSG00000020435	Osbp2	protein_coding	21
ENSMUSG00000034135	Sik3	protein_coding	21
ENSMUSG00000051154	Commd3	protein_coding	21
ENSMUSG00000059486	Kbtbd2	protein_coding	21
ENSMUSG00000037857	Nufip2	protein_coding	21
ENSMUSG00000022125	Cln5	protein_coding	21
ENSMUSG00000035268	Pkig	protein_coding	21
ENSMUSG00000025909	Sntg1	protein_coding	21
ENSMUSG00000025858	Get4	protein_coding	21
ENSMUSG00000062157	Ifnlr1	protein_coding	21
ENSMUSG00000025060	Slk	protein_coding	21
ENSMUSG00000039990	Edrf1	protein_coding	21
ENSMUSG00000035437	Rabgap1	protein_coding	21
ENSMUSG00000032313	Tmem266	protein_coding	21
ENSMUSG00000031433	Rbm41	protein_coding	21
ENSMUSG00000032468	Armc8	protein_coding	21
ENSMUSG00000063457	Rps15	protein_coding	21
ENSMUSG00000037461	Ints7	protein_coding	21
ENSMUSG00000006241	Ccdc159	protein_coding	21
ENSMUSG00000037341	Slc9a7	protein_coding	21
ENSMUSG00000040146	Rgl3	protein_coding	21
ENSMUSG00000056270	Prr9	protein_coding	21
ENSMUSG00000026455	Klhl12	protein_coding	21
ENSMUSG00000026466	Tor1aip1	protein_coding	21
ENSMUSG00000020850	Prpf8	protein_coding	21
ENSMUSG00000001998	Ap4e1	protein_coding	21
ENSMUSG00000047879	Usp14	protein_coding	21
ENSMUSG00000049969	Plekhf2	protein_coding	21
ENSMUSG00000021692	Dimt1	protein_coding	21
ENSMUSG00000017264	Exosc10	protein_coding	21
ENSMUSG00000025475	Adgra1	protein_coding	21
ENSMUSG00000030549	Rhcg	protein_coding	21
ENSMUSG00000033966	Cdkl4	protein_coding	21
ENSMUSG00000037490	Slc2a12	protein_coding	21
ENSMUSG00000079055	Slc8a3	protein_coding	21
ENSMUSG00000013997	Nit1	protein_coding	21
ENSMUSG00000029844	Hoxa1	protein_coding	21
ENSMUSG00000002546	Golga2	protein_coding	21
ENSMUSG00000029916	Agk	protein_coding	21
ENSMUSG00000027366	Sppl2a	protein_coding	21
ENSMUSG00000046886	Zfp474	protein_coding	21
ENSMUSG00000022960	Donson	protein_coding	21
ENSMUSG00000040525	Cblc	protein_coding	21
ENSMUSG00000019814	Ltv1	protein_coding	21
ENSMUSG00000021917	Spcs1	protein_coding	21
ENSMUSG00000032558	Nphp3	protein_coding	21
ENSMUSG00000040138	Ndp	protein_coding	21
ENSMUSG00000040331	Nsmce4a	protein_coding	21
ENSMUSG00000020696	Rffl	protein_coding	21
ENSMUSG00000031807	Pgls	protein_coding	21
ENSMUSG00000020982	Nemf	protein_coding	21
ENSMUSG00000020692	Nle1	protein_coding	21
ENSMUSG00000040282	Cdin1	protein_coding	21
ENSMUSG00000000049	Apoh	protein_coding	21
ENSMUSG00000017858	Ift52	protein_coding	21
ENSMUSG00000032368	Zic1	protein_coding	21
ENSMUSG00000053094	Tmem248	protein_coding	21
ENSMUSG00000017943	Gdap1l1	protein_coding	21
ENSMUSG00000031953	Tmem170	protein_coding	21
ENSMUSG00000014355	Anapc1	protein_coding	21
ENSMUSG00000038736	Nudcd1	protein_coding	21
ENSMUSG00000003354	Ccdc65	protein_coding	21
ENSMUSG00000050192	Eif5a2	protein_coding	21
ENSMUSG00000024048	Myl12a	protein_coding	21
ENSMUSG00000008461	Fut1	protein_coding	21
ENSMUSG00000059898	Dsc3	protein_coding	21
ENSMUSG00000034579	Pla2g3	protein_coding	21
ENSMUSG00000069895	Atxn1l	protein_coding	21
ENSMUSG00000022702	Hira	protein_coding	21
ENSMUSG00000020570	Sypl1	protein_coding	21
ENSMUSG00000021022	Ppp2r3c	protein_coding	21
ENSMUSG00000074277	Phldb3	protein_coding	21
ENSMUSG00000040151	Hs2st1	protein_coding	21
ENSMUSG00000031786	Drc7	protein_coding	20
ENSMUSG00000072770	Acrbp	protein_coding	20
ENSMUSG00000078490	Cfap74	protein_coding	20
ENSMUSG00000063801	Ap3s2	protein_coding	20
ENSMUSG00000035953	Pip4p1	protein_coding	20
ENSMUSG00000049643	2310022A10Rik	protein_coding	20
ENSMUSG00000048047	Zbtb33	protein_coding	20
ENSMUSG00000074340	Ovgp1	protein_coding	20
ENSMUSG00000027425	Kat14	protein_coding	20
ENSMUSG00000050368	Hoxd10	protein_coding	20
ENSMUSG00000021027	Ralgapa1	protein_coding	20
ENSMUSG00000031729	Ist1	protein_coding	20
ENSMUSG00000055024	Ep300	protein_coding	20
ENSMUSG00000040158	Tax1bp3	protein_coding	20
ENSMUSG00000040390	Map3k10	protein_coding	20
ENSMUSG00000040007	Bahd1	protein_coding	20
ENSMUSG00000027531	Impa1	protein_coding	20
ENSMUSG00000031960	Aars1	protein_coding	20
ENSMUSG00000021037	Ahsa1	protein_coding	20
ENSMUSG00000052056	Zfp217	protein_coding	20
ENSMUSG00000020583	Matn3	protein_coding	20
ENSMUSG00000044034	Npb	protein_coding	20
ENSMUSG00000043782	Bicdl2	protein_coding	20
ENSMUSG00000043760	Pkhd1	protein_coding	20
ENSMUSG00000026004	Kansl1l	protein_coding	20
ENSMUSG00000026065	Slc9a4	protein_coding	20
ENSMUSG00000051984	Sec31b	protein_coding	20
ENSMUSG00000023307	Marchf5	protein_coding	20
ENSMUSG00000029614	Rpl6	protein_coding	20
ENSMUSG00000040455	Usp45	protein_coding	20
ENSMUSG00000040428	Plekha4	protein_coding	20
ENSMUSG00000040025	Ythdf2	protein_coding	20
ENSMUSG00000019797	Mtres1	protein_coding	20
ENSMUSG00000031591	Asah1	protein_coding	20
ENSMUSG00000031563	Wwc2	protein_coding	20
ENSMUSG00000031665	Sall1	protein_coding	20
ENSMUSG00000109941	Exosc6	protein_coding	20
ENSMUSG00000048118	Arid4a	protein_coding	20
ENSMUSG00000029623	Pdap1	protein_coding	20
ENSMUSG00000043940	Wdfy3	protein_coding	20
ENSMUSG00000072662	Mansc4	protein_coding	20
ENSMUSG00000022216	Psme1	protein_coding	20
ENSMUSG00000043541	Dnai7	protein_coding	20
ENSMUSG00000011096	Akt1s1	protein_coding	20
ENSMUSG00000029387	Gtf2h3	protein_coding	20
ENSMUSG00000022763	Aifm3	protein_coding	20
ENSMUSG00000053930	Shisa6	protein_coding	20
ENSMUSG00000070498	Tmem132b	protein_coding	20
ENSMUSG00000070493	Chchd2	protein_coding	20
ENSMUSG00000015575	Atp6v0e	protein_coding	20
ENSMUSG00000007739	Cct4	protein_coding	20
ENSMUSG00000007721	Ccdc124	protein_coding	20
ENSMUSG00000040029	Ipo8	protein_coding	20
ENSMUSG00000050382	Kif7	protein_coding	20
ENSMUSG00000027602	Map1lc3a	protein_coding	20
ENSMUSG00000035572	Dcaf10	protein_coding	20
ENSMUSG00000006010	Odr4	protein_coding	20
ENSMUSG00000070283	Ndufaf3	protein_coding	20
ENSMUSG00000031540	Kat6a	protein_coding	20
ENSMUSG00000027575	Arfgap1	protein_coding	20
ENSMUSG00000027569	Mrgbp	protein_coding	20
ENSMUSG00000027615	Hps3	protein_coding	20
ENSMUSG00000027613	Eif6	protein_coding	20
ENSMUSG00000022016	Akap11	protein_coding	20
ENSMUSG00000057914	Cacnb2	protein_coding	20
ENSMUSG00000031556	Tm2d2	protein_coding	20
ENSMUSG00000032062	2310030G06Rik	protein_coding	20
ENSMUSG00000032059	Alg9	protein_coding	20
ENSMUSG00000043298	Smco3	protein_coding	20
ENSMUSG00000026095	Asnsd1	protein_coding	20
ENSMUSG00000026153	Fam135a	protein_coding	20
ENSMUSG00000022770	Dlg1	protein_coding	20
ENSMUSG00000035596	Mboat7	protein_coding	20
ENSMUSG00000044165	Bcl2l15	protein_coding	20
ENSMUSG00000002455	Prpf6	protein_coding	20
ENSMUSG00000021098	4930447C04Rik	protein_coding	20
ENSMUSG00000027665	Pik3ca	protein_coding	20
ENSMUSG00000058318	Phf21a	protein_coding	20
ENSMUSG00000021930	Spryd7	protein_coding	20
ENSMUSG00000027708	Dcun1d1	protein_coding	20
ENSMUSG00000039913	Pak5	protein_coding	20
ENSMUSG00000027380	Acoxl	protein_coding	20
ENSMUSG00000063146	Clip2	protein_coding	20
ENSMUSG00000016018	Mtrex	protein_coding	20
ENSMUSG00000047866	Lonp2	protein_coding	20
ENSMUSG00000047759	Hs3st3a1	protein_coding	20
ENSMUSG00000047749	Zc3hav1l	protein_coding	20
ENSMUSG00000024844	Banf1	protein_coding	20
ENSMUSG00000004317	Clcn5	protein_coding	20
ENSMUSG00000019841	Rev3l	protein_coding	20
ENSMUSG00000027297	Ltk	protein_coding	20
ENSMUSG00000039765	Cc2d2a	protein_coding	20
ENSMUSG00000000131	Xpo6	protein_coding	20
ENSMUSG00000056234	Ncoa4	protein_coding	20
ENSMUSG00000025899	Alkbh8	protein_coding	20
ENSMUSG00000104346	Pcdhga3	protein_coding	20
ENSMUSG00000000266	Mid2	protein_coding	20
ENSMUSG00000018378	Cuedc1	protein_coding	20
ENSMUSG00000036403	Cep135	protein_coding	20
ENSMUSG00000035311	Gnptab	protein_coding	20
ENSMUSG00000022421	Nptxr	protein_coding	20
ENSMUSG00000070527	Mkrn3	protein_coding	20
ENSMUSG00000004980	Hnrnpa2b1	protein_coding	20
ENSMUSG00000015478	Rnf5	protein_coding	20
ENSMUSG00000039849	Pcif1	protein_coding	20
ENSMUSG00000027810	Eif2a	protein_coding	20
ENSMUSG00000020576	Nbas	protein_coding	20
ENSMUSG00000023259	Slc26a6	protein_coding	20
ENSMUSG00000018442	Derl2	protein_coding	20
ENSMUSG00000021589	Rhobtb3	protein_coding	20
ENSMUSG00000043262	Uevld	protein_coding	20
ENSMUSG00000035392	Dennd1a	protein_coding	20
ENSMUSG00000035354	Uvrag	protein_coding	20
ENSMUSG00000035325	Sec31a	protein_coding	20
ENSMUSG00000044339	Alkbh2	protein_coding	20
ENSMUSG00000025873	Faf2	protein_coding	20
ENSMUSG00000027748	Trpc4	protein_coding	20
ENSMUSG00000040746	Rnf167	protein_coding	20
ENSMUSG00000040740	Slc25a34	protein_coding	20
ENSMUSG00000040720	Virma	protein_coding	20
ENSMUSG00000007817	Zmiz1	protein_coding	20
ENSMUSG00000039656	Rxrb	protein_coding	20
ENSMUSG00000032235	Ice2	protein_coding	20
ENSMUSG00000020698	Cct6b	protein_coding	20
ENSMUSG00000031529	Tnks	protein_coding	20
ENSMUSG00000060038	Dhps	protein_coding	20
ENSMUSG00000021509	Slc25a48	protein_coding	20
ENSMUSG00000029238	Clock	protein_coding	20
ENSMUSG00000036552	Ermard	protein_coding	20
ENSMUSG00000043059	Zfp513	protein_coding	20
ENSMUSG00000036561	Ppp6r2	protein_coding	20
ENSMUSG00000029833	Trim24	protein_coding	20
ENSMUSG00000052298	Cdc42se2	protein_coding	20
ENSMUSG00000053334	Ficd	protein_coding	20
ENSMUSG00000055447	Cd47	protein_coding	20
ENSMUSG00000024131	Slc3a1	protein_coding	20
ENSMUSG00000050697	Prkaa1	protein_coding	20
ENSMUSG00000024218	Taf11	protein_coding	20
ENSMUSG00000024211	Grm8	protein_coding	20
ENSMUSG00000070327	Rnf213	protein_coding	20
ENSMUSG00000015365	Mov10l1	protein_coding	20
ENSMUSG00000053414	Hunk	protein_coding	20
ENSMUSG00000027868	Tbx15	protein_coding	20
ENSMUSG00000027261	Hao1	protein_coding	20
ENSMUSG00000006998	Psmd2	protein_coding	20
ENSMUSG00000027840	Wnt2b	protein_coding	20
ENSMUSG00000053399	Adamts18	protein_coding	20
ENSMUSG00000049232	Tigd2	protein_coding	20
ENSMUSG00000036751	Cox6b1	protein_coding	20
ENSMUSG00000010554	Mettl16	protein_coding	20
ENSMUSG00000069835	Sat2	protein_coding	20
ENSMUSG00000020464	Pnpt1	protein_coding	20
ENSMUSG00000060679	Mrps9	protein_coding	20
ENSMUSG00000032303	Chrna3	protein_coding	20
ENSMUSG00000039458	Mtmr12	protein_coding	20
ENSMUSG00000027886	Cfap276	protein_coding	20
ENSMUSG00000039473	Ubn1	protein_coding	20
ENSMUSG00000000346	Dazap2	protein_coding	20
ENSMUSG00000016477	E2f3	protein_coding	20
ENSMUSG00000031399	Fam3a	protein_coding	20
ENSMUSG00000031392	Irak1	protein_coding	20
ENSMUSG00000032312	Csk	protein_coding	20
ENSMUSG00000004843	Chmp2b	protein_coding	20
ENSMUSG00000044573	Acp1	protein_coding	20
ENSMUSG00000044712	Slc38a6	protein_coding	20
ENSMUSG00000034919	Ttc22	protein_coding	20
ENSMUSG00000051703	Tmem198	protein_coding	20
ENSMUSG00000036636	Clcn7	protein_coding	20
ENSMUSG00000047260	Emc6	protein_coding	20
ENSMUSG00000047497	Adamts12	protein_coding	20
ENSMUSG00000032356	Rasgrf1	protein_coding	20
ENSMUSG00000040865	Ino80d	protein_coding	20
ENSMUSG00000025013	Tll2	protein_coding	20
ENSMUSG00000036863	Syde2	protein_coding	20
ENSMUSG00000054074	Skida1	protein_coding	20
ENSMUSG00000059811	Atl2	protein_coding	20
ENSMUSG00000021552	Gkap1	protein_coding	20
ENSMUSG00000006169	Clint1	protein_coding	20
ENSMUSG00000042901	Aida	protein_coding	20
ENSMUSG00000026229	Psmd1	protein_coding	20
ENSMUSG00000078816	Prkcg	protein_coding	20
ENSMUSG00000044628	Rnf208	protein_coding	20
ENSMUSG00000032376	Usp3	protein_coding	20
ENSMUSG00000039313	Minar1	protein_coding	20
ENSMUSG00000058579	Cela2a	protein_coding	20
ENSMUSG00000027086	Fastkd1	protein_coding	20
ENSMUSG00000027170	Eif3m	protein_coding	20
ENSMUSG00000044600	Smim7	protein_coding	20
ENSMUSG00000025795	Rassf3	protein_coding	20
ENSMUSG00000026341	Actr3	protein_coding	20
ENSMUSG00000030030	1700003E16Rik	protein_coding	20
ENSMUSG00000024515	Smad4	protein_coding	20
ENSMUSG00000049106	Dcaf5	protein_coding	20
ENSMUSG00000039252	Lgi2	protein_coding	20
ENSMUSG00000019254	Ppp1r12c	protein_coding	20
ENSMUSG00000019464	Ptger1	protein_coding	20
ENSMUSG00000039298	Cdk5rap2	protein_coding	20
ENSMUSG00000050222	Il17d	protein_coding	20
ENSMUSG00000014932	Yes1	protein_coding	20
ENSMUSG00000021116	Eif2s1	protein_coding	20
ENSMUSG00000055567	Unc80	protein_coding	20
ENSMUSG00000022364	Tbc1d31	protein_coding	20
ENSMUSG00000010392	Gosr1	protein_coding	20
ENSMUSG00000068697	Myoz1	protein_coding	20
ENSMUSG00000010461	Eya4	protein_coding	20
ENSMUSG00000026333	Gin1	protein_coding	20
ENSMUSG00000052551	Adarb2	protein_coding	20
ENSMUSG00000068184	Ndufaf2	protein_coding	20
ENSMUSG00000060950	Trmt61a	protein_coding	20
ENSMUSG00000028033	Kcnq5	protein_coding	20
ENSMUSG00000057706	Mex3b	protein_coding	20
ENSMUSG00000027107	Chrna1	protein_coding	20
ENSMUSG00000028082	Sh3d19	protein_coding	20
ENSMUSG00000020216	Jsrp1	protein_coding	20
ENSMUSG00000020736	Nt5c	protein_coding	20
ENSMUSG00000029151	Slc30a3	protein_coding	20
ENSMUSG00000037139	Myom3	protein_coding	20
ENSMUSG00000022619	Mapk8ip2	protein_coding	20
ENSMUSG00000069769	Msi2	protein_coding	20
ENSMUSG00000017740	Slc12a5	protein_coding	20
ENSMUSG00000021363	Mak	protein_coding	20
ENSMUSG00000024619	Cdx1	protein_coding	20
ENSMUSG00000022802	Lmln	protein_coding	20
ENSMUSG00000053768	Chchd3	protein_coding	20
ENSMUSG00000019338	Zfp687	protein_coding	20
ENSMUSG00000028098	Rnf115	protein_coding	20
ENSMUSG00000039099	Wdr93	protein_coding	20
ENSMUSG00000027133	Nop10	protein_coding	20
ENSMUSG00000022203	Efs	protein_coding	20
ENSMUSG00000073234	Fam237b	protein_coding	20
ENSMUSG00000042662	Dusp15	protein_coding	20
ENSMUSG00000031312	Itgb1bp2	protein_coding	20
ENSMUSG00000014959	Gorasp2	protein_coding	20
ENSMUSG00000021794	Glud1	protein_coding	20
ENSMUSG00000028106	Rprd2	protein_coding	20
ENSMUSG00000031229	Atrx	protein_coding	20
ENSMUSG00000017801	Mlx	protein_coding	20
ENSMUSG00000024530	Prelid3a	protein_coding	20
ENSMUSG00000028979	Masp2	protein_coding	20
ENSMUSG00000090919	Pabpc4l	protein_coding	20
ENSMUSG00000029028	Lrrc47	protein_coding	20
ENSMUSG00000042532	Golga7b	protein_coding	20
ENSMUSG00000073295	Nudt11	protein_coding	20
ENSMUSG00000029016	Clcn6	protein_coding	20
ENSMUSG00000029055	Plch2	protein_coding	20
ENSMUSG00000029054	Gabrd	protein_coding	20
ENSMUSG00000034607	Pof1b	protein_coding	20
ENSMUSG00000046873	Mbtps2	protein_coding	20
ENSMUSG00000001089	Luzp1	protein_coding	20
ENSMUSG00000050944	Efcab5	protein_coding	20
ENSMUSG00000028245	Nsmaf	protein_coding	20
ENSMUSG00000038861	Pi4kb	protein_coding	20
ENSMUSG00000055485	Mtcl2	protein_coding	20
ENSMUSG00000025786	Zdhhc3	protein_coding	20
ENSMUSG00000071661	Zbtb3	protein_coding	20
ENSMUSG00000071660	Ttc9c	protein_coding	20
ENSMUSG00000037287	Tbcel	protein_coding	20
ENSMUSG00000042507	Mideas	protein_coding	20
ENSMUSG00000042447	Mios	protein_coding	20
ENSMUSG00000042473	Tbc1d8b	protein_coding	20
ENSMUSG00000028990	Lzic	protein_coding	20
ENSMUSG00000032839	Trpc1	protein_coding	20
ENSMUSG00000032615	Nt5m	protein_coding	20
ENSMUSG00000022070	Bora	protein_coding	20
ENSMUSG00000057457	Phex	protein_coding	20
ENSMUSG00000031214	Ophn1	protein_coding	20
ENSMUSG00000030235	Slco1c1	protein_coding	20
ENSMUSG00000060924	Csmd1	protein_coding	20
ENSMUSG00000022773	Ypel1	protein_coding	20
ENSMUSG00000023911	Flywch2	protein_coding	20
ENSMUSG00000018697	Aatf	protein_coding	20
ENSMUSG00000030264	Thumpd3	protein_coding	20
ENSMUSG00000078963	Hsbp1l1	protein_coding	20
ENSMUSG00000054850	Smim10l2a	protein_coding	20
ENSMUSG00000022508	Bcl6	protein_coding	20
ENSMUSG00000025646	Atrip	protein_coding	20
ENSMUSG00000034327	Kctd9	protein_coding	20
ENSMUSG00000042419	Nfkbil1	protein_coding	20
ENSMUSG00000042390	Gatad2b	protein_coding	20
ENSMUSG00000028932	Psmc2	protein_coding	20
ENSMUSG00000070972	Dnajc25	protein_coding	20
ENSMUSG00000021843	Ktn1	protein_coding	20
ENSMUSG00000021819	Zswim8	protein_coding	20
ENSMUSG00000028292	Rars2	protein_coding	20
ENSMUSG00000037492	Zmat4	protein_coding	20
ENSMUSG00000001910	Nacc1	protein_coding	20
ENSMUSG00000022623	Shank3	protein_coding	20
ENSMUSG00000075467	Dnlz	protein_coding	20
ENSMUSG00000075410	Prcd	protein_coding	20
ENSMUSG00000045314	Sowahb	protein_coding	20
ENSMUSG00000038766	Gabpb2	protein_coding	20
ENSMUSG00000038683	Pak1ip1	protein_coding	20
ENSMUSG00000058729	Lin9	protein_coding	20
ENSMUSG00000020721	Helz	protein_coding	20
ENSMUSG00000020260	Pofut2	protein_coding	20
ENSMUSG00000025586	Cpeb1	protein_coding	20
ENSMUSG00000037697	Ddhd1	protein_coding	20
ENSMUSG00000051223	Bzw1	protein_coding	20
ENSMUSG00000066043	Phactr4	protein_coding	20
ENSMUSG00000021671	Poc5	protein_coding	20
ENSMUSG00000042251	Pm20d1	protein_coding	20
ENSMUSG00000030954	Gp2	protein_coding	20
ENSMUSG00000046675	Lyset	protein_coding	20
ENSMUSG00000062054	Iah1	protein_coding	20
ENSMUSG00000030924	Rexo5	protein_coding	20
ENSMUSG00000021192	Golga5	protein_coding	20
ENSMUSG00000054934	Kcnmb4	protein_coding	20
ENSMUSG00000020930	Ccdc103	protein_coding	20
ENSMUSG00000002733	Plekha3	protein_coding	20
ENSMUSG00000021767	Kat6b	protein_coding	20
ENSMUSG00000021758	Ddx4	protein_coding	20
ENSMUSG00000001105	Ift20	protein_coding	20
ENSMUSG00000041396	Mettl18	protein_coding	20
ENSMUSG00000026925	Inpp5e	protein_coding	20
ENSMUSG00000038570	Saxo2	protein_coding	20
ENSMUSG00000048814	Lonrf2	protein_coding	20
ENSMUSG00000046523	Kctd4	protein_coding	20
ENSMUSG00000033157	Abhd10	protein_coding	20
ENSMUSG00000046480	Scn4b	protein_coding	20
ENSMUSG00000025246	Tbl1x	protein_coding	20
ENSMUSG00000028249	Sdcbp	protein_coding	20
ENSMUSG00000008859	Rala	protein_coding	20
ENSMUSG00000037608	Bclaf1	protein_coding	20
ENSMUSG00000030330	Ing4	protein_coding	20
ENSMUSG00000021381	Barx1	protein_coding	20
ENSMUSG00000045348	Nyap1	protein_coding	20
ENSMUSG00000024054	Smchd1	protein_coding	20
ENSMUSG00000038522	Mfsd4b1	protein_coding	20
ENSMUSG00000028405	Aco1	protein_coding	20
ENSMUSG00000022663	Atg3	protein_coding	20
ENSMUSG00000024293	Esco1	protein_coding	20
ENSMUSG00000009108	Gnat2	protein_coding	20
ENSMUSG00000061904	Slc25a3	protein_coding	20
ENSMUSG00000061887	Ssbp3	protein_coding	20
ENSMUSG00000061882	Ccdc62	protein_coding	20
ENSMUSG00000033177	Tmprss7	protein_coding	20
ENSMUSG00000020415	Pttg1	protein_coding	20
ENSMUSG00000000399	Ndufa9	protein_coding	20
ENSMUSG00000028800	Hdac1	protein_coding	20
ENSMUSG00000009621	Vav2	protein_coding	20
ENSMUSG00000037730	Mynn	protein_coding	20
ENSMUSG00000042208	Sanbr	protein_coding	20
ENSMUSG00000030411	Nova2	protein_coding	20
ENSMUSG00000020261	Slc36a1	protein_coding	20
ENSMUSG00000005625	Psmd4	protein_coding	20
ENSMUSG00000025262	Fam120c	protein_coding	20
ENSMUSG00000061950	Ppp4r1	protein_coding	20
ENSMUSG00000028345	Tex10	protein_coding	20
ENSMUSG00000028402	Mpdz	protein_coding	20
ENSMUSG00000058799	Nap1l1	protein_coding	20
ENSMUSG00000038402	Foxf2	protein_coding	20
ENSMUSG00000034160	Ogt	protein_coding	20
ENSMUSG00000034158	Lrrc58	protein_coding	20
ENSMUSG00000030527	Crtc3	protein_coding	20
ENSMUSG00000048997	Atxn7l2	protein_coding	20
ENSMUSG00000053862	Slc51b	protein_coding	20
ENSMUSG00000022787	Wdr53	protein_coding	20
ENSMUSG00000021686	Ap3b1	protein_coding	20
ENSMUSG00000028794	A3galt2	protein_coding	20
ENSMUSG00000009535	Rnmt	protein_coding	20
ENSMUSG00000022780	Meltf	protein_coding	20
ENSMUSG00000057363	Uxs1	protein_coding	20
ENSMUSG00000091931	Gon7	protein_coding	20
ENSMUSG00000033268	Duox1	protein_coding	20
ENSMUSG00000055817	Mta3	protein_coding	20
ENSMUSG00000066652	Lefty2	protein_coding	20
ENSMUSG00000021359	Tfap2a	protein_coding	20
ENSMUSG00000030505	Prmt3	protein_coding	20
ENSMUSG00000025477	Inpp5a	protein_coding	20
ENSMUSG00000025470	Zfp511	protein_coding	20
ENSMUSG00000020722	Cacng1	protein_coding	20
ENSMUSG00000075271	Ift70a1	protein_coding	20
ENSMUSG00000026611	Spata17	protein_coding	20
ENSMUSG00000026610	Esrrg	protein_coding	20
ENSMUSG00000020075	Ddx21	protein_coding	20
ENSMUSG00000025317	Car5a	protein_coding	20
ENSMUSG00000059003	Grin2a	protein_coding	20
ENSMUSG00000059246	Foxb1	protein_coding	20
ENSMUSG00000026790	Odf2	protein_coding	20
ENSMUSG00000022973	Synj1	protein_coding	20
ENSMUSG00000052751	Repin1	protein_coding	20
ENSMUSG00000018750	Zbtb4	protein_coding	20
ENSMUSG00000038039	Gcc2	protein_coding	20
ENSMUSG00000038025	Phf2	protein_coding	20
ENSMUSG00000073609	D2hgdh	protein_coding	20
ENSMUSG00000026626	Ppp2r5a	protein_coding	20
ENSMUSG00000041915	Ammecr1l	protein_coding	20
ENSMUSG00000006457	Actn3	protein_coding	20
ENSMUSG00000030650	Tmc5	protein_coding	20
ENSMUSG00000030528	Blm	protein_coding	20
ENSMUSG00000033916	Chmp2a	protein_coding	20
ENSMUSG00000025381	Cnpy2	protein_coding	20
ENSMUSG00000061650	Med9	protein_coding	20
ENSMUSG00000017195	Zpbp2	protein_coding	20
ENSMUSG00000020521	Rnft1	protein_coding	20
ENSMUSG00000038351	Sgsm2	protein_coding	20
ENSMUSG00000038323	1700066M21Rik	protein_coding	20
ENSMUSG00000075033	Nxpe3	protein_coding	20
ENSMUSG00000028557	Rnf11	protein_coding	20
ENSMUSG00000033373	Fntb	protein_coding	20
ENSMUSG00000033368	Trim69	protein_coding	20
ENSMUSG00000030835	Nomo1	protein_coding	20
ENSMUSG00000046093	Hpcal4	protein_coding	20
ENSMUSG00000000167	Pih1d2	protein_coding	20
ENSMUSG00000030691	Fchsd2	protein_coding	20
ENSMUSG00000000197	Nalcn	protein_coding	20
ENSMUSG00000025370	Cdh9	protein_coding	20
ENSMUSG00000071369	Map3k5	protein_coding	20
ENSMUSG00000038256	Bcl9	protein_coding	20
ENSMUSG00000041771	Slc24a4	protein_coding	20
ENSMUSG00000018849	Wwc1	protein_coding	20
ENSMUSG00000016984	Etaa1	protein_coding	20
ENSMUSG00000038135	Crygn	protein_coding	20
ENSMUSG00000037996	Slc24a2	protein_coding	20
ENSMUSG00000041870	Ankrd13a	protein_coding	20
ENSMUSG00000006392	Med8	protein_coding	20
ENSMUSG00000014077	Chp1	protein_coding	20
ENSMUSG00000030555	Ttc23	protein_coding	20
ENSMUSG00000020908	Myh3	protein_coding	20
ENSMUSG00000045867	Cradd	protein_coding	20
ENSMUSG00000025468	Caly	protein_coding	20
ENSMUSG00000024524	Gnal	protein_coding	20
ENSMUSG00000024583	Txnl1	protein_coding	20
ENSMUSG00000024560	Cxxc1	protein_coding	20
ENSMUSG00000050050	Ccdc158	protein_coding	20
ENSMUSG00000069372	Ctxn3	protein_coding	20
ENSMUSG00000038160	Atg5	protein_coding	20
ENSMUSG00000033740	St18	protein_coding	20
ENSMUSG00000061458	Nol10	protein_coding	20
ENSMUSG00000061455	Stx17	protein_coding	20
ENSMUSG00000045962	Wnk1	protein_coding	20
ENSMUSG00000025466	Fuom	protein_coding	20
ENSMUSG00000057228	Aadat	protein_coding	20
ENSMUSG00000020007	Il20ra	protein_coding	20
ENSMUSG00000022749	Tbc1d23	protein_coding	20
ENSMUSG00000030678	Maz	protein_coding	20
ENSMUSG00000033790	Tubgcp5	protein_coding	20
ENSMUSG00000068039	Tcp1	protein_coding	20
ENSMUSG00000068011	Mkrn2os	protein_coding	20
ENSMUSG00000052675	Zfp112	protein_coding	20
ENSMUSG00000033805	Ephx4	protein_coding	20
ENSMUSG00000031789	Cngb1	protein_coding	20
ENSMUSG00000031751	Amfr	protein_coding	20
ENSMUSG00000020694	Tlk2	protein_coding	20
ENSMUSG00000022507	Hapstr1	protein_coding	20
ENSMUSG00000029440	Psmd9	protein_coding	20
ENSMUSG00000026028	Trak2	protein_coding	20
ENSMUSG00000060260	Pwwp2b	protein_coding	20
ENSMUSG00000022487	Gtsf1	protein_coding	20
ENSMUSG00000031848	Lsm4	protein_coding	20
ENSMUSG00000116165	Pdxp	protein_coding	20
ENSMUSG00000040250	Ints13	protein_coding	20
ENSMUSG00000027550	Lrrcc1	protein_coding	20
ENSMUSG00000064329	Scn1a	protein_coding	20
ENSMUSG00000031683	Lsm6	protein_coding	20
ENSMUSG00000031672	Got2	protein_coding	20
ENSMUSG00000015944	Castor2	protein_coding	20
ENSMUSG00000024764	Naa40	protein_coding	20
ENSMUSG00000027423	Snx5	protein_coding	19
ENSMUSG00000053675	Tgm5	protein_coding	19
ENSMUSG00000031668	Eif2ak3	protein_coding	19
ENSMUSG00000074261	Erich4	protein_coding	19
ENSMUSG00000040396	Abhd13	protein_coding	19
ENSMUSG00000040380	Cbln3	protein_coding	19
ENSMUSG00000040006	Ginm1	protein_coding	19
ENSMUSG00000021055	Esr2	protein_coding	19
ENSMUSG00000031708	Tecr	protein_coding	19
ENSMUSG00000021495	Fam193b	protein_coding	19
ENSMUSG00000029438	Bcl7a	protein_coding	19
ENSMUSG00000078588	Ccdc24	protein_coding	19
ENSMUSG00000035798	Zdhhc17	protein_coding	19
ENSMUSG00000033557	Fam20b	protein_coding	19
ENSMUSG00000046167	Gldn	protein_coding	19
ENSMUSG00000038208	Pgap3	protein_coding	19
ENSMUSG00000018858	Mrpl58	protein_coding	19
ENSMUSG00000071528	Atp5mk	protein_coding	19
ENSMUSG00000013858	Tmem259	protein_coding	19
ENSMUSG00000030610	Det1	protein_coding	19
ENSMUSG00000030606	Hapln3	protein_coding	19
ENSMUSG00000025422	Agap2	protein_coding	19
ENSMUSG00000049799	Lrrc19	protein_coding	19
ENSMUSG00000009356	Lpo	protein_coding	19
ENSMUSG00000021752	Kctd6	protein_coding	19
ENSMUSG00000059327	Eda	protein_coding	19
ENSMUSG00000021279	Cdc42bpb	protein_coding	19
ENSMUSG00000006542	Prkag3	protein_coding	19
ENSMUSG00000041670	Rims1	protein_coding	19
ENSMUSG00000004231	Pax2	protein_coding	19
ENSMUSG00000022983	Scaf4	protein_coding	19
ENSMUSG00000061815	Rufy4	protein_coding	19
ENSMUSG00000028630	Dyrk2	protein_coding	19
ENSMUSG00000063488	Zkscan7	protein_coding	19
ENSMUSG00000055932	Fto	protein_coding	19
ENSMUSG00000025386	Pde6g	protein_coding	19
ENSMUSG00000014198	Zfp385c	protein_coding	19
ENSMUSG00000046182	Gsg1l	protein_coding	19
ENSMUSG00000033419	Snap91	protein_coding	19
ENSMUSG00000075054	Yae1d1	protein_coding	19
ENSMUSG00000046020	Pofut1	protein_coding	19
ENSMUSG00000033499	Larp4b	protein_coding	19
ENSMUSG00000051316	Taf7	protein_coding	19
ENSMUSG00000051285	Pcmtd1	protein_coding	19
ENSMUSG00000023991	Foxp4	protein_coding	19
ENSMUSG00000051147	Nat2	protein_coding	19
ENSMUSG00000023935	Spats1	protein_coding	19
ENSMUSG00000030516	Tjp1	protein_coding	19
ENSMUSG00000030509	Asb7	protein_coding	19
ENSMUSG00000025478	Dpysl4	protein_coding	19
ENSMUSG00000028749	Pla2g2f	protein_coding	19
ENSMUSG00000042138	Msantd2	protein_coding	19
ENSMUSG00000028692	Akr1a1	protein_coding	19
ENSMUSG00000046010	Zfp830	protein_coding	19
ENSMUSG00000022991	Lalba	protein_coding	19
ENSMUSG00000074922	Pabir1	protein_coding	19
ENSMUSG00000021796	Bmpr1a	protein_coding	19
ENSMUSG00000058831	Opn1sw	protein_coding	19
ENSMUSG00000020801	Med31	protein_coding	19
ENSMUSG00000074892	B3galt5	protein_coding	19
ENSMUSG00000014504	Srp19	protein_coding	19
ENSMUSG00000046441	Cmtr2	protein_coding	19
ENSMUSG00000005417	Mprip	protein_coding	19
ENSMUSG00000079083	Jrkl	protein_coding	19
ENSMUSG00000025451	Paip1	protein_coding	19
ENSMUSG00000033991	Skic3	protein_coding	19
ENSMUSG00000028710	Atpaf1	protein_coding	19
ENSMUSG00000051319	Mtln	protein_coding	19
ENSMUSG00000038456	Dennd2a	protein_coding	19
ENSMUSG00000038528	Mfsd4b5	protein_coding	19
ENSMUSG00000019087	Atp6ap1	protein_coding	19
ENSMUSG00000028436	Dcaf12	protein_coding	19
ENSMUSG00000028458	Tesk1	protein_coding	19
ENSMUSG00000038403	Hjv	protein_coding	19
ENSMUSG00000103749	Pcdhgb5	protein_coding	19
ENSMUSG00000024553	Galr1	protein_coding	19
ENSMUSG00000022996	Wnt10b	protein_coding	19
ENSMUSG00000037833	Sh2d4b	protein_coding	19
ENSMUSG00000059495	Arhgef12	protein_coding	19
ENSMUSG00000055884	Fancm	protein_coding	19
ENSMUSG00000037617	Spag1	protein_coding	19
ENSMUSG00000022286	Grhl2	protein_coding	19
ENSMUSG00000038486	Sv2a	protein_coding	19
ENSMUSG00000033099	Nol12	protein_coding	19
ENSMUSG00000048899	Rimkla	protein_coding	19
ENSMUSG00000048878	Hexim1	protein_coding	19
ENSMUSG00000034269	Setd5	protein_coding	19
ENSMUSG00000028837	Psmb2	protein_coding	19
ENSMUSG00000006311	Etv2	protein_coding	19
ENSMUSG00000042293	Gm5617	protein_coding	19
ENSMUSG00000034258	Flvcr2	protein_coding	19
ENSMUSG00000030417	Pdcd5	protein_coding	19
ENSMUSG00000017428	Psmd11	protein_coding	19
ENSMUSG00000034192	Lsm3	protein_coding	19
ENSMUSG00000046329	Slc25a23	protein_coding	19
ENSMUSG00000001855	Nup214	protein_coding	19
ENSMUSG00000032968	Inha	protein_coding	19
ENSMUSG00000001657	Hoxc8	protein_coding	19
ENSMUSG00000025245	Lztfl1	protein_coding	19
ENSMUSG00000018995	Nars2	protein_coding	19
ENSMUSG00000028386	Slc46a2	protein_coding	19
ENSMUSG00000008763	Man1a2	protein_coding	19
ENSMUSG00000079429	Mroh2a	protein_coding	19
ENSMUSG00000026553	Copa	protein_coding	19
ENSMUSG00000042271	Nxt2	protein_coding	19
ENSMUSG00000037652	Phc3	protein_coding	19
ENSMUSG00000037646	Vps13b	protein_coding	19
ENSMUSG00000037643	Prkci	protein_coding	19
ENSMUSG00000037622	Wdtc1	protein_coding	19
ENSMUSG00000028274	Rngtt	protein_coding	19
ENSMUSG00000028271	Gtf2b	protein_coding	19
ENSMUSG00000028261	Ndufaf4	protein_coding	19
ENSMUSG00000041377	Ninj2	protein_coding	19
ENSMUSG00000014547	Wdfy2	protein_coding	19
ENSMUSG00000045102	Poln	protein_coding	19
ENSMUSG00000061259	Tmprss11d	protein_coding	19
ENSMUSG00000000706	Btn1a1	protein_coding	19
ENSMUSG00000075307	Klhl41	protein_coding	19
ENSMUSG00000037486	Asxl2	protein_coding	19
ENSMUSG00000037553	Zdhhc18	protein_coding	19
ENSMUSG00000023965	Fbxl17	protein_coding	19
ENSMUSG00000028796	Phc2	protein_coding	19
ENSMUSG00000001260	Gabrg1	protein_coding	19
ENSMUSG00000020818	Mfsd11	protein_coding	19
ENSMUSG00000050917	Fgf4	protein_coding	19
ENSMUSG00000003316	Glg1	protein_coding	19
ENSMUSG00000038663	Fsd2	protein_coding	19
ENSMUSG00000020456	Ogdh	protein_coding	19
ENSMUSG00000067144	Slc22a7	protein_coding	19
ENSMUSG00000020669	Sh3yl1	protein_coding	19
ENSMUSG00000022637	Cblb	protein_coding	19
ENSMUSG00000000374	Trappc10	protein_coding	19
ENSMUSG00000030298	Sec13	protein_coding	19
ENSMUSG00000030347	D6Wsu163e	protein_coding	19
ENSMUSG00000034377	Tulp4	protein_coding	19
ENSMUSG00000045205	Dpy19l4	protein_coding	19
ENSMUSG00000038754	Elovl3	protein_coding	19
ENSMUSG00000008604	Ubqln4	protein_coding	19
ENSMUSG00000038696	Mapkap1	protein_coding	19
ENSMUSG00000073423	Zfp414	protein_coding	19
ENSMUSG00000026447	Pik3c2b	protein_coding	19
ENSMUSG00000026425	Srgap2	protein_coding	19
ENSMUSG00000022772	Senp5	protein_coding	19
ENSMUSG00000034416	Pkd1l2	protein_coding	19
ENSMUSG00000020660	Pomc	protein_coding	19
ENSMUSG00000034321	Exosc1	protein_coding	19
ENSMUSG00000030310	Slc6a1	protein_coding	19
ENSMUSG00000037446	Tulp1	protein_coding	19
ENSMUSG00000025198	Erlin1	protein_coding	19
ENSMUSG00000030965	Abraxas2	protein_coding	19
ENSMUSG00000031148	Gpkow	protein_coding	19
ENSMUSG00000071054	Safb	protein_coding	19
ENSMUSG00000063884	Ptcd3	protein_coding	19
ENSMUSG00000021607	Mrpl36	protein_coding	19
ENSMUSG00000045094	Arhgef37	protein_coding	19
ENSMUSG00000070883	Cfap210	protein_coding	19
ENSMUSG00000050860	Phospho1	protein_coding	19
ENSMUSG00000057637	Prdm2	protein_coding	19
ENSMUSG00000014748	Tex261	protein_coding	19
ENSMUSG00000079509	Zfx	protein_coding	19
ENSMUSG00000031220	Awat2	protein_coding	19
ENSMUSG00000032643	Fhl3	protein_coding	19
ENSMUSG00000045083	Lingo2	protein_coding	19
ENSMUSG00000045019	Acer1	protein_coding	19
ENSMUSG00000021337	Scgn	protein_coding	19
ENSMUSG00000051469	Zfp24	protein_coding	19
ENSMUSG00000030199	Etv6	protein_coding	19
ENSMUSG00000034616	Ssh3	protein_coding	19
ENSMUSG00000046756	Mrps7	protein_coding	19
ENSMUSG00000025102	3110040N11Rik	protein_coding	19
ENSMUSG00000025170	Rab40b	protein_coding	19
ENSMUSG00000019210	Atp6v1e1	protein_coding	19
ENSMUSG00000024067	Dpy30	protein_coding	19
ENSMUSG00000026999	Nup35	protein_coding	19
ENSMUSG00000062203	Gspt1	protein_coding	19
ENSMUSG00000021113	Snapc1	protein_coding	19
ENSMUSG00000025034	Trim8	protein_coding	19
ENSMUSG00000025779	Ly96	protein_coding	19
ENSMUSG00000071654	Uqcc3	protein_coding	19
ENSMUSG00000037386	Rims2	protein_coding	19
ENSMUSG00000042508	Dmtf1	protein_coding	19
ENSMUSG00000063919	Srrm4	protein_coding	19
ENSMUSG00000034595	Ppp1r18	protein_coding	19
ENSMUSG00000000827	Tpd52l2	protein_coding	19
ENSMUSG00000034667	Xpot	protein_coding	19
ENSMUSG00000031309	Rps6ka3	protein_coding	19
ENSMUSG00000032570	Atp2c1	protein_coding	19
ENSMUSG00000002718	Cse1l	protein_coding	19
ENSMUSG00000002679	Med6	protein_coding	19
ENSMUSG00000058665	En1	protein_coding	19
ENSMUSG00000027012	Dync1i2	protein_coding	19
ENSMUSG00000027006	Dnajc10	protein_coding	19
ENSMUSG00000031230	Fgf16	protein_coding	19
ENSMUSG00000002043	Trappc6a	protein_coding	19
ENSMUSG00000062327	T	protein_coding	19
ENSMUSG00000024593	Megf10	protein_coding	19
ENSMUSG00000024647	Cbln2	protein_coding	19
ENSMUSG00000022792	Yars2	protein_coding	19
ENSMUSG00000038954	Supt3	protein_coding	19
ENSMUSG00000041058	Wwp1	protein_coding	19
ENSMUSG00000030232	Aebp2	protein_coding	19
ENSMUSG00000030228	Pik3c2g	protein_coding	19
ENSMUSG00000018583	G3bp1	protein_coding	19
ENSMUSG00000022201	Zfr	protein_coding	19
ENSMUSG00000022193	Psmb5	protein_coding	19
ENSMUSG00000022191	Drosha	protein_coding	19
ENSMUSG00000068547	Clca4a	protein_coding	19
ENSMUSG00000013160	Atp6v0d1	protein_coding	19
ENSMUSG00000034601	2700049A03Rik	protein_coding	19
ENSMUSG00000036918	Ttc7	protein_coding	19
ENSMUSG00000004031	Brinp2	protein_coding	19
ENSMUSG00000037112	Sik2	protein_coding	19
ENSMUSG00000037053	Azgp1	protein_coding	19
ENSMUSG00000024383	Map3k2	protein_coding	19
ENSMUSG00000021575	Ahrr	protein_coding	19
ENSMUSG00000029106	Add1	protein_coding	19
ENSMUSG00000030209	Grin2b	protein_coding	19
ENSMUSG00000030201	Lrp6	protein_coding	19
ENSMUSG00000063626	Unc5d	protein_coding	19
ENSMUSG00000056148	Rdh9	protein_coding	19
ENSMUSG00000020231	Dip2a	protein_coding	19
ENSMUSG00000044976	Wdr72	protein_coding	19
ENSMUSG00000025738	Fbxl16	protein_coding	19
ENSMUSG00000063239	Grm4	protein_coding	19
ENSMUSG00000002257	Def6	protein_coding	19
ENSMUSG00000028080	Lrba	protein_coding	19
ENSMUSG00000032458	Copb2	protein_coding	19
ENSMUSG00000047213	Ythdf3	protein_coding	19
ENSMUSG00000070866	Zfp804a	protein_coding	19
ENSMUSG00000079659	Tmem243	protein_coding	19
ENSMUSG00000079652	Garin1a	protein_coding	19
ENSMUSG00000079614	Seh1l	protein_coding	19
ENSMUSG00000005698	Ctcf	protein_coding	19
ENSMUSG00000044788	Fads6	protein_coding	19
ENSMUSG00000075592	Nynrin	protein_coding	19
ENSMUSG00000029130	Rnf32	protein_coding	19
ENSMUSG00000036985	Zdhhc9	protein_coding	19
ENSMUSG00000002846	Timmdc1	protein_coding	19
ENSMUSG00000032480	Dhx30	protein_coding	19
ENSMUSG00000050188	Lsm10	protein_coding	19
ENSMUSG00000039179	Tekt5	protein_coding	19
ENSMUSG00000032409	Atr	protein_coding	19
ENSMUSG00000030092	Cntn6	protein_coding	19
ENSMUSG00000004071	Cdip1	protein_coding	19
ENSMUSG00000036913	Trim67	protein_coding	19
ENSMUSG00000036915	Kirrel2	protein_coding	19
ENSMUSG00000042742	Samtor	protein_coding	19
ENSMUSG00000052632	Asap2	protein_coding	19
ENSMUSG00000039193	Nlrc4	protein_coding	19
ENSMUSG00000022408	Fam83f	protein_coding	19
ENSMUSG00000005198	Polr2a	protein_coding	19
ENSMUSG00000039263	Npepl1	protein_coding	19
ENSMUSG00000058600	Rpl30	protein_coding	19
ENSMUSG00000006673	Qrich1	protein_coding	19
ENSMUSG00000036834	Plch1	protein_coding	19
ENSMUSG00000042790	Rnf214	protein_coding	19
ENSMUSG00000042826	Fgf11	protein_coding	19
ENSMUSG00000021541	Trpc7	protein_coding	19
ENSMUSG00000021534	Cfap90	protein_coding	19
ENSMUSG00000029186	Pi4k2b	protein_coding	19
ENSMUSG00000029198	Grpel1	protein_coding	19
ENSMUSG00000034880	Mrpl34	protein_coding	19
ENSMUSG00000001767	Crnkl1	protein_coding	19
ENSMUSG00000022718	Dgcr8	protein_coding	19
ENSMUSG00000054226	Tprkb	protein_coding	19
ENSMUSG00000032381	Ciao2a	protein_coding	19
ENSMUSG00000022890	Atp5pf	protein_coding	19
ENSMUSG00000053110	Yap1	protein_coding	19
ENSMUSG00000032363	Adamts7	protein_coding	19
ENSMUSG00000070708	Gtsf1l	protein_coding	19
ENSMUSG00000073155	Stmp1	protein_coding	19
ENSMUSG00000042903	Foxo4	protein_coding	19
ENSMUSG00000060882	Kcnd2	protein_coding	19
ENSMUSG00000021371	Mcur1	protein_coding	19
ENSMUSG00000034868	Myl12b	protein_coding	19
ENSMUSG00000078794	Dact3	protein_coding	19
ENSMUSG00000022357	Klhl38	protein_coding	19
ENSMUSG00000017868	Sgk2	protein_coding	19
ENSMUSG00000039456	Morc3	protein_coding	19
ENSMUSG00000039543	Cfap70	protein_coding	19
ENSMUSG00000093904	Tomm20	protein_coding	19
ENSMUSG00000031386	Hcfc1	protein_coding	19
ENSMUSG00000071855	Ccdc112	protein_coding	19
ENSMUSG00000044550	Tceal3	protein_coding	19
ENSMUSG00000044528	Tram1l1	protein_coding	19
ENSMUSG00000030069	Prok2	protein_coding	19
ENSMUSG00000029269	Sult1b1	protein_coding	19
ENSMUSG00000078185	Chml	protein_coding	19
ENSMUSG00000047259	Mc4r	protein_coding	19
ENSMUSG00000039717	Ralyl	protein_coding	19
ENSMUSG00000024127	Prepl	protein_coding	19
ENSMUSG00000094410	Zbed6	protein_coding	19
ENSMUSG00000039620	Trmt9b	protein_coding	19
ENSMUSG00000040812	Agbl2	protein_coding	19
ENSMUSG00000040771	Oard1	protein_coding	19
ENSMUSG00000039391	Ccdc81	protein_coding	19
ENSMUSG00000035047	Kri1	protein_coding	19
ENSMUSG00000036529	Sbf1	protein_coding	19
ENSMUSG00000035189	Ano4	protein_coding	19
ENSMUSG00000020893	Per1	protein_coding	19
ENSMUSG00000040667	Nup88	protein_coding	19
ENSMUSG00000027829	Ccnl1	protein_coding	19
ENSMUSG00000039556	Ppp1r3f	protein_coding	19
ENSMUSG00000005881	Ergic3	protein_coding	19
ENSMUSG00000060032	H2aj	protein_coding	19
ENSMUSG00000021488	Nsd1	protein_coding	19
ENSMUSG00000023106	Denr	protein_coding	19
ENSMUSG00000022449	Adamts20	protein_coding	19
ENSMUSG00000055210	Foxd2	protein_coding	19
ENSMUSG00000055415	Atp10b	protein_coding	19
ENSMUSG00000055333	Fat2	protein_coding	19
ENSMUSG00000055320	Tead1	protein_coding	19
ENSMUSG00000020687	Cdc27	protein_coding	19
ENSMUSG00000047822	Angptl8	protein_coding	19
ENSMUSG00000039853	Trim14	protein_coding	19
ENSMUSG00000039828	Wdr70	protein_coding	19
ENSMUSG00000040712	Camta2	protein_coding	19
ENSMUSG00000027287	Snap23	protein_coding	19
ENSMUSG00000047786	Lix1	protein_coding	19
ENSMUSG00000044350	Lacc1	protein_coding	19
ENSMUSG00000029328	Hnrnpdl	protein_coding	19
ENSMUSG00000029291	Rufy3	protein_coding	19
ENSMUSG00000035342	Lzts2	protein_coding	19
ENSMUSG00000025935	Tram1	protein_coding	19
ENSMUSG00000006941	Eif1b	protein_coding	19
ENSMUSG00000027322	Siglec1	protein_coding	19
ENSMUSG00000002222	Rmnd5a	protein_coding	19
ENSMUSG00000002190	Clgn	protein_coding	19
ENSMUSG00000040570	Rundc3b	protein_coding	19
ENSMUSG00000070544	Top1	protein_coding	19
ENSMUSG00000024807	Syvn1	protein_coding	19
ENSMUSG00000047959	Kcna3	protein_coding	19
ENSMUSG00000029674	Limk1	protein_coding	19
ENSMUSG00000035443	Thyn1	protein_coding	19
ENSMUSG00000020458	Rtn4	protein_coding	19
ENSMUSG00000018377	Vezf1	protein_coding	19
ENSMUSG00000036435	Exoc1	protein_coding	19
ENSMUSG00000035407	Kank4	protein_coding	19
ENSMUSG00000090113	Nhlrc4	protein_coding	19
ENSMUSG00000047996	Prrg1	protein_coding	19
ENSMUSG00000047992	Dipk1c	protein_coding	19
ENSMUSG00000094936	Rbm4	protein_coding	19
ENSMUSG00000040554	Aipl1	protein_coding	19
ENSMUSG00000090112	Shprh	protein_coding	19
ENSMUSG00000043279	Trim56	protein_coding	19
ENSMUSG00000026150	Mff	protein_coding	19
ENSMUSG00000026149	Tm4sf20	protein_coding	19
ENSMUSG00000035495	Tstd2	protein_coding	19
ENSMUSG00000029681	Bcl7b	protein_coding	19
ENSMUSG00000031534	Smim19	protein_coding	19
ENSMUSG00000063179	Pstk	protein_coding	19
ENSMUSG00000007653	Gabrb2	protein_coding	19
ENSMUSG00000099655	2310034G01Rik	protein_coding	19
ENSMUSG00000055114	Anxa13	protein_coding	19
ENSMUSG00000031641	Cbr4	protein_coding	19
ENSMUSG00000015536	Mocs2	protein_coding	19
ENSMUSG00000074406	Zfp628	protein_coding	19
ENSMUSG00000069227	Gprin1	protein_coding	19
ENSMUSG00000056536	Pign	protein_coding	19
ENSMUSG00000025968	Ndufs1	protein_coding	19
ENSMUSG00000060450	Rnf14	protein_coding	19
ENSMUSG00000060371	Caln1	protein_coding	19
ENSMUSG00000029403	Cdkl2	protein_coding	19
ENSMUSG00000026100	Mstn	protein_coding	19
ENSMUSG00000060216	Arrb2	protein_coding	19
ENSMUSG00000060181	Slc35e3	protein_coding	19
ENSMUSG00000036503	Rnf13	protein_coding	19
ENSMUSG00000035745	Grin3b	protein_coding	19
ENSMUSG00000040471	Ggt6	protein_coding	19
ENSMUSG00000040464	Gtpbp10	protein_coding	19
ENSMUSG00000040018	Cox15	protein_coding	19
ENSMUSG00000027577	Chrna4	protein_coding	19
ENSMUSG00000062563	Cys1	protein_coding	19
ENSMUSG00000062542	Syt9	protein_coding	19
ENSMUSG00000048100	Taf13	protein_coding	19
ENSMUSG00000029608	Rph3a	protein_coding	19
ENSMUSG00000090121	Abhd12b	protein_coding	19
ENSMUSG00000036208	Nepro	protein_coding	19
ENSMUSG00000011118	Panx3	protein_coding	19
ENSMUSG00000035770	Dync1li2	protein_coding	19
ENSMUSG00000049550	Clip1	protein_coding	19
ENSMUSG00000024800	Rpp30	protein_coding	19
ENSMUSG00000053441	Adamts19	protein_coding	19
ENSMUSG00000116564	Riok2	protein_coding	19
ENSMUSG00000021482	Prxl2c	protein_coding	19
ENSMUSG00000036054	Sugp2	protein_coding	19
ENSMUSG00000078532	Nkain1	protein_coding	19
ENSMUSG00000078453	Abracl	protein_coding	19
ENSMUSG00000026074	Map4k4	protein_coding	19
ENSMUSG00000049606	Zfp644	protein_coding	19
ENSMUSG00000024456	Diaph1	protein_coding	19
ENSMUSG00000029505	Ep400	protein_coding	19
ENSMUSG00000063796	Slc22a8	protein_coding	19
ENSMUSG00000022789	Dnm1l	protein_coding	19
ENSMUSG00000059248	Septin9	protein_coding	19
ENSMUSG00000022110	Sucla2	protein_coding	19
ENSMUSG00000028643	Svbp	protein_coding	19
ENSMUSG00000052738	Suclg1	protein_coding	19
ENSMUSG00000031842	Pde4c	protein_coding	19
ENSMUSG00000000094	Tbx4	protein_coding	19
ENSMUSG00000029571	Tmem106b	protein_coding	19
ENSMUSG00000029503	P2rx2	protein_coding	19
ENSMUSG00000060275	Nrg2	protein_coding	19
ENSMUSG00000007564	Ppp2r1a	protein_coding	19
ENSMUSG00000062683	Atp5mc2	protein_coding	19
ENSMUSG00000031774	Psme3ip1	protein_coding	19
ENSMUSG00000031710	Ucp1	protein_coding	18
ENSMUSG00000066877	Nck2	protein_coding	18
ENSMUSG00000070336	Fbxo47	protein_coding	18
ENSMUSG00000024191	Bnip1	protein_coding	18
ENSMUSG00000054414	Slc30a7	protein_coding	18
ENSMUSG00000035885	Cox8a	protein_coding	18
ENSMUSG00000022269	Marchf11	protein_coding	18
ENSMUSG00000020747	Tmem94	protein_coding	18
ENSMUSG00000002981	Clptm1	protein_coding	18
ENSMUSG00000043614	Vps37d	protein_coding	18
ENSMUSG00000020163	Uqcr11	protein_coding	18
ENSMUSG00000043705	Capn13	protein_coding	18
ENSMUSG00000035954	Dock4	protein_coding	18
ENSMUSG00000029546	Uncx	protein_coding	18
ENSMUSG00000029452	Tmem116	protein_coding	18
ENSMUSG00000031949	Adat1	protein_coding	18
ENSMUSG00000027536	Chmp4c	protein_coding	18
ENSMUSG00000027433	Xrn2	protein_coding	18
ENSMUSG00000004895	Prcc	protein_coding	18
ENSMUSG00000048029	Eno4	protein_coding	18
ENSMUSG00000031592	Pcm1	protein_coding	18
ENSMUSG00000020580	Rock2	protein_coding	18
ENSMUSG00000068250	Amn1	protein_coding	18
ENSMUSG00000029617	Ccz1	protein_coding	18
ENSMUSG00000018239	Zcchc10	protein_coding	18
ENSMUSG00000024429	Gnl1	protein_coding	18
ENSMUSG00000036078	Sigmar1	protein_coding	18
ENSMUSG00000068391	Chrac1	protein_coding	18
ENSMUSG00000003847	Nfat5	protein_coding	18
ENSMUSG00000010803	Gabra1	protein_coding	18
ENSMUSG00000010911	Apip	protein_coding	18
ENSMUSG00000019792	Trmt11	protein_coding	18
ENSMUSG00000040123	Zmym5	protein_coding	18
ENSMUSG00000040432	Ltb4r2	protein_coding	18
ENSMUSG00000021962	Dcp1a	protein_coding	18
ENSMUSG00000021981	Cab39l	protein_coding	18
ENSMUSG00000024193	Phf1	protein_coding	18
ENSMUSG00000050377	Il31ra	protein_coding	18
ENSMUSG00000040035	Disp2	protein_coding	18
ENSMUSG00000027599	Armc1	protein_coding	18
ENSMUSG00000031654	Cbln1	protein_coding	18
ENSMUSG00000032067	Pts	protein_coding	18
ENSMUSG00000027646	Src	protein_coding	18
ENSMUSG00000020793	Galr2	protein_coding	18
ENSMUSG00000027573	Gid8	protein_coding	18
ENSMUSG00000049353	Rd3	protein_coding	18
ENSMUSG00000036257	Pnpla8	protein_coding	18
ENSMUSG00000029433	Diablo	protein_coding	18
ENSMUSG00000043510	Hscb	protein_coding	18
ENSMUSG00000020170	Frs2	protein_coding	18
ENSMUSG00000066191	Anks6	protein_coding	18
ENSMUSG00000036398	Ppp1r11	protein_coding	18
ENSMUSG00000060152	Pop5	protein_coding	18
ENSMUSG00000044071	Tafa2	protein_coding	18
ENSMUSG00000020189	Osbpl8	protein_coding	18
ENSMUSG00000029406	Pitpnm2	protein_coding	18
ENSMUSG00000036480	Prss56	protein_coding	18
ENSMUSG00000066196	Spag8	protein_coding	18
ENSMUSG00000026162	Nhej1	protein_coding	18
ENSMUSG00000026163	Sphkap	protein_coding	18
ENSMUSG00000029404	Arl6ip4	protein_coding	18
ENSMUSG00000058325	Dock1	protein_coding	18
ENSMUSG00000022867	Usp25	protein_coding	18
ENSMUSG00000047910	Pcdhb16	protein_coding	18
ENSMUSG00000040563	Plppr2	protein_coding	18
ENSMUSG00000040600	Eps8l3	protein_coding	18
ENSMUSG00000050565	Tor1aip2	protein_coding	18
ENSMUSG00000050567	Maml1	protein_coding	18
ENSMUSG00000020952	Scfd1	protein_coding	18
ENSMUSG00000025894	Aasdhppt	protein_coding	18
ENSMUSG00000056267	Cep70	protein_coding	18
ENSMUSG00000029715	Pop7	protein_coding	18
ENSMUSG00000012076	Brms1l	protein_coding	18
ENSMUSG00000022299	Slc25a32	protein_coding	18
ENSMUSG00000025949	Pikfyve	protein_coding	18
ENSMUSG00000062646	Ganc	protein_coding	18
ENSMUSG00000020362	Cnot6	protein_coding	18
ENSMUSG00000020374	Rasgef1c	protein_coding	18
ENSMUSG00000039678	Tbc1d13	protein_coding	18
ENSMUSG00000027288	Zfp106	protein_coding	18
ENSMUSG00000040648	Ppip5k2	protein_coding	18
ENSMUSG00000019767	Ccdc170	protein_coding	18
ENSMUSG00000027793	Ccna1	protein_coding	18
ENSMUSG00000094724	Rnaset2b	protein_coding	18
ENSMUSG00000072473	1700024G13Rik	protein_coding	18
ENSMUSG00000052139	Babam2	protein_coding	18
ENSMUSG00000052146	Rps10	protein_coding	18
ENSMUSG00000052026	Slc6a7	protein_coding	18
ENSMUSG00000023267	Gabrr2	protein_coding	18
ENSMUSG00000036275	9530068E07Rik	protein_coding	18
ENSMUSG00000024388	Myo7b	protein_coding	18
ENSMUSG00000020532	Acaca	protein_coding	18
ENSMUSG00000029722	Agfg2	protein_coding	18
ENSMUSG00000032116	Stt3a	protein_coding	18
ENSMUSG00000015474	Ppt2	protein_coding	18
ENSMUSG00000085793	Lin52	protein_coding	18
ENSMUSG00000024914	Drap1	protein_coding	18
ENSMUSG00000047714	Ppp1r2	protein_coding	18
ENSMUSG00000089862	Umad1	protein_coding	18
ENSMUSG00000068328	Aup1	protein_coding	18
ENSMUSG00000000568	Hnrnpd	protein_coding	18
ENSMUSG00000090173	Fbxw10	protein_coding	18
ENSMUSG00000035397	Klf16	protein_coding	18
ENSMUSG00000044348	Slc25a53	protein_coding	18
ENSMUSG00000005813	Metap1	protein_coding	18
ENSMUSG00000047721	Bola2	protein_coding	18
ENSMUSG00000019877	Serinc1	protein_coding	18
ENSMUSG00000040734	Ppp1r13l	protein_coding	18
ENSMUSG00000040629	Mael	protein_coding	18
ENSMUSG00000039759	Thap3	protein_coding	18
ENSMUSG00000024231	Cul2	protein_coding	18
ENSMUSG00000024241	Sos1	protein_coding	18
ENSMUSG00000027739	Rab33b	protein_coding	18
ENSMUSG00000035161	Ints6	protein_coding	18
ENSMUSG00000002524	Puf60	protein_coding	18
ENSMUSG00000056579	Tug1	protein_coding	18
ENSMUSG00000043085	Tmem82	protein_coding	18
ENSMUSG00000042851	Zc3h6	protein_coding	18
ENSMUSG00000025860	Xiap	protein_coding	18
ENSMUSG00000035248	Tut7	protein_coding	18
ENSMUSG00000039720	Got1l1	protein_coding	18
ENSMUSG00000055204	Ankrd17	protein_coding	18
ENSMUSG00000001802	Lrp3	protein_coding	18
ENSMUSG00000020805	Slc13a5	protein_coding	18
ENSMUSG00000015189	Casd1	protein_coding	18
ENSMUSG00000062410	Hsd3b3	protein_coding	18
ENSMUSG00000035133	Arhgap5	protein_coding	18
ENSMUSG00000089715	Cbx6	protein_coding	18
ENSMUSG00000090290	Tarbp1	protein_coding	18
ENSMUSG00000036537	Rnf113a1	protein_coding	18
ENSMUSG00000029250	Polr2b	protein_coding	18
ENSMUSG00000078765	U2af1l4	protein_coding	18
ENSMUSG00000054752	Fsd1l	protein_coding	18
ENSMUSG00000035236	Scai	protein_coding	18
ENSMUSG00000021987	Mtmr6	protein_coding	18
ENSMUSG00000064330	Pde6h	protein_coding	18
ENSMUSG00000064247	Plcxd1	protein_coding	18
ENSMUSG00000047547	Cltb	protein_coding	18
ENSMUSG00000024972	Lgals12	protein_coding	18
ENSMUSG00000070732	Rbm44	protein_coding	18
ENSMUSG00000032386	Trip4	protein_coding	18
ENSMUSG00000074102	Rbm15b	protein_coding	18
ENSMUSG00000027936	Crtc2	protein_coding	18
ENSMUSG00000054280	Prr14l	protein_coding	18
ENSMUSG00000027855	Sycp1	protein_coding	18
ENSMUSG00000032336	Nptn	protein_coding	18
ENSMUSG00000032357	Tinag	protein_coding	18
ENSMUSG00000098274	Rpl24	protein_coding	18
ENSMUSG00000034974	Dapk3	protein_coding	18
ENSMUSG00000052229	Gpr17	protein_coding	18
ENSMUSG00000035032	Nek11	protein_coding	18
ENSMUSG00000035045	Zc3h12b	protein_coding	18
ENSMUSG00000044709	Gemin7	protein_coding	18
ENSMUSG00000062376	Borcs7	protein_coding	18
ENSMUSG00000032413	Rasa2	protein_coding	18
ENSMUSG00000022026	Olfm4	protein_coding	18
ENSMUSG00000008140	Emc10	protein_coding	18
ENSMUSG00000024959	Bad	protein_coding	18
ENSMUSG00000073043	Atoh1	protein_coding	18
ENSMUSG00000022757	Tfg	protein_coding	18
ENSMUSG00000036580	Spart	protein_coding	18
ENSMUSG00000056870	Gulp1	protein_coding	18
ENSMUSG00000002028	Kmt2a	protein_coding	18
ENSMUSG00000066090	Insl5	protein_coding	18
ENSMUSG00000026309	Ilkap	protein_coding	18
ENSMUSG00000034799	Unc13a	protein_coding	18
ENSMUSG00000042682	Selenok	protein_coding	18
ENSMUSG00000049164	Zfp518a	protein_coding	18
ENSMUSG00000025815	Dhtkd1	protein_coding	18
ENSMUSG00000050229	Pigm	protein_coding	18
ENSMUSG00000039219	Arid4b	protein_coding	18
ENSMUSG00000027977	Ndst3	protein_coding	18
ENSMUSG00000039233	Tbce	protein_coding	18
ENSMUSG00000001510	Dlx3	protein_coding	18
ENSMUSG00000027108	Ola1	protein_coding	18
ENSMUSG00000022009	Nufip1	protein_coding	18
ENSMUSG00000039154	Shd	protein_coding	18
ENSMUSG00000028062	Lamtor2	protein_coding	18
ENSMUSG00000028034	Fubp1	protein_coding	18
ENSMUSG00000050751	Pgbd5	protein_coding	18
ENSMUSG00000041028	Ghitm	protein_coding	18
ENSMUSG00000028149	Rap1gds1	protein_coding	18
ENSMUSG00000034820	Cpsf7	protein_coding	18
ENSMUSG00000034826	Nup54	protein_coding	18
ENSMUSG00000051510	Mafg	protein_coding	18
ENSMUSG00000034755	Pcdh11x	protein_coding	18
ENSMUSG00000020225	Tmbim4	protein_coding	18
ENSMUSG00000022807	Osbpl11	protein_coding	18
ENSMUSG00000020419	Hormad2	protein_coding	18
ENSMUSG00000062296	Trank1	protein_coding	18
ENSMUSG00000063297	Luzp2	protein_coding	18
ENSMUSG00000047109	Cldn14	protein_coding	18
ENSMUSG00000047141	Zfp654	protein_coding	18
ENSMUSG00000047227	Gm527	protein_coding	18
ENSMUSG00000055633	Zfp580	protein_coding	18
ENSMUSG00000037143	Cfap61	protein_coding	18
ENSMUSG00000036940	Kdm1a	protein_coding	18
ENSMUSG00000056947	Mab21l1	protein_coding	18
ENSMUSG00000026349	Ccnt2	protein_coding	18
ENSMUSG00000090799	Klhl33	protein_coding	18
ENSMUSG00000034724	Cnot6l	protein_coding	18
ENSMUSG00000055681	Cope	protein_coding	18
ENSMUSG00000015002	Efr3a	protein_coding	18
ENSMUSG00000032547	Ryk	protein_coding	18
ENSMUSG00000032601	Prkar2a	protein_coding	18
ENSMUSG00000038976	Ppp1r9b	protein_coding	18
ENSMUSG00000074001	Klhl40	protein_coding	18
ENSMUSG00000041115	Iqsec2	protein_coding	18
ENSMUSG00000000838	Fmr1	protein_coding	18
ENSMUSG00000037126	Psd	protein_coding	18
ENSMUSG00000030226	Lmo3	protein_coding	18
ENSMUSG00000044881	Coa4	protein_coding	18
ENSMUSG00000028233	Tgs1	protein_coding	18
ENSMUSG00000027001	Dusp19	protein_coding	18
ENSMUSG00000041216	Clvs1	protein_coding	18
ENSMUSG00000050891	Tatdn1	protein_coding	18
ENSMUSG00000025105	Bnc1	protein_coding	18
ENSMUSG00000047021	Cfap65	protein_coding	18
ENSMUSG00000047044	D030056L22Rik	protein_coding	18
ENSMUSG00000025141	Myadml2	protein_coding	18
ENSMUSG00000019232	Etnppl	protein_coding	18
ENSMUSG00000038838	Vars2	protein_coding	18
ENSMUSG00000038848	Ythdf1	protein_coding	18
ENSMUSG00000020286	1700093K21Rik	protein_coding	18
ENSMUSG00000001569	Nom1	protein_coding	18
ENSMUSG00000045160	Bola3	protein_coding	18
ENSMUSG00000025754	Agbl1	protein_coding	18
ENSMUSG00000030237	Slco1a4	protein_coding	18
ENSMUSG00000026394	Atp6v1g3	protein_coding	18
ENSMUSG00000029017	Pmpcb	protein_coding	18
ENSMUSG00000004677	Myo9b	protein_coding	18
ENSMUSG00000031107	Rbmx2	protein_coding	18
ENSMUSG00000031173	Otc	protein_coding	18
ENSMUSG00000031153	Gripap1	protein_coding	18
ENSMUSG00000031157	Pqbp1	protein_coding	18
ENSMUSG00000031070	Mrgprf	protein_coding	18
ENSMUSG00000041287	Sox15	protein_coding	18
ENSMUSG00000022677	Cep20	protein_coding	18
ENSMUSG00000025724	Sec11a	protein_coding	18
ENSMUSG00000052613	Pcdh15	protein_coding	18
ENSMUSG00000028889	Yrdc	protein_coding	18
ENSMUSG00000063887	Nlgn1	protein_coding	18
ENSMUSG00000022179	4931414P19Rik	protein_coding	18
ENSMUSG00000037364	Srrt	protein_coding	18
ENSMUSG00000052616	Terb1	protein_coding	18
ENSMUSG00000002633	Shh	protein_coding	18
ENSMUSG00000030307	Slc6a11	protein_coding	18
ENSMUSG00000030265	Kras	protein_coding	18
ENSMUSG00000001227	Sema6b	protein_coding	18
ENSMUSG00000009900	Wnt3a	protein_coding	18
ENSMUSG00000051390	Zbtb22	protein_coding	18
ENSMUSG00000037470	Uggt1	protein_coding	18
ENSMUSG00000045215	Asxl3	protein_coding	18
ENSMUSG00000028224	Nbn	protein_coding	18
ENSMUSG00000031142	Cacna1f	protein_coding	18
ENSMUSG00000031104	Rab33a	protein_coding	18
ENSMUSG00000046719	Nxph3	protein_coding	18
ENSMUSG00000022370	Mrpl13	protein_coding	18
ENSMUSG00000046808	Atp10d	protein_coding	18
ENSMUSG00000026895	Ndufa8	protein_coding	18
ENSMUSG00000019923	Zwint	protein_coding	18
ENSMUSG00000073988	Ttpa	protein_coding	18
ENSMUSG00000026834	Acvr1c	protein_coding	18
ENSMUSG00000041354	Rgl2	protein_coding	18
ENSMUSG00000021768	Dusp13b	protein_coding	18
ENSMUSG00000030286	Emc3	protein_coding	18
ENSMUSG00000001962	Fam50a	protein_coding	18
ENSMUSG00000067150	Xpo5	protein_coding	18
ENSMUSG00000028826	Maco1	protein_coding	18
ENSMUSG00000037499	Nenf	protein_coding	18
ENSMUSG00000037428	Vgf	protein_coding	18
ENSMUSG00000037437	Adam32	protein_coding	18
ENSMUSG00000037331	Larp1	protein_coding	18
ENSMUSG00000028911	Srsf4	protein_coding	18
ENSMUSG00000026470	Stx6	protein_coding	18
ENSMUSG00000013736	Trnt1	protein_coding	18
ENSMUSG00000075316	Scn9a	protein_coding	18
ENSMUSG00000037627	Rgs22	protein_coding	18
ENSMUSG00000000223	Drp2	protein_coding	18
ENSMUSG00000037579	Kcnh3	protein_coding	18
ENSMUSG00000002768	Mea1	protein_coding	18
ENSMUSG00000021135	Slc10a1	protein_coding	18
ENSMUSG00000063406	Tmed5	protein_coding	18
ENSMUSG00000021209	Ppp4r4	protein_coding	18
ENSMUSG00000032977	Slx9	protein_coding	18
ENSMUSG00000053080	Zfta	protein_coding	18
ENSMUSG00000052917	Senp7	protein_coding	18
ENSMUSG00000022935	Grik1	protein_coding	18
ENSMUSG00000017404	Rpl19	protein_coding	18
ENSMUSG00000042275	Pelo	protein_coding	18
ENSMUSG00000037600	Kdf1	protein_coding	18
ENSMUSG00000037798	Mat1a	protein_coding	18
ENSMUSG00000037801	Iqch	protein_coding	18
ENSMUSG00000079014	Serpina3i	protein_coding	18
ENSMUSG00000030382	Slc27a5	protein_coding	18
ENSMUSG00000030400	Ercc2	protein_coding	18
ENSMUSG00000030327	Necap1	protein_coding	18
ENSMUSG00000030335	Mrpl51	protein_coding	18
ENSMUSG00000063334	Krr1	protein_coding	18
ENSMUSG00000046567	Rlig1	protein_coding	18
ENSMUSG00000041460	Cacna2d4	protein_coding	18
ENSMUSG00000028394	Pole3	protein_coding	18
ENSMUSG00000028322	Exosc3	protein_coding	18
ENSMUSG00000053825	Ppfia2	protein_coding	18
ENSMUSG00000053841	Txlna	protein_coding	18
ENSMUSG00000022997	Wnt1	protein_coding	18
ENSMUSG00000023017	Asic1	protein_coding	18
ENSMUSG00000045503	Sys1	protein_coding	18
ENSMUSG00000024542	Cep192	protein_coding	18
ENSMUSG00000022774	Ncbp2	protein_coding	18
ENSMUSG00000078974	Sec61g	protein_coding	18
ENSMUSG00000030403	Vasp	protein_coding	18
ENSMUSG00000025208	Mrpl43	protein_coding	18
ENSMUSG00000025323	Sp4	protein_coding	18
ENSMUSG00000071074	Yipf3	protein_coding	18
ENSMUSG00000030970	Ctbp2	protein_coding	18
ENSMUSG00000030981	Mmp21	protein_coding	18
ENSMUSG00000000731	Aire	protein_coding	18
ENSMUSG00000030945	Acsm2	protein_coding	18
ENSMUSG00000071113	Mboat4	protein_coding	18
ENSMUSG00000020912	Krt12	protein_coding	18
ENSMUSG00000033964	Zbtb41	protein_coding	18
ENSMUSG00000005640	Insrr	protein_coding	18
ENSMUSG00000045576	St7l	protein_coding	18
ENSMUSG00000037740	Mrps26	protein_coding	18
ENSMUSG00000059534	Uqcr10	protein_coding	18
ENSMUSG00000037846	Rtkn2	protein_coding	18
ENSMUSG00000037876	Jmjd1c	protein_coding	18
ENSMUSG00000028788	Ptp4a2	protein_coding	18
ENSMUSG00000020864	Ankrd40	protein_coding	18
ENSMUSG00000050097	Ces2b	protein_coding	18
ENSMUSG00000024294	Mib1	protein_coding	18
ENSMUSG00000024034	Tmprss3	protein_coding	18
ENSMUSG00000028416	Bag1	protein_coding	18
ENSMUSG00000021738	Atxn7	protein_coding	18
ENSMUSG00000058756	Thra	protein_coding	18
ENSMUSG00000046230	Vps13a	protein_coding	18
ENSMUSG00000025525	Apool	protein_coding	18
ENSMUSG00000030619	Eed	protein_coding	18
ENSMUSG00000034024	Cct2	protein_coding	18
ENSMUSG00000030546	Plin1	protein_coding	18
ENSMUSG00000057133	Chd6	protein_coding	18
ENSMUSG00000057173	Rfx8	protein_coding	18
ENSMUSG00000022141	Nipbl	protein_coding	18
ENSMUSG00000022174	Dad1	protein_coding	18
ENSMUSG00000038013	Wipf2	protein_coding	18
ENSMUSG00000038072	Galnt11	protein_coding	18
ENSMUSG00000038023	Atp6v0a2	protein_coding	18
ENSMUSG00000042156	Dzip1	protein_coding	18
ENSMUSG00000042042	Csgalnact2	protein_coding	18
ENSMUSG00000037965	Zc3h7a	protein_coding	18
ENSMUSG00000055945	Prr18	protein_coding	18
ENSMUSG00000009070	Rsph14	protein_coding	18
ENSMUSG00000009073	Nf2	protein_coding	18
ENSMUSG00000019977	Hbs1l	protein_coding	18
ENSMUSG00000057342	Sphk2	protein_coding	18
ENSMUSG00000074968	Ano3	protein_coding	18
ENSMUSG00000074994	Qser1	protein_coding	18
ENSMUSG00000028423	Nfx1	protein_coding	18
ENSMUSG00000020273	Papolg	protein_coding	18
ENSMUSG00000020280	Pus10	protein_coding	18
ENSMUSG00000020283	Pex13	protein_coding	18
ENSMUSG00000026617	Bpnt1	protein_coding	18
ENSMUSG00000038095	Sbno1	protein_coding	18
ENSMUSG00000038127	Ccdc50	protein_coding	18
ENSMUSG00000009207	Lnpk	protein_coding	18
ENSMUSG00000106379	Lhfpl3	protein_coding	18
ENSMUSG00000023999	Kif6	protein_coding	18
ENSMUSG00000104063	Pcdhgb7	protein_coding	18
ENSMUSG00000041673	Lrrc18	protein_coding	18
ENSMUSG00000058997	Vwa8	protein_coding	18
ENSMUSG00000021772	Nkiras1	protein_coding	18
ENSMUSG00000071252	2210408I21Rik	protein_coding	18
ENSMUSG00000038167	Plekhg6	protein_coding	18
ENSMUSG00000041817	Fam169a	protein_coding	18
ENSMUSG00000041700	Lhfpl1	protein_coding	18
ENSMUSG00000038274	Fau	protein_coding	18
ENSMUSG00000018973	Hoxb1	protein_coding	18
ENSMUSG00000033423	Eri3	protein_coding	18
ENSMUSG00000057265	Bbof1	protein_coding	18
ENSMUSG00000057278	Snrpg	protein_coding	18
ENSMUSG00000028649	Macf1	protein_coding	18
ENSMUSG00000030680	Pagr1a	protein_coding	18
ENSMUSG00000025420	Katnal2	protein_coding	18
ENSMUSG00000005503	Evx1	protein_coding	18
ENSMUSG00000071470	Ccnb1ip1	protein_coding	18
ENSMUSG00000046204	Pnma2	protein_coding	18
ENSMUSG00000056004	Elapor2	protein_coding	18
ENSMUSG00000014243	Zswim7	protein_coding	18
ENSMUSG00000014351	Gip	protein_coding	18
ENSMUSG00000026781	Acbd5	protein_coding	18
ENSMUSG00000026739	Bmi1	protein_coding	18
ENSMUSG00000026754	Golga1	protein_coding	18
ENSMUSG00000041765	Ubac2	protein_coding	18
ENSMUSG00000019952	Poc1b	protein_coding	18
ENSMUSG00000038268	Ovca2	protein_coding	18
ENSMUSG00000059280	Vpreb1b	protein_coding	18
ENSMUSG00000021747	Cfap20dc	protein_coding	18
ENSMUSG00000069539	Scyl2	protein_coding	18
ENSMUSG00000069670	Nkain2	protein_coding	18
ENSMUSG00000028549	Itgb3bp	protein_coding	18
ENSMUSG00000052712	BC004004	protein_coding	18
ENSMUSG00000033458	Fan1	protein_coding	18
ENSMUSG00000030699	Tbx6	protein_coding	18
ENSMUSG00000030660	Pik3c2a	protein_coding	18
ENSMUSG00000030738	Eif3c	protein_coding	18
ENSMUSG00000017119	Nbr1	protein_coding	18
ENSMUSG00000003444	Med29	protein_coding	18
ENSMUSG00000031870	Pgr	protein_coding	18
ENSMUSG00000027457	Snph	protein_coding	18
ENSMUSG00000040407	Akap9	protein_coding	18
ENSMUSG00000007458	M6pr	protein_coding	18
ENSMUSG00000027522	Stx16	protein_coding	18
ENSMUSG00000040231	Syngr4	protein_coding	18
ENSMUSG00000031904	Slc7a6	protein_coding	18
ENSMUSG00000031924	Cyb5b	protein_coding	18
ENSMUSG00000029454	Mapkapk5	protein_coding	18
ENSMUSG00000031813	Mvb12a	protein_coding	18
ENSMUSG00000063019	Manbal	protein_coding	18
ENSMUSG00000063049	Ing2	protein_coding	18
ENSMUSG00000063063	Ctnna2	protein_coding	18
ENSMUSG00000021018	Polr2h	protein_coding	18
ENSMUSG00000020986	Sec23a	protein_coding	17
ENSMUSG00000063145	Bbs5	protein_coding	17
ENSMUSG00000063065	Mapk3	protein_coding	17
ENSMUSG00000019791	Hint3	protein_coding	17
ENSMUSG00000020936	Nmt1	protein_coding	17
ENSMUSG00000024769	Cdc42bpg	protein_coding	17
ENSMUSG00000015697	Setdb1	protein_coding	17
ENSMUSG00000040365	Trim41	protein_coding	17
ENSMUSG00000040350	Trim7	protein_coding	17
ENSMUSG00000027455	Nsfl1c	protein_coding	17
ENSMUSG00000017299	Dnttip1	protein_coding	17
ENSMUSG00000033543	Gtf2a2	protein_coding	17
ENSMUSG00000074300	Smim31	protein_coding	17
ENSMUSG00000067860	Zic3	protein_coding	17
ENSMUSG00000022833	Ccdc14	protein_coding	17
ENSMUSG00000015748	Prpf3	protein_coding	17
ENSMUSG00000031902	Nfatc3	protein_coding	17
ENSMUSG00000035873	Pawr	protein_coding	17
ENSMUSG00000072664	Ugt3a2	protein_coding	17
ENSMUSG00000022255	Mtdh	protein_coding	17
ENSMUSG00000043929	Klhl15	protein_coding	17
ENSMUSG00000021910	Nisch	protein_coding	17
ENSMUSG00000027530	Fabp12	protein_coding	17
ENSMUSG00000040490	Lrfn2	protein_coding	17
ENSMUSG00000074217	Misp3	protein_coding	17
ENSMUSG00000051951	Xkr4	protein_coding	17
ENSMUSG00000046201	Scaf8	protein_coding	17
ENSMUSG00000017132	Cyth1	protein_coding	17
ENSMUSG00000038069	Cdkn2aip	protein_coding	17
ENSMUSG00000057411	Antkmt	protein_coding	17
ENSMUSG00000057229	Dmac2	protein_coding	17
ENSMUSG00000057230	Aak1	protein_coding	17
ENSMUSG00000028567	Txndc12	protein_coding	17
ENSMUSG00000033793	Atp6v1h	protein_coding	17
ENSMUSG00000046111	Cep295	protein_coding	17
ENSMUSG00000111375	Btbd8	protein_coding	17
ENSMUSG00000055994	Nod2	protein_coding	17
ENSMUSG00000041886	Macc1	protein_coding	17
ENSMUSG00000041890	Git2	protein_coding	17
ENSMUSG00000033632	AW554918	protein_coding	17
ENSMUSG00000033186	Mzt1	protein_coding	17
ENSMUSG00000022982	Sod1	protein_coding	17
ENSMUSG00000038239	Hrc	protein_coding	17
ENSMUSG00000026829	Gbgt1	protein_coding	17
ENSMUSG00000038369	Ncoa6	protein_coding	17
ENSMUSG00000022987	Zfp641	protein_coding	17
ENSMUSG00000021243	Fcf1	protein_coding	17
ENSMUSG00000071230	Npw	protein_coding	17
ENSMUSG00000046058	Eid2	protein_coding	17
ENSMUSG00000030834	Abcc6	protein_coding	17
ENSMUSG00000030838	Ush1c	protein_coding	17
ENSMUSG00000028580	Pum1	protein_coding	17
ENSMUSG00000020014	Cfap54	protein_coding	17
ENSMUSG00000075028	Prdm11	protein_coding	17
ENSMUSG00000018923	Med11	protein_coding	17
ENSMUSG00000020523	Fam114a2	protein_coding	17
ENSMUSG00000033257	Ttll4	protein_coding	17
ENSMUSG00000021785	Ngly1	protein_coding	17
ENSMUSG00000074923	Pak6	protein_coding	17
ENSMUSG00000025329	Padi1	protein_coding	17
ENSMUSG00000030814	Bcl7c	protein_coding	17
ENSMUSG00000026644	Acbd7	protein_coding	17
ENSMUSG00000020654	Adcy3	protein_coding	17
ENSMUSG00000020659	Cbll1	protein_coding	17
ENSMUSG00000038121	Fam210a	protein_coding	17
ENSMUSG00000038122	Tbc1d32	protein_coding	17
ENSMUSG00000025396	Hsd17b6	protein_coding	17
ENSMUSG00000033940	Brk1	protein_coding	17
ENSMUSG00000033885	Pxk	protein_coding	17
ENSMUSG00000014075	Dynlt2b	protein_coding	17
ENSMUSG00000022092	Ppp3cc	protein_coding	17
ENSMUSG00000073563	Csnk1g3	protein_coding	17
ENSMUSG00000051146	Camk2n2	protein_coding	17
ENSMUSG00000051176	Zfp42	protein_coding	17
ENSMUSG00000059401	Mamld1	protein_coding	17
ENSMUSG00000030500	Slc17a6	protein_coding	17
ENSMUSG00000033845	Mrpl15	protein_coding	17
ENSMUSG00000038020	Rapgefl1	protein_coding	17
ENSMUSG00000026585	Kifap3	protein_coding	17
ENSMUSG00000026587	Astn1	protein_coding	17
ENSMUSG00000026589	Sec16b	protein_coding	17
ENSMUSG00000026564	Styxl2	protein_coding	17
ENSMUSG00000026634	Angel2	protein_coding	17
ENSMUSG00000059436	Max	protein_coding	17
ENSMUSG00000021711	Trappc13	protein_coding	17
ENSMUSG00000000724	Cryba1	protein_coding	17
ENSMUSG00000048874	Phf3	protein_coding	17
ENSMUSG00000061947	Serpina10	protein_coding	17
ENSMUSG00000061244	Exoc5	protein_coding	17
ENSMUSG00000075318	Scn2a	protein_coding	17
ENSMUSG00000049804	Armcx4	protein_coding	17
ENSMUSG00000022652	Morc1	protein_coding	17
ENSMUSG00000022664	Slc35a5	protein_coding	17
ENSMUSG00000051067	Lingo3	protein_coding	17
ENSMUSG00000028417	Tal2	protein_coding	17
ENSMUSG00000025261	Huwe1	protein_coding	17
ENSMUSG00000066637	Ttc32	protein_coding	17
ENSMUSG00000071550	Cfap44	protein_coding	17
ENSMUSG00000046603	Tcaim	protein_coding	17
ENSMUSG00000038541	Srd5a2	protein_coding	17
ENSMUSG00000006464	Bbs1	protein_coding	17
ENSMUSG00000038619	Ensa	protein_coding	17
ENSMUSG00000032998	Foxj3	protein_coding	17
ENSMUSG00000020871	Dlx4	protein_coding	17
ENSMUSG00000053914	Kdm4d	protein_coding	17
ENSMUSG00000034066	Farp2	protein_coding	17
ENSMUSG00000001496	Nkx2-1	protein_coding	17
ENSMUSG00000030884	Uqcrc2	protein_coding	17
ENSMUSG00000046613	Vwa5b2	protein_coding	17
ENSMUSG00000046456	Tmem150b	protein_coding	17
ENSMUSG00000022484	Hoxc10	protein_coding	17
ENSMUSG00000054978	Kbtbd13	protein_coding	17
ENSMUSG00000063434	Sorcs3	protein_coding	17
ENSMUSG00000021198	Unc79	protein_coding	17
ENSMUSG00000053070	Cfap300	protein_coding	17
ENSMUSG00000052906	Ubxn8	protein_coding	17
ENSMUSG00000022938	Fam3b	protein_coding	17
ENSMUSG00000026497	Mixl1	protein_coding	17
ENSMUSG00000006335	Tfpt	protein_coding	17
ENSMUSG00000009733	Tfcp2	protein_coding	17
ENSMUSG00000005610	Eif4g2	protein_coding	17
ENSMUSG00000022940	Pigp	protein_coding	17
ENSMUSG00000025172	Ankrd2	protein_coding	17
ENSMUSG00000046707	Csnk2a2	protein_coding	17
ENSMUSG00000046591	Ticrr	protein_coding	17
ENSMUSG00000030341	Tnfrsf1a	protein_coding	17
ENSMUSG00000020677	Ddx52	protein_coding	17
ENSMUSG00000042380	Smim12	protein_coding	17
ENSMUSG00000042406	Atf4	protein_coding	17
ENSMUSG00000021629	Slc30a5	protein_coding	17
ENSMUSG00000028798	Eif3i	protein_coding	17
ENSMUSG00000042229	Rabif	protein_coding	17
ENSMUSG00000020064	Herc4	protein_coding	17
ENSMUSG00000028878	Fam76a	protein_coding	17
ENSMUSG00000066058	Cldn19	protein_coding	17
ENSMUSG00000037669	Ldah	protein_coding	17
ENSMUSG00000075304	Sp5	protein_coding	17
ENSMUSG00000030275	Etnk1	protein_coding	17
ENSMUSG00000021302	Ggps1	protein_coding	17
ENSMUSG00000025592	Dach2	protein_coding	17
ENSMUSG00000021143	Pacs2	protein_coding	17
ENSMUSG00000032807	Alox12b	protein_coding	17
ENSMUSG00000016503	Gtf3a	protein_coding	17
ENSMUSG00000016534	Lamp2	protein_coding	17
ENSMUSG00000032913	Lrig2	protein_coding	17
ENSMUSG00000016637	Ift27	protein_coding	17
ENSMUSG00000030996	Art1	protein_coding	17
ENSMUSG00000026904	Slc4a10	protein_coding	17
ENSMUSG00000038664	Herc1	protein_coding	17
ENSMUSG00000038658	Ric1	protein_coding	17
ENSMUSG00000041570	Camsap2	protein_coding	17
ENSMUSG00000006599	Gtf2h1	protein_coding	17
ENSMUSG00000021815	Mss51	protein_coding	17
ENSMUSG00000021816	Ppp3cb	protein_coding	17
ENSMUSG00000045180	Shroom2	protein_coding	17
ENSMUSG00000050908	Tvp23a	protein_coding	17
ENSMUSG00000052428	Tmco1	protein_coding	17
ENSMUSG00000105827	H2bc18	protein_coding	17
ENSMUSG00000025612	Bach1	protein_coding	17
ENSMUSG00000025630	Hprt1	protein_coding	17
ENSMUSG00000021635	Rad17	protein_coding	17
ENSMUSG00000002661	Alkbh7	protein_coding	17
ENSMUSG00000054894	Dmac2l	protein_coding	17
ENSMUSG00000024518	Rax	protein_coding	17
ENSMUSG00000028971	Cort	protein_coding	17
ENSMUSG00000026491	Ahctf1	protein_coding	17
ENSMUSG00000026492	Tfb2m	protein_coding	17
ENSMUSG00000046722	Cdc42se1	protein_coding	17
ENSMUSG00000045114	Prrt2	protein_coding	17
ENSMUSG00000013415	Igf2bp1	protein_coding	17
ENSMUSG00000029014	Dnajc2	protein_coding	17
ENSMUSG00000001023	S100a5	protein_coding	17
ENSMUSG00000034532	Fbxo16	protein_coding	17
ENSMUSG00000034551	Hdx	protein_coding	17
ENSMUSG00000024493	Lars1	protein_coding	17
ENSMUSG00000069911	Insyn2b	protein_coding	17
ENSMUSG00000031111	Igsf1	protein_coding	17
ENSMUSG00000032769	Trpa1	protein_coding	17
ENSMUSG00000079494	Nat8f5	protein_coding	17
ENSMUSG00000028284	Map3k7	protein_coding	17
ENSMUSG00000028295	Smim8	protein_coding	17
ENSMUSG00000041297	Cdk13	protein_coding	17
ENSMUSG00000030093	Wnt7a	protein_coding	17
ENSMUSG00000029110	Rnf4	protein_coding	17
ENSMUSG00000021156	Zmynd11	protein_coding	17
ENSMUSG00000062175	Tgif2	protein_coding	17
ENSMUSG00000032640	Chsy1	protein_coding	17
ENSMUSG00000103144	Pcdhga1	protein_coding	17
ENSMUSG00000024045	Akap8	protein_coding	17
ENSMUSG00000028161	Ppp3ca	protein_coding	17
ENSMUSG00000086316	Nbdy	protein_coding	17
ENSMUSG00000022041	Chrna2	protein_coding	17
ENSMUSG00000074037	Mc1r	protein_coding	17
ENSMUSG00000001558	Klhl10	protein_coding	17
ENSMUSG00000032563	Mrpl3	protein_coding	17
ENSMUSG00000028115	Bnipl	protein_coding	17
ENSMUSG00000058498	Rnf207	protein_coding	17
ENSMUSG00000021870	Slmap	protein_coding	17
ENSMUSG00000055692	Tmem191	protein_coding	17
ENSMUSG00000049100	Pcdh10	protein_coding	17
ENSMUSG00000000881	Dlg3	protein_coding	17
ENSMUSG00000020091	Eif4ebp2	protein_coding	17
ENSMUSG00000042650	Alkbh5	protein_coding	17
ENSMUSG00000037119	Fam91a1	protein_coding	17
ENSMUSG00000029062	Cdk11b	protein_coding	17
ENSMUSG00000060988	Galnt13	protein_coding	17
ENSMUSG00000032560	Dnajc13	protein_coding	17
ENSMUSG00000079550	Mpp4	protein_coding	17
ENSMUSG00000079555	Haus3	protein_coding	17
ENSMUSG00000062234	Gak	protein_coding	17
ENSMUSG00000047155	Cyp4x1	protein_coding	17
ENSMUSG00000037171	Nodal	protein_coding	17
ENSMUSG00000023806	Rsph3b	protein_coding	17
ENSMUSG00000056812	St8sia3	protein_coding	17
ENSMUSG00000076430	Hus1b	protein_coding	17
ENSMUSG00000071679	Rtl4	protein_coding	17
ENSMUSG00000044792	Isca1	protein_coding	17
ENSMUSG00000008226	Scrn3	protein_coding	17
ENSMUSG00000028051	Hcn3	protein_coding	17
ENSMUSG00000028134	Ptbp2	protein_coding	17
ENSMUSG00000042705	Commd10	protein_coding	17
ENSMUSG00000042708	Shcbp1l	protein_coding	17
ENSMUSG00000036961	Wnt8b	protein_coding	17
ENSMUSG00000004069	Dnaja3	protein_coding	17
ENSMUSG00000020561	Polr1f	protein_coding	17
ENSMUSG00000036882	Arhgap33	protein_coding	17
ENSMUSG00000034762	Glis1	protein_coding	17
ENSMUSG00000005718	Tfap4	protein_coding	17
ENSMUSG00000044726	Erich5	protein_coding	17
ENSMUSG00000049109	Themis	protein_coding	17
ENSMUSG00000019302	Atp6v0a1	protein_coding	17
ENSMUSG00000003476	Crhr2	protein_coding	17
ENSMUSG00000071662	Polr2g	protein_coding	17
ENSMUSG00000078817	Nlrp12	protein_coding	17
ENSMUSG00000032405	Pias1	protein_coding	17
ENSMUSG00000050645	Defb19	protein_coding	17
ENSMUSG00000050164	Mchr1	protein_coding	17
ENSMUSG00000027981	Rnpc3	protein_coding	17
ENSMUSG00000098207	Arl14	protein_coding	17
ENSMUSG00000024999	Noc3l	protein_coding	17
ENSMUSG00000031292	Cdkl5	protein_coding	17
ENSMUSG00000031299	Pdha1	protein_coding	17
ENSMUSG00000074656	Eif2s2	protein_coding	17
ENSMUSG00000050812	Ecpas	protein_coding	17
ENSMUSG00000019913	Sim1	protein_coding	17
ENSMUSG00000041078	Grid1	protein_coding	17
ENSMUSG00000039068	Zzz3	protein_coding	17
ENSMUSG00000021070	Bdkrb2	protein_coding	17
ENSMUSG00000063672	Nkx6-3	protein_coding	17
ENSMUSG00000042895	Abra	protein_coding	17
ENSMUSG00000036815	Dpp10	protein_coding	17
ENSMUSG00000101174	Hoxd4	protein_coding	17
ENSMUSG00000034889	Cactin	protein_coding	17
ENSMUSG00000026307	Scly	protein_coding	17
ENSMUSG00000076439	Mog	protein_coding	17
ENSMUSG00000036949	Slc39a12	protein_coding	17
ENSMUSG00000036850	Mrpl41	protein_coding	17
ENSMUSG00000022311	Csmd3	protein_coding	17
ENSMUSG00000023122	Sult1c2	protein_coding	17
ENSMUSG00000060708	Bloc1s4	protein_coding	17
ENSMUSG00000035011	Zbtb7a	protein_coding	17
ENSMUSG00000071862	Lrrtm2	protein_coding	17
ENSMUSG00000017843	Ppp2r5c	protein_coding	17
ENSMUSG00000020892	Aloxe3	protein_coding	17
ENSMUSG00000027134	Lpcat4	protein_coding	17
ENSMUSG00000027167	Elp4	protein_coding	17
ENSMUSG00000040929	Rfx3	protein_coding	17
ENSMUSG00000039372	Marchf4	protein_coding	17
ENSMUSG00000008036	Ap2s1	protein_coding	17
ENSMUSG00000066721	Zfp575	protein_coding	17
ENSMUSG00000019370	Calm3	protein_coding	17
ENSMUSG00000040760	Appl1	protein_coding	17
ENSMUSG00000040928	S100pbp	protein_coding	17
ENSMUSG00000024974	Smc3	protein_coding	17
ENSMUSG00000047528	Flacc1	protein_coding	17
ENSMUSG00000053166	Cdh22	protein_coding	17
ENSMUSG00000058550	Dppa4	protein_coding	17
ENSMUSG00000040943	Tet2	protein_coding	17
ENSMUSG00000027202	Slc12a1	protein_coding	17
ENSMUSG00000040850	Psme4	protein_coding	17
ENSMUSG00000040857	Erf	protein_coding	17
ENSMUSG00000022451	Twf1	protein_coding	17
ENSMUSG00000053291	Rab4b	protein_coding	17
ENSMUSG00000021905	Dph3	protein_coding	17
ENSMUSG00000027770	Dhx36	protein_coding	17
ENSMUSG00000039653	Baat	protein_coding	17
ENSMUSG00000058400	Qrfpr	protein_coding	17
ENSMUSG00000032268	Tmprss5	protein_coding	17
ENSMUSG00000021448	Shc3	protein_coding	17
ENSMUSG00000060657	Marf1	protein_coding	17
ENSMUSG00000059908	Mug1	protein_coding	17
ENSMUSG00000026220	Slc16a14	protein_coding	17
ENSMUSG00000036712	Cyld	protein_coding	17
ENSMUSG00000036769	Wdr44	protein_coding	17
ENSMUSG00000029848	Stra8	protein_coding	17
ENSMUSG00000015291	Gdi1	protein_coding	17
ENSMUSG00000027720	Il2	protein_coding	17
ENSMUSG00000024213	Nudt3	protein_coding	17
ENSMUSG00000050321	Neto1	protein_coding	17
ENSMUSG00000024134	Six2	protein_coding	17
ENSMUSG00000060126	Tpt1	protein_coding	17
ENSMUSG00000029776	Hibadh	protein_coding	17
ENSMUSG00000035277	Arx	protein_coding	17
ENSMUSG00000035215	Lsm7	protein_coding	17
ENSMUSG00000025933	Tmem14a	protein_coding	17
ENSMUSG00000089798	1700028K03Rik	protein_coding	17
ENSMUSG00000055214	Pld5	protein_coding	17
ENSMUSG00000022416	Cacna1i	protein_coding	17
ENSMUSG00000055319	Sec23ip	protein_coding	17
ENSMUSG00000032253	Phip	protein_coding	17
ENSMUSG00000031519	Asb5	protein_coding	17
ENSMUSG00000003273	Car11	protein_coding	17
ENSMUSG00000024878	Zng1	protein_coding	17
ENSMUSG00000043241	Upf2	protein_coding	17
ENSMUSG00000066129	Kndc1	protein_coding	17
ENSMUSG00000021590	Spata9	protein_coding	17
ENSMUSG00000018470	Kcnab3	protein_coding	17
ENSMUSG00000025925	Terf1	protein_coding	17
ENSMUSG00000032290	Ptpn9	protein_coding	17
ENSMUSG00000062647	Rpl7a	protein_coding	17
ENSMUSG00000002210	Smg9	protein_coding	17
ENSMUSG00000020364	Zfp354a	protein_coding	17
ENSMUSG00000031487	Brf2	protein_coding	17
ENSMUSG00000027263	Tubgcp4	protein_coding	17
ENSMUSG00000035456	Prdm8	protein_coding	17
ENSMUSG00000036504	Phpt1	protein_coding	17
ENSMUSG00000020684	Rasl10b	protein_coding	17
ENSMUSG00000054477	Kcnn2	protein_coding	17
ENSMUSG00000022613	Miox	protein_coding	17
ENSMUSG00000000263	Glra1	protein_coding	17
ENSMUSG00000011751	Sptbn4	protein_coding	17
ENSMUSG00000027762	Sucnr1	protein_coding	17
ENSMUSG00000032171	Pin1	protein_coding	17
ENSMUSG00000024911	Fibp	protein_coding	17
ENSMUSG00000004945	Tmem242	protein_coding	17
ENSMUSG00000039760	Il22ra2	protein_coding	17
ENSMUSG00000040586	Ofd1	protein_coding	17
ENSMUSG00000027341	Tmem230	protein_coding	17
ENSMUSG00000068921	Dap3	protein_coding	17
ENSMUSG00000024081	Cebpz	protein_coding	17
ENSMUSG00000062627	Mysm1	protein_coding	17
ENSMUSG00000078651	Aoc2	protein_coding	17
ENSMUSG00000078653	Cntd1	protein_coding	17
ENSMUSG00000078671	Chd2	protein_coding	17
ENSMUSG00000029723	Tsc22d4	protein_coding	17
ENSMUSG00000018076	Med13l	protein_coding	17
ENSMUSG00000002413	Braf	protein_coding	17
ENSMUSG00000002459	Rgs20	protein_coding	17
ENSMUSG00000044149	Nkrf	protein_coding	17
ENSMUSG00000032097	Ddx6	protein_coding	17
ENSMUSG00000084128	Esrp2	protein_coding	17
ENSMUSG00000027324	Rpusd2	protein_coding	17
ENSMUSG00000040502	Marchf9	protein_coding	17
ENSMUSG00000040505	Abcg5	protein_coding	17
ENSMUSG00000021938	Pspc1	protein_coding	17
ENSMUSG00000058301	Upf1	protein_coding	17
ENSMUSG00000007617	Homer1	protein_coding	17
ENSMUSG00000107499	Ccdc142	protein_coding	17
ENSMUSG00000005034	Prkacb	protein_coding	17
ENSMUSG00000024811	Tnks2	protein_coding	17
ENSMUSG00000024817	Uhrf2	protein_coding	17
ENSMUSG00000032112	Trappc4	protein_coding	17
ENSMUSG00000063779	Chil4	protein_coding	17
ENSMUSG00000049354	Dcaf7	protein_coding	17
ENSMUSG00000043531	Sorcs1	protein_coding	17
ENSMUSG00000056608	Chd9	protein_coding	17
ENSMUSG00000026005	Rpe	protein_coding	17
ENSMUSG00000035606	Ky	protein_coding	17
ENSMUSG00000036282	Naa30	protein_coding	17
ENSMUSG00000026154	Sdhaf4	protein_coding	17
ENSMUSG00000043388	Tmem130	protein_coding	17
ENSMUSG00000060166	Zdhhc8	protein_coding	17
ENSMUSG00000006050	Sra1	protein_coding	17
ENSMUSG00000036339	Tmem260	protein_coding	17
ENSMUSG00000000544	Gpa33	protein_coding	17
ENSMUSG00000029405	G3bp2	protein_coding	17
ENSMUSG00000026018	Ica1l	protein_coding	17
ENSMUSG00000027601	Mtfr1	protein_coding	17
ENSMUSG00000040022	Rab11fip2	protein_coding	17
ENSMUSG00000040370	Etfrf1	protein_coding	17
ENSMUSG00000040373	Cacng5	protein_coding	17
ENSMUSG00000024145	Pigf	protein_coding	17
ENSMUSG00000040112	Mrps35	protein_coding	17
ENSMUSG00000047986	Palm3	protein_coding	17
ENSMUSG00000016150	Tenm1	protein_coding	17
ENSMUSG00000002844	Adprh	protein_coding	17
ENSMUSG00000047854	Stx19	protein_coding	17
ENSMUSG00000032077	Bud13	protein_coding	17
ENSMUSG00000029595	Lhx5	protein_coding	17
ENSMUSG00000049604	Hoxb13	protein_coding	17
ENSMUSG00000049504	Proser1	protein_coding	17
ENSMUSG00000078429	Ctdsp2	protein_coding	17
ENSMUSG00000036180	Gatad2a	protein_coding	17
ENSMUSG00000018334	Ksr1	protein_coding	17
ENSMUSG00000035898	Uba6	protein_coding	17
ENSMUSG00000011263	Exoc3l2	protein_coding	17
ENSMUSG00000003863	Ppfia3	protein_coding	17
ENSMUSG00000036098	Myrf	protein_coding	17
ENSMUSG00000029439	Sfswap	protein_coding	17
ENSMUSG00000036231	Agr3	protein_coding	17
ENSMUSG00000078619	Smarcd2	protein_coding	17
ENSMUSG00000045983	Eif4g1	protein_coding	17
ENSMUSG00000000001	Gnai3	protein_coding	17
ENSMUSG00000031865	Dctn1	protein_coding	17
ENSMUSG00000020697	Lig3	protein_coding	17
ENSMUSG00000003227	Edar	protein_coding	17
ENSMUSG00000003469	Phyhip	protein_coding	17
ENSMUSG00000048351	Coa7	protein_coding	17
ENSMUSG00000048424	Ranbp3l	protein_coding	17
ENSMUSG00000031928	Mre11a	protein_coding	17
ENSMUSG00000021000	Mia2	protein_coding	17
ENSMUSG00000050511	Oprd1	protein_coding	17
ENSMUSG00000024186	Rgs11	protein_coding	17
ENSMUSG00000102748	Pcdhgb2	protein_coding	17
ENSMUSG00000027427	Polr3f	protein_coding	17
ENSMUSG00000054383	Pnma1	protein_coding	17
ENSMUSG00000033633	Clec18a	protein_coding	17
ENSMUSG00000021743	Fezf2	protein_coding	17
ENSMUSG00000050063	Klk6	protein_coding	17
ENSMUSG00000038225	Primpol	protein_coding	17
ENSMUSG00000048758	Rpl29	protein_coding	17
ENSMUSG00000024614	Tmx3	protein_coding	17
ENSMUSG00000024563	Smad2	protein_coding	17
ENSMUSG00000068037	Mas1	protein_coding	17
ENSMUSG00000038210	Hoxa11	protein_coding	17
ENSMUSG00000071359	Tbpl1	protein_coding	17
ENSMUSG00000025409	Mbd6	protein_coding	17
ENSMUSG00000030759	Far1	protein_coding	17
ENSMUSG00000033533	Acsm1	protein_coding	17
ENSMUSG00000030706	Mrpl48	protein_coding	17
ENSMUSG00000062963	Ufc1	protein_coding	16
ENSMUSG00000031600	Vps37a	protein_coding	16
ENSMUSG00000031642	Sh3rf1	protein_coding	16
ENSMUSG00000032065	Tex12	protein_coding	16
ENSMUSG00000020412	Ascc2	protein_coding	16
ENSMUSG00000020409	Slu7	protein_coding	16
ENSMUSG00000048007	Timm8a1	protein_coding	16
ENSMUSG00000048070	Pirt	protein_coding	16
ENSMUSG00000022855	Senp2	protein_coding	16
ENSMUSG00000067995	Gtf2f2	protein_coding	16
ENSMUSG00000063160	Numbl	protein_coding	16
ENSMUSG00000020955	Ap4s1	protein_coding	16
ENSMUSG00000032174	Icam5	protein_coding	16
ENSMUSG00000081683	Fzd10	protein_coding	16
ENSMUSG00000024942	Capn1	protein_coding	16
ENSMUSG00000020691	Mettl2	protein_coding	16
ENSMUSG00000047824	Pygo2	protein_coding	16
ENSMUSG00000024870	Rab1b	protein_coding	16
ENSMUSG00000070570	Slc17a7	protein_coding	16
ENSMUSG00000005045	Chd5	protein_coding	16
ENSMUSG00000022847	Thpo	protein_coding	16
ENSMUSG00000062526	Mppe1	protein_coding	16
ENSMUSG00000062480	Acat3	protein_coding	16
ENSMUSG00000062397	Zfp706	protein_coding	16
ENSMUSG00000032307	Ube2q2	protein_coding	16
ENSMUSG00000031385	Plxnb3	protein_coding	16
ENSMUSG00000032297	Celf6	protein_coding	16
ENSMUSG00000005078	Jkamp	protein_coding	16
ENSMUSG00000047161	Chst9	protein_coding	16
ENSMUSG00000048696	Mex3d	protein_coding	16
ENSMUSG00000024650	Slc22a6	protein_coding	16
ENSMUSG00000022403	St13	protein_coding	16
ENSMUSG00000047423	AI837181	protein_coding	16
ENSMUSG00000020331	Hcn2	protein_coding	16
ENSMUSG00000047368	Abhd17b	protein_coding	16
ENSMUSG00000022889	Mrpl39	protein_coding	16
ENSMUSG00000032360	Hcrtr2	protein_coding	16
ENSMUSG00000032383	Ppib	protein_coding	16
ENSMUSG00000021079	Timm9	protein_coding	16
ENSMUSG00000032394	Igdcc3	protein_coding	16
ENSMUSG00000016349	Eef1a2	protein_coding	16
ENSMUSG00000032407	U2surp	protein_coding	16
ENSMUSG00000020405	Fabp6	protein_coding	16
ENSMUSG00000054988	Agtr1b	protein_coding	16
ENSMUSG00000022521	Crebbp	protein_coding	16
ENSMUSG00000046991	Wdr27	protein_coding	16
ENSMUSG00000025129	Ppp1r27	protein_coding	16
ENSMUSG00000070934	Rraga	protein_coding	16
ENSMUSG00000070808	Bicra	protein_coding	16
ENSMUSG00000031303	Map3k15	protein_coding	16
ENSMUSG00000031352	Hccs	protein_coding	16
ENSMUSG00000031232	Magt1	protein_coding	16
ENSMUSG00000079594	Cstdc6	protein_coding	16
ENSMUSG00000079562	Maea	protein_coding	16
ENSMUSG00000025228	Actr1a	protein_coding	16
ENSMUSG00000046364	Rpl27a	protein_coding	16
ENSMUSG00000070002	Ell	protein_coding	16
ENSMUSG00000071073	Lrrc73	protein_coding	16
ENSMUSG00000021171	Esyt2	protein_coding	16
ENSMUSG00000016619	Nup50	protein_coding	16
ENSMUSG00000031176	Dynlt3	protein_coding	16
ENSMUSG00000031028	Tub	protein_coding	16
ENSMUSG00000032850	Rnft2	protein_coding	16
ENSMUSG00000032940	Rbm11	protein_coding	16
ENSMUSG00000063446	Plppr1	protein_coding	16
ENSMUSG00000020397	Med7	protein_coding	16
ENSMUSG00000045969	Ing1	protein_coding	16
ENSMUSG00000025231	Sufu	protein_coding	16
ENSMUSG00000030887	Pdzd9	protein_coding	16
ENSMUSG00000033009	Ogfod1	protein_coding	16
ENSMUSG00000020923	Ubtf	protein_coding	16
ENSMUSG00000030806	Stx1b	protein_coding	16
ENSMUSG00000033287	Kctd17	protein_coding	16
ENSMUSG00000021241	Isca2	protein_coding	16
ENSMUSG00000049047	Armcx3	protein_coding	16
ENSMUSG00000020441	2310033P09Rik	protein_coding	16
ENSMUSG00000045589	Frrs1l	protein_coding	16
ENSMUSG00000025544	Tm9sf2	protein_coding	16
ENSMUSG00000045435	Tmem60	protein_coding	16
ENSMUSG00000003099	Ppp5c	protein_coding	16
ENSMUSG00000045761	Togaram2	protein_coding	16
ENSMUSG00000025428	Atp5f1a	protein_coding	16
ENSMUSG00000052748	Swt1	protein_coding	16
ENSMUSG00000030754	Copb1	protein_coding	16
ENSMUSG00000017165	Gast	protein_coding	16
ENSMUSG00000033596	Rfwd3	protein_coding	16
ENSMUSG00000030703	Gdpd3	protein_coding	16
ENSMUSG00000017007	Rbpjl	protein_coding	16
ENSMUSG00000045045	Lrfn4	protein_coding	16
ENSMUSG00000022552	Sharpin	protein_coding	16
ENSMUSG00000045193	Cirbp	protein_coding	16
ENSMUSG00000045098	Kmt5b	protein_coding	16
ENSMUSG00000025577	Cbx2	protein_coding	16
ENSMUSG00000025575	Cant1	protein_coding	16
ENSMUSG00000025571	Tnrc6c	protein_coding	16
ENSMUSG00000022295	Atp6v1c1	protein_coding	16
ENSMUSG00000020713	Gh	protein_coding	16
ENSMUSG00000021282	Eif5	protein_coding	16
ENSMUSG00000003813	Rad23a	protein_coding	16
ENSMUSG00000033799	Tasor2	protein_coding	16
ENSMUSG00000079164	Tlr5	protein_coding	16
ENSMUSG00000014030	Pax5	protein_coding	16
ENSMUSG00000034112	Atp2c2	protein_coding	16
ENSMUSG00000034101	Ctnnd1	protein_coding	16
ENSMUSG00000030521	Mphosph10	protein_coding	16
ENSMUSG00000001583	Tnk1	protein_coding	16
ENSMUSG00000071646	Mta2	protein_coding	16
ENSMUSG00000044957	Pp2d1	protein_coding	16
ENSMUSG00000044938	Klhl31	protein_coding	16
ENSMUSG00000045053	Kcng3	protein_coding	16
ENSMUSG00000045257	Morn2	protein_coding	16
ENSMUSG00000045246	Kcng4	protein_coding	16
ENSMUSG00000049184	Purg	protein_coding	16
ENSMUSG00000025793	Hgs	protein_coding	16
ENSMUSG00000003154	Foxj2	protein_coding	16
ENSMUSG00000003131	Pafah1b2	protein_coding	16
ENSMUSG00000056155	Nanos3	protein_coding	16
ENSMUSG00000044968	Napepld	protein_coding	16
ENSMUSG00000017376	Nlk	protein_coding	16
ENSMUSG00000034243	Golgb1	protein_coding	16
ENSMUSG00000034343	Ube2f	protein_coding	16
ENSMUSG00000030236	Slco1b2	protein_coding	16
ENSMUSG00000061136	Prpf40a	protein_coding	16
ENSMUSG00000021395	Spin1	protein_coding	16
ENSMUSG00000021392	Nol8	protein_coding	16
ENSMUSG00000023025	Larp4	protein_coding	16
ENSMUSG00000034525	Ice1	protein_coding	16
ENSMUSG00000000804	Usp32	protein_coding	16
ENSMUSG00000034656	Cacna1a	protein_coding	16
ENSMUSG00000017781	Pitpna	protein_coding	16
ENSMUSG00000060992	Copz1	protein_coding	16
ENSMUSG00000012535	Tnpo3	protein_coding	16
ENSMUSG00000025905	Oprk1	protein_coding	16
ENSMUSG00000025900	Rp1	protein_coding	16
ENSMUSG00000072214	Septin5	protein_coding	16
ENSMUSG00000022247	Brix1	protein_coding	16
ENSMUSG00000044627	Swi5	protein_coding	16
ENSMUSG00000044715	Gskip	protein_coding	16
ENSMUSG00000025821	Zfp282	protein_coding	16
ENSMUSG00000025912	Mybl1	protein_coding	16
ENSMUSG00000025958	Creb1	protein_coding	16
ENSMUSG00000056342	Usp34	protein_coding	16
ENSMUSG00000044308	Ubr3	protein_coding	16
ENSMUSG00000025870	Arl10	protein_coding	16
ENSMUSG00000034685	Fam171a2	protein_coding	16
ENSMUSG00000023075	Akirin1	protein_coding	16
ENSMUSG00000030031	Kbtbd8	protein_coding	16
ENSMUSG00000029993	Nfu1	protein_coding	16
ENSMUSG00000034940	Synrg	protein_coding	16
ENSMUSG00000030061	Uba3	protein_coding	16
ENSMUSG00000023068	Nus1	protein_coding	16
ENSMUSG00000023066	Rttn	protein_coding	16
ENSMUSG00000023055	Calcoco1	protein_coding	16
ENSMUSG00000020886	Dlg4	protein_coding	16
ENSMUSG00000017837	Nkiras2	protein_coding	16
ENSMUSG00000029913	Prdm5	protein_coding	16
ENSMUSG00000078695	Cisd3	protein_coding	16
ENSMUSG00000089687	Rab42	protein_coding	16
ENSMUSG00000089682	Bcl2l2	protein_coding	16
ENSMUSG00000035151	Elmod2	protein_coding	16
ENSMUSG00000035139	Secisbp2	protein_coding	16
ENSMUSG00000035121	Neil2	protein_coding	16
ENSMUSG00000020680	Taf15	protein_coding	16
ENSMUSG00000049600	Zbtb45	protein_coding	16
ENSMUSG00000049598	Vsig8	protein_coding	16
ENSMUSG00000001323	Srr	protein_coding	16
ENSMUSG00000002968	Med25	protein_coding	16
ENSMUSG00000072845	Tmprss11a	protein_coding	16
ENSMUSG00000044055	Otos	protein_coding	16
ENSMUSG00000005936	Kctd20	protein_coding	16
ENSMUSG00000005917	Otx1	protein_coding	16
ENSMUSG00000020457	Drg1	protein_coding	16
ENSMUSG00000054545	Ugt1a6a	protein_coding	16
ENSMUSG00000054509	Parp4	protein_coding	16
ENSMUSG00000026141	Col19a1	protein_coding	16
ENSMUSG00000022212	Cpne6	protein_coding	16
ENSMUSG00000022209	Dhrs2	protein_coding	16
ENSMUSG00000023089	Ndufa5	protein_coding	16
ENSMUSG00000052293	Taf9	protein_coding	16
ENSMUSG00000078784	Rbis	protein_coding	16
ENSMUSG00000035228	Ccdc106	protein_coding	16
ENSMUSG00000035275	Raver2	protein_coding	16
ENSMUSG00000029861	Fam131b	protein_coding	16
ENSMUSG00000018166	Erbb3	protein_coding	16
ENSMUSG00000029775	Klhdc10	protein_coding	16
ENSMUSG00000060475	Wtap	protein_coding	16
ENSMUSG00000035355	Kcnh4	protein_coding	16
ENSMUSG00000069744	Psmb3	protein_coding	16
ENSMUSG00000069729	Arid1b	protein_coding	16
ENSMUSG00000049676	Catsperg1	protein_coding	16
ENSMUSG00000049658	Bdp1	protein_coding	16
ENSMUSG00000056648	Hoxb8	protein_coding	16
ENSMUSG00000043230	Fam124b	protein_coding	16
ENSMUSG00000006005	Tpr	protein_coding	16
ENSMUSG00000026116	Tmem131	protein_coding	16
ENSMUSG00000024365	Cyp21a1	protein_coding	16
ENSMUSG00000042625	Safb2	protein_coding	16
ENSMUSG00000042717	Ppp1r3a	protein_coding	16
ENSMUSG00000020115	Tbk1	protein_coding	16
ENSMUSG00000043019	Edem3	protein_coding	16
ENSMUSG00000011658	Fuz	protein_coding	16
ENSMUSG00000035403	Crb2	protein_coding	16
ENSMUSG00000029713	Gnb2	protein_coding	16
ENSMUSG00000000134	Tfe3	protein_coding	16
ENSMUSG00000089984	Fbxo24	protein_coding	16
ENSMUSG00000060445	Sycp2	protein_coding	16
ENSMUSG00000063760	Rnf217	protein_coding	16
ENSMUSG00000067616	Klk11	protein_coding	16
ENSMUSG00000035696	Rnf38	protein_coding	16
ENSMUSG00000035653	Lrfn5	protein_coding	16
ENSMUSG00000018286	Psmb6	protein_coding	16
ENSMUSG00000035805	Mlc1	protein_coding	16
ENSMUSG00000022175	Lrp10	protein_coding	16
ENSMUSG00000054582	Pabpc1l	protein_coding	16
ENSMUSG00000042372	Dmrt3	protein_coding	16
ENSMUSG00000042371	Slc5a10	protein_coding	16
ENSMUSG00000006276	Eps15l1	protein_coding	16
ENSMUSG00000042548	Asxl1	protein_coding	16
ENSMUSG00000002957	Ap2a2	protein_coding	16
ENSMUSG00000002930	Ppp1r17	protein_coding	16
ENSMUSG00000026420	Il24	protein_coding	16
ENSMUSG00000042605	Atxn2	protein_coding	16
ENSMUSG00000042595	Fam199x	protein_coding	16
ENSMUSG00000042589	Cux2	protein_coding	16
ENSMUSG00000042581	Thsd7b	protein_coding	16
ENSMUSG00000049960	Mrps16	protein_coding	16
ENSMUSG00000049848	Ceacam19	protein_coding	16
ENSMUSG00000042198	Chchd7	protein_coding	16
ENSMUSG00000042197	Zfp451	protein_coding	16
ENSMUSG00000042340	Ctf1	protein_coding	16
ENSMUSG00000042213	Zfand4	protein_coding	16
ENSMUSG00000026502	Desi2	protein_coding	16
ENSMUSG00000020783	Ncbp3	protein_coding	16
ENSMUSG00000035829	Ppp1r26	protein_coding	16
ENSMUSG00000068284	Usf3	protein_coding	16
ENSMUSG00000090100	Ttbk2	protein_coding	16
ENSMUSG00000029556	Hnf1a	protein_coding	16
ENSMUSG00000036052	Dnajb5	protein_coding	16
ENSMUSG00000029535	Triap1	protein_coding	16
ENSMUSG00000090061	Nwd2	protein_coding	16
ENSMUSG00000029559	2210016L21Rik	protein_coding	16
ENSMUSG00000036198	Arhgap36	protein_coding	16
ENSMUSG00000026692	Fmo4	protein_coding	16
ENSMUSG00000042102	Dmgdh	protein_coding	16
ENSMUSG00000026584	Scyl3	protein_coding	16
ENSMUSG00000020020	Usp44	protein_coding	16
ENSMUSG00000020070	Rufy2	protein_coding	16
ENSMUSG00000001280	Sp1	protein_coding	16
ENSMUSG00000022139	Mbnl2	protein_coding	16
ENSMUSG00000029410	Ppef2	protein_coding	16
ENSMUSG00000060212	Pcnx2	protein_coding	16
ENSMUSG00000018363	Smurf2	protein_coding	16
ENSMUSG00000078302	Foxd1	protein_coding	16
ENSMUSG00000078234	Klhdc7a	protein_coding	16
ENSMUSG00000050121	Opalin	protein_coding	16
ENSMUSG00000096914	Galntl6	protein_coding	16
ENSMUSG00000073725	Lmbrd1	protein_coding	16
ENSMUSG00000041815	Poldip3	protein_coding	16
ENSMUSG00000026740	Dnajc1	protein_coding	16
ENSMUSG00000051790	Nlgn2	protein_coding	16
ENSMUSG00000029290	Zfp326	protein_coding	16
ENSMUSG00000036779	Tent4b	protein_coding	16
ENSMUSG00000057667	Bloc1s3	protein_coding	16
ENSMUSG00000054453	Sytl5	protein_coding	16
ENSMUSG00000026885	Ttll11	protein_coding	16
ENSMUSG00000041375	Ccdc9	protein_coding	16
ENSMUSG00000006642	Tcf23	protein_coding	16
ENSMUSG00000041483	Zfp281	protein_coding	16
ENSMUSG00000018559	Ctdnep1	protein_coding	16
ENSMUSG00000029208	Guf1	protein_coding	16
ENSMUSG00000029205	Chrna9	protein_coding	16
ENSMUSG00000054091	Arln	protein_coding	16
ENSMUSG00000067578	Cbln4	protein_coding	16
ENSMUSG00000059820	Nkapd1	protein_coding	16
ENSMUSG00000029195	Klb	protein_coding	16
ENSMUSG00000036864	Proser3	protein_coding	16
ENSMUSG00000004070	Hmox2	protein_coding	16
ENSMUSG00000051695	Pcbp1	protein_coding	16
ENSMUSG00000023473	Celsr3	protein_coding	16
ENSMUSG00000036928	Stag3	protein_coding	16
ENSMUSG00000075593	Gal3st4	protein_coding	16
ENSMUSG00000037174	Elf2	protein_coding	16
ENSMUSG00000022035	Ccdc25	protein_coding	16
ENSMUSG00000006740	Kif5b	protein_coding	16
ENSMUSG00000019900	Rfx6	protein_coding	16
ENSMUSG00000027011	Ube2e3	protein_coding	16
ENSMUSG00000041096	Tspyl2	protein_coding	16
ENSMUSG00000041180	Hectd2	protein_coding	16
ENSMUSG00000026987	Baz2b	protein_coding	16
ENSMUSG00000022075	Rhobtb2	protein_coding	16
ENSMUSG00000037152	Ndufc1	protein_coding	16
ENSMUSG00000059742	Kcnh7	protein_coding	16
ENSMUSG00000028950	Tas1r1	protein_coding	16
ENSMUSG00000010110	Stx5a	protein_coding	16
ENSMUSG00000010086	Rnf112	protein_coding	16
ENSMUSG00000037315	Jade3	protein_coding	16
ENSMUSG00000024234	Mtpap	protein_coding	16
ENSMUSG00000000365	Rnf17	protein_coding	16
ENSMUSG00000040843	Tiprl	protein_coding	16
ENSMUSG00000040842	Szrd1	protein_coding	16
ENSMUSG00000040867	Begain	protein_coding	16
ENSMUSG00000001225	Slc26a3	protein_coding	16
ENSMUSG00000006717	Acot13	protein_coding	16
ENSMUSG00000027175	Tcp11l1	protein_coding	16
ENSMUSG00000003974	Grm3	protein_coding	16
ENSMUSG00000051490	Foxd4	protein_coding	16
ENSMUSG00000023918	Adgrf4	protein_coding	16
ENSMUSG00000023912	Slc25a27	protein_coding	16
ENSMUSG00000023904	Hcfc1r1	protein_coding	16
ENSMUSG00000059586	Nsmce2	protein_coding	16
ENSMUSG00000002052	Supt6	protein_coding	16
ENSMUSG00000021624	Cd180	protein_coding	16
ENSMUSG00000020848	Doc2b	protein_coding	16
ENSMUSG00000020847	Rph3al	protein_coding	16
ENSMUSG00000040423	Rc3h1	protein_coding	16
ENSMUSG00000069089	Cdk7	protein_coding	16
ENSMUSG00000040649	Rimklb	protein_coding	16
ENSMUSG00000040738	Ints8	protein_coding	16
ENSMUSG00000051234	Rnf7	protein_coding	16
ENSMUSG00000000435	Myf5	protein_coding	16
ENSMUSG00000000420	Galnt1	protein_coding	16
ENSMUSG00000028836	Slc30a2	protein_coding	16
ENSMUSG00000037808	Fam76b	protein_coding	16
ENSMUSG00000028729	Ebna1bp2	protein_coding	16
ENSMUSG00000028777	Gnat3	protein_coding	16
ENSMUSG00000027404	Snrpb	protein_coding	16
ENSMUSG00000003299	Mrpl4	protein_coding	16
ENSMUSG00000024208	Uqcc2	protein_coding	16
ENSMUSG00000027439	Gzf1	protein_coding	16
ENSMUSG00000074259	Gramd2a	protein_coding	16
ENSMUSG00000074238	Ap1ar	protein_coding	16
ENSMUSG00000040420	Cdh18	protein_coding	16
ENSMUSG00000040414	Slc25a28	protein_coding	16
ENSMUSG00000019831	Wasf1	protein_coding	16
ENSMUSG00000019828	Grm1	protein_coding	16
ENSMUSG00000037818	Abhd18	protein_coding	16
ENSMUSG00000051329	Nup160	protein_coding	16
ENSMUSG00000009555	Cdk9	protein_coding	16
ENSMUSG00000037977	6430571L13Rik	protein_coding	16
ENSMUSG00000118668	Rps6ka4	protein_coding	16
ENSMUSG00000059434	Gckr	protein_coding	16
ENSMUSG00000028707	Dmbx1	protein_coding	16
ENSMUSG00000038094	Atp13a4	protein_coding	16
ENSMUSG00000038084	Opa1	protein_coding	16
ENSMUSG00000028631	Kcnq4	protein_coding	16
ENSMUSG00000040258	Nxph4	protein_coding	16
ENSMUSG00000019803	Nr2e1	protein_coding	16
ENSMUSG00000027519	Rab22a	protein_coding	16
ENSMUSG00000019785	Clvs2	protein_coding	16
ENSMUSG00000115987	Vps28	protein_coding	16
ENSMUSG00000009216	Fam163b	protein_coding	16
ENSMUSG00000028563	Tm2d1	protein_coding	16
ENSMUSG00000018846	Pank3	protein_coding	16
ENSMUSG00000028514	Usp24	protein_coding	16
ENSMUSG00000028572	Hook1	protein_coding	16
ENSMUSG00000038342	Mlxip	protein_coding	16
ENSMUSG00000027763	Mbnl1	protein_coding	16
ENSMUSG00000050558	Prokr2	protein_coding	16
ENSMUSG00000068917	Clk2	protein_coding	16
ENSMUSG00000021893	Capn7	protein_coding	16
ENSMUSG00000039891	Txlnb	protein_coding	16
ENSMUSG00000027637	Rab5if	protein_coding	16
ENSMUSG00000040102	Klhl42	protein_coding	16
ENSMUSG00000027552	E2f5	protein_coding	16
ENSMUSG00000103897	Pcdhga8	protein_coding	16
ENSMUSG00000021782	Dlg5	protein_coding	16
ENSMUSG00000074925	Ptar1	protein_coding	16
ENSMUSG00000028403	Zdhhc21	protein_coding	16
ENSMUSG00000009093	Gstt4	protein_coding	16
ENSMUSG00000028398	Dmac1	protein_coding	16
ENSMUSG00000028360	Slc44a5	protein_coding	16
ENSMUSG00000028414	Fktn	protein_coding	16
ENSMUSG00000038540	Tmc3	protein_coding	16
ENSMUSG00000074513	Arfip1	protein_coding	16
ENSMUSG00000007880	Arid1a	protein_coding	16
ENSMUSG00000039741	Bahcc1	protein_coding	16
ENSMUSG00000039691	Tspan10	protein_coding	16
ENSMUSG00000027679	Dnajc19	protein_coding	16
ENSMUSG00000039852	Rere	protein_coding	16
ENSMUSG00000068798	Rap1a	protein_coding	16
ENSMUSG00000022715	Tmem114	protein_coding	16
ENSMUSG00000067261	Foxd3	protein_coding	16
ENSMUSG00000039488	Cntn5	protein_coding	16
ENSMUSG00000039477	Tnrc18	protein_coding	16
ENSMUSG00000039539	Sgcz	protein_coding	16
ENSMUSG00000039496	Cdnf	protein_coding	16
ENSMUSG00000021919	Chat	protein_coding	16
ENSMUSG00000039599	Fam149b	protein_coding	16
ENSMUSG00000068749	Psma5	protein_coding	16
ENSMUSG00000092074	Dynlt1a	protein_coding	16
ENSMUSG00000002748	Baz1b	protein_coding	16
ENSMUSG00000038745	Nlrp6	protein_coding	16
ENSMUSG00000038763	Alpk3	protein_coding	16
ENSMUSG00000050821	Fam131a	protein_coding	16
ENSMUSG00000028018	Gstcd	protein_coding	16
ENSMUSG00000039194	Rlbp1	protein_coding	16
ENSMUSG00000028042	Zbtb7b	protein_coding	16
ENSMUSG00000039318	Rab3gap2	protein_coding	16
ENSMUSG00000008200	Fnbp4	protein_coding	16
ENSMUSG00000064061	Dzip3	protein_coding	16
ENSMUSG00000058740	Kcnt1	protein_coding	16
ENSMUSG00000050856	Atp5me	protein_coding	16
ENSMUSG00000019178	Styxl1	protein_coding	16
ENSMUSG00000028236	Sdr16c5	protein_coding	16
ENSMUSG00000038880	Mrps34	protein_coding	16
ENSMUSG00000039005	Tlr4	protein_coding	16
ENSMUSG00000074695	Il22	protein_coding	16
ENSMUSG00000019461	Plscr3	protein_coding	16
ENSMUSG00000092607	Scnm1	protein_coding	16
ENSMUSG00000031772	Cntnap4	protein_coding	16
ENSMUSG00000031696	Vps35	protein_coding	16
ENSMUSG00000062785	Kcnc3	protein_coding	16
ENSMUSG00000062773	Tex101	protein_coding	16
ENSMUSG00000062762	Ei24	protein_coding	16
ENSMUSG00000031731	Ap1g1	protein_coding	16
ENSMUSG00000048485	Zbtb8b	protein_coding	16
ENSMUSG00000070385	Ampd1	protein_coding	16
ENSMUSG00000048332	Lhfpl6	protein_coding	16
ENSMUSG00000048503	Tlcd5	protein_coding	16
ENSMUSG00000002129	Sf3a1	protein_coding	16
ENSMUSG00000003190	Bcl2l12	protein_coding	15
ENSMUSG00000109864	Eid3	protein_coding	15
ENSMUSG00000048186	Bend7	protein_coding	15
ENSMUSG00000048108	Tmem72	protein_coding	15
ENSMUSG00000070394	Tmem256	protein_coding	15
ENSMUSG00000032079	Apoa5	protein_coding	15
ENSMUSG00000032215	Rsl24d1	protein_coding	15
ENSMUSG00000032292	Nr2e3	protein_coding	15
ENSMUSG00000024725	Ostf1	protein_coding	15
ENSMUSG00000038806	Sde2	protein_coding	15
ENSMUSG00000038932	Tcfl5	protein_coding	15
ENSMUSG00000074746	Pdzd8	protein_coding	15
ENSMUSG00000050954	Zfp169	protein_coding	15
ENSMUSG00000103567	Pcdhga5	protein_coding	15
ENSMUSG00000039000	Ube3c	protein_coding	15
ENSMUSG00000058626	Capn11	protein_coding	15
ENSMUSG00000028141	Oaz3	protein_coding	15
ENSMUSG00000038970	Lmtk2	protein_coding	15
ENSMUSG00000039057	Myo16	protein_coding	15
ENSMUSG00000028109	Hormad1	protein_coding	15
ENSMUSG00000039164	Naif1	protein_coding	15
ENSMUSG00000021789	Sftpa1	protein_coding	15
ENSMUSG00000092572	Serpinb10	protein_coding	15
ENSMUSG00000103088	Pcdhgb6	protein_coding	15
ENSMUSG00000050668	Gpatch11	protein_coding	15
ENSMUSG00000050663	Trhde	protein_coding	15
ENSMUSG00000027971	Ndst4	protein_coding	15
ENSMUSG00000074576	Mocs3	protein_coding	15
ENSMUSG00000027965	Olfm3	protein_coding	15
ENSMUSG00000027963	Extl2	protein_coding	15
ENSMUSG00000021832	Psmc6	protein_coding	15
ENSMUSG00000064127	Med14	protein_coding	15
ENSMUSG00000028256	Odf2l	protein_coding	15
ENSMUSG00000024095	Hnrnpll	protein_coding	15
ENSMUSG00000039801	Cplane1	protein_coding	15
ENSMUSG00000039376	Synpo2l	protein_coding	15
ENSMUSG00000039375	Wdr17	protein_coding	15
ENSMUSG00000003402	Prkcsh	protein_coding	15
ENSMUSG00000054237	Fra10ac1	protein_coding	15
ENSMUSG00000058488	Kl	protein_coding	15
ENSMUSG00000027867	Spag17	protein_coding	15
ENSMUSG00000024038	Ndufv3	protein_coding	15
ENSMUSG00000038567	Cyp24a1	protein_coding	15
ENSMUSG00000028344	Invs	protein_coding	15
ENSMUSG00000038705	Gmeb2	protein_coding	15
ENSMUSG00000038704	Aspdh	protein_coding	15
ENSMUSG00000074797	Itpa	protein_coding	15
ENSMUSG00000038717	Atp5mg	protein_coding	15
ENSMUSG00000038756	Ttll6	protein_coding	15
ENSMUSG00000038764	Ptpn3	protein_coding	15
ENSMUSG00000027652	Ralgapb	protein_coding	15
ENSMUSG00000019802	Sec63	protein_coding	15
ENSMUSG00000009076	Zmat5	protein_coding	15
ENSMUSG00000021774	Ube2e1	protein_coding	15
ENSMUSG00000058833	Rex1bd	protein_coding	15
ENSMUSG00000038446	Cdc40	protein_coding	15
ENSMUSG00000024122	Pdpk1	protein_coding	15
ENSMUSG00000004360	9330159F19Rik	protein_coding	15
ENSMUSG00000027831	Veph1	protein_coding	15
ENSMUSG00000027806	Tsc22d2	protein_coding	15
ENSMUSG00000094870	Zfp131	protein_coding	15
ENSMUSG00000094806	Cyp2d10	protein_coding	15
ENSMUSG00000027483	Bpifa1	protein_coding	15
ENSMUSG00000038141	Tmem181a	protein_coding	15
ENSMUSG00000038045	Sult6b1	protein_coding	15
ENSMUSG00000059263	Usp47	protein_coding	15
ENSMUSG00000091625	Lsm5	protein_coding	15
ENSMUSG00000028492	Saxo1	protein_coding	15
ENSMUSG00000028552	Eps15	protein_coding	15
ENSMUSG00000039830	Olig2	protein_coding	15
ENSMUSG00000058355	Abce1	protein_coding	15
ENSMUSG00000039904	Gpr37	protein_coding	15
ENSMUSG00000040351	Ankib1	protein_coding	15
ENSMUSG00000054387	Mdm4	protein_coding	15
ENSMUSG00000109228	Fam81b	protein_coding	15
ENSMUSG00000037890	Wdr19	protein_coding	15
ENSMUSG00000037992	Rara	protein_coding	15
ENSMUSG00000038005	Hpf1	protein_coding	15
ENSMUSG00000102758	Naaladl2	protein_coding	15
ENSMUSG00000007411	Mark3	protein_coding	15
ENSMUSG00000019782	Rwdd1	protein_coding	15
ENSMUSG00000040236	Trappc5	protein_coding	15
ENSMUSG00000040167	Ikzf5	protein_coding	15
ENSMUSG00000117310	Ptp4a1	protein_coding	15
ENSMUSG00000019804	Snx3	protein_coding	15
ENSMUSG00000040706	Agmat	protein_coding	15
ENSMUSG00000027233	Patl2	protein_coding	15
ENSMUSG00000027282	Mtch2	protein_coding	15
ENSMUSG00000027270	Lamp5	protein_coding	15
ENSMUSG00000023968	Crip3	protein_coding	15
ENSMUSG00000051235	Gen1	protein_coding	15
ENSMUSG00000028847	Trappc3	protein_coding	15
ENSMUSG00000037578	Pkd2l1	protein_coding	15
ENSMUSG00000037542	Aldh8a1	protein_coding	15
ENSMUSG00000037705	Tecta	protein_coding	15
ENSMUSG00000037737	Actrt3	protein_coding	15
ENSMUSG00000028822	Tmem50a	protein_coding	15
ENSMUSG00000028758	Kif17	protein_coding	15
ENSMUSG00000027184	Caprin1	protein_coding	15
ENSMUSG00000027180	Fbxo3	protein_coding	15
ENSMUSG00000064368	mt-Nd6	protein_coding	15
ENSMUSG00000002781	Tmem143	protein_coding	15
ENSMUSG00000001155	Ftcd	protein_coding	15
ENSMUSG00000051497	Kcnj16	protein_coding	15
ENSMUSG00000020544	Cox11	protein_coding	15
ENSMUSG00000037416	Dmxl1	protein_coding	15
ENSMUSG00000028879	Stx12	protein_coding	15
ENSMUSG00000009828	Cilk1	protein_coding	15
ENSMUSG00000037533	Rapgef6	protein_coding	15
ENSMUSG00000040481	Bptf	protein_coding	15
ENSMUSG00000050296	Abca12	protein_coding	15
ENSMUSG00000050423	Ppp1r3g	protein_coding	15
ENSMUSG00000050394	Armcx6	protein_coding	15
ENSMUSG00000022019	Tdrd3	protein_coding	15
ENSMUSG00000027104	Atf2	protein_coding	15
ENSMUSG00000041052	Slc7a13	protein_coding	15
ENSMUSG00000019907	Ppp1r12a	protein_coding	15
ENSMUSG00000096141	Dnah7a	protein_coding	15
ENSMUSG00000023826	Prkn	protein_coding	15
ENSMUSG00000090935	Synj2bp	protein_coding	15
ENSMUSG00000001027	Scn4a	protein_coding	15
ENSMUSG00000028999	Rint1	protein_coding	15
ENSMUSG00000028890	Mtf1	protein_coding	15
ENSMUSG00000037296	Lsm1	protein_coding	15
ENSMUSG00000028899	Taf12	protein_coding	15
ENSMUSG00000040729	Cep126	protein_coding	15
ENSMUSG00000019873	Reep3	protein_coding	15
ENSMUSG00000040774	Cept1	protein_coding	15
ENSMUSG00000021549	Rasa1	protein_coding	15
ENSMUSG00000029179	Zcchc4	protein_coding	15
ENSMUSG00000036907	C1ql2	protein_coding	15
ENSMUSG00000023460	Rab12	protein_coding	15
ENSMUSG00000029104	Htt	protein_coding	15
ENSMUSG00000029165	Agbl5	protein_coding	15
ENSMUSG00000036916	Zfp280c	protein_coding	15
ENSMUSG00000029072	Tas1r3	protein_coding	15
ENSMUSG00000021620	Acot12	protein_coding	15
ENSMUSG00000029047	Pex10	protein_coding	15
ENSMUSG00000029066	Mrpl20	protein_coding	15
ENSMUSG00000029064	Gnb1	protein_coding	15
ENSMUSG00000037111	Setd7	protein_coding	15
ENSMUSG00000019857	Asf1a	protein_coding	15
ENSMUSG00000050211	Pla2g4e	protein_coding	15
ENSMUSG00000022051	Bnip3l	protein_coding	15
ENSMUSG00000057572	Zbtb8os	protein_coding	15
ENSMUSG00000054362	Cimap2	protein_coding	15
ENSMUSG00000054452	Tle5	protein_coding	15
ENSMUSG00000026941	Mamdc4	protein_coding	15
ENSMUSG00000026918	Brd3	protein_coding	15
ENSMUSG00000026969	Cimip2a	protein_coding	15
ENSMUSG00000006469	Slc34a3	protein_coding	15
ENSMUSG00000041617	Ccdc74a	protein_coding	15
ENSMUSG00000018548	Trim37	protein_coding	15
ENSMUSG00000018547	Pip4k2b	protein_coding	15
ENSMUSG00000068479	Mfap1a	protein_coding	15
ENSMUSG00000022710	Usp7	protein_coding	15
ENSMUSG00000059956	Serpinb12	protein_coding	15
ENSMUSG00000057506	Bloc1s2	protein_coding	15
ENSMUSG00000041703	Zic5	protein_coding	15
ENSMUSG00000041702	Btbd7	protein_coding	15
ENSMUSG00000041697	Cox6a1	protein_coding	15
ENSMUSG00000026761	Orc4	protein_coding	15
ENSMUSG00000026755	Arpc5l	protein_coding	15
ENSMUSG00000000282	Mnt	protein_coding	15
ENSMUSG00000029337	Fgf5	protein_coding	15
ENSMUSG00000018449	Rpain	protein_coding	15
ENSMUSG00000060012	Kif13b	protein_coding	15
ENSMUSG00000029235	Pdcl2	protein_coding	15
ENSMUSG00000036698	Ago2	protein_coding	15
ENSMUSG00000026614	Slc30a10	protein_coding	15
ENSMUSG00000042064	Myo3b	protein_coding	15
ENSMUSG00000022096	Hr	protein_coding	15
ENSMUSG00000003872	Lin7b	protein_coding	15
ENSMUSG00000023170	Gps2	protein_coding	15
ENSMUSG00000068452	Duox2	protein_coding	15
ENSMUSG00000029458	Brap	protein_coding	15
ENSMUSG00000036202	Rif1	protein_coding	15
ENSMUSG00000021492	F12	protein_coding	15
ENSMUSG00000000560	Gabra2	protein_coding	15
ENSMUSG00000078235	Fam43b	protein_coding	15
ENSMUSG00000036510	Cdh8	protein_coding	15
ENSMUSG00000022668	Gtpbp8	protein_coding	15
ENSMUSG00000041644	Slc5a12	protein_coding	15
ENSMUSG00000024287	Thoc1	protein_coding	15
ENSMUSG00000042292	Mrtfa	protein_coding	15
ENSMUSG00000042408	Zmym6	protein_coding	15
ENSMUSG00000063804	Lin28b	protein_coding	15
ENSMUSG00000029545	Acads	protein_coding	15
ENSMUSG00000035958	Tdp2	protein_coding	15
ENSMUSG00000036062	Phf24	protein_coding	15
ENSMUSG00000029518	Rab35	protein_coding	15
ENSMUSG00000024309	Pfdn6	protein_coding	15
ENSMUSG00000024340	Btnl2	protein_coding	15
ENSMUSG00000026718	Stam	protein_coding	15
ENSMUSG00000041923	Nol4	protein_coding	15
ENSMUSG00000042096	Dao	protein_coding	15
ENSMUSG00000035615	Frmpd1	protein_coding	15
ENSMUSG00000035585	Tsen34	protein_coding	15
ENSMUSG00000035580	Kcnh8	protein_coding	15
ENSMUSG00000029660	Tex26	protein_coding	15
ENSMUSG00000029656	C8b	protein_coding	15
ENSMUSG00000063785	Utp14a	protein_coding	15
ENSMUSG00000029684	Wasl	protein_coding	15
ENSMUSG00000022765	Snap29	protein_coding	15
ENSMUSG00000029625	Cpsf4	protein_coding	15
ENSMUSG00000035781	R3hdm4	protein_coding	15
ENSMUSG00000035851	Ythdc1	protein_coding	15
ENSMUSG00000035890	Rnf126	protein_coding	15
ENSMUSG00000020673	Tpo	protein_coding	15
ENSMUSG00000026499	Acbd3	protein_coding	15
ENSMUSG00000057060	Slc35f3	protein_coding	15
ENSMUSG00000049882	Vcpkmt	protein_coding	15
ENSMUSG00000073008	Gpr174	protein_coding	15
ENSMUSG00000069808	Tlcd3a	protein_coding	15
ENSMUSG00000020734	Grin2c	protein_coding	15
ENSMUSG00000056755	Grm7	protein_coding	15
ENSMUSG00000042678	Myo15a	protein_coding	15
ENSMUSG00000042641	Rgsl1	protein_coding	15
ENSMUSG00000042626	Shc1	protein_coding	15
ENSMUSG00000026361	Cdc73	protein_coding	15
ENSMUSG00000020114	Cand1	protein_coding	15
ENSMUSG00000006216	Clcnkb	protein_coding	15
ENSMUSG00000003873	Bax	protein_coding	15
ENSMUSG00000035399	Oser1	protein_coding	15
ENSMUSG00000035530	Eif1	protein_coding	15
ENSMUSG00000035513	Ntng2	protein_coding	15
ENSMUSG00000025979	Mob4	protein_coding	15
ENSMUSG00000026103	Gls	protein_coding	15
ENSMUSG00000066232	Ipo7	protein_coding	15
ENSMUSG00000020171	Yeats4	protein_coding	15
ENSMUSG00000020166	Cnot2	protein_coding	15
ENSMUSG00000026062	Slc9a2	protein_coding	15
ENSMUSG00000035211	Xrra1	protein_coding	15
ENSMUSG00000018126	Baiap2l2	protein_coding	15
ENSMUSG00000035247	Hectd1	protein_coding	15
ENSMUSG00000002015	Bcap31	protein_coding	15
ENSMUSG00000056900	Usp13	protein_coding	15
ENSMUSG00000043013	Onecut1	protein_coding	15
ENSMUSG00000042870	Tom1	protein_coding	15
ENSMUSG00000022229	Atp12a	protein_coding	15
ENSMUSG00000030075	Cntn3	protein_coding	15
ENSMUSG00000034863	Ano8	protein_coding	15
ENSMUSG00000030050	Gkn1	protein_coding	15
ENSMUSG00000060843	Ctnna3	protein_coding	15
ENSMUSG00000068154	Insm1	protein_coding	15
ENSMUSG00000060621	Nkpd1	protein_coding	15
ENSMUSG00000026058	Khdrbs2	protein_coding	15
ENSMUSG00000001376	Vps50	protein_coding	15
ENSMUSG00000044056	Efcab9	protein_coding	15
ENSMUSG00000072676	Tmem254	protein_coding	15
ENSMUSG00000025991	Cps1	protein_coding	15
ENSMUSG00000025982	Sf3b1	protein_coding	15
ENSMUSG00000022312	Eif3h	protein_coding	15
ENSMUSG00000025781	Atp5f1c	protein_coding	15
ENSMUSG00000044067	Gpr22	protein_coding	15
ENSMUSG00000049288	Lix1l	protein_coding	15
ENSMUSG00000049439	Cyp20a1	protein_coding	15
ENSMUSG00000044224	Dnajc21	protein_coding	15
ENSMUSG00000072582	Ptrh2	protein_coding	15
ENSMUSG00000025940	Tmem70	protein_coding	15
ENSMUSG00000044365	Cxxc4	protein_coding	15
ENSMUSG00000012520	Phox2b	protein_coding	15
ENSMUSG00000052419	Smim30	protein_coding	15
ENSMUSG00000052562	Slc22a30	protein_coding	15
ENSMUSG00000034683	Ppp1r1c	protein_coding	15
ENSMUSG00000034341	Wbp2	protein_coding	15
ENSMUSG00000034334	Fam151b	protein_coding	15
ENSMUSG00000034362	Csta1	protein_coding	15
ENSMUSG00000034452	Slc24a1	protein_coding	15
ENSMUSG00000061130	Ppm1b	protein_coding	15
ENSMUSG00000021335	Slc17a1	protein_coding	15
ENSMUSG00000052631	Sh2d6	protein_coding	15
ENSMUSG00000034544	Rsrc1	protein_coding	15
ENSMUSG00000034522	Zfp395	protein_coding	15
ENSMUSG00000025862	Stag2	protein_coding	15
ENSMUSG00000025937	Lactb2	protein_coding	15
ENSMUSG00000024406	Pou5f1	protein_coding	15
ENSMUSG00000072244	Trim6	protein_coding	15
ENSMUSG00000044556	Tex38	protein_coding	15
ENSMUSG00000071659	Hnrnpul2	protein_coding	15
ENSMUSG00000025609	Mkln1	protein_coding	15
ENSMUSG00000020232	Hmg20b	protein_coding	15
ENSMUSG00000049176	Frmpd4	protein_coding	15
ENSMUSG00000003184	Irf3	protein_coding	15
ENSMUSG00000020219	Timm13	protein_coding	15
ENSMUSG00000034206	Polq	protein_coding	15
ENSMUSG00000034075	Zdhhc5	protein_coding	15
ENSMUSG00000013662	Atad1	protein_coding	15
ENSMUSG00000034211	Mrps17	protein_coding	15
ENSMUSG00000021374	Nup153	protein_coding	15
ENSMUSG00000025557	Slc15a1	protein_coding	15
ENSMUSG00000066438	Plekhd1	protein_coding	15
ENSMUSG00000001441	Npepps	protein_coding	15
ENSMUSG00000068040	Tm9sf4	protein_coding	15
ENSMUSG00000000617	Grm6	protein_coding	15
ENSMUSG00000013973	Dedd	protein_coding	15
ENSMUSG00000033855	Ston1	protein_coding	15
ENSMUSG00000030617	Ccdc83	protein_coding	15
ENSMUSG00000034057	Myrfl	protein_coding	15
ENSMUSG00000061298	Agbl4	protein_coding	15
ENSMUSG00000049252	Lrp1b	protein_coding	15
ENSMUSG00000049241	Hcar1	protein_coding	15
ENSMUSG00000024487	Yipf5	protein_coding	15
ENSMUSG00000025665	Rps6ka6	protein_coding	15
ENSMUSG00000025745	Hadha	protein_coding	15
ENSMUSG00000045498	Pcdhb3	protein_coding	15
ENSMUSG00000045655	Fam216b	protein_coding	15
ENSMUSG00000005510	Ndufs3	protein_coding	15
ENSMUSG00000071392	Ect2l	protein_coding	15
ENSMUSG00000025464	Paox	protein_coding	15
ENSMUSG00000021223	Papln	protein_coding	15
ENSMUSG00000017188	Coa3	protein_coding	15
ENSMUSG00000033342	Plppr5	protein_coding	15
ENSMUSG00000016831	Tox4	protein_coding	15
ENSMUSG00000030788	Rnf141	protein_coding	15
ENSMUSG00000014177	Tvp23b	protein_coding	15
ENSMUSG00000061613	U2af1	protein_coding	15
ENSMUSG00000061689	Dlgap4	protein_coding	15
ENSMUSG00000021248	Tmed10	protein_coding	15
ENSMUSG00000025580	Eif4a3	protein_coding	15
ENSMUSG00000022553	Maf1	protein_coding	15
ENSMUSG00000045967	Gpr158	protein_coding	15
ENSMUSG00000025437	Usp33	protein_coding	15
ENSMUSG00000055730	Ces2a	protein_coding	15
ENSMUSG00000025229	Pitx3	protein_coding	15
ENSMUSG00000061742	Slc22a12	protein_coding	15
ENSMUSG00000033166	Dis3	protein_coding	15
ENSMUSG00000033228	Scaf11	protein_coding	15
ENSMUSG00000033111	Cep15	protein_coding	15
ENSMUSG00000033276	Stk36	protein_coding	15
ENSMUSG00000033382	Trappc8	protein_coding	15
ENSMUSG00000048834	Vstm2a	protein_coding	15
ENSMUSG00000071172	Srsf3	protein_coding	15
ENSMUSG00000046460	Sh2d7	protein_coding	15
ENSMUSG00000046589	Lrrc8e	protein_coding	15
ENSMUSG00000025220	Oga	protein_coding	15
ENSMUSG00000025216	Lbx1	protein_coding	15
ENSMUSG00000071072	Ptges3	protein_coding	15
ENSMUSG00000046637	Ttc34	protein_coding	15
ENSMUSG00000020634	Ubxn2a	protein_coding	15
ENSMUSG00000032624	Eml4	protein_coding	15
ENSMUSG00000032718	Mansc1	protein_coding	15
ENSMUSG00000032897	Nfyc	protein_coding	15
ENSMUSG00000021178	Psmc1	protein_coding	15
ENSMUSG00000048939	Atp13a5	protein_coding	15
ENSMUSG00000048763	Hoxb3	protein_coding	15
ENSMUSG00000046782	Ttc6	protein_coding	15
ENSMUSG00000055632	Hmcn2	protein_coding	15
ENSMUSG00000053774	Ubxn7	protein_coding	15
ENSMUSG00000053747	Sox14	protein_coding	15
ENSMUSG00000031246	Sh3bgrl	protein_coding	15
ENSMUSG00000032517	Mobp	protein_coding	15
ENSMUSG00000032607	Amt	protein_coding	15
ENSMUSG00000031165	Was	protein_coding	15
ENSMUSG00000021103	Mnat1	protein_coding	15
ENSMUSG00000048904	Neurog1	protein_coding	15
ENSMUSG00000001655	Hoxc13	protein_coding	15
ENSMUSG00000070697	Utp3	protein_coding	15
ENSMUSG00000024978	Gpam	protein_coding	15
ENSMUSG00000047495	Dlgap2	protein_coding	15
ENSMUSG00000024925	Rnaseh2c	protein_coding	15
ENSMUSG00000047515	BC049715	protein_coding	15
ENSMUSG00000032314	Etfa	protein_coding	15
ENSMUSG00000015290	Ubl4a	protein_coding	15
ENSMUSG00000031382	Asb11	protein_coding	15
ENSMUSG00000079608	Stard6	protein_coding	15
ENSMUSG00000014856	Tmem208	protein_coding	15
ENSMUSG00000055762	Eef1d	protein_coding	15
ENSMUSG00000020720	Psmd12	protein_coding	15
ENSMUSG00000020300	Cpeb4	protein_coding	15
ENSMUSG00000046854	Pip5kl1	protein_coding	15
ENSMUSG00000047686	Rtl3	protein_coding	15
ENSMUSG00000020701	Tmem132e	protein_coding	15
ENSMUSG00000070524	Fcrlb	protein_coding	15
ENSMUSG00000020366	Mapk9	protein_coding	15
ENSMUSG00000047897	Ripply2	protein_coding	15
ENSMUSG00000016344	Ppdpf	protein_coding	15
ENSMUSG00000031445	Proz	protein_coding	15
ENSMUSG00000015214	Mtmr1	protein_coding	15
ENSMUSG00000016427	Ndufa1	protein_coding	15
ENSMUSG00000032301	Psma4	protein_coding	15
ENSMUSG00000047171	Helt	protein_coding	15
ENSMUSG00000025040	Fundc1	protein_coding	15
ENSMUSG00000053565	Eif3k	protein_coding	15
ENSMUSG00000067873	Htatsf1	protein_coding	15
ENSMUSG00000085007	Smim43	protein_coding	15
ENSMUSG00000021039	Snw1	protein_coding	15
ENSMUSG00000031590	Frg1	protein_coding	15
ENSMUSG00000031583	Wrn	protein_coding	15
ENSMUSG00000031568	Rwdd4a	protein_coding	15
ENSMUSG00000032030	Cul5	protein_coding	15
ENSMUSG00000032096	Arcn1	protein_coding	15
ENSMUSG00000015757	Ppil4	protein_coding	15
ENSMUSG00000031861	Lpar2	protein_coding	15
ENSMUSG00000031820	Babam1	protein_coding	15
ENSMUSG00000020993	Trappc6b	protein_coding	15
ENSMUSG00000021024	Psma6	protein_coding	15
ENSMUSG00000031921	Terf2	protein_coding	15
ENSMUSG00000020335	Zfp354b	protein_coding	15
ENSMUSG00000004936	Map2k1	protein_coding	15
ENSMUSG00000070337	Gpr179	protein_coding	15
ENSMUSG00000024759	Atl3	protein_coding	15
ENSMUSG00000003226	Ranbp2	protein_coding	15
ENSMUSG00000021012	Zc3h14	protein_coding	15
ENSMUSG00000000126	Wnt9a	protein_coding	14
ENSMUSG00000031796	Cfap20	protein_coding	14
ENSMUSG00000015787	Abo	protein_coding	14
ENSMUSG00000053453	Thoc7	protein_coding	14
ENSMUSG00000031976	Urb2	protein_coding	14
ENSMUSG00000020950	Foxg1	protein_coding	14
ENSMUSG00000031970	Dbndd1	protein_coding	14
ENSMUSG00000031601	Cnot7	protein_coding	14
ENSMUSG00000001819	Hoxd13	protein_coding	14
ENSMUSG00000001833	Septin7	protein_coding	14
ENSMUSG00000053153	Spag16	protein_coding	14
ENSMUSG00000020639	Pfn4	protein_coding	14
ENSMUSG00000031536	Polb	protein_coding	14
ENSMUSG00000032042	Srpra	protein_coding	14
ENSMUSG00000032101	Ddx25	protein_coding	14
ENSMUSG00000031549	Ido2	protein_coding	14
ENSMUSG00000023027	Atf1	protein_coding	14
ENSMUSG00000023033	Scn8a	protein_coding	14
ENSMUSG00000085576	Dpy19l2	protein_coding	14
ENSMUSG00000031513	Leprotl1	protein_coding	14
ENSMUSG00000032288	Imp3	protein_coding	14
ENSMUSG00000032295	Man2c1	protein_coding	14
ENSMUSG00000031397	Tktl1	protein_coding	14
ENSMUSG00000032338	Hcn4	protein_coding	14
ENSMUSG00000032343	Impg1	protein_coding	14
ENSMUSG00000032370	Lactb	protein_coding	14
ENSMUSG00000021124	Vti1b	protein_coding	14
ENSMUSG00000021076	Actr10	protein_coding	14
ENSMUSG00000051726	Kcnf1	protein_coding	14
ENSMUSG00000051590	Map3k19	protein_coding	14
ENSMUSG00000020530	Ggnbp2	protein_coding	14
ENSMUSG00000023791	Pigx	protein_coding	14
ENSMUSG00000068428	Gmnc	protein_coding	14
ENSMUSG00000032410	Xrn1	protein_coding	14
ENSMUSG00000014956	Ppp1cb	protein_coding	14
ENSMUSG00000032469	Dbr1	protein_coding	14
ENSMUSG00000062252	Lhfpl5	protein_coding	14
ENSMUSG00000063273	Naa15	protein_coding	14
ENSMUSG00000079560	Hoxa3	protein_coding	14
ENSMUSG00000086228	Ubap1l	protein_coding	14
ENSMUSG00000086277	4930558K02Rik	protein_coding	14
ENSMUSG00000031224	Magee2	protein_coding	14
ENSMUSG00000031163	Glod5	protein_coding	14
ENSMUSG00000020913	Krt24	protein_coding	14
ENSMUSG00000051279	Gdf6	protein_coding	14
ENSMUSG00000068739	Sars1	protein_coding	14
ENSMUSG00000022752	Tomm70a	protein_coding	14
ENSMUSG00000022755	Adgrg7	protein_coding	14
ENSMUSG00000031154	Otud5	protein_coding	14
ENSMUSG00000031158	Timm17b	protein_coding	14
ENSMUSG00000031095	Cul4b	protein_coding	14
ENSMUSG00000062209	Erbb4	protein_coding	14
ENSMUSG00000001687	Ubl3	protein_coding	14
ENSMUSG00000024026	Glo1	protein_coding	14
ENSMUSG00000004263	Atn1	protein_coding	14
ENSMUSG00000020935	Dcakd	protein_coding	14
ENSMUSG00000033159	Cnppd1	protein_coding	14
ENSMUSG00000030963	Umod	protein_coding	14
ENSMUSG00000030866	Ern2	protein_coding	14
ENSMUSG00000030805	Stx4a	protein_coding	14
ENSMUSG00000033182	Kbtbd12	protein_coding	14
ENSMUSG00000033237	Arid2	protein_coding	14
ENSMUSG00000033256	Shf	protein_coding	14
ENSMUSG00000014498	Ankrd52	protein_coding	14
ENSMUSG00000030842	Lamtor1	protein_coding	14
ENSMUSG00000050714	Zbtb26	protein_coding	14
ENSMUSG00000024099	Ndufv2	protein_coding	14
ENSMUSG00000030722	Nfatc2ip	protein_coding	14
ENSMUSG00000079283	2310009B15Rik	protein_coding	14
ENSMUSG00000061578	Ksr2	protein_coding	14
ENSMUSG00000033569	Adgrb3	protein_coding	14
ENSMUSG00000017291	Taok1	protein_coding	14
ENSMUSG00000033763	Mtss2	protein_coding	14
ENSMUSG00000030611	Mrps11	protein_coding	14
ENSMUSG00000021254	Gpatch2l	protein_coding	14
ENSMUSG00000030583	Sipa1l3	protein_coding	14
ENSMUSG00000030584	Dpf1	protein_coding	14
ENSMUSG00000067194	Eif1ax	protein_coding	14
ENSMUSG00000024286	Ccny	protein_coding	14
ENSMUSG00000069114	Zbtb10	protein_coding	14
ENSMUSG00000024194	Cuta	protein_coding	14
ENSMUSG00000022706	Mrpl40	protein_coding	14
ENSMUSG00000030532	Hddc3	protein_coding	14
ENSMUSG00000034009	Rxfp1	protein_coding	14
ENSMUSG00000034059	Ypel4	protein_coding	14
ENSMUSG00000079084	Ccdc82	protein_coding	14
ENSMUSG00000034098	Fstl5	protein_coding	14
ENSMUSG00000030525	Chrna7	protein_coding	14
ENSMUSG00000069495	Epc2	protein_coding	14
ENSMUSG00000050017	Pitpnb	protein_coding	14
ENSMUSG00000000708	Kat2b	protein_coding	14
ENSMUSG00000034382	AI661453	protein_coding	14
ENSMUSG00000034480	Diaph2	protein_coding	14
ENSMUSG00000034487	Poglut3	protein_coding	14
ENSMUSG00000030188	Magohb	protein_coding	14
ENSMUSG00000017679	Ttpal	protein_coding	14
ENSMUSG00000030219	Erp27	protein_coding	14
ENSMUSG00000000826	Dnajc5	protein_coding	14
ENSMUSG00000063659	Zbtb18	protein_coding	14
ENSMUSG00000017778	Cox7c	protein_coding	14
ENSMUSG00000024290	Rock1	protein_coding	14
ENSMUSG00000034818	Celf5	protein_coding	14
ENSMUSG00000060739	Nsa2	protein_coding	14
ENSMUSG00000035031	C8a	protein_coding	14
ENSMUSG00000012396	Nanog	protein_coding	14
ENSMUSG00000029840	Mtpn	protein_coding	14
ENSMUSG00000035125	Gcfc2	protein_coding	14
ENSMUSG00000089669	Tnfsf13	protein_coding	14
ENSMUSG00000060601	Nr1h2	protein_coding	14
ENSMUSG00000024472	Dcp2	protein_coding	14
ENSMUSG00000049537	Tecrl	protein_coding	14
ENSMUSG00000049387	Cox7b2	protein_coding	14
ENSMUSG00000024446	Rpp21	protein_coding	14
ENSMUSG00000020682	Mmp28	protein_coding	14
ENSMUSG00000054679	Srsf12	protein_coding	14
ENSMUSG00000018160	Med1	protein_coding	14
ENSMUSG00000035298	Klhl35	protein_coding	14
ENSMUSG00000078676	Casc3	protein_coding	14
ENSMUSG00000049097	Ankrd34a	protein_coding	14
ENSMUSG00000035597	Prpf39	protein_coding	14
ENSMUSG00000035621	Midn	protein_coding	14
ENSMUSG00000029697	Fezf1	protein_coding	14
ENSMUSG00000029640	Usp12	protein_coding	14
ENSMUSG00000029607	Ankrd61	protein_coding	14
ENSMUSG00000035847	Ids	protein_coding	14
ENSMUSG00000063800	Prpf38a	protein_coding	14
ENSMUSG00000036196	Slc26a8	protein_coding	14
ENSMUSG00000029427	Zcchc8	protein_coding	14
ENSMUSG00000029431	B3gnt4	protein_coding	14
ENSMUSG00000029420	Rimbp2	protein_coding	14
ENSMUSG00000060180	Myh13	protein_coding	14
ENSMUSG00000029402	Snrnp35	protein_coding	14
ENSMUSG00000001670	Tat	protein_coding	14
ENSMUSG00000024603	Dctn4	protein_coding	14
ENSMUSG00000024527	Afg3l2	protein_coding	14
ENSMUSG00000024483	Ankhd1	protein_coding	14
ENSMUSG00000024491	Rbm27	protein_coding	14
ENSMUSG00000036323	Srp72	protein_coding	14
ENSMUSG00000036513	Commd2	protein_coding	14
ENSMUSG00000029369	Afm	protein_coding	14
ENSMUSG00000036557	Stpg4	protein_coding	14
ENSMUSG00000036572	Upf3b	protein_coding	14
ENSMUSG00000036550	Cnot1	protein_coding	14
ENSMUSG00000029279	Brdt	protein_coding	14
ENSMUSG00000029229	Chic2	protein_coding	14
ENSMUSG00000090273	Prr22	protein_coding	14
ENSMUSG00000021548	Ccnh	protein_coding	14
ENSMUSG00000059816	Shisal2a	protein_coding	14
ENSMUSG00000036853	Mcoln3	protein_coding	14
ENSMUSG00000036860	Mrpl55	protein_coding	14
ENSMUSG00000054999	Naaladl1	protein_coding	14
ENSMUSG00000070323	Mmp27	protein_coding	14
ENSMUSG00000048528	Nkx1-2	protein_coding	14
ENSMUSG00000020386	Sar1b	protein_coding	14
ENSMUSG00000048720	Tbc1d12	protein_coding	14
ENSMUSG00000054976	Nyap2	protein_coding	14
ENSMUSG00000001661	Hoxc6	protein_coding	14
ENSMUSG00000036800	Fam135b	protein_coding	14
ENSMUSG00000029169	Dhx15	protein_coding	14
ENSMUSG00000036957	Lrfn3	protein_coding	14
ENSMUSG00000029155	Spata18	protein_coding	14
ENSMUSG00000036977	Anapc10	protein_coding	14
ENSMUSG00000029074	Ttll10	protein_coding	14
ENSMUSG00000021611	Tert	protein_coding	14
ENSMUSG00000048379	Socs4	protein_coding	14
ENSMUSG00000024749	Tmc1	protein_coding	14
ENSMUSG00000037185	Krt80	protein_coding	14
ENSMUSG00000037210	Fam193a	protein_coding	14
ENSMUSG00000037239	Spred3	protein_coding	14
ENSMUSG00000063952	Brpf3	protein_coding	14
ENSMUSG00000028972	Car6	protein_coding	14
ENSMUSG00000037270	Bltp1	protein_coding	14
ENSMUSG00000028960	Ube4b	protein_coding	14
ENSMUSG00000028830	AU040320	protein_coding	14
ENSMUSG00000048109	Rbm15	protein_coding	14
ENSMUSG00000048148	Nwd1	protein_coding	14
ENSMUSG00000004939	Nmrk2	protein_coding	14
ENSMUSG00000048329	Mfsd6l	protein_coding	14
ENSMUSG00000037674	Rfx7	protein_coding	14
ENSMUSG00000037703	Lzts3	protein_coding	14
ENSMUSG00000037727	Avp	protein_coding	14
ENSMUSG00000009670	Tex11	protein_coding	14
ENSMUSG00000009734	Pou6f2	protein_coding	14
ENSMUSG00000059481	Plg	protein_coding	14
ENSMUSG00000047773	Ankfn1	protein_coding	14
ENSMUSG00000047658	Gal3st3	protein_coding	14
ENSMUSG00000047804	Akap10	protein_coding	14
ENSMUSG00000028753	Vwa5b1	protein_coding	14
ENSMUSG00000037953	A4gnt	protein_coding	14
ENSMUSG00000091512	Lamtor3	protein_coding	14
ENSMUSG00000075272	Ift70a2	protein_coding	14
ENSMUSG00000037973	Itprid1	protein_coding	14
ENSMUSG00000028656	Cap1	protein_coding	14
ENSMUSG00000028646	Rragc	protein_coding	14
ENSMUSG00000059273	Zc3h4	protein_coding	14
ENSMUSG00000059278	Naa38	protein_coding	14
ENSMUSG00000059077	Pth	protein_coding	14
ENSMUSG00000099083	Atf7	protein_coding	14
ENSMUSG00000024862	Klc2	protein_coding	14
ENSMUSG00000047694	Yipf6	protein_coding	14
ENSMUSG00000055239	Kcmf1	protein_coding	14
ENSMUSG00000024826	Dpf2	protein_coding	14
ENSMUSG00000028577	Plaa	protein_coding	14
ENSMUSG00000028468	Rgp1	protein_coding	14
ENSMUSG00000021730	Hcn1	protein_coding	14
ENSMUSG00000038482	Tfdp1	protein_coding	14
ENSMUSG00000008874	Clec3a	protein_coding	14
ENSMUSG00000005204	Senp3	protein_coding	14
ENSMUSG00000070777	Ceacam20	protein_coding	14
ENSMUSG00000047502	Mroh7	protein_coding	14
ENSMUSG00000008976	Gabpa	protein_coding	14
ENSMUSG00000092094	Zfp804b	protein_coding	14
ENSMUSG00000002741	Ykt6	protein_coding	14
ENSMUSG00000028246	Faxc	protein_coding	14
ENSMUSG00000038762	Abcf1	protein_coding	14
ENSMUSG00000038765	Lmx1b	protein_coding	14
ENSMUSG00000038836	Agbl3	protein_coding	14
ENSMUSG00000038777	Sema6c	protein_coding	14
ENSMUSG00000021824	Ap3m1	protein_coding	14
ENSMUSG00000020821	Kif1c	protein_coding	14
ENSMUSG00000028221	Pip4p2	protein_coding	14
ENSMUSG00000025035	Arl3	protein_coding	14
ENSMUSG00000025038	Efhc2	protein_coding	14
ENSMUSG00000024983	Vti1a	protein_coding	14
ENSMUSG00000028187	Rpf1	protein_coding	14
ENSMUSG00000028182	Lrriq3	protein_coding	14
ENSMUSG00000019158	Tmem160	protein_coding	14
ENSMUSG00000025195	Dnmbp	protein_coding	14
ENSMUSG00000046806	Cyren	protein_coding	14
ENSMUSG00000025128	Bhlhe22	protein_coding	14
ENSMUSG00000047013	Fbxo41	protein_coding	14
ENSMUSG00000028029	Aimp1	protein_coding	14
ENSMUSG00000074639	Rdh16f2	protein_coding	14
ENSMUSG00000039187	Fanci	protein_coding	14
ENSMUSG00000008028	1700008O03Rik	protein_coding	14
ENSMUSG00000027944	Hax1	protein_coding	14
ENSMUSG00000093989	Rnasek	protein_coding	14
ENSMUSG00000027854	Sike1	protein_coding	14
ENSMUSG00000027881	Prpf38b	protein_coding	14
ENSMUSG00000058446	Znrf2	protein_coding	14
ENSMUSG00000020831	Bacc1	protein_coding	14
ENSMUSG00000039577	Nphp4	protein_coding	14
ENSMUSG00000027876	Reg4	protein_coding	14
ENSMUSG00000046378	Asphd1	protein_coding	14
ENSMUSG00000025240	Sacm1l	protein_coding	14
ENSMUSG00000025234	Arih1	protein_coding	14
ENSMUSG00000039737	Prkrip1	protein_coding	14
ENSMUSG00000039756	Dnttip2	protein_coding	14
ENSMUSG00000094686	Ccl21a	protein_coding	14
ENSMUSG00000074397	Foxr1	protein_coding	14
ENSMUSG00000019726	Lyst	protein_coding	14
ENSMUSG00000040021	Lats1	protein_coding	14
ENSMUSG00000040048	Ndufb10	protein_coding	14
ENSMUSG00000040054	Baz2a	protein_coding	14
ENSMUSG00000027584	Oprl1	protein_coding	14
ENSMUSG00000021945	Zmym2	protein_coding	14
ENSMUSG00000046139	Patl1	protein_coding	14
ENSMUSG00000046169	Adamts6	protein_coding	14
ENSMUSG00000025374	Nabp2	protein_coding	14
ENSMUSG00000055865	Tafa3	protein_coding	14
ENSMUSG00000040205	Cuzd1	protein_coding	14
ENSMUSG00000095139	Pou3f2	protein_coding	14
ENSMUSG00000007594	Hapln4	protein_coding	14
ENSMUSG00000027434	Nkx2-2	protein_coding	14
ENSMUSG00000040383	Aqr	protein_coding	14
ENSMUSG00000027363	Usp8	protein_coding	14
ENSMUSG00000027365	Trpm7	protein_coding	14
ENSMUSG00000040424	Hipk4	protein_coding	14
ENSMUSG00000040446	Rprd1a	protein_coding	14
ENSMUSG00000007033	Hspa1l	protein_coding	14
ENSMUSG00000027384	Ndufaf5	protein_coding	14
ENSMUSG00000021973	Micu2	protein_coding	14
ENSMUSG00000027374	Mrps5	protein_coding	14
ENSMUSG00000027353	Mcm8	protein_coding	14
ENSMUSG00000025425	St8sia5	protein_coding	14
ENSMUSG00000025352	Gdf11	protein_coding	14
ENSMUSG00000025354	Dnajc14	protein_coding	14
ENSMUSG00000046082	Tmem174	protein_coding	14
ENSMUSG00000019837	Gtf3c6	protein_coding	14
ENSMUSG00000040693	Slco4c1	protein_coding	14
ENSMUSG00000040782	Cop1	protein_coding	14
ENSMUSG00000022024	Sugt1	protein_coding	14
ENSMUSG00000040822	1700123O20Rik	protein_coding	14
ENSMUSG00000040761	Spen	protein_coding	14
ENSMUSG00000045515	Pou3f3	protein_coding	14
ENSMUSG00000045624	Esf1	protein_coding	14
ENSMUSG00000045671	Spred2	protein_coding	14
ENSMUSG00000025487	Psmd13	protein_coding	14
ENSMUSG00000027209	Fam227b	protein_coding	14
ENSMUSG00000040935	Padi6	protein_coding	14
ENSMUSG00000040940	Arhgef1	protein_coding	14
ENSMUSG00000040875	Osbpl10	protein_coding	14
ENSMUSG00000022039	Adam2	protein_coding	14
ENSMUSG00000057716	Tmem178b	protein_coding	14
ENSMUSG00000025787	Tgm4	protein_coding	14
ENSMUSG00000045106	Ccdc73	protein_coding	14
ENSMUSG00000025726	Slc28a1	protein_coding	14
ENSMUSG00000066364	Serpina3b	protein_coding	14
ENSMUSG00000066442	Mthfs	protein_coding	14
ENSMUSG00000096146	Kcnj11	protein_coding	14
ENSMUSG00000074028	Slc22a13	protein_coding	14
ENSMUSG00000041248	Kcnj1	protein_coding	14
ENSMUSG00000022064	Pibf1	protein_coding	14
ENSMUSG00000026984	Il36a	protein_coding	14
ENSMUSG00000006649	Nphs1	protein_coding	14
ENSMUSG00000041565	L3mbtl4	protein_coding	14
ENSMUSG00000041609	Bicdl1	protein_coding	14
ENSMUSG00000026805	Barhl1	protein_coding	14
ENSMUSG00000026851	BC005624	protein_coding	14
ENSMUSG00000044701	Il27	protein_coding	14
ENSMUSG00000044835	Ankrd45	protein_coding	14
ENSMUSG00000056162	Cndp1	protein_coding	14
ENSMUSG00000056216	Cebpg	protein_coding	14
ENSMUSG00000071647	Eml3	protein_coding	14
ENSMUSG00000041708	Mpped1	protein_coding	14
ENSMUSG00000026782	Abi2	protein_coding	14
ENSMUSG00000041769	Ppp2r2d	protein_coding	14
ENSMUSG00000041846	Ppp4r3a	protein_coding	14
ENSMUSG00000020022	Ndufa12	protein_coding	14
ENSMUSG00000020037	Rfx4	protein_coding	14
ENSMUSG00000025920	Stau2	protein_coding	14
ENSMUSG00000005804	Bloc1s6	protein_coding	14
ENSMUSG00000044378	Slc15a5	protein_coding	14
ENSMUSG00000056271	Lman1l	protein_coding	14
ENSMUSG00000041997	Tlk1	protein_coding	14
ENSMUSG00000042041	2010003K11Rik	protein_coding	14
ENSMUSG00000006423	Steep1	protein_coding	14
ENSMUSG00000042078	Svop	protein_coding	14
ENSMUSG00000073514	Dok6	protein_coding	14
ENSMUSG00000073551	Spink13	protein_coding	14
ENSMUSG00000042121	Ssh1	protein_coding	14
ENSMUSG00000022124	Fbxl3	protein_coding	14
ENSMUSG00000026017	Carf	protein_coding	14
ENSMUSG00000025971	Maip1	protein_coding	14
ENSMUSG00000056380	Gpr50	protein_coding	14
ENSMUSG00000056258	Kcnq3	protein_coding	14
ENSMUSG00000056260	Lrif1	protein_coding	14
ENSMUSG00000042298	Ttc19	protein_coding	14
ENSMUSG00000026542	Apcs	protein_coding	14
ENSMUSG00000042423	Fbrs	protein_coding	14
ENSMUSG00000002006	Pdzd4	protein_coding	14
ENSMUSG00000020169	Best3	protein_coding	14
ENSMUSG00000026034	Clk1	protein_coding	14
ENSMUSG00000020107	Anapc16	protein_coding	14
ENSMUSG00000006191	Cdkal1	protein_coding	14
ENSMUSG00000026239	Pde6d	protein_coding	14
ENSMUSG00000022228	Zscan26	protein_coding	14
ENSMUSG00000043286	Pnpla1	protein_coding	14
ENSMUSG00000043410	Hfm1	protein_coding	14
ENSMUSG00000022248	Rad1	protein_coding	14
ENSMUSG00000085272	Sbk3	protein_coding	14
ENSMUSG00000015804	Med28	protein_coding	14
ENSMUSG00000031691	Tnpo2	protein_coding	14
ENSMUSG00000031853	Map3k21	protein_coding	14
ENSMUSG00000022884	Eif4a2	protein_coding	14
ENSMUSG00000053253	Ndfip2	protein_coding	14
ENSMUSG00000001774	Chordc1	protein_coding	14
ENSMUSG00000053465	Hs6st3	protein_coding	14
ENSMUSG00000022809	Nr1i2	protein_coding	14
ENSMUSG00000067795	4930444P10Rik	protein_coding	14
ENSMUSG00000031783	Polr2c	protein_coding	13
ENSMUSG00000031552	Adam18	protein_coding	13
ENSMUSG00000031535	Dkk4	protein_coding	13
ENSMUSG00000021090	Lrrc9	protein_coding	13
ENSMUSG00000020132	Rab21	protein_coding	13
ENSMUSG00000043311	D17H6S53E	protein_coding	13
ENSMUSG00000043441	Gpr149	protein_coding	13
ENSMUSG00000026156	B3gat2	protein_coding	13
ENSMUSG00000026276	Septin2	protein_coding	13
ENSMUSG00000073016	Uprt	protein_coding	13
ENSMUSG00000026219	Trip12	protein_coding	13
ENSMUSG00000020135	Apc2	protein_coding	13
ENSMUSG00000020137	Thap2	protein_coding	13
ENSMUSG00000026188	Tmem169	protein_coding	13
ENSMUSG00000052525	Spdya	protein_coding	13
ENSMUSG00000031479	Vps36	protein_coding	13
ENSMUSG00000032212	Sltm	protein_coding	13
ENSMUSG00000015341	Golga7	protein_coding	13
ENSMUSG00000032280	Tle3	protein_coding	13
ENSMUSG00000032320	Rcn2	protein_coding	13
ENSMUSG00000032358	Fam83b	protein_coding	13
ENSMUSG00000032398	Snapc5	protein_coding	13
ENSMUSG00000073207	Ccdc160	protein_coding	13
ENSMUSG00000042671	Rgs8	protein_coding	13
ENSMUSG00000026319	Relch	protein_coding	13
ENSMUSG00000068290	Ddrgk1	protein_coding	13
ENSMUSG00000023266	Frs3	protein_coding	13
ENSMUSG00000032497	Lrrfip2	protein_coding	13
ENSMUSG00000031347	Cetn2	protein_coding	13
ENSMUSG00000022204	Ngdn	protein_coding	13
ENSMUSG00000026082	Rev1	protein_coding	13
ENSMUSG00000063236	1110038F14Rik	protein_coding	13
ENSMUSG00000031271	Serpina7	protein_coding	13
ENSMUSG00000032611	1700102P08Rik	protein_coding	13
ENSMUSG00000031189	Aff2	protein_coding	13
ENSMUSG00000023967	Mrps18a	protein_coding	13
ENSMUSG00000023902	Zscan10	protein_coding	13
ENSMUSG00000051391	Ywhag	protein_coding	13
ENSMUSG00000066037	Hnrnpr	protein_coding	13
ENSMUSG00000042477	Tfap2e	protein_coding	13
ENSMUSG00000026387	Sctr	protein_coding	13
ENSMUSG00000042520	Ubap2l	protein_coding	13
ENSMUSG00000022185	Acin1	protein_coding	13
ENSMUSG00000023943	Sult1c1	protein_coding	13
ENSMUSG00000051550	Zfp579	protein_coding	13
ENSMUSG00000031068	Glrx3	protein_coding	13
ENSMUSG00000031139	Mcf2	protein_coding	13
ENSMUSG00000032864	Rag2	protein_coding	13
ENSMUSG00000032872	Cyb5r4	protein_coding	13
ENSMUSG00000050896	Rtn4rl2	protein_coding	13
ENSMUSG00000103793	Pcdhga6	protein_coding	13
ENSMUSG00000051185	Fam174a	protein_coding	13
ENSMUSG00000022682	Rrn3	protein_coding	13
ENSMUSG00000051251	Nhlh1	protein_coding	13
ENSMUSG00000020925	Ccdc43	protein_coding	13
ENSMUSG00000026023	Cdk15	protein_coding	13
ENSMUSG00000056370	Sftpb	protein_coding	13
ENSMUSG00000042225	Ammecr1	protein_coding	13
ENSMUSG00000026495	Efcab2	protein_coding	13
ENSMUSG00000021144	Mta1	protein_coding	13
ENSMUSG00000063358	Mapk1	protein_coding	13
ENSMUSG00000063382	Bcl9l	protein_coding	13
ENSMUSG00000033004	Mycbp2	protein_coding	13
ENSMUSG00000033080	Vsx1	protein_coding	13
ENSMUSG00000025898	Cwf19l2	protein_coding	13
ENSMUSG00000044433	Camsap3	protein_coding	13
ENSMUSG00000044576	Garem2	protein_coding	13
ENSMUSG00000044716	Dok7	protein_coding	13
ENSMUSG00000020067	Mypn	protein_coding	13
ENSMUSG00000026602	Nphs2	protein_coding	13
ENSMUSG00000033124	Atg9a	protein_coding	13
ENSMUSG00000030960	Eef1akmt2	protein_coding	13
ENSMUSG00000014402	Tsg101	protein_coding	13
ENSMUSG00000033214	Slitrk5	protein_coding	13
ENSMUSG00000021228	Acot3	protein_coding	13
ENSMUSG00000061825	Ces2c	protein_coding	13
ENSMUSG00000030811	Fbxl19	protein_coding	13
ENSMUSG00000102742	Pcdhga11	protein_coding	13
ENSMUSG00000056211	R3hdm1	protein_coding	13
ENSMUSG00000026735	Ptf1a	protein_coding	13
ENSMUSG00000073664	Nbeal1	protein_coding	13
ENSMUSG00000041777	Cir1	protein_coding	13
ENSMUSG00000057236	Rbbp4	protein_coding	13
ENSMUSG00000025916	Ppp1r42	protein_coding	13
ENSMUSG00000072501	Phf20l1	protein_coding	13
ENSMUSG00000004285	Atp6v1f	protein_coding	13
ENSMUSG00000050700	Emilin3	protein_coding	13
ENSMUSG00000033417	Cacul1	protein_coding	13
ENSMUSG00000016921	Srsf6	protein_coding	13
ENSMUSG00000026934	Lhx3	protein_coding	13
ENSMUSG00000041415	Dicer1	protein_coding	13
ENSMUSG00000057522	Spop	protein_coding	13
ENSMUSG00000041685	Fcho2	protein_coding	13
ENSMUSG00000006529	Itih1	protein_coding	13
ENSMUSG00000033434	Gtpbp6	protein_coding	13
ENSMUSG00000079184	Mphosph8	protein_coding	13
ENSMUSG00000079262	Slco1a6	protein_coding	13
ENSMUSG00000061589	Dot1l	protein_coding	13
ENSMUSG00000033475	Tomm6	protein_coding	13
ENSMUSG00000030689	Ino80e	protein_coding	13
ENSMUSG00000033701	Acbd6	protein_coding	13
ENSMUSG00000033726	Emx1	protein_coding	13
ENSMUSG00000045176	Borcs6	protein_coding	13
ENSMUSG00000045216	Hs6st1	protein_coding	13
ENSMUSG00000045288	Ush1g	protein_coding	13
ENSMUSG00000045268	Zfp691	protein_coding	13
ENSMUSG00000025588	Nat1	protein_coding	13
ENSMUSG00000022336	Eif3e	protein_coding	13
ENSMUSG00000020708	Psmc5	protein_coding	13
ENSMUSG00000027109	Sp3	protein_coding	13
ENSMUSG00000041205	Map6d1	protein_coding	13
ENSMUSG00000019893	Ros1	protein_coding	13
ENSMUSG00000061414	Cracr2a	protein_coding	13
ENSMUSG00000061474	Mrps36	protein_coding	13
ENSMUSG00000033770	Clcnka	protein_coding	13
ENSMUSG00000002346	Slc25a42	protein_coding	13
ENSMUSG00000056043	Rgs9bp	protein_coding	13
ENSMUSG00000027164	Traf6	protein_coding	13
ENSMUSG00000027176	Cstf3	protein_coding	13
ENSMUSG00000041014	Nrg3	protein_coding	13
ENSMUSG00000004364	Cul3	protein_coding	13
ENSMUSG00000022698	Naa50	protein_coding	13
ENSMUSG00000022704	Qtrt2	protein_coding	13
ENSMUSG00000050545	Fam228b	protein_coding	13
ENSMUSG00000102697	Pcdhac2	protein_coding	13
ENSMUSG00000034000	Neu4	protein_coding	13
ENSMUSG00000034107	Ano7	protein_coding	13
ENSMUSG00000034115	Scn11a	protein_coding	13
ENSMUSG00000002365	Snx9	protein_coding	13
ENSMUSG00000030452	Nipa2	protein_coding	13
ENSMUSG00000046096	Mosmo	protein_coding	13
ENSMUSG00000045948	Mrps12	protein_coding	13
ENSMUSG00000006764	Tph2	protein_coding	13
ENSMUSG00000019866	Crybg1	protein_coding	13
ENSMUSG00000019878	Hsf2	protein_coding	13
ENSMUSG00000001445	Mrpl10	protein_coding	13
ENSMUSG00000001472	Tcf25	protein_coding	13
ENSMUSG00000049940	Pgrmc2	protein_coding	13
ENSMUSG00000069441	Dsg1a	protein_coding	13
ENSMUSG00000050043	Tmx2	protein_coding	13
ENSMUSG00000050088	1600012H06Rik	protein_coding	13
ENSMUSG00000050100	Hmx2	protein_coding	13
ENSMUSG00000034083	Ccdc174	protein_coding	13
ENSMUSG00000040452	Cdh12	protein_coding	13
ENSMUSG00000045776	Lrtm1	protein_coding	13
ENSMUSG00000034254	Agpat1	protein_coding	13
ENSMUSG00000030450	Oca2	protein_coding	13
ENSMUSG00000034212	Ankmy1	protein_coding	13
ENSMUSG00000013622	Atraid	protein_coding	13
ENSMUSG00000021290	Atp5mj	protein_coding	13
ENSMUSG00000002345	Borcs8	protein_coding	13
ENSMUSG00000034310	Tmem132d	protein_coding	13
ENSMUSG00000078964	Ces1b	protein_coding	13
ENSMUSG00000025404	R3hdm2	protein_coding	13
ENSMUSG00000055900	Tmem69	protein_coding	13
ENSMUSG00000055725	Paqr3	protein_coding	13
ENSMUSG00000058240	Cryzl1	protein_coding	13
ENSMUSG00000019777	Hdac2	protein_coding	13
ENSMUSG00000027465	Tbc1d20	protein_coding	13
ENSMUSG00000021336	Slc17a4	protein_coding	13
ENSMUSG00000061099	Gapdhs	protein_coding	13
ENSMUSG00000030224	Strap	protein_coding	13
ENSMUSG00000034610	Tut4	protein_coding	13
ENSMUSG00000030205	Gprc5d	protein_coding	13
ENSMUSG00000034653	Ythdc2	protein_coding	13
ENSMUSG00000030158	Clec12b	protein_coding	13
ENSMUSG00000061028	Clasrp	protein_coding	13
ENSMUSG00000027677	Ttc14	protein_coding	13
ENSMUSG00000027589	Pcmtd2	protein_coding	13
ENSMUSG00000058207	Serpina3k	protein_coding	13
ENSMUSG00000024319	Vps52	protein_coding	13
ENSMUSG00000049672	Zbtb14	protein_coding	13
ENSMUSG00000004630	Pcp2	protein_coding	13
ENSMUSG00000024360	Etf1	protein_coding	13
ENSMUSG00000022650	Retnlb	protein_coding	13
ENSMUSG00000034829	Nxnl1	protein_coding	13
ENSMUSG00000034932	Mrpl54	protein_coding	13
ENSMUSG00000063681	Crb1	protein_coding	13
ENSMUSG00000034928	Rnf44	protein_coding	13
ENSMUSG00000034968	Lbx2	protein_coding	13
ENSMUSG00000030002	Dusp11	protein_coding	13
ENSMUSG00000070990	Foxe1	protein_coding	13
ENSMUSG00000027751	Supt20	protein_coding	13
ENSMUSG00000094651	Gal3st2	protein_coding	13
ENSMUSG00000060636	Rpl35a	protein_coding	13
ENSMUSG00000012422	Tmem167	protein_coding	13
ENSMUSG00000035278	Plekhj1	protein_coding	13
ENSMUSG00000035226	Rims4	protein_coding	13
ENSMUSG00000060716	Plekhh1	protein_coding	13
ENSMUSG00000049470	Aff4	protein_coding	13
ENSMUSG00000019471	Cdc37	protein_coding	13
ENSMUSG00000027957	Slc35a3	protein_coding	13
ENSMUSG00000019428	Fkbp8	protein_coding	13
ENSMUSG00000039361	Picalm	protein_coding	13
ENSMUSG00000039536	Stau1	protein_coding	13
ENSMUSG00000019689	Fmc1	protein_coding	13
ENSMUSG00000025328	Padi3	protein_coding	13
ENSMUSG00000025318	Jph3	protein_coding	13
ENSMUSG00000049583	Grm5	protein_coding	13
ENSMUSG00000000149	Gna12	protein_coding	13
ENSMUSG00000078652	Psme3	protein_coding	13
ENSMUSG00000039100	Marchf6	protein_coding	13
ENSMUSG00000070923	Klhl9	protein_coding	13
ENSMUSG00000047022	Mipol1	protein_coding	13
ENSMUSG00000046962	Zbtb21	protein_coding	13
ENSMUSG00000055493	Epm2a	protein_coding	13
ENSMUSG00000039128	Cdc123	protein_coding	13
ENSMUSG00000074625	Arhgap40	protein_coding	13
ENSMUSG00000049173	Myoz3	protein_coding	13
ENSMUSG00000054604	Cggbp1	protein_coding	13
ENSMUSG00000035595	Fam174c	protein_coding	13
ENSMUSG00000078627	Marchf10	protein_coding	13
ENSMUSG00000025050	Pcgf6	protein_coding	13
ENSMUSG00000025056	Nr0b1	protein_coding	13
ENSMUSG00000025002	Cyp2c55	protein_coding	13
ENSMUSG00000055540	Epha6	protein_coding	13
ENSMUSG00000005131	4930550C14Rik	protein_coding	13
ENSMUSG00000028172	Tacr3	protein_coding	13
ENSMUSG00000038916	Mtcl3	protein_coding	13
ENSMUSG00000028165	Cisd2	protein_coding	13
ENSMUSG00000039041	Adrm1	protein_coding	13
ENSMUSG00000039046	Usp6nl	protein_coding	13
ENSMUSG00000028259	Fhl5	protein_coding	13
ENSMUSG00000008482	Rnf151	protein_coding	13
ENSMUSG00000038805	Six3	protein_coding	13
ENSMUSG00000055531	Cpsf6	protein_coding	13
ENSMUSG00000022390	Zc3h7b	protein_coding	13
ENSMUSG00000005102	Eif2ak4	protein_coding	13
ENSMUSG00000035614	Togaram1	protein_coding	13
ENSMUSG00000060407	Cyp2a12	protein_coding	13
ENSMUSG00000060441	Trim5	protein_coding	13
ENSMUSG00000021519	Mterf3	protein_coding	13
ENSMUSG00000078591	Hs3st4	protein_coding	13
ENSMUSG00000035831	Krt25	protein_coding	13
ENSMUSG00000078552	Dcdc2b	protein_coding	13
ENSMUSG00000078570	1110065P20Rik	protein_coding	13
ENSMUSG00000078572	Ndufaf8	protein_coding	13
ENSMUSG00000047343	Mettl21c	protein_coding	13
ENSMUSG00000008892	Vdac3	protein_coding	13
ENSMUSG00000038582	Pptc7	protein_coding	13
ENSMUSG00000038599	Capn8	protein_coding	13
ENSMUSG00000074852	Hpse2	protein_coding	13
ENSMUSG00000028348	Cavin4	protein_coding	13
ENSMUSG00000021478	Drd1	protein_coding	13
ENSMUSG00000029550	Sppl3	protein_coding	13
ENSMUSG00000078317	F8a	protein_coding	13
ENSMUSG00000036241	Ube2r2	protein_coding	13
ENSMUSG00000029465	Arpc3	protein_coding	13
ENSMUSG00000029419	Ajm1	protein_coding	13
ENSMUSG00000063821	Dusp29	protein_coding	13
ENSMUSG00000063870	Chd4	protein_coding	13
ENSMUSG00000048764	Tmprss11f	protein_coding	13
ENSMUSG00000018921	Pelp1	protein_coding	13
ENSMUSG00000028550	Atg4c	protein_coding	13
ENSMUSG00000059213	Ddn	protein_coding	13
ENSMUSG00000091972	Tmem207	protein_coding	13
ENSMUSG00000074886	Grk6	protein_coding	13
ENSMUSG00000038398	Upf3a	protein_coding	13
ENSMUSG00000091722	Siah3	protein_coding	13
ENSMUSG00000021807	Rtraf	protein_coding	13
ENSMUSG00000020436	Gabrg2	protein_coding	13
ENSMUSG00000000942	Hoxa4	protein_coding	13
ENSMUSG00000029376	Mthfd2l	protein_coding	13
ENSMUSG00000021499	Catsper3	protein_coding	13
ENSMUSG00000047678	Gpr82	protein_coding	13
ENSMUSG00000024943	Smc5	protein_coding	13
ENSMUSG00000047746	Fbxo40	protein_coding	13
ENSMUSG00000038216	Pnmt	protein_coding	13
ENSMUSG00000038324	Trpc4ap	protein_coding	13
ENSMUSG00000090266	Mettl23	protein_coding	13
ENSMUSG00000029213	Commd8	protein_coding	13
ENSMUSG00000036872	Abcc12	protein_coding	13
ENSMUSG00000055026	Gabrg3	protein_coding	13
ENSMUSG00000055065	Ddx17	protein_coding	13
ENSMUSG00000048647	Exd1	protein_coding	13
ENSMUSG00000021597	Slf1	protein_coding	13
ENSMUSG00000075595	Zfp652	protein_coding	13
ENSMUSG00000066952	Myo1h	protein_coding	13
ENSMUSG00000048385	Scrt1	protein_coding	13
ENSMUSG00000048399	Tprg1	protein_coding	13
ENSMUSG00000024734	Zp1	protein_coding	13
ENSMUSG00000028712	Cyp4a31	protein_coding	13
ENSMUSG00000091537	Tma7	protein_coding	13
ENSMUSG00000075232	Amd1	protein_coding	13
ENSMUSG00000037984	Neurod6	protein_coding	13
ENSMUSG00000038011	Dnah10	protein_coding	13
ENSMUSG00000028670	Lypla2	protein_coding	13
ENSMUSG00000048480	Cxcr1	protein_coding	13
ENSMUSG00000037062	Sh3glb1	protein_coding	13
ENSMUSG00000037072	Selenof	protein_coding	13
ENSMUSG00000037159	Wee2	protein_coding	13
ENSMUSG00000018572	Phf23	protein_coding	13
ENSMUSG00000028778	Hcrtr1	protein_coding	13
ENSMUSG00000024842	Cabp4	protein_coding	13
ENSMUSG00000070471	Erich6	protein_coding	13
ENSMUSG00000070476	Fam217b	protein_coding	13
ENSMUSG00000047888	Tnrc6b	protein_coding	13
ENSMUSG00000022463	Srebf2	protein_coding	13
ENSMUSG00000028759	Hp1bp3	protein_coding	13
ENSMUSG00000018776	Slc35g3	protein_coding	13
ENSMUSG00000037262	Kin	protein_coding	13
ENSMUSG00000037253	Mex3c	protein_coding	13
ENSMUSG00000028907	Utp11	protein_coding	13
ENSMUSG00000075470	Alg10	protein_coding	13
ENSMUSG00000075478	Slitrk1	protein_coding	13
ENSMUSG00000075486	Commd6	protein_coding	13
ENSMUSG00000009863	Sdhb	protein_coding	13
ENSMUSG00000037531	Mrpl47	protein_coding	13
ENSMUSG00000037541	Shank2	protein_coding	13
ENSMUSG00000048154	Kmt2d	protein_coding	13
ENSMUSG00000024780	Cdc37l1	protein_coding	13
ENSMUSG00000028861	Mrps15	protein_coding	13
ENSMUSG00000028842	Ago3	protein_coding	13
ENSMUSG00000059518	Znhit1	protein_coding	13
ENSMUSG00000062929	Cfl2	protein_coding	13
ENSMUSG00000031954	Cfdp1	protein_coding	13
ENSMUSG00000022974	Paxbp1	protein_coding	13
ENSMUSG00000022993	Spmip11	protein_coding	13
ENSMUSG00000067879	Vxn	protein_coding	13
ENSMUSG00000031776	Arl2bp	protein_coding	13
ENSMUSG00000031715	Smarca5	protein_coding	13
ENSMUSG00000015668	Pdzd11	protein_coding	13
ENSMUSG00000015711	Prune1	protein_coding	13
ENSMUSG00000062822	4833420G17Rik	protein_coding	13
ENSMUSG00000031878	Nae1	protein_coding	13
ENSMUSG00000053461	Hhipl2	protein_coding	13
ENSMUSG00000043301	Kcnj6	protein_coding	12
ENSMUSG00000020124	Usp15	protein_coding	12
ENSMUSG00000026322	Htr4	protein_coding	12
ENSMUSG00000026237	Nmur1	protein_coding	12
ENSMUSG00000056880	Gadl1	protein_coding	12
ENSMUSG00000023151	Lrrc69	protein_coding	12
ENSMUSG00000023073	Slc10a2	protein_coding	12
ENSMUSG00000052488	Cherp	protein_coding	12
ENSMUSG00000055078	Gabra5	protein_coding	12
ENSMUSG00000010154	Spire2	protein_coding	12
ENSMUSG00000037358	Dipk2b	protein_coding	12
ENSMUSG00000091091	Kcnmb3	protein_coding	12
ENSMUSG00000037487	Ubr5	protein_coding	12
ENSMUSG00000048217	Nags	protein_coding	12
ENSMUSG00000024771	Lipk	protein_coding	12
ENSMUSG00000004894	Hapln2	protein_coding	12
ENSMUSG00000024683	Mrpl16	protein_coding	12
ENSMUSG00000021713	Ppwd1	protein_coding	12
ENSMUSG00000018862	Otop3	protein_coding	12
ENSMUSG00000028587	Orc1	protein_coding	12
ENSMUSG00000028648	Ndufs5	protein_coding	12
ENSMUSG00000064036	Mro	protein_coding	12
ENSMUSG00000048481	Mypop	protein_coding	12
ENSMUSG00000037214	Thap1	protein_coding	12
ENSMUSG00000018599	Mief2	protein_coding	12
ENSMUSG00000028954	Nub1	protein_coding	12
ENSMUSG00000091455	Otogl	protein_coding	12
ENSMUSG00000070564	Ntn5	protein_coding	12
ENSMUSG00000018554	Ybx2	protein_coding	12
ENSMUSG00000001901	Kcnh6	protein_coding	12
ENSMUSG00000070280	Slc22a14	protein_coding	12
ENSMUSG00000054966	Lmntd1	protein_coding	12
ENSMUSG00000036934	4921524J17Rik	protein_coding	12
ENSMUSG00000010406	Mrpl52	protein_coding	12
ENSMUSG00000059674	Cdh24	protein_coding	12
ENSMUSG00000028719	Cmpk1	protein_coding	12
ENSMUSG00000028736	Pax7	protein_coding	12
ENSMUSG00000075229	Mix23	protein_coding	12
ENSMUSG00000002064	Sdf2	protein_coding	12
ENSMUSG00000021500	Ddx46	protein_coding	12
ENSMUSG00000059288	Cdyl	protein_coding	12
ENSMUSG00000022452	Smdt1	protein_coding	12
ENSMUSG00000024829	Mrpl21	protein_coding	12
ENSMUSG00000038214	Bend3	protein_coding	12
ENSMUSG00000028571	Cyp2j13	protein_coding	12
ENSMUSG00000038344	Txlng	protein_coding	12
ENSMUSG00000060090	Rp2	protein_coding	12
ENSMUSG00000010538	Tsacc	protein_coding	12
ENSMUSG00000036707	Cab39	protein_coding	12
ENSMUSG00000009079	Ewsr1	protein_coding	12
ENSMUSG00000028382	Ptbp3	protein_coding	12
ENSMUSG00000028443	Nudt2	protein_coding	12
ENSMUSG00000048967	Yjefn3	protein_coding	12
ENSMUSG00000004651	Tyr	protein_coding	12
ENSMUSG00000022556	Hsf1	protein_coding	12
ENSMUSG00000020664	Dld	protein_coding	12
ENSMUSG00000024481	Lvrn	protein_coding	12
ENSMUSG00000024485	Slc4a9	protein_coding	12
ENSMUSG00000029407	Uso1	protein_coding	12
ENSMUSG00000047459	Dynlrb1	protein_coding	12
ENSMUSG00000047514	Tspyl1	protein_coding	12
ENSMUSG00000024968	Rcor2	protein_coding	12
ENSMUSG00000024969	Mark2	protein_coding	12
ENSMUSG00000099032	Tcf24	protein_coding	12
ENSMUSG00000038641	Akr1d1	protein_coding	12
ENSMUSG00000035916	Ptprq	protein_coding	12
ENSMUSG00000029528	Pxn	protein_coding	12
ENSMUSG00000029538	Srsf9	protein_coding	12
ENSMUSG00000036168	Ccdc38	protein_coding	12
ENSMUSG00000018379	Srsf1	protein_coding	12
ENSMUSG00000036315	Polr1h	protein_coding	12
ENSMUSG00000018925	Heatr9	protein_coding	12
ENSMUSG00000028470	Hint2	protein_coding	12
ENSMUSG00000058925	Ccdc192	protein_coding	12
ENSMUSG00000002771	Grin2d	protein_coding	12
ENSMUSG00000038677	Scube3	protein_coding	12
ENSMUSG00000038738	Shank1	protein_coding	12
ENSMUSG00000058743	Kcnj14	protein_coding	12
ENSMUSG00000064140	Trim38	protein_coding	12
ENSMUSG00000025082	Vwa2	protein_coding	12
ENSMUSG00000029683	Lmod2	protein_coding	12
ENSMUSG00000035762	Tmem161b	protein_coding	12
ENSMUSG00000025016	Tm9sf3	protein_coding	12
ENSMUSG00000047033	Pcdhb15	protein_coding	12
ENSMUSG00000055720	Ubl7	protein_coding	12
ENSMUSG00000055489	Ano5	protein_coding	12
ENSMUSG00000039105	Atp6v1g1	protein_coding	12
ENSMUSG00000109764	Klkb1	protein_coding	12
ENSMUSG00000089876	Tmem102	protein_coding	12
ENSMUSG00000089997	Cfap92	protein_coding	12
ENSMUSG00000005202	Shbg	protein_coding	12
ENSMUSG00000038812	Trmt112	protein_coding	12
ENSMUSG00000074748	Atxn7l3b	protein_coding	12
ENSMUSG00000027961	Lrrc39	protein_coding	12
ENSMUSG00000027893	Ahcyl1	protein_coding	12
ENSMUSG00000094626	Tmem121b	protein_coding	12
ENSMUSG00000054667	Irs4	protein_coding	12
ENSMUSG00000089789	Rdh1	protein_coding	12
ENSMUSG00000035295	Wdr38	protein_coding	12
ENSMUSG00000035299	Mid1	protein_coding	12
ENSMUSG00000035431	Sstr1	protein_coding	12
ENSMUSG00000035367	Rmi1	protein_coding	12
ENSMUSG00000029705	Cux1	protein_coding	12
ENSMUSG00000028136	Snx27	protein_coding	12
ENSMUSG00000025132	Arhgdia	protein_coding	12
ENSMUSG00000055775	Myh8	protein_coding	12
ENSMUSG00000005312	Ubqln1	protein_coding	12
ENSMUSG00000039671	Zmynd8	protein_coding	12
ENSMUSG00000007836	Hnrnpa0	protein_coding	12
ENSMUSG00000007850	Hnrnph1	protein_coding	12
ENSMUSG00000027782	Kpna4	protein_coding	12
ENSMUSG00000021431	Snrnp48	protein_coding	12
ENSMUSG00000029918	Mrps33	protein_coding	12
ENSMUSG00000035152	Ap2b1	protein_coding	12
ENSMUSG00000035270	Impg2	protein_coding	12
ENSMUSG00000060534	Dcc	protein_coding	12
ENSMUSG00000004535	Tax1bp1	protein_coding	12
ENSMUSG00000074591	Ankub1	protein_coding	12
ENSMUSG00000117924	Tmem223	protein_coding	12
ENSMUSG00000024346	Pfdn1	protein_coding	12
ENSMUSG00000034837	Gnat1	protein_coding	12
ENSMUSG00000063663	Brwd3	protein_coding	12
ENSMUSG00000034910	Pygo1	protein_coding	12
ENSMUSG00000034997	Htr2a	protein_coding	12
ENSMUSG00000020890	Gucy2e	protein_coding	12
ENSMUSG00000046516	Cox17	protein_coding	12
ENSMUSG00000046408	1700067K01Rik	protein_coding	12
ENSMUSG00000025243	Slc6a20b	protein_coding	12
ENSMUSG00000025223	Ldb1	protein_coding	12
ENSMUSG00000046691	Chtf8	protein_coding	12
ENSMUSG00000020719	Ddx5	protein_coding	12
ENSMUSG00000022615	Tymp	protein_coding	12
ENSMUSG00000021877	Arf4	protein_coding	12
ENSMUSG00000039988	Ankrd13c	protein_coding	12
ENSMUSG00000040086	Tnni3k	protein_coding	12
ENSMUSG00000027593	Raly	protein_coding	12
ENSMUSG00000027598	Itch	protein_coding	12
ENSMUSG00000021952	Xpo4	protein_coding	12
ENSMUSG00000058239	Usf2	protein_coding	12
ENSMUSG00000020459	Mtif2	protein_coding	12
ENSMUSG00000020463	Ppp4r3b	protein_coding	12
ENSMUSG00000049760	Micos13	protein_coding	12
ENSMUSG00000025337	Sbds	protein_coding	12
ENSMUSG00000046269	Usp27x	protein_coding	12
ENSMUSG00000027470	Mylk2	protein_coding	12
ENSMUSG00000007591	Tssk4	protein_coding	12
ENSMUSG00000095440	Fignl2	protein_coding	12
ENSMUSG00000040325	Dcaf1	protein_coding	12
ENSMUSG00000034602	Mon2	protein_coding	12
ENSMUSG00000030160	Tmem52b	protein_coding	12
ENSMUSG00000034777	Vax2	protein_coding	12
ENSMUSG00000040340	Saxo5	protein_coding	12
ENSMUSG00000040415	Dtx3	protein_coding	12
ENSMUSG00000040524	Zfp609	protein_coding	12
ENSMUSG00000027357	Crls1	protein_coding	12
ENSMUSG00000005493	Msh4	protein_coding	12
ENSMUSG00000045767	B230219D22Rik	protein_coding	12
ENSMUSG00000045915	Ccdc42	protein_coding	12
ENSMUSG00000030376	Slc8a2	protein_coding	12
ENSMUSG00000078938	Syce3	protein_coding	12
ENSMUSG00000027274	Mkks	protein_coding	12
ENSMUSG00000027223	Mapk8ip1	protein_coding	12
ENSMUSG00000045427	Hnrnph2	protein_coding	12
ENSMUSG00000045438	Cox19	protein_coding	12
ENSMUSG00000030484	Lypd5	protein_coding	12
ENSMUSG00000049928	Glp2r	protein_coding	12
ENSMUSG00000024317	Rnf138	protein_coding	12
ENSMUSG00000050064	Zfp697	protein_coding	12
ENSMUSG00000102222	Pcdhga10	protein_coding	12
ENSMUSG00000102428	Pcdhga12	protein_coding	12
ENSMUSG00000102440	Pcdhga9	protein_coding	12
ENSMUSG00000050148	Ubqln2	protein_coding	12
ENSMUSG00000034252	Senp6	protein_coding	12
ENSMUSG00000007480	Mc5r	protein_coding	12
ENSMUSG00000045662	Henmt1	protein_coding	12
ENSMUSG00000056050	Mia3	protein_coding	12
ENSMUSG00000000355	Mcts1	protein_coding	12
ENSMUSG00000096140	Ankrd66	protein_coding	12
ENSMUSG00000040963	Asgr2	protein_coding	12
ENSMUSG00000040985	Sun3	protein_coding	12
ENSMUSG00000027162	Lin7c	protein_coding	12
ENSMUSG00000027166	Dnajc24	protein_coding	12
ENSMUSG00000027102	Hoxd8	protein_coding	12
ENSMUSG00000071649	B3gat3	protein_coding	12
ENSMUSG00000033955	Tnks1bp1	protein_coding	12
ENSMUSG00000030615	Tmem126a	protein_coding	12
ENSMUSG00000034042	Gpbp1l1	protein_coding	12
ENSMUSG00000025369	Smarcc2	protein_coding	12
ENSMUSG00000074155	Klk5	protein_coding	12
ENSMUSG00000030663	1110004F10Rik	protein_coding	12
ENSMUSG00000022337	Emc2	protein_coding	12
ENSMUSG00000027022	Xirp2	protein_coding	12
ENSMUSG00000041130	Zfp598	protein_coding	12
ENSMUSG00000013878	Rnf170	protein_coding	12
ENSMUSG00000021259	Cyp46a1	protein_coding	12
ENSMUSG00000003360	Ddx23	protein_coding	12
ENSMUSG00000071540	3425401B19Rik	protein_coding	12
ENSMUSG00000045620	Cimap1c	protein_coding	12
ENSMUSG00000033429	Mcee	protein_coding	12
ENSMUSG00000041372	B4galnt3	protein_coding	12
ENSMUSG00000041408	Wapl	protein_coding	12
ENSMUSG00000026839	Upp2	protein_coding	12
ENSMUSG00000041560	Nop53	protein_coding	12
ENSMUSG00000041459	Tardbp	protein_coding	12
ENSMUSG00000026828	Galnt5	protein_coding	12
ENSMUSG00000041698	Slco1a1	protein_coding	12
ENSMUSG00000044702	Palb2	protein_coding	12
ENSMUSG00000033392	Clasp2	protein_coding	12
ENSMUSG00000033405	Nudt15	protein_coding	12
ENSMUSG00000030779	Rbbp6	protein_coding	12
ENSMUSG00000030757	Zkscan2	protein_coding	12
ENSMUSG00000033510	Otud7a	protein_coding	12
ENSMUSG00000033671	Cep350	protein_coding	12
ENSMUSG00000025735	Rhbdl1	protein_coding	12
ENSMUSG00000073733	Cplane2	protein_coding	12
ENSMUSG00000041763	Tpp2	protein_coding	12
ENSMUSG00000026645	Olah	protein_coding	12
ENSMUSG00000068882	Ssb	protein_coding	12
ENSMUSG00000050608	Micos10	protein_coding	12
ENSMUSG00000004268	Emg1	protein_coding	12
ENSMUSG00000024155	Meiob	protein_coding	12
ENSMUSG00000050671	Ism2	protein_coding	12
ENSMUSG00000067338	Tuba3b	protein_coding	12
ENSMUSG00000000711	Rab5b	protein_coding	12
ENSMUSG00000014349	Ube2z	protein_coding	12
ENSMUSG00000044566	Cage1	protein_coding	12
ENSMUSG00000056306	Sertm1	protein_coding	12
ENSMUSG00000019992	Mtfr2	protein_coding	12
ENSMUSG00000041977	Arhgef11	protein_coding	12
ENSMUSG00000026567	Adcy10	protein_coding	12
ENSMUSG00000026601	Axdnd1	protein_coding	12
ENSMUSG00000000738	Spg7	protein_coding	12
ENSMUSG00000000766	Oprm1	protein_coding	12
ENSMUSG00000021224	Numb	protein_coding	12
ENSMUSG00000021239	Vsx2	protein_coding	12
ENSMUSG00000072571	Tmem253	protein_coding	12
ENSMUSG00000044098	Rsbn1	protein_coding	12
ENSMUSG00000042320	Prox2	protein_coding	12
ENSMUSG00000021140	Pcnx1	protein_coding	12
ENSMUSG00000079471	Mymx	protein_coding	12
ENSMUSG00000032936	Camkv	protein_coding	12
ENSMUSG00000032852	Rspo4	protein_coding	12
ENSMUSG00000031029	Eif3f	protein_coding	12
ENSMUSG00000033020	Polr2f	protein_coding	12
ENSMUSG00000079426	Arpc4	protein_coding	12
ENSMUSG00000033122	Hsd17b3	protein_coding	12
ENSMUSG00000044364	Tmem74b	protein_coding	12
ENSMUSG00000032637	Atxn2l	protein_coding	12
ENSMUSG00000031221	Igbp1	protein_coding	12
ENSMUSG00000032773	Chrm1	protein_coding	12
ENSMUSG00000032745	Gpbp1	protein_coding	12
ENSMUSG00000031010	Usp9x	protein_coding	12
ENSMUSG00000062074	Ccn6	protein_coding	12
ENSMUSG00000062077	Trim54	protein_coding	12
ENSMUSG00000103332	Pcdhga2	protein_coding	12
ENSMUSG00000050866	Clrn3	protein_coding	12
ENSMUSG00000024050	Wiz	protein_coding	12
ENSMUSG00000004187	Kifc2	protein_coding	12
ENSMUSG00000051228	Nyx	protein_coding	12
ENSMUSG00000025977	Boll	protein_coding	12
ENSMUSG00000025983	Ccdc150	protein_coding	12
ENSMUSG00000031198	Fundc2	protein_coding	12
ENSMUSG00000031144	Syp	protein_coding	12
ENSMUSG00000042323	Pbrm1	protein_coding	12
ENSMUSG00000057177	Gsk3a	protein_coding	12
ENSMUSG00000026457	Adipor1	protein_coding	12
ENSMUSG00000006262	Mob1b	protein_coding	12
ENSMUSG00000042448	Hoxd1	protein_coding	12
ENSMUSG00000042505	Sdhaf3	protein_coding	12
ENSMUSG00000042540	Acot5	protein_coding	12
ENSMUSG00000051403	Ppp1r37	protein_coding	12
ENSMUSG00000022758	P2rx6	protein_coding	12
ENSMUSG00000043850	Clrn1	protein_coding	12
ENSMUSG00000043873	Chil5	protein_coding	12
ENSMUSG00000003037	Rab8a	protein_coding	12
ENSMUSG00000072704	Smim10l1	protein_coding	12
ENSMUSG00000043999	Gpr75	protein_coding	12
ENSMUSG00000014859	E2f4	protein_coding	12
ENSMUSG00000063260	Syt10	protein_coding	12
ENSMUSG00000032525	Nktr	protein_coding	12
ENSMUSG00000032551	1110059G10Rik	protein_coding	12
ENSMUSG00000079598	Clec2l	protein_coding	12
ENSMUSG00000042699	Dhx9	protein_coding	12
ENSMUSG00000042670	Immp1l	protein_coding	12
ENSMUSG00000042672	Dcst1	protein_coding	12
ENSMUSG00000042800	Spata46	protein_coding	12
ENSMUSG00000023723	Mrps23	protein_coding	12
ENSMUSG00000054003	Tdrd9	protein_coding	12
ENSMUSG00000052155	Acvr2a	protein_coding	12
ENSMUSG00000031285	Dcx	protein_coding	12
ENSMUSG00000043648	Pld6	protein_coding	12
ENSMUSG00000001415	Smg5	protein_coding	12
ENSMUSG00000067724	Gbx1	protein_coding	12
ENSMUSG00000032217	Rnf111	protein_coding	12
ENSMUSG00000082229	Nap1l2	protein_coding	12
ENSMUSG00000031390	Avpr2	protein_coding	12
ENSMUSG00000021072	Tmx1	protein_coding	12
ENSMUSG00000016409	Nkap	protein_coding	12
ENSMUSG00000056770	Setd3	protein_coding	12
ENSMUSG00000020738	Sumo2	protein_coding	12
ENSMUSG00000026356	Dars1	protein_coding	12
ENSMUSG00000026374	Tsn	protein_coding	12
ENSMUSG00000053368	Rxfp2	protein_coding	12
ENSMUSG00000022811	Zfp148	protein_coding	12
ENSMUSG00000053552	Ebf4	protein_coding	12
ENSMUSG00000053119	Chmp3	protein_coding	12
ENSMUSG00000052955	Cpvl	protein_coding	12
ENSMUSG00000053161	Daw1	protein_coding	12
ENSMUSG00000053164	Gpr21	protein_coding	12
ENSMUSG00000016252	Atp5f1e	protein_coding	12
ENSMUSG00000043289	Mei4	protein_coding	12
ENSMUSG00000075394	Hoxc4	protein_coding	12
ENSMUSG00000037692	Ahdc1	protein_coding	12
ENSMUSG00000028813	CK137956	protein_coding	12
ENSMUSG00000009549	Srp14	protein_coding	12
ENSMUSG00000031839	Hsbp1	protein_coding	12
ENSMUSG00000031701	Dnaja2	protein_coding	12
ENSMUSG00000084957	Bbip1	protein_coding	12
ENSMUSG00000031986	Sprtn	protein_coding	12
ENSMUSG00000062713	Sim2	protein_coding	12
ENSMUSG00000062751	Prss1	protein_coding	12
ENSMUSG00000052915	Msl1	protein_coding	12
ENSMUSG00000015759	Cnih1	protein_coding	12
ENSMUSG00000015672	Mrpl32	protein_coding	12
ENSMUSG00000031893	Tsnaxip1	protein_coding	12
ENSMUSG00000063052	Lrrc40	protein_coding	11
ENSMUSG00000044250	Pced1b	protein_coding	11
ENSMUSG00000044147	Arf6	protein_coding	11
ENSMUSG00000045467	Ttll13	protein_coding	11
ENSMUSG00000044018	Mrpl50	protein_coding	11
ENSMUSG00000072772	Grcc10	protein_coding	11
ENSMUSG00000043789	Vwce	protein_coding	11
ENSMUSG00000022076	Klhl1	protein_coding	11
ENSMUSG00000021972	Hmbox1	protein_coding	11
ENSMUSG00000062014	Gmfb	protein_coding	11
ENSMUSG00000021967	Mrpl57	protein_coding	11
ENSMUSG00000021852	Slc35f4	protein_coding	11
ENSMUSG00000022342	Kcnv1	protein_coding	11
ENSMUSG00000022354	Ndufb9	protein_coding	11
ENSMUSG00000110573	Gm5485	protein_coding	11
ENSMUSG00000022061	Nkx3-1	protein_coding	11
ENSMUSG00000001419	Mef2d	protein_coding	11
ENSMUSG00000043460	Elfn2	protein_coding	11
ENSMUSG00000005994	Tyrp1	protein_coding	11
ENSMUSG00000072946	Ptgr2	protein_coding	11
ENSMUSG00000042772	Smg7	protein_coding	11
ENSMUSG00000042743	Sgtb	protein_coding	11
ENSMUSG00000002395	Use1	protein_coding	11
ENSMUSG00000063590	Slc22a28	protein_coding	11
ENSMUSG00000020686	Gas2l2	protein_coding	11
ENSMUSG00000020690	Efcab3	protein_coding	11
ENSMUSG00000022387	Brd1	protein_coding	11
ENSMUSG00000042761	Mrap2	protein_coding	11
ENSMUSG00000005357	Slc1a6	protein_coding	11
ENSMUSG00000046138	Brd10	protein_coding	11
ENSMUSG00000042396	Rbm7	protein_coding	11
ENSMUSG00000073435	Nme3	protein_coding	11
ENSMUSG00000042203	Tbc1d22b	protein_coding	11
ENSMUSG00000046574	Prr12	protein_coding	11
ENSMUSG00000046474	Krtap4-16	protein_coding	11
ENSMUSG00000041740	Rnf10	protein_coding	11
ENSMUSG00000041544	Disp3	protein_coding	11
ENSMUSG00000041550	Serpina5	protein_coding	11
ENSMUSG00000022877	Hrg	protein_coding	11
ENSMUSG00000022863	Btg3	protein_coding	11
ENSMUSG00000022790	Igsf11	protein_coding	11
ENSMUSG00000022801	Lrch3	protein_coding	11
ENSMUSG00000108900	Ccdc194	protein_coding	11
ENSMUSG00000060227	Golm2	protein_coding	11
ENSMUSG00000060284	Sp7	protein_coding	11
ENSMUSG00000020640	Itsn2	protein_coding	11
ENSMUSG00000022897	Dyrk1a	protein_coding	11
ENSMUSG00000071014	Ndufb6	protein_coding	11
ENSMUSG00000046699	Slitrk4	protein_coding	11
ENSMUSG00000046607	Hrk	protein_coding	11
ENSMUSG00000071078	Nr2c2ap	protein_coding	11
ENSMUSG00000001134	Uxt	protein_coding	11
ENSMUSG00000006724	Cyp27b1	protein_coding	11
ENSMUSG00000040966	Slc22a2	protein_coding	11
ENSMUSG00000040969	Arhgef38	protein_coding	11
ENSMUSG00000040919	Cimip6	protein_coding	11
ENSMUSG00000020476	Dbnl	protein_coding	11
ENSMUSG00000023932	Cdc5l	protein_coding	11
ENSMUSG00000023930	Crisp2	protein_coding	11
ENSMUSG00000023411	Nfatc4	protein_coding	11
ENSMUSG00000060187	Lrrc10	protein_coding	11
ENSMUSG00000059891	Tsks	protein_coding	11
ENSMUSG00000020591	Ntsr2	protein_coding	11
ENSMUSG00000040459	Arglu1	protein_coding	11
ENSMUSG00000046792	Zfp787	protein_coding	11
ENSMUSG00000005262	Ufd1	protein_coding	11
ENSMUSG00000040127	Sdr9c7	protein_coding	11
ENSMUSG00000024254	Abcg8	protein_coding	11
ENSMUSG00000024146	Cript	protein_coding	11
ENSMUSG00000059474	Mbtd1	protein_coding	11
ENSMUSG00000103585	Pcdhgb4	protein_coding	11
ENSMUSG00000024068	Spast	protein_coding	11
ENSMUSG00000024073	Birc6	protein_coding	11
ENSMUSG00000040017	Saa4	protein_coding	11
ENSMUSG00000007656	Arpp19	protein_coding	11
ENSMUSG00000001518	Itfg2	protein_coding	11
ENSMUSG00000039478	Micu3	protein_coding	11
ENSMUSG00000039253	Fn3krp	protein_coding	11
ENSMUSG00000024581	Napg	protein_coding	11
ENSMUSG00000059119	Nap1l4	protein_coding	11
ENSMUSG00000024425	Ndfip1	protein_coding	11
ENSMUSG00000024387	Csnk2b	protein_coding	11
ENSMUSG00000074651	Mcidas	protein_coding	11
ENSMUSG00000070719	Pla2g4d	protein_coding	11
ENSMUSG00000074715	Ccl28	protein_coding	11
ENSMUSG00000038801	Scgb1c1	protein_coding	11
ENSMUSG00000038803	Ost4	protein_coding	11
ENSMUSG00000038773	Kdm3b	protein_coding	11
ENSMUSG00000058835	Abi1	protein_coding	11
ENSMUSG00000058407	Txndc9	protein_coding	11
ENSMUSG00000020376	Rnf130	protein_coding	11
ENSMUSG00000070604	Vsig10l	protein_coding	11
ENSMUSG00000047554	Tmem41b	protein_coding	11
ENSMUSG00000047492	Inhbe	protein_coding	11
ENSMUSG00000038708	Golga4	protein_coding	11
ENSMUSG00000038733	Wdr26	protein_coding	11
ENSMUSG00000074817	Papolb	protein_coding	11
ENSMUSG00000074818	Pdzd7	protein_coding	11
ENSMUSG00000038467	Chmp4b	protein_coding	11
ENSMUSG00000038406	Scaf1	protein_coding	11
ENSMUSG00000075000	Nrbf2	protein_coding	11
ENSMUSG00000058267	Mrps14	protein_coding	11
ENSMUSG00000024908	Ppp6r3	protein_coding	11
ENSMUSG00000024837	Dmrt1	protein_coding	11
ENSMUSG00000024687	Osbp	protein_coding	11
ENSMUSG00000058019	Ces5a	protein_coding	11
ENSMUSG00000064357	mt-Atp6	protein_coding	11
ENSMUSG00000024992	Pde6c	protein_coding	11
ENSMUSG00000024939	Fam89b	protein_coding	11
ENSMUSG00000038085	Cnbd2	protein_coding	11
ENSMUSG00000070509	Rgma	protein_coding	11
ENSMUSG00000038010	Ccdc138	protein_coding	11
ENSMUSG00000037771	Slc32a1	protein_coding	11
ENSMUSG00000070421	Or52n4	protein_coding	11
ENSMUSG00000047911	Npm2	protein_coding	11
ENSMUSG00000047861	Foxi1	protein_coding	11
ENSMUSG00000004948	Zp3	protein_coding	11
ENSMUSG00000037720	Tmem33	protein_coding	11
ENSMUSG00000037503	Fam168b	protein_coding	11
ENSMUSG00000009907	Vps4b	protein_coding	11
ENSMUSG00000025401	Myo1a	protein_coding	11
ENSMUSG00000025265	Fgd1	protein_coding	11
ENSMUSG00000025266	Gnl3l	protein_coding	11
ENSMUSG00000037086	Prr32	protein_coding	11
ENSMUSG00000037101	Ttc29	protein_coding	11
ENSMUSG00000075600	Zc3h3	protein_coding	11
ENSMUSG00000070420	Zscan25	protein_coding	11
ENSMUSG00000036840	Siah1a	protein_coding	11
ENSMUSG00000036810	Cnep1r1	protein_coding	11
ENSMUSG00000026083	Eif5b	protein_coding	11
ENSMUSG00000025907	Rb1cc1	protein_coding	11
ENSMUSG00000002948	Map2k7	protein_coding	11
ENSMUSG00000056763	Cspp1	protein_coding	11
ENSMUSG00000020211	Sf3a2	protein_coding	11
ENSMUSG00000020224	Llph	protein_coding	11
ENSMUSG00000036639	Nudt1	protein_coding	11
ENSMUSG00000010505	Myt1	protein_coding	11
ENSMUSG00000036501	Fam13b	protein_coding	11
ENSMUSG00000048347	Pcdhb18	protein_coding	11
ENSMUSG00000078348	Sf3b5	protein_coding	11
ENSMUSG00000036097	Slf2	protein_coding	11
ENSMUSG00000036110	Slc17a2	protein_coding	11
ENSMUSG00000026254	Eif4e2	protein_coding	11
ENSMUSG00000056632	Dsg3	protein_coding	11
ENSMUSG00000066189	Cacng3	protein_coding	11
ENSMUSG00000035623	Rsf1	protein_coding	11
ENSMUSG00000048562	Sp8	protein_coding	11
ENSMUSG00000035383	Pmch	protein_coding	11
ENSMUSG00000012282	Wnt8a	protein_coding	11
ENSMUSG00000034990	Otoa	protein_coding	11
ENSMUSG00000056487	Tmt1a2	protein_coding	11
ENSMUSG00000020088	Sar1a	protein_coding	11
ENSMUSG00000026353	Ubxn4	protein_coding	11
ENSMUSG00000026272	Agxt	protein_coding	11
ENSMUSG00000034730	Adgrb1	protein_coding	11
ENSMUSG00000048982	Gphb5	protein_coding	11
ENSMUSG00000034145	Tmem63c	protein_coding	11
ENSMUSG00000026743	Mllt10	protein_coding	11
ENSMUSG00000026751	Nr5a1	protein_coding	11
ENSMUSG00000003068	Stk11	protein_coding	11
ENSMUSG00000003031	Cdkn1b	protein_coding	11
ENSMUSG00000033987	Dnah17	protein_coding	11
ENSMUSG00000033943	Mga	protein_coding	11
ENSMUSG00000049291	Prss38	protein_coding	11
ENSMUSG00000049299	Trappc1	protein_coding	11
ENSMUSG00000079277	Hoxd3	protein_coding	11
ENSMUSG00000033439	Trmt13	protein_coding	11
ENSMUSG00000000787	Ddx3x	protein_coding	11
ENSMUSG00000079317	Trappc2	protein_coding	11
ENSMUSG00000027132	Katnbl1	protein_coding	11
ENSMUSG00000027077	Smtnl1	protein_coding	11
ENSMUSG00000027099	Mtx2	protein_coding	11
ENSMUSG00000027048	Abcb11	protein_coding	11
ENSMUSG00000019905	Gprc6a	protein_coding	11
ENSMUSG00000055629	B4galnt4	protein_coding	11
ENSMUSG00000055491	Pprc1	protein_coding	11
ENSMUSG00000096687	Mfsd4b4	protein_coding	11
ENSMUSG00000026960	Arl6ip6	protein_coding	11
ENSMUSG00000026867	Gapvd1	protein_coding	11
ENSMUSG00000026771	Spopl	protein_coding	11
ENSMUSG00000027673	Ndufb5	protein_coding	11
ENSMUSG00000027547	Sall4	protein_coding	11
ENSMUSG00000055471	Alk	protein_coding	11
ENSMUSG00000055302	Mrfap1	protein_coding	11
ENSMUSG00000003233	Dvl3	protein_coding	11
ENSMUSG00000095677	Dynlt1f	protein_coding	11
ENSMUSG00000027206	Cops2	protein_coding	11
ENSMUSG00000033063	Cntnap3	protein_coding	11
ENSMUSG00000079343	C1s2	protein_coding	11
ENSMUSG00000069456	Rdh16	protein_coding	11
ENSMUSG00000079418	Atg4a	protein_coding	11
ENSMUSG00000014686	Ceacam16	protein_coding	11
ENSMUSG00000032942	Ucp3	protein_coding	11
ENSMUSG00000032890	Rims3	protein_coding	11
ENSMUSG00000032739	Pram1	protein_coding	11
ENSMUSG00000027950	Chrnb2	protein_coding	11
ENSMUSG00000066900	Suds3	protein_coding	11
ENSMUSG00000094500	Smim18	protein_coding	11
ENSMUSG00000094559	Cyp2d34	protein_coding	11
ENSMUSG00000027790	Sis	protein_coding	11
ENSMUSG00000027718	Il21	protein_coding	11
ENSMUSG00000028012	Rrh	protein_coding	11
ENSMUSG00000003345	Csnk1g2	protein_coding	11
ENSMUSG00000019494	Cops6	protein_coding	11
ENSMUSG00000050029	Rap2c	protein_coding	11
ENSMUSG00000015023	Ddx19a	protein_coding	11
ENSMUSG00000032403	2300009A05Rik	protein_coding	11
ENSMUSG00000032382	Snx1	protein_coding	11
ENSMUSG00000032393	Dpp8	protein_coding	11
ENSMUSG00000015127	Unkl	protein_coding	11
ENSMUSG00000080316	Spaca6	protein_coding	11
ENSMUSG00000032328	Tmem30a	protein_coding	11
ENSMUSG00000067571	Ms4a15	protein_coding	11
ENSMUSG00000067594	Krt77	protein_coding	11
ENSMUSG00000028280	Gabrr1	protein_coding	11
ENSMUSG00000028248	Pnisr	protein_coding	11
ENSMUSG00000032330	Cox7a2	protein_coding	11
ENSMUSG00000069132	Nxph2	protein_coding	11
ENSMUSG00000004383	Large1	protein_coding	11
ENSMUSG00000031885	Cbfb	protein_coding	11
ENSMUSG00000031847	1700030J22Rik	protein_coding	11
ENSMUSG00000015812	Gnrh1	protein_coding	11
ENSMUSG00000031682	1700011L22Rik	protein_coding	11
ENSMUSG00000031688	Pou4f2	protein_coding	11
ENSMUSG00000028661	Epha8	protein_coding	11
ENSMUSG00000028647	Mycbp	protein_coding	11
ENSMUSG00000028589	Cfap107	protein_coding	11
ENSMUSG00000028608	Czib	protein_coding	11
ENSMUSG00000028609	Magoh	protein_coding	11
ENSMUSG00000028582	Cc2d1b	protein_coding	11
ENSMUSG00000028478	Clta	protein_coding	11
ENSMUSG00000028452	Vcp	protein_coding	11
ENSMUSG00000091119	Ccdc152	protein_coding	11
ENSMUSG00000053684	Kics2	protein_coding	11
ENSMUSG00000028868	Wasf2	protein_coding	11
ENSMUSG00000018666	Cbx1	protein_coding	11
ENSMUSG00000028797	Tmem234	protein_coding	11
ENSMUSG00000091476	Catspere2	protein_coding	11
ENSMUSG00000068823	Csde1	protein_coding	11
ENSMUSG00000050552	Lamtor4	protein_coding	11
ENSMUSG00000050600	Zfp831	protein_coding	11
ENSMUSG00000031637	Lrp2bp	protein_coding	11
ENSMUSG00000031603	Fgf20	protein_coding	11
ENSMUSG00000031585	Gtf2e2	protein_coding	11
ENSMUSG00000029221	Slc30a9	protein_coding	11
ENSMUSG00000029234	Tmem165	protein_coding	11
ENSMUSG00000029206	Nsun7	protein_coding	11
ENSMUSG00000018567	Gabarap	protein_coding	11
ENSMUSG00000053510	Nrdc	protein_coding	11
ENSMUSG00000053536	Cstf2t	protein_coding	11
ENSMUSG00000029038	Ssu72	protein_coding	11
ENSMUSG00000029048	Rer1	protein_coding	11
ENSMUSG00000031533	Mrps31	protein_coding	11
ENSMUSG00000016346	Kcnq2	protein_coding	11
ENSMUSG00000051456	Hspb3	protein_coding	11
ENSMUSG00000051262	Nat8f3	protein_coding	11
ENSMUSG00000031257	Nox1	protein_coding	11
ENSMUSG00000029510	Gpc2	protein_coding	11
ENSMUSG00000018372	Cep95	protein_coding	11
ENSMUSG00000029265	Dr1	protein_coding	11
ENSMUSG00000030983	Bccip	protein_coding	11
ENSMUSG00000030876	Mettl9	protein_coding	11
ENSMUSG00000017167	Cntnap1	protein_coding	11
ENSMUSG00000052759	Gpr25	protein_coding	11
ENSMUSG00000052496	Pkdrej	protein_coding	11
ENSMUSG00000030655	Smg1	protein_coding	11
ENSMUSG00000030613	Ccdc90b	protein_coding	11
ENSMUSG00000030629	Zfand6	protein_coding	11
ENSMUSG00000030491	Tdrd12	protein_coding	11
ENSMUSG00000068302	Noto	protein_coding	11
ENSMUSG00000017478	Zc3h18	protein_coding	11
ENSMUSG00000017485	Top2b	protein_coding	11
ENSMUSG00000030304	Ergic2	protein_coding	11
ENSMUSG00000030244	Gys2	protein_coding	11
ENSMUSG00000087260	Lamtor5	protein_coding	11
ENSMUSG00000017548	Suz12	protein_coding	11
ENSMUSG00000030105	Arl8b	protein_coding	11
ENSMUSG00000052135	Foxo6	protein_coding	11
ENSMUSG00000087403	Kantr	protein_coding	11
ENSMUSG00000030049	Gkn2	protein_coding	11
ENSMUSG00000071655	Ubxn1	protein_coding	11
ENSMUSG00000044933	Sstr3	protein_coding	11
ENSMUSG00000044791	Setd2	protein_coding	11
ENSMUSG00000044505	Lingo4	protein_coding	11
ENSMUSG00000044453	Ffar1	protein_coding	11
ENSMUSG00000020849	Ywhae	protein_coding	11
ENSMUSG00000021661	Ankra2	protein_coding	11
ENSMUSG00000021606	Ndufs6	protein_coding	11
ENSMUSG00000021537	Cetn3	protein_coding	11
ENSMUSG00000002250	Ppard	protein_coding	11
ENSMUSG00000000182	Fgf23	protein_coding	10
ENSMUSG00000021609	Slc6a3	protein_coding	10
ENSMUSG00000116336	Krt85	protein_coding	10
ENSMUSG00000021936	Mapk8	protein_coding	10
ENSMUSG00000021879	Dnah12	protein_coding	10
ENSMUSG00000021709	Erbin	protein_coding	10
ENSMUSG00000118664	Tusc3	protein_coding	10
ENSMUSG00000022243	Slc45a2	protein_coding	10
ENSMUSG00000020745	Pafah1b1	protein_coding	10
ENSMUSG00000061755	Bod1l	protein_coding	10
ENSMUSG00000061518	Cox5b	protein_coding	10
ENSMUSG00000022149	C9	protein_coding	10
ENSMUSG00000022052	Ppp2r2a	protein_coding	10
ENSMUSG00000030766	Arhgap17	protein_coding	10
ENSMUSG00000030647	Ndufc2	protein_coding	10
ENSMUSG00000029920	Smarcad1	protein_coding	10
ENSMUSG00000052707	Tnrc6a	protein_coding	10
ENSMUSG00000052595	A1cf	protein_coding	10
ENSMUSG00000029787	Avl9	protein_coding	10
ENSMUSG00000029706	Pax4	protein_coding	10
ENSMUSG00000029714	Gigyf1	protein_coding	10
ENSMUSG00000029649	Pomp	protein_coding	10
ENSMUSG00000030600	Lrfn1	protein_coding	10
ENSMUSG00000053129	Gsx1	protein_coding	10
ENSMUSG00000053012	Krcc1	protein_coding	10
ENSMUSG00000000532	Acvr1b	protein_coding	10
ENSMUSG00000029447	Cct6a	protein_coding	10
ENSMUSG00000029390	Tmed2	protein_coding	10
ENSMUSG00000000563	Atp5pb	protein_coding	10
ENSMUSG00000090145	Ugt1a6b	protein_coding	10
ENSMUSG00000030967	Zranb1	protein_coding	10
ENSMUSG00000030898	Cckbr	protein_coding	10
ENSMUSG00000016200	Syt14	protein_coding	10
ENSMUSG00000031393	Mecp2	protein_coding	10
ENSMUSG00000031374	Zfp92	protein_coding	10
ENSMUSG00000031302	Nlgn3	protein_coding	10
ENSMUSG00000051396	Msantd7	protein_coding	10
ENSMUSG00000031311	Nono	protein_coding	10
ENSMUSG00000031160	Eras	protein_coding	10
ENSMUSG00000031059	Ndufb11	protein_coding	10
ENSMUSG00000053286	Trmt1l	protein_coding	10
ENSMUSG00000050783	Htr1f	protein_coding	10
ENSMUSG00000050628	Ubald2	protein_coding	10
ENSMUSG00000031635	Anxa10	protein_coding	10
ENSMUSG00000090247	Bloc1s1	protein_coding	10
ENSMUSG00000029089	5730480H06Rik	protein_coding	10
ENSMUSG00000090667	Mdfic2	protein_coding	10
ENSMUSG00000067813	Xkr9	protein_coding	10
ENSMUSG00000029068	Ccnl2	protein_coding	10
ENSMUSG00000029015	Slc26a5	protein_coding	10
ENSMUSG00000028940	Hes2	protein_coding	10
ENSMUSG00000016255	Tubb1	protein_coding	10
ENSMUSG00000050824	Sstr5	protein_coding	10
ENSMUSG00000054099	Slc25a40	protein_coding	10
ENSMUSG00000054136	Adm2	protein_coding	10
ENSMUSG00000028568	Btf3l4	protein_coding	10
ENSMUSG00000028522	Mier1	protein_coding	10
ENSMUSG00000028876	Epha10	protein_coding	10
ENSMUSG00000028801	Stpg1	protein_coding	10
ENSMUSG00000028804	Csmd2	protein_coding	10
ENSMUSG00000028820	Sfpq	protein_coding	10
ENSMUSG00000028821	Syf2	protein_coding	10
ENSMUSG00000028782	Adgrb2	protein_coding	10
ENSMUSG00000028745	Capzb	protein_coding	10
ENSMUSG00000032274	Cyp19a1	protein_coding	10
ENSMUSG00000069237	Fam8a1	protein_coding	10
ENSMUSG00000082815	Cbr1b	protein_coding	10
ENSMUSG00000015441	Gzmf	protein_coding	10
ENSMUSG00000032002	Dcun1d5	protein_coding	10
ENSMUSG00000031879	Ciao2b	protein_coding	10
ENSMUSG00000069085	Dytn	protein_coding	10
ENSMUSG00000031754	Nudt21	protein_coding	10
ENSMUSG00000079508	Apoo	protein_coding	10
ENSMUSG00000049971	Glt1d1	protein_coding	10
ENSMUSG00000079588	Tmem182	protein_coding	10
ENSMUSG00000019054	Fis1	protein_coding	10
ENSMUSG00000003435	Supt5	protein_coding	10
ENSMUSG00000054161	Fam83e	protein_coding	10
ENSMUSG00000028291	Akirin2	protein_coding	10
ENSMUSG00000028310	Ppp3r2	protein_coding	10
ENSMUSG00000028252	Ccnc	protein_coding	10
ENSMUSG00000028229	Rmdn1	protein_coding	10
ENSMUSG00000028188	Spata1	protein_coding	10
ENSMUSG00000032318	Isl2	protein_coding	10
ENSMUSG00000027887	Sypl2	protein_coding	10
ENSMUSG00000027744	Stoml3	protein_coding	10
ENSMUSG00000028185	Dnase2b	protein_coding	10
ENSMUSG00000019362	D8Ertd738e	protein_coding	10
ENSMUSG00000028053	Ash1l	protein_coding	10
ENSMUSG00000028004	Npy2r	protein_coding	10
ENSMUSG00000054594	Oscar	protein_coding	10
ENSMUSG00000067220	Cnga1	protein_coding	10
ENSMUSG00000019429	Ffar3	protein_coding	10
ENSMUSG00000033184	Tmed7	protein_coding	10
ENSMUSG00000019927	Ube2d1	protein_coding	10
ENSMUSG00000027746	Ufm1	protein_coding	10
ENSMUSG00000027630	Tbl1xr1	protein_coding	10
ENSMUSG00000027416	Otor	protein_coding	10
ENSMUSG00000027349	Fam98b	protein_coding	10
ENSMUSG00000027351	Spred1	protein_coding	10
ENSMUSG00000027281	Slx4ip	protein_coding	10
ENSMUSG00000014668	Chfr	protein_coding	10
ENSMUSG00000033014	Trim33	protein_coding	10
ENSMUSG00000014786	Slc9a5	protein_coding	10
ENSMUSG00000034224	Slc38a8	protein_coding	10
ENSMUSG00000034163	Zfc3h1	protein_coding	10
ENSMUSG00000026750	Psmb7	protein_coding	10
ENSMUSG00000026753	Ppp6c	protein_coding	10
ENSMUSG00000066415	Msl2	protein_coding	10
ENSMUSG00000026571	Dcaf6	protein_coding	10
ENSMUSG00000026514	Cnih3	protein_coding	10
ENSMUSG00000033597	Caskin1	protein_coding	10
ENSMUSG00000049620	Prss33	protein_coding	10
ENSMUSG00000049491	Slc36a3	protein_coding	10
ENSMUSG00000049152	Ugt3a1	protein_coding	10
ENSMUSG00000033411	Ctdspl2	protein_coding	10
ENSMUSG00000048721	Fndc9	protein_coding	10
ENSMUSG00000035390	Brsk1	protein_coding	10
ENSMUSG00000035148	Gpr33	protein_coding	10
ENSMUSG00000056328	Myh1	protein_coding	10
ENSMUSG00000056078	Lipm	protein_coding	10
ENSMUSG00000020090	Npffr1	protein_coding	10
ENSMUSG00000078786	Actmap	protein_coding	10
ENSMUSG00000034402	Kcnh5	protein_coding	10
ENSMUSG00000049092	Gpr137c	protein_coding	10
ENSMUSG00000026173	Plcd4	protein_coding	10
ENSMUSG00000026087	Mrpl30	protein_coding	10
ENSMUSG00000026111	Unc50	protein_coding	10
ENSMUSG00000036083	Slc17a3	protein_coding	10
ENSMUSG00000078554	Fam229a	protein_coding	10
ENSMUSG00000035594	Chrna5	protein_coding	10
ENSMUSG00000078639	Gm12695	protein_coding	10
ENSMUSG00000036964	Trim17	protein_coding	10
ENSMUSG00000036948	Trappc14	protein_coding	10
ENSMUSG00000036899	Trpv5	protein_coding	10
ENSMUSG00000078201	Tmem203	protein_coding	10
ENSMUSG00000010608	Rbm25	protein_coding	10
ENSMUSG00000020191	Spmip7	protein_coding	10
ENSMUSG00000001988	Npas1	protein_coding	10
ENSMUSG00000056987	Garin2	protein_coding	10
ENSMUSG00000002017	Fam98a	protein_coding	10
ENSMUSG00000025777	Gdap1	protein_coding	10
ENSMUSG00000010517	Faf1	protein_coding	10
ENSMUSG00000048582	Gja3	protein_coding	10
ENSMUSG00000036304	Zdhhc23	protein_coding	10
ENSMUSG00000037236	Matr3	protein_coding	10
ENSMUSG00000037157	Il22ra1	protein_coding	10
ENSMUSG00000025431	Crisp1	protein_coding	10
ENSMUSG00000025380	Fscn2	protein_coding	10
ENSMUSG00000025410	Dctn2	protein_coding	10
ENSMUSG00000057789	Bak1	protein_coding	10
ENSMUSG00000037197	Rbm17	protein_coding	10
ENSMUSG00000048271	Rbm33	protein_coding	10
ENSMUSG00000048039	Isg20l2	protein_coding	10
ENSMUSG00000036972	Zic4	protein_coding	10
ENSMUSG00000075044	Slc22a29	protein_coding	10
ENSMUSG00000038024	Dennd4c	protein_coding	10
ENSMUSG00000038026	Kcnj9	protein_coding	10
ENSMUSG00000038056	Kmt2c	protein_coding	10
ENSMUSG00000038002	Cramp1	protein_coding	10
ENSMUSG00000037787	Coa8	protein_coding	10
ENSMUSG00000037791	Phf12	protein_coding	10
ENSMUSG00000048000	Gigyf2	protein_coding	10
ENSMUSG00000009630	Ppp2cb	protein_coding	10
ENSMUSG00000037514	Pank2	protein_coding	10
ENSMUSG00000037225	Fgf2	protein_coding	10
ENSMUSG00000024957	Kcnk4	protein_coding	10
ENSMUSG00000024902	Mrpl11	protein_coding	10
ENSMUSG00000020361	Hspa4	protein_coding	10
ENSMUSG00000025189	Cnnm1	protein_coding	10
ENSMUSG00000058057	Tmt1a3	protein_coding	10
ENSMUSG00000058076	Sdhc	protein_coding	10
ENSMUSG00000064354	mt-Co2	protein_coding	10
ENSMUSG00000020290	Xpo1	protein_coding	10
ENSMUSG00000025103	Btbd1	protein_coding	10
ENSMUSG00000025081	Tdrd1	protein_coding	10
ENSMUSG00000047293	Gpr15	protein_coding	10
ENSMUSG00000047298	Kcnv2	protein_coding	10
ENSMUSG00000047143	Dmrta2	protein_coding	10
ENSMUSG00000058921	Slc10a5	protein_coding	10
ENSMUSG00000058441	Panx2	protein_coding	10
ENSMUSG00000024575	Pde6a	protein_coding	10
ENSMUSG00000074771	Ankef1	protein_coding	10
ENSMUSG00000038535	Zfp280d	protein_coding	10
ENSMUSG00000039218	Srrm2	protein_coding	10
ENSMUSG00000039163	Cmc1	protein_coding	10
ENSMUSG00000020447	Npc1l1	protein_coding	10
ENSMUSG00000059361	Nrsn2	protein_coding	10
ENSMUSG00000024471	Myot	protein_coding	10
ENSMUSG00000024393	Prrc2a	protein_coding	10
ENSMUSG00000024404	Riok3	protein_coding	10
ENSMUSG00000024325	Ring1	protein_coding	10
ENSMUSG00000008301	Phax	protein_coding	10
ENSMUSG00000074665	Bpifb4	protein_coding	10
ENSMUSG00000070720	Tmem200b	protein_coding	10
ENSMUSG00000040242	Fgfr1op2	protein_coding	10
ENSMUSG00000024347	Psd2	protein_coding	10
ENSMUSG00000102692	Dchs2	protein_coding	10
ENSMUSG00000002057	Foxn1	protein_coding	10
ENSMUSG00000059562	Ccdc154	protein_coding	10
ENSMUSG00000103037	Pcdhgb1	protein_coding	10
ENSMUSG00000024121	Atp6v0c	protein_coding	10
ENSMUSG00000103472	Pcdhga7	protein_coding	10
ENSMUSG00000039838	Slc45a1	protein_coding	10
ENSMUSG00000039728	Slc6a5	protein_coding	10
ENSMUSG00000047026	Acsm4	protein_coding	10
ENSMUSG00000039615	Stub1	protein_coding	10
ENSMUSG00000039515	Ptpa	protein_coding	10
ENSMUSG00000040652	Oaz2	protein_coding	10
ENSMUSG00000024027	Glp1r	protein_coding	10
ENSMUSG00000023403	Stk31	protein_coding	10
ENSMUSG00000020585	Laptm4a	protein_coding	10
ENSMUSG00000074195	Clca4b	protein_coding	10
ENSMUSG00000046961	Gpr156	protein_coding	10
ENSMUSG00000070877	Ldlrad1	protein_coding	10
ENSMUSG00000040298	Btbd16	protein_coding	10
ENSMUSG00000040225	Prrc2c	protein_coding	10
ENSMUSG00000002416	Ndufb2	protein_coding	10
ENSMUSG00000063689	H2ac21	protein_coding	10
ENSMUSG00000022812	Gsk3b	protein_coding	10
ENSMUSG00000020612	Prkar1a	protein_coding	10
ENSMUSG00000105734	Ctxnd2	protein_coding	10
ENSMUSG00000023010	Tmbim6	protein_coding	10
ENSMUSG00000046667	Rbm12b1	protein_coding	10
ENSMUSG00000046634	Pkd1l1	protein_coding	10
ENSMUSG00000040651	Tasor	protein_coding	10
ENSMUSG00000073380	Arrdc5	protein_coding	10
ENSMUSG00000042460	C1galt1	protein_coding	10
ENSMUSG00000042414	Prdm14	protein_coding	10
ENSMUSG00000046110	Serinc4	protein_coding	10
ENSMUSG00000046095	Krt32	protein_coding	10
ENSMUSG00000046101	Mcmdc2	protein_coding	10
ENSMUSG00000042388	Dlgap3	protein_coding	10
ENSMUSG00000042002	Foxn4	protein_coding	10
ENSMUSG00000046541	Zfp526	protein_coding	10
ENSMUSG00000005442	Cic	protein_coding	10
ENSMUSG00000073639	Rab18	protein_coding	10
ENSMUSG00000041328	Pcf11	protein_coding	10
ENSMUSG00000043659	Npsr1	protein_coding	10
ENSMUSG00000072934	Trpc5os	protein_coding	10
ENSMUSG00000071506	Tmem139	protein_coding	10
ENSMUSG00000043051	Disc1	protein_coding	10
ENSMUSG00000022617	Chkb	protein_coding	10
ENSMUSG00000022635	Zcrb1	protein_coding	10
ENSMUSG00000002379	Ndufa11	protein_coding	10
ENSMUSG00000063661	Krt73	protein_coding	10
ENSMUSG00000022431	Ribc2	protein_coding	10
ENSMUSG00000022436	Sh3bp1	protein_coding	10
ENSMUSG00000022338	Eny2	protein_coding	10
ENSMUSG00000020859	Spag9	protein_coding	10
ENSMUSG00000062797	Hikeshi	protein_coding	10
ENSMUSG00000020954	Strn3	protein_coding	10
ENSMUSG00000044322	Dsc1	protein_coding	10
ENSMUSG00000005779	Psmb4	protein_coding	10
ENSMUSG00000071533	Pcnp	protein_coding	10
ENSMUSG00000044014	Npy5r	protein_coding	10
ENSMUSG00000072791	Abcb5	protein_coding	10
ENSMUSG00000062169	Cnih4	protein_coding	10
ENSMUSG00000017688	Hnf4g	protein_coding	10
ENSMUSG00000052033	Pfdn4	protein_coding	10
ENSMUSG00000030016	Zfp638	protein_coding	10
ENSMUSG00000030019	Fbxl14	protein_coding	10
ENSMUSG00000045034	Ankrd34b	protein_coding	10
ENSMUSG00000044912	Syt16	protein_coding	10
ENSMUSG00000005687	Bcas2	protein_coding	10
ENSMUSG00000044617	Zbtb39	protein_coding	10
ENSMUSG00000044430	Klk12	protein_coding	10
ENSMUSG00000002249	Tead3	protein_coding	9
ENSMUSG00000018765	Fxr2	protein_coding	9
ENSMUSG00000048652	Samd13	protein_coding	9
ENSMUSG00000069922	Ces3a	protein_coding	9
ENSMUSG00000021764	Ndufs4	protein_coding	9
ENSMUSG00000044594	Serpinb3a	protein_coding	9
ENSMUSG00000044519	Zfp488	protein_coding	9
ENSMUSG00000005677	Nr1i3	protein_coding	9
ENSMUSG00000020994	Pnn	protein_coding	9
ENSMUSG00000035242	Oaz1	protein_coding	9
ENSMUSG00000035262	Amh	protein_coding	9
ENSMUSG00000028618	Tmem59	protein_coding	9
ENSMUSG00000078656	Vps25	protein_coding	9
ENSMUSG00000021866	Anxa11	protein_coding	9
ENSMUSG00000021898	Asb14	protein_coding	9
ENSMUSG00000021913	Ogdhl	protein_coding	9
ENSMUSG00000044216	Kcnj4	protein_coding	9
ENSMUSG00000021679	S100z	protein_coding	9
ENSMUSG00000021685	Otp	protein_coding	9
ENSMUSG00000063232	Serpina11	protein_coding	9
ENSMUSG00000021969	Zdhhc20	protein_coding	9
ENSMUSG00000071521	Try10	protein_coding	9
ENSMUSG00000044024	Rell2	protein_coding	9
ENSMUSG00000015665	Awat1	protein_coding	9
ENSMUSG00000015733	Capza2	protein_coding	9
ENSMUSG00000031936	Hephl1	protein_coding	9
ENSMUSG00000031966	Glb1l3	protein_coding	9
ENSMUSG00000031491	Chrna6	protein_coding	9
ENSMUSG00000031627	Irf2	protein_coding	9
ENSMUSG00000035951	Ascl3	protein_coding	9
ENSMUSG00000053916	Nanp	protein_coding	9
ENSMUSG00000067722	Uqcc4	protein_coding	9
ENSMUSG00000067714	Lpar5	protein_coding	9
ENSMUSG00000034891	Sncb	protein_coding	9
ENSMUSG00000034872	Gipc3	protein_coding	9
ENSMUSG00000001333	Sync	protein_coding	9
ENSMUSG00000043991	Pura	protein_coding	9
ENSMUSG00000005952	Trpv1	protein_coding	9
ENSMUSG00000022249	Ttc23l	protein_coding	9
ENSMUSG00000022339	Ebag9	protein_coding	9
ENSMUSG00000062168	Ppef1	protein_coding	9
ENSMUSG00000034998	Foxn2	protein_coding	9
ENSMUSG00000012429	Mplkip	protein_coding	9
ENSMUSG00000028945	Rheb	protein_coding	9
ENSMUSG00000028191	Bcl10	protein_coding	9
ENSMUSG00000036309	Skp1	protein_coding	9
ENSMUSG00000043487	Acot6	protein_coding	9
ENSMUSG00000043468	Adam30	protein_coding	9
ENSMUSG00000032185	Carm1	protein_coding	9
ENSMUSG00000050966	Lin28a	protein_coding	9
ENSMUSG00000067081	Asb18	protein_coding	9
ENSMUSG00000004902	Slc25a18	protein_coding	9
ENSMUSG00000036565	Ttyh3	protein_coding	9
ENSMUSG00000019146	Cacng2	protein_coding	9
ENSMUSG00000034560	Washc4	protein_coding	9
ENSMUSG00000034674	Tdg	protein_coding	9
ENSMUSG00000005469	Prkaca	protein_coding	9
ENSMUSG00000005506	Celf1	protein_coding	9
ENSMUSG00000109901	Chmp1b	protein_coding	9
ENSMUSG00000020705	Ddx42	protein_coding	9
ENSMUSG00000022388	Ttll8	protein_coding	9
ENSMUSG00000027967	Neurog2	protein_coding	9
ENSMUSG00000036632	Alg5	protein_coding	9
ENSMUSG00000036760	Kcnk9	protein_coding	9
ENSMUSG00000036813	Entpd8	protein_coding	9
ENSMUSG00000036792	Mbd5	protein_coding	9
ENSMUSG00000054537	Tmprss11e	protein_coding	9
ENSMUSG00000054901	Arhgef33	protein_coding	9
ENSMUSG00000043144	Aqp6	protein_coding	9
ENSMUSG00000022601	Zbtb11	protein_coding	9
ENSMUSG00000031290	Lrch2	protein_coding	9
ENSMUSG00000004455	Ppp1cc	protein_coding	9
ENSMUSG00000036873	2410004B18Rik	protein_coding	9
ENSMUSG00000036962	Cfap221	protein_coding	9
ENSMUSG00000010376	Nedd8	protein_coding	9
ENSMUSG00000075700	Selenot	protein_coding	9
ENSMUSG00000013701	Timm23	protein_coding	9
ENSMUSG00000034391	Fbxo15	protein_coding	9
ENSMUSG00000078937	Cpt1b	protein_coding	9
ENSMUSG00000042425	Frmpd3	protein_coding	9
ENSMUSG00000006304	Arpc2	protein_coding	9
ENSMUSG00000022536	Glyr1	protein_coding	9
ENSMUSG00000018501	Ncor1	protein_coding	9
ENSMUSG00000029203	Ube2k	protein_coding	9
ENSMUSG00000094845	Tmem95	protein_coding	9
ENSMUSG00000027835	Pdcd10	protein_coding	9
ENSMUSG00000048230	Fbxo43	protein_coding	9
ENSMUSG00000094282	Cfap73	protein_coding	9
ENSMUSG00000094985	Topaz1	protein_coding	9
ENSMUSG00000060913	Trim55	protein_coding	9
ENSMUSG00000073399	Trim40	protein_coding	9
ENSMUSG00000006270	Vax1	protein_coding	9
ENSMUSG00000031226	Pbdc1	protein_coding	9
ENSMUSG00000032310	Cyp1a2	protein_coding	9
ENSMUSG00000080115	Eef1akmt3	protein_coding	9
ENSMUSG00000079677	Fdx2	protein_coding	9
ENSMUSG00000027651	Rprd1b	protein_coding	9
ENSMUSG00000027706	Sec62	protein_coding	9
ENSMUSG00000001017	Chtop	protein_coding	9
ENSMUSG00000075502	Kbtbd6	protein_coding	9
ENSMUSG00000037469	Acp7	protein_coding	9
ENSMUSG00000037455	Slc18b1	protein_coding	9
ENSMUSG00000015013	Trappc2l	protein_coding	9
ENSMUSG00000031200	Mtcp1	protein_coding	9
ENSMUSG00000106918	Mrpl33	protein_coding	9
ENSMUSG00000023009	Nckap5l	protein_coding	9
ENSMUSG00000060279	Ap2a1	protein_coding	9
ENSMUSG00000060373	Hnrnpc	protein_coding	9
ENSMUSG00000027528	Fabp9	protein_coding	9
ENSMUSG00000027606	Dnajc5b	protein_coding	9
ENSMUSG00000090326	Dthd1	protein_coding	9
ENSMUSG00000079019	Insl3	protein_coding	9
ENSMUSG00000018412	Kansl1	protein_coding	9
ENSMUSG00000090210	Itga10	protein_coding	9
ENSMUSG00000018433	Nol11	protein_coding	9
ENSMUSG00000042167	Tent2	protein_coding	9
ENSMUSG00000023052	Npff	protein_coding	9
ENSMUSG00000023079	Gtf2ird1	protein_coding	9
ENSMUSG00000051934	Spats2	protein_coding	9
ENSMUSG00000032401	Lctl	protein_coding	9
ENSMUSG00000032449	Slc25a36	protein_coding	9
ENSMUSG00000032435	Dync1li1	protein_coding	9
ENSMUSG00000014907	Naf1	protein_coding	9
ENSMUSG00000032582	Rbm6	protein_coding	9
ENSMUSG00000032599	Ip6k2	protein_coding	9
ENSMUSG00000032595	Cdhr4	protein_coding	9
ENSMUSG00000051777	Iqcj	protein_coding	9
ENSMUSG00000023192	Grm2	protein_coding	9
ENSMUSG00000006412	Pfdn2	protein_coding	9
ENSMUSG00000090124	Ugt1a7c	protein_coding	9
ENSMUSG00000009731	Kcnd1	protein_coding	9
ENSMUSG00000037797	Adh4	protein_coding	9
ENSMUSG00000037935	Smarce1	protein_coding	9
ENSMUSG00000027335	Adra1d	protein_coding	9
ENSMUSG00000055436	Srsf11	protein_coding	9
ENSMUSG00000096316	Faiml	protein_coding	9
ENSMUSG00000041710	Trpc5	protein_coding	9
ENSMUSG00000041735	AAdacl4fm3	protein_coding	9
ENSMUSG00000023802	Nox3	protein_coding	9
ENSMUSG00000023852	Chd1	protein_coding	9
ENSMUSG00000023939	Mrpl14	protein_coding	9
ENSMUSG00000020519	Sap30l	protein_coding	9
ENSMUSG00000020516	Rps6kb1	protein_coding	9
ENSMUSG00000030697	Ppp4c	protein_coding	9
ENSMUSG00000030850	Ate1	protein_coding	9
ENSMUSG00000050002	Idnk	protein_coding	9
ENSMUSG00000047642	D930020B18Rik	protein_coding	9
ENSMUSG00000027091	Zc3h15	protein_coding	9
ENSMUSG00000029462	Vps29	protein_coding	9
ENSMUSG00000033837	Foxh1	protein_coding	9
ENSMUSG00000033953	Ppp3r1	protein_coding	9
ENSMUSG00000033963	Fancd2os	protein_coding	9
ENSMUSG00000053046	Brsk2	protein_coding	9
ENSMUSG00000041468	Gpr12	protein_coding	9
ENSMUSG00000024091	Vapa	protein_coding	9
ENSMUSG00000102976	Zc3h11a	protein_coding	9
ENSMUSG00000104301	Wdr49	protein_coding	9
ENSMUSG00000041718	Alg13	protein_coding	9
ENSMUSG00000053194	Cib4	protein_coding	9
ENSMUSG00000029642	Polr1d	protein_coding	9
ENSMUSG00000009406	Elk1	protein_coding	9
ENSMUSG00000038203	Hoxa13	protein_coding	9
ENSMUSG00000038257	Glra3	protein_coding	9
ENSMUSG00000019883	Echdc1	protein_coding	9
ENSMUSG00000002664	Pspn	protein_coding	9
ENSMUSG00000046585	Cfap58	protein_coding	9
ENSMUSG00000024240	Epc1	protein_coding	9
ENSMUSG00000024283	Wac	protein_coding	9
ENSMUSG00000103800	Pcdha8	protein_coding	9
ENSMUSG00000066516	Klk1b21	protein_coding	9
ENSMUSG00000038276	Asic3	protein_coding	9
ENSMUSG00000009075	Cabp7	protein_coding	9
ENSMUSG00000038374	Rbm8a	protein_coding	9
ENSMUSG00000008958	Vps72	protein_coding	9
ENSMUSG00000008932	Slc1a7	protein_coding	9
ENSMUSG00000024400	Wdr33	protein_coding	9
ENSMUSG00000024414	Mrpl27	protein_coding	9
ENSMUSG00000024442	Dele1	protein_coding	9
ENSMUSG00000030421	Uri1	protein_coding	9
ENSMUSG00000040731	Eif4h	protein_coding	9
ENSMUSG00000040818	Dennd6a	protein_coding	9
ENSMUSG00000059355	Wdr83os	protein_coding	9
ENSMUSG00000101959	Ldhal6b	protein_coding	9
ENSMUSG00000038622	Med30	protein_coding	9
ENSMUSG00000038690	Atp5mf	protein_coding	9
ENSMUSG00000047412	Zbtb44	protein_coding	9
ENSMUSG00000026468	Lhx4	protein_coding	9
ENSMUSG00000026516	Nvl	protein_coding	9
ENSMUSG00000020056	Washc3	protein_coding	9
ENSMUSG00000029686	Cul1	protein_coding	9
ENSMUSG00000033501	Crygs	protein_coding	9
ENSMUSG00000046811	Gltpd2	protein_coding	9
ENSMUSG00000001566	Mnx1	protein_coding	9
ENSMUSG00000030180	Kdm5a	protein_coding	9
ENSMUSG00000087247	Alkal1	protein_coding	9
ENSMUSG00000030339	Ltbr	protein_coding	9
ENSMUSG00000014603	Alx3	protein_coding	9
ENSMUSG00000033634	Nat8f2	protein_coding	9
ENSMUSG00000033624	Pdpr	protein_coding	9
ENSMUSG00000079103	Tgm7	protein_coding	9
ENSMUSG00000020149	Rab1a	protein_coding	9
ENSMUSG00000026312	Cdh7	protein_coding	9
ENSMUSG00000008475	Arpc5	protein_coding	9
ENSMUSG00000026426	Arl8a	protein_coding	9
ENSMUSG00000097084	Foxl1	protein_coding	9
ENSMUSG00000024735	Prpf19	protein_coding	9
ENSMUSG00000040187	Bmal2	protein_coding	9
ENSMUSG00000024519	Cplx4	protein_coding	9
ENSMUSG00000100241	Slc18a3	protein_coding	9
ENSMUSG00000040489	Sox30	protein_coding	9
ENSMUSG00000070942	Il1rl2	protein_coding	9
ENSMUSG00000001076	C1ql4	protein_coding	9
ENSMUSG00000039155	Cdh26	protein_coding	9
ENSMUSG00000047187	Rab2a	protein_coding	9
ENSMUSG00000020128	Vps54	protein_coding	9
ENSMUSG00000026176	Ctdsp1	protein_coding	9
ENSMUSG00000029754	Dlx6	protein_coding	9
ENSMUSG00000029815	Malsu1	protein_coding	9
ENSMUSG00000079259	Trim71	protein_coding	9
ENSMUSG00000049571	Cfap46	protein_coding	9
ENSMUSG00000052456	Get3	protein_coding	9
ENSMUSG00000052819	Best2	protein_coding	9
ENSMUSG00000020368	Canx	protein_coding	9
ENSMUSG00000024979	Tectb	protein_coding	9
ENSMUSG00000024682	Cblif	protein_coding	9
ENSMUSG00000024758	Rtn3	protein_coding	9
ENSMUSG00000024757	Slc22a19	protein_coding	9
ENSMUSG00000004591	Pkn2	protein_coding	9
ENSMUSG00000049823	Zbtb12	protein_coding	9
ENSMUSG00000069581	Tspear	protein_coding	9
ENSMUSG00000039630	Hnrnpu	protein_coding	9
ENSMUSG00000064358	mt-Co3	protein_coding	9
ENSMUSG00000008438	Adam21	protein_coding	9
ENSMUSG00000008429	Herpud2	protein_coding	9
ENSMUSG00000074647	Fam83c	protein_coding	9
ENSMUSG00000074627	Mroh8	protein_coding	9
ENSMUSG00000014301	Pam16	protein_coding	9
ENSMUSG00000014294	Ndufa2	protein_coding	9
ENSMUSG00000025418	Bsnd	protein_coding	9
ENSMUSG00000056851	Pcbp2	protein_coding	9
ENSMUSG00000052273	Dnah3	protein_coding	9
ENSMUSG00000052372	Il1rapl1	protein_coding	9
ENSMUSG00000045322	Tlr9	protein_coding	9
ENSMUSG00000021078	Tomm20l	protein_coding	9
ENSMUSG00000021218	Gdi2	protein_coding	9
ENSMUSG00000021244	Ylpm1	protein_coding	9
ENSMUSG00000021051	Ppp2r5e	protein_coding	9
ENSMUSG00000021413	Prpf4b	protein_coding	9
ENSMUSG00000020888	Dvl2	protein_coding	9
ENSMUSG00000050310	Rictor	protein_coding	9
ENSMUSG00000050428	Fbxo46	protein_coding	9
ENSMUSG00000050468	Astl	protein_coding	9
ENSMUSG00000050439	Enthd1	protein_coding	9
ENSMUSG00000021264	Yy1	protein_coding	8
ENSMUSG00000050357	Carmil2	protein_coding	8
ENSMUSG00000085139	Sertm2	protein_coding	8
ENSMUSG00000068859	Sp9	protein_coding	8
ENSMUSG00000021660	Btf3	protein_coding	8
ENSMUSG00000021612	Slc6a18	protein_coding	8
ENSMUSG00000021546	Hnrnpk	protein_coding	8
ENSMUSG00000021404	Serpinb9c	protein_coding	8
ENSMUSG00000020903	Stx8	protein_coding	8
ENSMUSG00000018844	Fndc8	protein_coding	8
ENSMUSG00000044477	Zfand3	protein_coding	8
ENSMUSG00000044916	Frey1	protein_coding	8
ENSMUSG00000035199	Arl6ip5	protein_coding	8
ENSMUSG00000035191	Rfpl4	protein_coding	8
ENSMUSG00000035528	Npffr2	protein_coding	8
ENSMUSG00000067656	Slc22a27	protein_coding	8
ENSMUSG00000067642	Adgrf3	protein_coding	8
ENSMUSG00000028419	Chmp5	protein_coding	8
ENSMUSG00000020830	Vmo1	protein_coding	8
ENSMUSG00000058741	Prr19	protein_coding	8
ENSMUSG00000002728	Naa20	protein_coding	8
ENSMUSG00000068117	Mei1	protein_coding	8
ENSMUSG00000017767	Spata25	protein_coding	8
ENSMUSG00000049897	Stkld1	protein_coding	8
ENSMUSG00000025024	Smndc1	protein_coding	8
ENSMUSG00000047085	Lrrc4b	protein_coding	8
ENSMUSG00000002778	Kdelr1	protein_coding	8
ENSMUSG00000025215	Tlx1	protein_coding	8
ENSMUSG00000001847	Rac1	protein_coding	8
ENSMUSG00000057037	Cfhr1	protein_coding	8
ENSMUSG00000025903	Lypla1	protein_coding	8
ENSMUSG00000039070	Cpa4	protein_coding	8
ENSMUSG00000056586	Zar1l	protein_coding	8
ENSMUSG00000039059	Hrh3	protein_coding	8
ENSMUSG00000074678	Defb25	protein_coding	8
ENSMUSG00000020152	Actr2	protein_coding	8
ENSMUSG00000026155	Smap1	protein_coding	8
ENSMUSG00000029725	Ppp1r35	protein_coding	8
ENSMUSG00000029784	Ssmem1	protein_coding	8
ENSMUSG00000079278	Tmem233	protein_coding	8
ENSMUSG00000052812	Atad2b	protein_coding	8
ENSMUSG00000024786	Majin	protein_coding	8
ENSMUSG00000058503	Fam133b	protein_coding	8
ENSMUSG00000040140	Tdrd6	protein_coding	8
ENSMUSG00000040154	Wfdc5	protein_coding	8
ENSMUSG00000040287	Stac3	protein_coding	8
ENSMUSG00000040372	Gpr63	protein_coding	8
ENSMUSG00000024600	Slc27a6	protein_coding	8
ENSMUSG00000005355	Casp14	protein_coding	8
ENSMUSG00000074764	Sel1l2	protein_coding	8
ENSMUSG00000038840	Birc7	protein_coding	8
ENSMUSG00000038997	Asb17	protein_coding	8
ENSMUSG00000039032	Tsga13	protein_coding	8
ENSMUSG00000089960	Ugt1a1	protein_coding	8
ENSMUSG00000046793	Gpr61	protein_coding	8
ENSMUSG00000040478	Prdm13	protein_coding	8
ENSMUSG00000030397	Mark4	protein_coding	8
ENSMUSG00000014592	Camta1	protein_coding	8
ENSMUSG00000032988	Slc16a8	protein_coding	8
ENSMUSG00000033623	Pcgf3	protein_coding	8
ENSMUSG00000029712	Actl6b	protein_coding	8
ENSMUSG00000029711	Epo	protein_coding	8
ENSMUSG00000026251	Chrnd	protein_coding	8
ENSMUSG00000079495	Nat8f6	protein_coding	8
ENSMUSG00000069806	Cacng7	protein_coding	8
ENSMUSG00000069721	Krtap3-2	protein_coding	8
ENSMUSG00000040565	Btaf1	protein_coding	8
ENSMUSG00000040725	Hnrnpul1	protein_coding	8
ENSMUSG00000020461	Clhc1	protein_coding	8
ENSMUSG00000038722	Bud31	protein_coding	8
ENSMUSG00000056133	Unc93a2	protein_coding	8
ENSMUSG00000056350	Krtap13-1	protein_coding	8
ENSMUSG00000056493	Foxk1	protein_coding	8
ENSMUSG00000066279	Chrna10	protein_coding	8
ENSMUSG00000000600	Krit1	protein_coding	8
ENSMUSG00000041380	Htr2c	protein_coding	8
ENSMUSG00000024188	Luc7l	protein_coding	8
ENSMUSG00000024258	Polr2d	protein_coding	8
ENSMUSG00000003072	Atp5f1d	protein_coding	8
ENSMUSG00000026609	Ush2a	protein_coding	8
ENSMUSG00000038598	Shoc1	protein_coding	8
ENSMUSG00000040770	Il25	protein_coding	8
ENSMUSG00000041141	Pnma8a	protein_coding	8
ENSMUSG00000017421	Zfp207	protein_coding	8
ENSMUSG00000030472	Ceacam18	protein_coding	8
ENSMUSG00000041578	Crx	protein_coding	8
ENSMUSG00000102918	Pcdhgc3	protein_coding	8
ENSMUSG00000063882	Uqcrh	protein_coding	8
ENSMUSG00000029644	Pdx1	protein_coding	8
ENSMUSG00000038199	Iqca1l	protein_coding	8
ENSMUSG00000075023	Accsl	protein_coding	8
ENSMUSG00000038255	Neurod2	protein_coding	8
ENSMUSG00000066568	Lsm14a	protein_coding	8
ENSMUSG00000096199	Ptrhd1	protein_coding	8
ENSMUSG00000041730	Drgx	protein_coding	8
ENSMUSG00000016833	Mrps18c	protein_coding	8
ENSMUSG00000075267	Pjvk	protein_coding	8
ENSMUSG00000029442	Cfap251	protein_coding	8
ENSMUSG00000079071	Slc28a2b	protein_coding	8
ENSMUSG00000034139	Serpini2	protein_coding	8
ENSMUSG00000024002	Brd4	protein_coding	8
ENSMUSG00000023020	Cox14	protein_coding	8
ENSMUSG00000023118	Sympk	protein_coding	8
ENSMUSG00000032423	Syncrip	protein_coding	8
ENSMUSG00000023333	Gcm1	protein_coding	8
ENSMUSG00000046240	Hepacam	protein_coding	8
ENSMUSG00000046354	Defb14	protein_coding	8
ENSMUSG00000063787	Chchd1	protein_coding	8
ENSMUSG00000063730	Hsd3b2	protein_coding	8
ENSMUSG00000041911	Dlx1	protein_coding	8
ENSMUSG00000029432	Nipsnap2	protein_coding	8
ENSMUSG00000009588	St6galnac1	protein_coding	8
ENSMUSG00000095789	Nupr2	protein_coding	8
ENSMUSG00000095687	Rnaset2a	protein_coding	8
ENSMUSG00000026977	Marchf7	protein_coding	8
ENSMUSG00000022961	Son	protein_coding	8
ENSMUSG00000023018	Smarcd1	protein_coding	8
ENSMUSG00000042189	Tekt3	protein_coding	8
ENSMUSG00000073468	Sft2d1	protein_coding	8
ENSMUSG00000042250	Pglyrp4	protein_coding	8
ENSMUSG00000063713	Klk1b24	protein_coding	8
ENSMUSG00000037593	Rskr	protein_coding	8
ENSMUSG00000048015	Neurod4	protein_coding	8
ENSMUSG00000049013	Prss48	protein_coding	8
ENSMUSG00000018415	Gid4	protein_coding	8
ENSMUSG00000073602	Serpinb3b	protein_coding	8
ENSMUSG00000073600	Prob1	protein_coding	8
ENSMUSG00000046032	Snx12	protein_coding	8
ENSMUSG00000022857	Tmprss15	protein_coding	8
ENSMUSG00000051246	Msantd1	protein_coding	8
ENSMUSG00000051452	Gm11437	protein_coding	8
ENSMUSG00000019738	Polr2i	protein_coding	8
ENSMUSG00000075569	Rsph10b	protein_coding	8
ENSMUSG00000037307	Banf2	protein_coding	8
ENSMUSG00000037286	Stag1	protein_coding	8
ENSMUSG00000037393	Nmur2	protein_coding	8
ENSMUSG00000019763	Rmnd1	protein_coding	8
ENSMUSG00000027703	Lrriq4	protein_coding	8
ENSMUSG00000095407	Tmem200c	protein_coding	8
ENSMUSG00000031138	F9	protein_coding	8
ENSMUSG00000031197	Vbp1	protein_coding	8
ENSMUSG00000022781	Pak2	protein_coding	8
ENSMUSG00000022800	Fyttd1	protein_coding	8
ENSMUSG00000022820	Ndufb4	protein_coding	8
ENSMUSG00000042596	Tfap2d	protein_coding	8
ENSMUSG00000042567	Nek10	protein_coding	8
ENSMUSG00000022525	Plaat1	protein_coding	8
ENSMUSG00000029202	Pds5a	protein_coding	8
ENSMUSG00000027680	Fxr1	protein_coding	8
ENSMUSG00000002409	Dyrk1b	protein_coding	8
ENSMUSG00000054823	Nsd3	protein_coding	8
ENSMUSG00000109336	Samd4b	protein_coding	8
ENSMUSG00000031344	Gabrq	protein_coding	8
ENSMUSG00000031337	Mtm1	protein_coding	8
ENSMUSG00000050195	Scd4	protein_coding	8
ENSMUSG00000050201	Otop2	protein_coding	8
ENSMUSG00000032259	Drd2	protein_coding	8
ENSMUSG00000031364	Grpr	protein_coding	8
ENSMUSG00000076438	Oxct2b	protein_coding	8
ENSMUSG00000029128	Rab28	protein_coding	8
ENSMUSG00000034297	Med13	protein_coding	8
ENSMUSG00000068615	Gjd2	protein_coding	8
ENSMUSG00000034427	Myo15b	protein_coding	8
ENSMUSG00000034566	Atp5pd	protein_coding	8
ENSMUSG00000078919	Dpm1	protein_coding	8
ENSMUSG00000061531	Tmem236	protein_coding	8
ENSMUSG00000071489	Ptgdr	protein_coding	8
ENSMUSG00000045912	C2cd4c	protein_coding	8
ENSMUSG00000110086	Smim32	protein_coding	8
ENSMUSG00000072872	Rybp	protein_coding	8
ENSMUSG00000043670	Diras1	protein_coding	8
ENSMUSG00000031449	Atp4b	protein_coding	8
ENSMUSG00000015443	Gzmn	protein_coding	8
ENSMUSG00000015519	2310057J18Rik	protein_coding	8
ENSMUSG00000050926	Dcaf12l2	protein_coding	8
ENSMUSG00000054409	Tmem74	protein_coding	8
ENSMUSG00000003341	Atp8b3	protein_coding	8
ENSMUSG00000070368	Prok1	protein_coding	8
ENSMUSG00000048304	Slitrk3	protein_coding	8
ENSMUSG00000013091	Tmem190	protein_coding	8
ENSMUSG00000078799	Sult2a5	protein_coding	8
ENSMUSG00000051209	Gpr119	protein_coding	8
ENSMUSG00000043857	Mgat5b	protein_coding	8
ENSMUSG00000022245	Skor1	protein_coding	8
ENSMUSG00000018634	Crhr1	protein_coding	8
ENSMUSG00000019132	BC005537	protein_coding	8
ENSMUSG00000078427	Sarnp	protein_coding	8
ENSMUSG00000036199	Ndufa13	protein_coding	8
ENSMUSG00000036299	BC031181	protein_coding	8
ENSMUSG00000044083	Efcab8	protein_coding	8
ENSMUSG00000044400	Sowahd	protein_coding	8
ENSMUSG00000045648	Vwc2l	protein_coding	8
ENSMUSG00000022156	Gzme	protein_coding	8
ENSMUSG00000022194	Pabpn1	protein_coding	8
ENSMUSG00000031918	Mtmr2	protein_coding	8
ENSMUSG00000084883	Ccdc85c	protein_coding	8
ENSMUSG00000035923	Myf6	protein_coding	8
ENSMUSG00000091712	Sec14l5	protein_coding	8
ENSMUSG00000053769	Lysmd1	protein_coding	8
ENSMUSG00000028882	Ppp1r8	protein_coding	8
ENSMUSG00000021040	Slirp	protein_coding	8
ENSMUSG00000021260	Hhipl1	protein_coding	8
ENSMUSG00000062691	Cebpzos	protein_coding	8
ENSMUSG00000085111	Ascl4	protein_coding	8
ENSMUSG00000028750	Pla2g2c	protein_coding	8
ENSMUSG00000078657	Crnn	protein_coding	8
ENSMUSG00000048540	Nhlh2	protein_coding	8
ENSMUSG00000048617	Rtbdn	protein_coding	8
ENSMUSG00000048661	Lemd3	protein_coding	8
ENSMUSG00000028760	Eif4g3	protein_coding	8
ENSMUSG00000028809	Srrm1	protein_coding	8
ENSMUSG00000044485	Klk1b11	protein_coding	8
ENSMUSG00000025893	Kbtbd3	protein_coding	8
ENSMUSG00000025946	Pth2r	protein_coding	8
ENSMUSG00000029911	Ssbp1	protein_coding	8
ENSMUSG00000033044	Dhrs7c	protein_coding	8
ENSMUSG00000079330	Lemd1	protein_coding	8
ENSMUSG00000033128	Gga1	protein_coding	8
ENSMUSG00000025405	Inhbc	protein_coding	8
ENSMUSG00000025423	Pias2	protein_coding	8
ENSMUSG00000056856	Jakmip3	protein_coding	8
ENSMUSG00000063172	Ift25	protein_coding	8
ENSMUSG00000045179	Sox3	protein_coding	8
ENSMUSG00000063089	Klk1b8	protein_coding	7
ENSMUSG00000063200	Nol7	protein_coding	7
ENSMUSG00000063015	Ccni	protein_coding	7
ENSMUSG00000021096	Ppm1a	protein_coding	7
ENSMUSG00000021111	Papola	protein_coding	7
ENSMUSG00000021099	Six6	protein_coding	7
ENSMUSG00000021840	Mapk1ip1l	protein_coding	7
ENSMUSG00000016327	Atp1b4	protein_coding	7
ENSMUSG00000031493	Ggn	protein_coding	7
ENSMUSG00000015522	Arnt	protein_coding	7
ENSMUSG00000031450	Grk1	protein_coding	7
ENSMUSG00000022155	Mroh2b	protein_coding	7
ENSMUSG00000022119	Rbm26	protein_coding	7
ENSMUSG00000045591	Olig3	protein_coding	7
ENSMUSG00000045471	Hcrt	protein_coding	7
ENSMUSG00000022023	Wbp4	protein_coding	7
ENSMUSG00000043972	Opn5	protein_coding	7
ENSMUSG00000035067	Xkr6	protein_coding	7
ENSMUSG00000028578	Caap1	protein_coding	7
ENSMUSG00000035992	Fnip1	protein_coding	7
ENSMUSG00000078577	Tmco2	protein_coding	7
ENSMUSG00000054312	Mrps21	protein_coding	7
ENSMUSG00000054360	Bsx	protein_coding	7
ENSMUSG00000091636	Akain1	protein_coding	7
ENSMUSG00000054134	Umodl1	protein_coding	7
ENSMUSG00000054034	Tceal5	protein_coding	7
ENSMUSG00000036372	Tmem258	protein_coding	7
ENSMUSG00000028174	Rpe65	protein_coding	7
ENSMUSG00000091043	Glyatl3	protein_coding	7
ENSMUSG00000091055	Siglec15	protein_coding	7
ENSMUSG00000028998	Tomm7	protein_coding	7
ENSMUSG00000034681	Rnps1	protein_coding	7
ENSMUSG00000034623	Prss55	protein_coding	7
ENSMUSG00000034645	Zyg11a	protein_coding	7
ENSMUSG00000034673	Pbx2	protein_coding	7
ENSMUSG00000035033	Tbr1	protein_coding	7
ENSMUSG00000027939	Nup210l	protein_coding	7
ENSMUSG00000067847	Romo1	protein_coding	7
ENSMUSG00000067872	Ccdc87	protein_coding	7
ENSMUSG00000053375	Atp6v1e2	protein_coding	7
ENSMUSG00000090817	Hsd3b9	protein_coding	7
ENSMUSG00000013367	Iglon5	protein_coding	7
ENSMUSG00000034533	Scn10a	protein_coding	7
ENSMUSG00000034552	Zswim2	protein_coding	7
ENSMUSG00000028060	Khdc4	protein_coding	7
ENSMUSG00000048377	Foxi2	protein_coding	7
ENSMUSG00000054405	Dnajc8	protein_coding	7
ENSMUSG00000048222	Mfap1b	protein_coding	7
ENSMUSG00000019710	Mrpl24	protein_coding	7
ENSMUSG00000029158	Yipf7	protein_coding	7
ENSMUSG00000034456	Uroc1	protein_coding	7
ENSMUSG00000078926	Cdc20b	protein_coding	7
ENSMUSG00000077450	Rab11b	protein_coding	7
ENSMUSG00000054958	Nt5c1a	protein_coding	7
ENSMUSG00000036835	Psenen	protein_coding	7
ENSMUSG00000036855	Gjd4	protein_coding	7
ENSMUSG00000036790	Slitrk2	protein_coding	7
ENSMUSG00000048003	Catsper4	protein_coding	7
ENSMUSG00000096035	Odaph	protein_coding	7
ENSMUSG00000029422	Rsrc2	protein_coding	7
ENSMUSG00000029423	Piwil1	protein_coding	7
ENSMUSG00000029320	1700016H13Rik	protein_coding	7
ENSMUSG00000090258	Churc1	protein_coding	7
ENSMUSG00000037475	Thoc2	protein_coding	7
ENSMUSG00000037432	Fer1l5	protein_coding	7
ENSMUSG00000037400	Atp11b	protein_coding	7
ENSMUSG00000037263	Aldh3b3	protein_coding	7
ENSMUSG00000037106	Fer1l6	protein_coding	7
ENSMUSG00000019659	Ccdc12	protein_coding	7
ENSMUSG00000038201	Kcna7	protein_coding	7
ENSMUSG00000038148	Cldn16	protein_coding	7
ENSMUSG00000029647	Pan3	protein_coding	7
ENSMUSG00000053216	Btn2a2	protein_coding	7
ENSMUSG00000053178	Mterf1b	protein_coding	7
ENSMUSG00000070532	Ccdc190	protein_coding	7
ENSMUSG00000026983	Il36rn	protein_coding	7
ENSMUSG00000095463	Entpd4	protein_coding	7
ENSMUSG00000070495	Ctcfl	protein_coding	7
ENSMUSG00000026432	Avpr1b	protein_coding	7
ENSMUSG00000008590	Htr3b	protein_coding	7
ENSMUSG00000038770	Kpna7	protein_coding	7
ENSMUSG00000047564	Krtap3-1	protein_coding	7
ENSMUSG00000026253	Chrng	protein_coding	7
ENSMUSG00000066149	Cdc26	protein_coding	7
ENSMUSG00000056673	Kdm5d	protein_coding	7
ENSMUSG00000029707	Fscn3	protein_coding	7
ENSMUSG00000033730	Egr3	protein_coding	7
ENSMUSG00000033722	BC034090	protein_coding	7
ENSMUSG00000056494	Cngb3	protein_coding	7
ENSMUSG00000066512	Klk1b5	protein_coding	7
ENSMUSG00000096458	Moap1	protein_coding	7
ENSMUSG00000017831	Rab5a	protein_coding	7
ENSMUSG00000049515	Espnl	protein_coding	7
ENSMUSG00000026085	Lyg1	protein_coding	7
ENSMUSG00000026078	Pdcl3	protein_coding	7
ENSMUSG00000025939	Ube2w	protein_coding	7
ENSMUSG00000074653	Lrrc31	protein_coding	7
ENSMUSG00000038973	Cldnd2	protein_coding	7
ENSMUSG00000038980	Rbbp8nl	protein_coding	7
ENSMUSG00000038784	Cnot4	protein_coding	7
ENSMUSG00000039285	Azi2	protein_coding	7
ENSMUSG00000025333	Gpr143	protein_coding	7
ENSMUSG00000052301	Doc2a	protein_coding	7
ENSMUSG00000033249	Hsf4	protein_coding	7
ENSMUSG00000030001	Figla	protein_coding	7
ENSMUSG00000029909	Prss37	protein_coding	7
ENSMUSG00000074628	Tldc2	protein_coding	7
ENSMUSG00000008450	Nutf2	protein_coding	7
ENSMUSG00000039095	En2	protein_coding	7
ENSMUSG00000025952	Crygc	protein_coding	7
ENSMUSG00000097929	Tunar	protein_coding	7
ENSMUSG00000065990	Aurkaip1	protein_coding	7
ENSMUSG00000070806	Zmynd12	protein_coding	7
ENSMUSG00000025135	Anapc11	protein_coding	7
ENSMUSG00000025090	Ccdc172	protein_coding	7
ENSMUSG00000079415	Cntf	protein_coding	7
ENSMUSG00000069565	Dazap1	protein_coding	7
ENSMUSG00000069678	Pcgf1	protein_coding	7
ENSMUSG00000025652	Tmem89	protein_coding	7
ENSMUSG00000025716	Myo3a	protein_coding	7
ENSMUSG00000059042	Klk1b9	protein_coding	7
ENSMUSG00000007107	Atp1a4	protein_coding	7
ENSMUSG00000079428	Tceal7	protein_coding	7
ENSMUSG00000033007	Asic4	protein_coding	7
ENSMUSG00000079477	Rab7	protein_coding	7
ENSMUSG00000024604	Rbm22	protein_coding	7
ENSMUSG00000040310	Alx4	protein_coding	7
ENSMUSG00000024695	Zfp91	protein_coding	7
ENSMUSG00000064201	Krt2	protein_coding	7
ENSMUSG00000074405	Zfp865	protein_coding	7
ENSMUSG00000007670	Khsrp	protein_coding	7
ENSMUSG00000064310	Zpld1	protein_coding	7
ENSMUSG00000025326	Ube3a	protein_coding	7
ENSMUSG00000041358	Nutm1	protein_coding	7
ENSMUSG00000070999	Ccin	protein_coding	7
ENSMUSG00000071015	Gm136	protein_coding	7
ENSMUSG00000059447	Hadhb	protein_coding	7
ENSMUSG00000017211	Gsdma2	protein_coding	7
ENSMUSG00000041203	Trir	protein_coding	7
ENSMUSG00000041062	Mslnl	protein_coding	7
ENSMUSG00000040836	Gpr161	protein_coding	7
ENSMUSG00000020428	Gabra6	protein_coding	7
ENSMUSG00000059256	Gzmd	protein_coding	7
ENSMUSG00000059203	Il1rapl2	protein_coding	7
ENSMUSG00000041881	Ndufa7	protein_coding	7
ENSMUSG00000071180	Smim15	protein_coding	7
ENSMUSG00000046490	Rnf222	protein_coding	7
ENSMUSG00000046345	Smco1	protein_coding	7
ENSMUSG00000068523	Gng5	protein_coding	7
ENSMUSG00000051648	Kctd19	protein_coding	7
ENSMUSG00000050122	Vwa3b	protein_coding	7
ENSMUSG00000030795	Fus	protein_coding	7
ENSMUSG00000059455	Plac8l1	protein_coding	7
ENSMUSG00000063820	Arl9	protein_coding	7
ENSMUSG00000022992	Kansl2	protein_coding	7
ENSMUSG00000030972	Acsm5	protein_coding	7
ENSMUSG00000030976	Tex36	protein_coding	7
ENSMUSG00000030909	Anks4b	protein_coding	7
ENSMUSG00000042079	Hnrnpf	protein_coding	7
ENSMUSG00000073608	Gal3st2c	protein_coding	7
ENSMUSG00000060073	Psma3	protein_coding	7
ENSMUSG00000060121	Gemin2	protein_coding	7
ENSMUSG00000059923	Grb2	protein_coding	7
ENSMUSG00000022841	Ap2m1	protein_coding	7
ENSMUSG00000108367	Erfl	protein_coding	7
ENSMUSG00000051451	Crebzf	protein_coding	7
ENSMUSG00000051455	Meioc	protein_coding	7
ENSMUSG00000032293	Ireb2	protein_coding	7
ENSMUSG00000022858	Tra2b	protein_coding	7
ENSMUSG00000046229	Scand1	protein_coding	7
ENSMUSG00000042353	Frem3	protein_coding	7
ENSMUSG00000060499	Rpl10l	protein_coding	7
ENSMUSG00000031376	Atp2b3	protein_coding	7
ENSMUSG00000022681	Ntan1	protein_coding	7
ENSMUSG00000022705	Drd3	protein_coding	7
ENSMUSG00000109482	Dhrs7l	protein_coding	7
ENSMUSG00000022674	Ube2v2	protein_coding	7
ENSMUSG00000043131	Mob1a	protein_coding	7
ENSMUSG00000042918	Mamstr	protein_coding	7
ENSMUSG00000042816	Gpr151	protein_coding	7
ENSMUSG00000042541	Sem1	protein_coding	7
ENSMUSG00000042446	Zmym4	protein_coding	7
ENSMUSG00000015476	Prrt1	protein_coding	7
ENSMUSG00000084845	Tmem240	protein_coding	7
ENSMUSG00000031430	Vsig1	protein_coding	7
ENSMUSG00000031409	Tceal6	protein_coding	7
ENSMUSG00000022450	Ndufa6	protein_coding	7
ENSMUSG00000022455	Wbp2nl	protein_coding	7
ENSMUSG00000110185	Igip	protein_coding	7
ENSMUSG00000071451	Psmg4	protein_coding	7
ENSMUSG00000063511	Snrnp70	protein_coding	7
ENSMUSG00000031727	Pmfbp1	protein_coding	7
ENSMUSG00000050808	Muc15	protein_coding	7
ENSMUSG00000044950	Pwwp2a	protein_coding	7
ENSMUSG00000044966	Fbxo48	protein_coding	7
ENSMUSG00000020827	Mink1	protein_coding	7
ENSMUSG00000021790	Dydc1	protein_coding	7
ENSMUSG00000021716	Srek1ip1	protein_coding	7
ENSMUSG00000020867	Spata20	protein_coding	7
ENSMUSG00000021940	Ptpn20	protein_coding	7
ENSMUSG00000035674	Ndufa3	protein_coding	7
ENSMUSG00000035694	Caps2	protein_coding	7
ENSMUSG00000035545	Leng8	protein_coding	7
ENSMUSG00000091415	Ak9	protein_coding	7
ENSMUSG00000028747	Htr6	protein_coding	7
ENSMUSG00000028676	Srsf10	protein_coding	7
ENSMUSG00000021134	Srsf5	protein_coding	6
ENSMUSG00000044795	Cyb5d1	protein_coding	6
ENSMUSG00000037772	Mrpl23	protein_coding	6
ENSMUSG00000027245	Hypk	protein_coding	6
ENSMUSG00000027080	Med19	protein_coding	6
ENSMUSG00000072487	Mroh5	protein_coding	6
ENSMUSG00000031898	Dpep3	protein_coding	6
ENSMUSG00000066607	Insyn1	protein_coding	6
ENSMUSG00000066735	Vkorc1l1	protein_coding	6
ENSMUSG00000038092	Hsd3b5	protein_coding	6
ENSMUSG00000095377	Or2h1	protein_coding	6
ENSMUSG00000027505	Fam209	protein_coding	6
ENSMUSG00000027479	Mapre1	protein_coding	6
ENSMUSG00000020794	Ube2g1	protein_coding	6
ENSMUSG00000032098	Treh	protein_coding	6
ENSMUSG00000022056	Adam7	protein_coding	6
ENSMUSG00000020817	Rabep1	protein_coding	6
ENSMUSG00000031384	Asb9	protein_coding	6
ENSMUSG00000031357	Syap1	protein_coding	6
ENSMUSG00000047843	Bri3	protein_coding	6
ENSMUSG00000026843	Fubp3	protein_coding	6
ENSMUSG00000026775	Yme1l1	protein_coding	6
ENSMUSG00000038538	Ubn2	protein_coding	6
ENSMUSG00000048170	Mcmbp	protein_coding	6
ENSMUSG00000037361	Sf3b6	protein_coding	6
ENSMUSG00000037373	Ctbp1	protein_coding	6
ENSMUSG00000037346	Hrh4	protein_coding	6
ENSMUSG00000074899	Sptbn5	protein_coding	6
ENSMUSG00000074939	Chrm5	protein_coding	6
ENSMUSG00000063409	Lrrc43	protein_coding	6
ENSMUSG00000063410	Stk24	protein_coding	6
ENSMUSG00000079658	Eloc	protein_coding	6
ENSMUSG00000079681	Zglp1	protein_coding	6
ENSMUSG00000022200	Golph3	protein_coding	6
ENSMUSG00000066510	Ankdd1a	protein_coding	6
ENSMUSG00000066513	Klk1b4	protein_coding	6
ENSMUSG00000003119	Cdk12	protein_coding	6
ENSMUSG00000066515	Klk1b3	protein_coding	6
ENSMUSG00000070388	Fbxo39	protein_coding	6
ENSMUSG00000051678	Pcdhb6	protein_coding	6
ENSMUSG00000111409	Gm49380	protein_coding	6
ENSMUSG00000016626	Nlrp14	protein_coding	6
ENSMUSG00000030968	Pdilt	protein_coding	6
ENSMUSG00000030911	Zp2	protein_coding	6
ENSMUSG00000110218	Tincr	protein_coding	6
ENSMUSG00000022400	Rbx1	protein_coding	6
ENSMUSG00000026511	Srp9	protein_coding	6
ENSMUSG00000026348	Acmsd	protein_coding	6
ENSMUSG00000026368	F13b	protein_coding	6
ENSMUSG00000109588	Lnp1	protein_coding	6
ENSMUSG00000043219	Hoxa6	protein_coding	6
ENSMUSG00000030704	Rab6a	protein_coding	6
ENSMUSG00000054764	Mtnr1a	protein_coding	6
ENSMUSG00000039016	Timm8b	protein_coding	6
ENSMUSG00000093910	Zfp853	protein_coding	6
ENSMUSG00000076432	Ywhaq	protein_coding	6
ENSMUSG00000014782	Plekhg4	protein_coding	6
ENSMUSG00000079480	Pin4	protein_coding	6
ENSMUSG00000079497	Prrt1b	protein_coding	6
ENSMUSG00000032671	A930018P22Rik	protein_coding	6
ENSMUSG00000109561	Ankrd31	protein_coding	6
ENSMUSG00000008333	Snrpb2	protein_coding	6
ENSMUSG00000074698	Csnk2a1	protein_coding	6
ENSMUSG00000074704	Rad21l	protein_coding	6
ENSMUSG00000054455	Vapb	protein_coding	6
ENSMUSG00000054400	Cklf	protein_coding	6
ENSMUSG00000039198	Ptchd3	protein_coding	6
ENSMUSG00000079304	Tex52	protein_coding	6
ENSMUSG00000017588	Krt27	protein_coding	6
ENSMUSG00000020671	Rab10	protein_coding	6
ENSMUSG00000043029	Trpv3	protein_coding	6
ENSMUSG00000057072	Spata45	protein_coding	6
ENSMUSG00000056854	Pou3f4	protein_coding	6
ENSMUSG00000036131	Frmd7	protein_coding	6
ENSMUSG00000028240	Cyp7a1	protein_coding	6
ENSMUSG00000028180	Zranb2	protein_coding	6
ENSMUSG00000060890	Arr3	protein_coding	6
ENSMUSG00000060904	Arl1	protein_coding	6
ENSMUSG00000052363	Zdhhc19	protein_coding	6
ENSMUSG00000025389	Mip	protein_coding	6
ENSMUSG00000028298	Cga	protein_coding	6
ENSMUSG00000087687	Pet100	protein_coding	6
ENSMUSG00000089678	Agxt2	protein_coding	6
ENSMUSG00000001815	Evx2	protein_coding	6
ENSMUSG00000045996	Polr2k	protein_coding	6
ENSMUSG00000036211	H1f6	protein_coding	6
ENSMUSG00000010825	Grid2ip	protein_coding	6
ENSMUSG00000025192	Entpd7	protein_coding	6
ENSMUSG00000011486	Slc25a41	protein_coding	6
ENSMUSG00000067438	Hmx1	protein_coding	6
ENSMUSG00000054083	Capn12	protein_coding	6
ENSMUSG00000041930	Fam222a	protein_coding	6
ENSMUSG00000060332	Tmc2	protein_coding	6
ENSMUSG00000001289	Pfdn5	protein_coding	6
ENSMUSG00000020594	Pum2	protein_coding	6
ENSMUSG00000107068	Gm42742	protein_coding	6
ENSMUSG00000089736	Tgfbr3l	protein_coding	6
ENSMUSG00000058119	Prss1l	protein_coding	6
ENSMUSG00000028584	Lrrc38	protein_coding	6
ENSMUSG00000028426	Rad23b	protein_coding	6
ENSMUSG00000035963	Cimap1d	protein_coding	6
ENSMUSG00000023176	Cpn2	protein_coding	6
ENSMUSG00000029817	Tra2a	protein_coding	6
ENSMUSG00000033808	Tmem87a	protein_coding	6
ENSMUSG00000098678	Mroh6	protein_coding	6
ENSMUSG00000091519	Skor2	protein_coding	6
ENSMUSG00000058183	Mmel1	protein_coding	6
ENSMUSG00000033498	Strc	protein_coding	6
ENSMUSG00000089953	Rnf224	protein_coding	6
ENSMUSG00000018326	Ywhab	protein_coding	6
ENSMUSG00000029629	Phf14	protein_coding	6
ENSMUSG00000060177	Klk1b22	protein_coding	6
ENSMUSG00000059832	Kprp	protein_coding	6
ENSMUSG00000041852	Tcf20	protein_coding	6
ENSMUSG00000023949	Tcte1	protein_coding	6
ENSMUSG00000040028	Elavl1	protein_coding	6
ENSMUSG00000035284	Vps13c	protein_coding	6
ENSMUSG00000028790	Khdrbs1	protein_coding	6
ENSMUSG00000039742	Garin1b	protein_coding	6
ENSMUSG00000103255	Pcdhac1	protein_coding	6
ENSMUSG00000090071	Cdk5r2	protein_coding	6
ENSMUSG00000029491	Pde6b	protein_coding	6
ENSMUSG00000018479	Chct1	protein_coding	6
ENSMUSG00000041536	Serpina3a	protein_coding	6
ENSMUSG00000024845	Tmem134	protein_coding	6
ENSMUSG00000034690	Nlrp4c	protein_coding	6
ENSMUSG00000024726	Carnmt1	protein_coding	6
ENSMUSG00000040485	Lrrc52	protein_coding	6
ENSMUSG00000100486	Gm4131	protein_coding	6
ENSMUSG00000100512	Ovol3	protein_coding	6
ENSMUSG00000024576	Csnk1a1	protein_coding	6
ENSMUSG00000090206	Spmip8	protein_coding	6
ENSMUSG00000102627	Snurf	protein_coding	6
ENSMUSG00000063929	Cyp4a32	protein_coding	6
ENSMUSG00000059406	Tmprss9	protein_coding	6
ENSMUSG00000034768	Asb16	protein_coding	6
ENSMUSG00000078907	Fam186b	protein_coding	6
ENSMUSG00000029248	Spmap2l	protein_coding	6
ENSMUSG00000090264	Eif4ebp3	protein_coding	6
ENSMUSG00000078941	Ak6	protein_coding	6
ENSMUSG00000034345	Gtf2h5	protein_coding	6
ENSMUSG00000024248	Cox7a2l	protein_coding	6
ENSMUSG00000040610	Tlx3	protein_coding	6
ENSMUSG00000040576	Tmem270	protein_coding	6
ENSMUSG00000041138	Nme8	protein_coding	6
ENSMUSG00000101389	Ms4a4a	protein_coding	6
ENSMUSG00000015671	Psma2	protein_coding	6
ENSMUSG00000071757	Zhx2	protein_coding	6
ENSMUSG00000062432	Cyp26c1	protein_coding	6
ENSMUSG00000019815	Zc2hc1b	protein_coding	6
ENSMUSG00000071890	Mroh9	protein_coding	6
ENSMUSG00000021799	Opn4	protein_coding	6
ENSMUSG00000021496	Pcbd2	protein_coding	6
ENSMUSG00000031738	Irx6	protein_coding	6
ENSMUSG00000068856	Sf3b4	protein_coding	6
ENSMUSG00000044988	Ucn3	protein_coding	6
ENSMUSG00000062826	Ces2f	protein_coding	5
ENSMUSG00000020907	Rcvrn	protein_coding	5
ENSMUSG00000021362	Gcm2	protein_coding	5
ENSMUSG00000021342	Prl	protein_coding	5
ENSMUSG00000050397	Foxl2	protein_coding	5
ENSMUSG00000021645	Smn1	protein_coding	5
ENSMUSG00000020894	Vamp2	protein_coding	5
ENSMUSG00000062270	Morf4l1	protein_coding	5
ENSMUSG00000045518	Onecut3	protein_coding	5
ENSMUSG00000084927	Slco1a7	protein_coding	5
ENSMUSG00000084989	Crocc2	protein_coding	5
ENSMUSG00000075520	Malrd1	protein_coding	5
ENSMUSG00000095388	Hsd3b8	protein_coding	5
ENSMUSG00000116138	C030006K11Rik	protein_coding	5
ENSMUSG00000062181	Ces3b	protein_coding	5
ENSMUSG00000051056	Gja10	protein_coding	5
ENSMUSG00000051062	Fbll1	protein_coding	5
ENSMUSG00000004096	Cwc15	protein_coding	5
ENSMUSG00000004654	Ghrhr	protein_coding	5
ENSMUSG00000005232	G6pc2	protein_coding	5
ENSMUSG00000053490	Trim60	protein_coding	5
ENSMUSG00000053367	Eddm13	protein_coding	5
ENSMUSG00000078923	Ube2v1	protein_coding	5
ENSMUSG00000013158	4933405L10Rik	protein_coding	5
ENSMUSG00000064030	Pym1	protein_coding	5
ENSMUSG00000006948	Klk4	protein_coding	5
ENSMUSG00000034219	Septin14	protein_coding	5
ENSMUSG00000029282	Amtn	protein_coding	5
ENSMUSG00000040284	Gzmg	protein_coding	5
ENSMUSG00000040113	Ntmt2	protein_coding	5
ENSMUSG00000040125	Gpr26	protein_coding	5
ENSMUSG00000040522	Tlr8	protein_coding	5
ENSMUSG00000007030	Vwa7	protein_coding	5
ENSMUSG00000020440	Arf5	protein_coding	5
ENSMUSG00000024223	Armc12	protein_coding	5
ENSMUSG00000041245	Wnk3	protein_coding	5
ENSMUSG00000001804	Dsg4	protein_coding	5
ENSMUSG00000090110	Cmc4	protein_coding	5
ENSMUSG00000090175	Ugt1a9	protein_coding	5
ENSMUSG00000103409	Lsmem2	protein_coding	5
ENSMUSG00000024768	Lipf	protein_coding	5
ENSMUSG00000078815	Cacng6	protein_coding	5
ENSMUSG00000053856	Dnajc5g	protein_coding	5
ENSMUSG00000053877	Srcap	protein_coding	5
ENSMUSG00000012042	4930579F01Rik	protein_coding	5
ENSMUSG00000006638	Abhd1	protein_coding	5
ENSMUSG00000053184	Spaca3	protein_coding	5
ENSMUSG00000034117	Ptgdr2	protein_coding	5
ENSMUSG00000034063	4930590J08Rik	protein_coding	5
ENSMUSG00000039860	Srrm3	protein_coding	5
ENSMUSG00000028863	Meaf6	protein_coding	5
ENSMUSG00000039771	Polr2j	protein_coding	5
ENSMUSG00000024973	Plaat5	protein_coding	5
ENSMUSG00000048655	Ccdc169	protein_coding	5
ENSMUSG00000029663	Gngt1	protein_coding	5
ENSMUSG00000060201	Spink7	protein_coding	5
ENSMUSG00000071112	Spx	protein_coding	5
ENSMUSG00000079263	Slco1a8	protein_coding	5
ENSMUSG00000067629	Syngap1	protein_coding	5
ENSMUSG00000035632	Cnot3	protein_coding	5
ENSMUSG00000035576	L3mbtl1	protein_coding	5
ENSMUSG00000035582	Gdpd4	protein_coding	5
ENSMUSG00000042133	Ppig	protein_coding	5
ENSMUSG00000048775	Serpinb13	protein_coding	5
ENSMUSG00000091648	C2cd4d	protein_coding	5
ENSMUSG00000078504	Aadacl4fm5	protein_coding	5
ENSMUSG00000049653	Spatc1	protein_coding	5
ENSMUSG00000030037	Mrpl53	protein_coding	5
ENSMUSG00000030046	Bmp10	protein_coding	5
ENSMUSG00000029831	Npvf	protein_coding	5
ENSMUSG00000029862	Clcn1	protein_coding	5
ENSMUSG00000054256	Msi1	protein_coding	5
ENSMUSG00000108841	Frmpd2	protein_coding	5
ENSMUSG00000108929	Cc2d2b	protein_coding	5
ENSMUSG00000108976	Gm29797	protein_coding	5
ENSMUSG00000049699	Ucn2	protein_coding	5
ENSMUSG00000014503	Pkd2l2	protein_coding	5
ENSMUSG00000036401	Glt6d1	protein_coding	5
ENSMUSG00000039330	Tsga10ip	protein_coding	5
ENSMUSG00000039358	Drd5	protein_coding	5
ENSMUSG00000036322	H2-Ea	protein_coding	5
ENSMUSG00000079466	Prdm12	protein_coding	5
ENSMUSG00000030271	Ogg1	protein_coding	5
ENSMUSG00000030230	Plcz1	protein_coding	5
ENSMUSG00000017721	Pigt	protein_coding	5
ENSMUSG00000039108	Lsm14b	protein_coding	5
ENSMUSG00000056972	Magel2	protein_coding	5
ENSMUSG00000036123	Slc9a3	protein_coding	5
ENSMUSG00000042604	Kcna4	protein_coding	5
ENSMUSG00000014769	Psmb1	protein_coding	5
ENSMUSG00000073131	Vma21	protein_coding	5
ENSMUSG00000109572	Cfap99	protein_coding	5
ENSMUSG00000026114	Cnga3	protein_coding	5
ENSMUSG00000026032	Ndufb3	protein_coding	5
ENSMUSG00000047197	Gjd3	protein_coding	5
ENSMUSG00000036449	Lcn8	protein_coding	5
ENSMUSG00000032818	Loxhd1	protein_coding	5
ENSMUSG00000045744	Bricd5	protein_coding	5
ENSMUSG00000047307	Pcdhb13	protein_coding	5
ENSMUSG00000047369	Dnah14	protein_coding	5
ENSMUSG00000056600	Or2h2	protein_coding	5
ENSMUSG00000093865	Lrit3	protein_coding	5
ENSMUSG00000026179	Pnkd	protein_coding	5
ENSMUSG00000001383	Zmat2	protein_coding	5
ENSMUSG00000022427	Tomm22	protein_coding	5
ENSMUSG00000051599	Pcdhb2	protein_coding	5
ENSMUSG00000026500	Cox20	protein_coding	5
ENSMUSG00000038676	Ucn	protein_coding	5
ENSMUSG00000074872	Ctxn2	protein_coding	5
ENSMUSG00000047518	Slfnl1	protein_coding	5
ENSMUSG00000010205	Raver1	protein_coding	5
ENSMUSG00000094140	Or10g3	protein_coding	5
ENSMUSG00000109718	Trim61	protein_coding	5
ENSMUSG00000015120	Ube2i	protein_coding	5
ENSMUSG00000080712	H2bc26	protein_coding	5
ENSMUSG00000038346	Zfp384	protein_coding	5
ENSMUSG00000026572	Tbx19	protein_coding	5
ENSMUSG00000020069	Hnrnph3	protein_coding	5
ENSMUSG00000094595	Fsbp	protein_coding	5
ENSMUSG00000111184	Gm49661	protein_coding	5
ENSMUSG00000022315	Slc30a8	protein_coding	5
ENSMUSG00000022211	Carmil3	protein_coding	5
ENSMUSG00000043962	Thrap3	protein_coding	5
ENSMUSG00000032257	Ankk1	protein_coding	5
ENSMUSG00000047819	Tigd4	protein_coding	5
ENSMUSG00000026931	Spmip5	protein_coding	5
ENSMUSG00000096753	Fam181a	protein_coding	5
ENSMUSG00000026696	Vamp4	protein_coding	5
ENSMUSG00000009115	Spatc1l	protein_coding	5
ENSMUSG00000027719	Adad1	protein_coding	5
ENSMUSG00000112920	Spata22	protein_coding	5
ENSMUSG00000015092	Edf1	protein_coding	5
ENSMUSG00000114755	Galr3	protein_coding	5
ENSMUSG00000045631	Tmprss12	protein_coding	5
ENSMUSG00000045440	Insm2	protein_coding	5
ENSMUSG00000095030	Or10g3b	protein_coding	5
ENSMUSG00000027612	Mmp24	protein_coding	5
ENSMUSG00000027568	Ntsr1	protein_coding	5
ENSMUSG00000071653	1810009A15Rik	protein_coding	5
ENSMUSG00000044819	Oxgr1	protein_coding	5
ENSMUSG00000037843	Vstm2l	protein_coding	5
ENSMUSG00000027229	Terb2	protein_coding	5
ENSMUSG00000019865	Nmbr	protein_coding	5
ENSMUSG00000019897	Ccdc59	protein_coding	5
ENSMUSG00000031645	F11	protein_coding	5
ENSMUSG00000031620	Iqcm	protein_coding	5
ENSMUSG00000090314	Kplce	protein_coding	5
ENSMUSG00000078932	Redic1	protein_coding	5
ENSMUSG00000024207	Acsbg2	protein_coding	5
ENSMUSG00000074206	Adh6b	protein_coding	5
ENSMUSG00000074109	Mrgprx2	protein_coding	5
ENSMUSG00000024256	Adcyap1	protein_coding	5
ENSMUSG00000024266	Adad2	protein_coding	5
ENSMUSG00000029131	Dnajb6	protein_coding	5
ENSMUSG00000090675	Or5v1b	protein_coding	5
ENSMUSG00000071719	Nalf2	protein_coding	4
ENSMUSG00000044375	Pcare	protein_coding	4
ENSMUSG00000031950	Gabarapl2	protein_coding	4
ENSMUSG00000031492	Chrnb3	protein_coding	4
ENSMUSG00000118346	Tmem179b	protein_coding	4
ENSMUSG00000096014	Sox1	protein_coding	4
ENSMUSG00000009487	Otog	protein_coding	4
ENSMUSG00000062044	Lmtk3	protein_coding	4
ENSMUSG00000072511	Hhla1	protein_coding	4
ENSMUSG00000031481	Tpte	protein_coding	4
ENSMUSG00000096257	Ccer2	protein_coding	4
ENSMUSG00000055095	Spink6	protein_coding	4
ENSMUSG00000055193	Klk15	protein_coding	4
ENSMUSG00000071531	Gprin2	protein_coding	4
ENSMUSG00000061524	Zic2	protein_coding	4
ENSMUSG00000061584	Lyg2	protein_coding	4
ENSMUSG00000079625	Tm4sf19	protein_coding	4
ENSMUSG00000038246	Fam50b	protein_coding	4
ENSMUSG00000055874	Foxi3	protein_coding	4
ENSMUSG00000055839	Elob	protein_coding	4
ENSMUSG00000050106	Tmc8	protein_coding	4
ENSMUSG00000086598	Btbd18	protein_coding	4
ENSMUSG00000051617	Krt9	protein_coding	4
ENSMUSG00000027620	Rbm39	protein_coding	4
ENSMUSG00000027518	Cimip1	protein_coding	4
ENSMUSG00000095143	Hsd3b4	protein_coding	4
ENSMUSG00000030897	Cnga4	protein_coding	4
ENSMUSG00000006007	Pdc	protein_coding	4
ENSMUSG00000043463	Rab9b	protein_coding	4
ENSMUSG00000043485	Krt34	protein_coding	4
ENSMUSG00000072875	Gpr27	protein_coding	4
ENSMUSG00000038300	Pth2	protein_coding	4
ENSMUSG00000038384	Setd1b	protein_coding	4
ENSMUSG00000048076	Arf1	protein_coding	4
ENSMUSG00000048206	Dnajb8	protein_coding	4
ENSMUSG00000026878	Rab14	protein_coding	4
ENSMUSG00000038646	Ramac	protein_coding	4
ENSMUSG00000074781	Ube2n	protein_coding	4
ENSMUSG00000026523	Wdr64	protein_coding	4
ENSMUSG00000027902	Chil6	protein_coding	4
ENSMUSG00000020076	Ddx50	protein_coding	4
ENSMUSG00000045794	Lkaaear1	protein_coding	4
ENSMUSG00000032937	Fshr	protein_coding	4
ENSMUSG00000030846	Tial1	protein_coding	4
ENSMUSG00000071340	Trappc3l	protein_coding	4
ENSMUSG00000109809	Gm34066	protein_coding	4
ENSMUSG00000038760	Trhr	protein_coding	4
ENSMUSG00000026416	Il20	protein_coding	4
ENSMUSG00000020081	Tacr2	protein_coding	4
ENSMUSG00000056679	Gpr173	protein_coding	4
ENSMUSG00000047379	B4gat1	protein_coding	4
ENSMUSG00000047485	Klhl34	protein_coding	4
ENSMUSG00000054523	Ms4a5	protein_coding	4
ENSMUSG00000006218	Fam131c	protein_coding	4
ENSMUSG00000069722	Krtap3-3	protein_coding	4
ENSMUSG00000086962	Faxdc2	protein_coding	4
ENSMUSG00000043089	Mmp1a	protein_coding	4
ENSMUSG00000109398	Zfp582	protein_coding	4
ENSMUSG00000078173	Lenep	protein_coding	4
ENSMUSG00000109293	Dcst2	protein_coding	4
ENSMUSG00000032900	Spmip10	protein_coding	4
ENSMUSG00000052099	Prss51	protein_coding	4
ENSMUSG00000068085	Cyp2d11	protein_coding	4
ENSMUSG00000030120	Mlf2	protein_coding	4
ENSMUSG00000030131	Mug2	protein_coding	4
ENSMUSG00000067365	Tmem128	protein_coding	4
ENSMUSG00000093445	Lrch4	protein_coding	4
ENSMUSG00000036357	Gpr101	protein_coding	4
ENSMUSG00000048483	Zdhhc22	protein_coding	4
ENSMUSG00000022832	Ropn1	protein_coding	4
ENSMUSG00000006058	Snf8	protein_coding	4
ENSMUSG00000042828	Trim72	protein_coding	4
ENSMUSG00000060560	Ces4a	protein_coding	4
ENSMUSG00000025496	Drd4	protein_coding	4
ENSMUSG00000020229	Slc5a4a	protein_coding	4
ENSMUSG00000025868	Higd2a	protein_coding	4
ENSMUSG00000045994	B3gat1	protein_coding	4
ENSMUSG00000007944	Ttc9b	protein_coding	4
ENSMUSG00000036251	Trpm8	protein_coding	4
ENSMUSG00000092212	Slc22a13b	protein_coding	4
ENSMUSG00000071235	Vrtn	protein_coding	4
ENSMUSG00000020622	Nt5c1b	protein_coding	4
ENSMUSG00000020636	Allc	protein_coding	4
ENSMUSG00000042240	Crybb2	protein_coding	4
ENSMUSG00000042282	Gucy2f	protein_coding	4
ENSMUSG00000092009	Myh15	protein_coding	4
ENSMUSG00000033813	Tcea1	protein_coding	4
ENSMUSG00000029823	Luc7l2	protein_coding	4
ENSMUSG00000020295	Hbq1a	protein_coding	4
ENSMUSG00000011349	Dmrtc2	protein_coding	4
ENSMUSG00000073601	Serpinb3c	protein_coding	4
ENSMUSG00000073568	Arl14epl	protein_coding	4
ENSMUSG00000023286	Ube2j2	protein_coding	4
ENSMUSG00000018868	Pnpla5	protein_coding	4
ENSMUSG00000091490	Triml2	protein_coding	4
ENSMUSG00000020332	Meikin	protein_coding	4
ENSMUSG00000020317	Spmap2	protein_coding	4
ENSMUSG00000029655	N4bp2l2	protein_coding	4
ENSMUSG00000029685	Asb15	protein_coding	4
ENSMUSG00000029680	Hyal4	protein_coding	4
ENSMUSG00000103770	Pcdha9	protein_coding	4
ENSMUSG00000053852	Adgrg4	protein_coding	4
ENSMUSG00000091155	Serpine3	protein_coding	4
ENSMUSG00000035048	Anapc13	protein_coding	4
ENSMUSG00000033938	Ndufb7	protein_coding	4
ENSMUSG00000034185	Tmem275	protein_coding	4
ENSMUSG00000024072	Yipf4	protein_coding	4
ENSMUSG00000020485	Supt4a	protein_coding	4
ENSMUSG00000018620	Mmp20	protein_coding	4
ENSMUSG00000018589	Glra2	protein_coding	4
ENSMUSG00000103421	Golt1a	protein_coding	4
ENSMUSG00000090141	Gm614	protein_coding	4
ENSMUSG00000090066	1110002E22Rik	protein_coding	4
ENSMUSG00000053388	Trim50	protein_coding	4
ENSMUSG00000048875	Pudp	protein_coding	4
ENSMUSG00000029288	Ambn	protein_coding	4
ENSMUSG00000046697	Enpp7	protein_coding	4
ENSMUSG00000041293	Adgrf1	protein_coding	4
ENSMUSG00000102206	Pcdha11	protein_coding	4
ENSMUSG00000040866	Rsph6a	protein_coding	4
ENSMUSG00000059114	Lrrc74a	protein_coding	4
ENSMUSG00000102312	Pcdha3	protein_coding	4
ENSMUSG00000034333	Zbed4	protein_coding	4
ENSMUSG00000029152	Ociad1	protein_coding	4
ENSMUSG00000090685	Spmip1	protein_coding	4
ENSMUSG00000015750	Aph1a	protein_coding	4
ENSMUSG00000118663	Afg2b	protein_coding	4
ENSMUSG00000045091	Aqp12	protein_coding	4
ENSMUSG00000021216	Tubal3	protein_coding	4
ENSMUSG00000062649	Or8g20	protein_coding	3
ENSMUSG00000005649	Cabp5	protein_coding	3
ENSMUSG00000070563	Spaca4	protein_coding	3
ENSMUSG00000070552	Mrgprx1	protein_coding	3
ENSMUSG00000027236	Eif3j1	protein_coding	3
ENSMUSG00000027304	Rtf1	protein_coding	3
ENSMUSG00000044155	Lsm8	protein_coding	3
ENSMUSG00000032110	Acrv1	protein_coding	3
ENSMUSG00000029255	Gnrhr	protein_coding	3
ENSMUSG00000024172	St6gal2	protein_coding	3
ENSMUSG00000074156	Ces1h	protein_coding	3
ENSMUSG00000059169	Krt40	protein_coding	3
ENSMUSG00000102802	Mgam2-ps	protein_coding	3
ENSMUSG00000059383	Gfral	protein_coding	3
ENSMUSG00000079013	Serpina3j	protein_coding	3
ENSMUSG00000053395	Cacng8	protein_coding	3
ENSMUSG00000049073	Or8d4	protein_coding	3
ENSMUSG00000073973	Or52k2	protein_coding	3
ENSMUSG00000090843	Heatr4	protein_coding	3
ENSMUSG00000090165	Ugt1a10	protein_coding	3
ENSMUSG00000052922	Bpi	protein_coding	3
ENSMUSG00000023978	Prph2	protein_coding	3
ENSMUSG00000104148	Pcdha2	protein_coding	3
ENSMUSG00000040367	Lrrd1	protein_coding	3
ENSMUSG00000053719	Klk1b26	protein_coding	3
ENSMUSG00000035057	Mgat4d	protein_coding	3
ENSMUSG00000098387	Pet117	protein_coding	3
ENSMUSG00000098332	Pigbos1	protein_coding	3
ENSMUSG00000064224	Gsdma3	protein_coding	3
ENSMUSG00000073804	Nps	protein_coding	3
ENSMUSG00000091803	Cox16	protein_coding	3
ENSMUSG00000047025	Ccer1	protein_coding	3
ENSMUSG00000073494	Sh2d1b2	protein_coding	3
ENSMUSG00000046272	Or5b21	protein_coding	3
ENSMUSG00000024976	Shoc2	protein_coding	3
ENSMUSG00000091601	Or2h1b	protein_coding	3
ENSMUSG00000007815	Rhoa	protein_coding	3
ENSMUSG00000060257	Scrt2	protein_coding	3
ENSMUSG00000029788	Cpa5	protein_coding	3
ENSMUSG00000033520	Idi2	protein_coding	3
ENSMUSG00000039296	Spdye4a	protein_coding	3
ENSMUSG00000074594	Wfdc9	protein_coding	3
ENSMUSG00000042433	Dnaaf6	protein_coding	3
ENSMUSG00000025482	Cimap1a	protein_coding	3
ENSMUSG00000025774	Crisp4	protein_coding	3
ENSMUSG00000010841	Cfap97d1	protein_coding	3
ENSMUSG00000087279	4930544D05Rik	protein_coding	3
ENSMUSG00000079258	Calhm1	protein_coding	3
ENSMUSG00000033210	Slc9c1	protein_coding	3
ENSMUSG00000052137	Rbm12b2	protein_coding	3
ENSMUSG00000036816	Atoh7	protein_coding	3
ENSMUSG00000108022	Mug5	protein_coding	3
ENSMUSG00000073007	Tent5d	protein_coding	3
ENSMUSG00000070737	Tmem35b	protein_coding	3
ENSMUSG00000026182	Tnp1	protein_coding	3
ENSMUSG00000036770	Stpg3	protein_coding	3
ENSMUSG00000078129	Actl10	protein_coding	3
ENSMUSG00000038965	Ube2l3	protein_coding	3
ENSMUSG00000030324	Rho	protein_coding	3
ENSMUSG00000056605	Krt72	protein_coding	3
ENSMUSG00000056706	Krtap7-1	protein_coding	3
ENSMUSG00000066964	Lhfpl7	protein_coding	3
ENSMUSG00000051860	Samd7	protein_coding	3
ENSMUSG00000051989	Smim11	protein_coding	3
ENSMUSG00000026963	Tmem210	protein_coding	3
ENSMUSG00000037124	Trim58	protein_coding	3
ENSMUSG00000094504	Foxl3	protein_coding	3
ENSMUSG00000032948	Lipi	protein_coding	3
ENSMUSG00000109833	Gm40193	protein_coding	3
ENSMUSG00000027481	Bpifb2	protein_coding	3
ENSMUSG00000095276	Gfy	protein_coding	3
ENSMUSG00000074991	Gabrr3	protein_coding	3
ENSMUSG00000055547	Apobec4	protein_coding	3
ENSMUSG00000096393	Fam240a	protein_coding	3
ENSMUSG00000031204	Asb12	protein_coding	3
ENSMUSG00000032566	Nudt16l2	protein_coding	3
ENSMUSG00000051582	Otud6a	protein_coding	3
ENSMUSG00000037660	Gdf7	protein_coding	3
ENSMUSG00000079707	Dynlt2a1	protein_coding	3
ENSMUSG00000051136	Ghsr	protein_coding	3
ENSMUSG00000031293	Rs1	protein_coding	3
ENSMUSG00000061809	Tbpl2	protein_coding	3
ENSMUSG00000032443	Zcwpw2	protein_coding	3
ENSMUSG00000014852	Adamts13	protein_coding	3
ENSMUSG00000030882	Dnhd1	protein_coding	3
ENSMUSG00000047733	Tmem262	protein_coding	3
ENSMUSG00000115768	Dpep2nb	protein_coding	3
ENSMUSG00000115219	Eef1akmt4	protein_coding	3
ENSMUSG00000015165	Hnrnpl	protein_coding	3
ENSMUSG00000050963	Kcns2	protein_coding	3
ENSMUSG00000062064	Slc2a7	protein_coding	3
ENSMUSG00000031354	Amelx	protein_coding	3
ENSMUSG00000015461	Atf6b	protein_coding	3
ENSMUSG00000027403	Tgm6	protein_coding	3
ENSMUSG00000021258	Ccnk	protein_coding	3
ENSMUSG00000031991	Spata19	protein_coding	3
ENSMUSG00000032056	Btg4	protein_coding	3
ENSMUSG00000031518	Spata4	protein_coding	3
ENSMUSG00000085584	Rtl9	protein_coding	3
ENSMUSG00000118560	Lim2	protein_coding	3
ENSMUSG00000050650	Mrgpra1	protein_coding	3
ENSMUSG00000095654	Plscr5	protein_coding	3
ENSMUSG00000106039	Iglc4	IG_C_gene	0
