harmonized_id	symbol	biotype	n_datasets_hvg	why_unmapped
ENSG00000125148	MT2A	protein_coding	172	no ortholog in the table
ENSG00000169429	CXCL8	protein_coding	167	no ortholog in the table
ENSG00000081041	CXCL2	protein_coding	167	no ortholog in the table
ENSG00000231389	HLA-DPA1	protein_coding	166	no ortholog in the table
ENSG00000090382	LYZ	protein_coding	165	ortholog(s) exist but none is in the other vocabulary
ENSG00000122862	SRGN	protein_coding	164	no ortholog in the table
ENSG00000119917	IFIT3	protein_coding	161	no ortholog in the table
ENSG00000115523	GNLY	protein_coding	161	no ortholog in the table
ENSG00000110077	MS4A6A	protein_coding	160	no ortholog in the table
ENSG00000169715	MT1E	protein_coding	160	no ortholog in the table
ENSG00000148773	MKI67	protein_coding	159	no ortholog in the table
ENSG00000223865	HLA-DPB1	protein_coding	158	no ortholog in the table
ENSG00000008517	IL32	protein_coding	157	no ortholog in the table
ENSG00000137959	IFI44L	protein_coding	157	no ortholog in the table
ENSG00000173110	HSPA6	protein_coding	157	no ortholog in the table
ENSG00000205542	TMSB4X	protein_coding	156	no ortholog in the table
ENSG00000179344	HLA-DQB1	protein_coding	155	no ortholog in the table
ENSG00000245532	NEAT1	lncRNA	154	no ortholog in the table
ENSG00000165949	IFI27	protein_coding	154	no ortholog in the table
ENSG00000197061	H4C3	protein_coding	154	no ortholog in the table
ENSG00000167996	FTH1	protein_coding	154	no ortholog in the table
ENSG00000141682	PMAIP1	protein_coding	154	no ortholog in the table
ENSG00000169442	CD52	protein_coding	153	no ortholog in the table
ENSG00000185745	IFIT1	protein_coding	153	no ortholog in the table
ENSG00000163734	CXCL3	protein_coding	153	no ortholog in the table
ENSG00000117228	GBP1	protein_coding	152	no ortholog in the table
ENSG00000187193	MT1X	protein_coding	152	no ortholog in the table
ENSG00000126709	IFI6	protein_coding	152	no ortholog in the table
ENSG00000108691	CCL2	protein_coding	152	no ortholog in the table
ENSG00000059804	SLC2A3	protein_coding	151	no ortholog in the table
ENSG00000196735	HLA-DQA1	protein_coding	150	no ortholog in the table
ENSG00000135047	CTSL	protein_coding	150	no ortholog in the table
ENSG00000111796	KLRB1	protein_coding	148	no ortholog in the table
ENSG00000106565	TMEM176B	protein_coding	147	no ortholog in the table
ENSG00000134539	KLRD1	protein_coding	146	no ortholog in the table
ENSG00000204482	LST1	protein_coding	145	no ortholog in the table
ENSG00000163739	CXCL1	protein_coding	144	no ortholog in the table
ENSG00000130844	ZNF331	protein_coding	144	no ortholog in the table
ENSG00000125144	MT1G	protein_coding	144	no ortholog in the table
ENSG00000137441	FGFBP2	protein_coding	143	no ortholog in the table
ENSG00000163563	MNDA	protein_coding	141	no ortholog in the table
ENSG00000198467	TPM2	protein_coding	141	no ortholog in the table
ENSG00000034510	TMSB10	protein_coding	141	no ortholog in the table
ENSG00000111640	GAPDH	protein_coding	140	no ortholog in the table
ENSG00000166927	MS4A7	protein_coding	139	no ortholog in the table
ENSG00000155659	VSIG4	protein_coding	138	no ortholog in the table
ENSG00000136244	IL6	protein_coding	137	no ortholog in the table
ENSG00000180573	H2AC6	protein_coding	137	no ortholog in the table
ENSG00000214548	MEG3	lncRNA	136	no ortholog in the table
ENSG00000099985	OSM	protein_coding	135	no ortholog in the table
ENSG00000156802	ATAD2	protein_coding	135	no ortholog in the table
ENSG00000132514	CLEC10A	protein_coding	135	no ortholog in the table
ENSG00000153563	CD8A	protein_coding	133	no ortholog in the table
ENSG00000134545	KLRC1	protein_coding	133	no ortholog in the table
ENSG00000234883	MIR155HG	lncRNA	132	no ortholog in the table
ENSG00000163221	S100A12	protein_coding	131	no ortholog in the table
ENSG00000160593	JAML	protein_coding	131	no ortholog in the table
ENSG00000196139	AKR1C3	protein_coding	131	no ortholog in the table
ENSG00000242265	PEG10	protein_coding	130	no ortholog in the table
ENSG00000277734	TRAC	TR_C_gene	130	no ortholog in the table
ENSG00000187479	C11orf96	protein_coding	130	no ortholog in the table
ENSG00000222041	CYTOR	lncRNA	130	no ortholog in the table
ENSG00000173391	OLR1	protein_coding	130	no ortholog in the table
ENSG00000158481	CD1C	protein_coding	129	no ortholog in the table
ENSG00000114013	CD86	protein_coding	129	no ortholog in the table
ENSG00000143226	FCGR2A	protein_coding	129	no ortholog in the table
ENSG00000205358	MT1H	protein_coding	129	no ortholog in the table
ENSG00000244734	HBB	protein_coding	129	no ortholog in the table
ENSG00000128383	APOBEC3A	protein_coding	129	no ortholog in the table
ENSG00000163535	SGO2	protein_coding	128	no ortholog in the table
ENSG00000013810	TACC3	protein_coding	128	no ortholog in the table
ENSG00000188290	HES4	protein_coding	128	no ortholog in the table
ENSG00000272398	CD24	protein_coding	127	no ortholog in the table
ENSG00000172183	ISG20	protein_coding	127	no ortholog in the table
ENSG00000110852	CLEC2B	protein_coding	126	no ortholog in the table
ENSG00000123485	HJURP	protein_coding	126	no ortholog in the table
ENSG00000134333	LDHA	protein_coding	126	no ortholog in the table
ENSG00000172965	MIR4435-2HG	lncRNA	126	no ortholog in the table
ENSG00000198830	HMGN2	protein_coding	126	no ortholog in the table
ENSG00000026751	SLAMF7	protein_coding	126	no ortholog in the table
ENSG00000189057	FAM111B	protein_coding	126	no ortholog in the table
ENSG00000179639	FCER1A	protein_coding	125	no ortholog in the table
ENSG00000111537	IFNG	protein_coding	125	no ortholog in the table
ENSG00000196352	CD55	protein_coding	125	no ortholog in the table
ENSG00000087074	PPP1R15A	protein_coding	125	no ortholog in the table
ENSG00000124731	TREM1	protein_coding	125	no ortholog in the table
ENSG00000172243	CLEC7A	protein_coding	125	no ortholog in the table
ENSG00000237541	HLA-DQA2	protein_coding	125	no ortholog in the table
ENSG00000161921	CXCL16	protein_coding	124	no ortholog in the table
ENSG00000269821	KCNQ1OT1	lncRNA	124	no ortholog in the table
ENSG00000186818	LILRB4	protein_coding	123	no ortholog in the table
ENSG00000064886	CHI3L2	protein_coding	123	no ortholog in the table
ENSG00000148671	ADIRF	protein_coding	123	no ortholog in the table
ENSG00000172116	CD8B	protein_coding	123	no ortholog in the table
ENSG00000006327	TNFRSF12A	protein_coding	122	no ortholog in the table
ENSG00000163993	S100P	protein_coding	122	no ortholog in the table
ENSG00000072694	FCGR2B	protein_coding	122	no ortholog in the table
ENSG00000186891	TNFRSF18	protein_coding	121	no ortholog in the table
ENSG00000088992	TESC	protein_coding	121	no ortholog in the table
ENSG00000198417	MT1F	protein_coding	121	no ortholog in the table
ENSG00000109971	HSPA8	protein_coding	121	no ortholog in the table
ENSG00000022267	FHL1	protein_coding	121	no ortholog in the table
ENSG00000251562	MALAT1	lncRNA	121	no ortholog in the table
ENSG00000173762	CD7	protein_coding	120	no ortholog in the table
ENSG00000175197	DDIT3	protein_coding	120	ortholog(s) exist but none is in the other vocabulary
ENSG00000150045	KLRF1	protein_coding	118	no ortholog in the table
ENSG00000187134	AKR1C1	protein_coding	118	no ortholog in the table
ENSG00000147889	CDKN2A	protein_coding	118	no ortholog in the table
ENSG00000164825	DEFB1	protein_coding	118	no ortholog in the table
ENSG00000129226	CD68	protein_coding	118	no ortholog in the table
ENSG00000183486	MX2	protein_coding	117	no ortholog in the table
ENSG00000205364	MT1M	protein_coding	117	no ortholog in the table
ENSG00000000971	CFH	protein_coding	116	no ortholog in the table
ENSG00000138646	HERC5	protein_coding	116	no ortholog in the table
ENSG00000234745	HLA-B	protein_coding	115	no ortholog in the table
ENSG00000188257	PLA2G2A	protein_coding	115	no ortholog in the table
ENSG00000156265	MAP3K7CL	protein_coding	114	no ortholog in the table
ENSG00000156234	CXCL13	protein_coding	114	no ortholog in the table
ENSG00000157168	NRG1	protein_coding	114	ortholog(s) exist but none is in the other vocabulary
ENSG00000137309	HMGA1	protein_coding	114	no ortholog in the table
ENSG00000211895	IGHA1	IG_C_gene	114	no ortholog in the table
ENSG00000211896	IGHG1	IG_C_gene	114	no ortholog in the table
ENSG00000148346	LCN2	protein_coding	113	no ortholog in the table
ENSG00000275385	CCL18	protein_coding	113	no ortholog in the table
ENSG00000101443	WFDC2	protein_coding	112	no ortholog in the table
ENSG00000115541	HSPE1	protein_coding	112	no ortholog in the table
ENSG00000131042	LILRB2	protein_coding	112	no ortholog in the table
ENSG00000275395	FCGBP	protein_coding	112	no ortholog in the table
ENSG00000128567	PODXL	protein_coding	111	no ortholog in the table
ENSG00000130303	BST2	protein_coding	111	no ortholog in the table
ENSG00000162493	PDPN	protein_coding	110	no ortholog in the table
ENSG00000169385	RNASE2	protein_coding	110	no ortholog in the table
ENSG00000248323	LUCAT1	lncRNA	110	no ortholog in the table
ENSG00000162595	DIRAS3	protein_coding	109	no ortholog in the table
ENSG00000132530	XAF1	protein_coding	109	no ortholog in the table
ENSG00000205809	KLRC2	protein_coding	109	no ortholog in the table
ENSG00000050730	TNIP3	protein_coding	109	no ortholog in the table
ENSG00000120802	TMPO	protein_coding	109	no ortholog in the table
ENSG00000124635	H2BC11	protein_coding	109	no ortholog in the table
ENSG00000164691	TAGAP	protein_coding	108	no ortholog in the table
ENSG00000167618	LAIR2	protein_coding	108	no ortholog in the table
ENSG00000173457	PPP1R14B	protein_coding	108	no ortholog in the table
ENSG00000085514	PILRA	protein_coding	107	no ortholog in the table
ENSG00000104722	NEFM	protein_coding	107	no ortholog in the table
ENSG00000189403	HMGB1	protein_coding	107	no ortholog in the table
ENSG00000159335	PTMS	protein_coding	107	no ortholog in the table
ENSG00000224397	PELATON	lncRNA	106	no ortholog in the table
ENSG00000180596	H2BC4	protein_coding	106	no ortholog in the table
ENSG00000160298	C21orf58	protein_coding	106	no ortholog in the table
ENSG00000169248	CXCL11	protein_coding	106	no ortholog in the table
ENSG00000189143	CLDN4	protein_coding	106	no ortholog in the table
ENSG00000263961	RHEX	protein_coding	106	no ortholog in the table
ENSG00000133321	PLAAT4	protein_coding	105	no ortholog in the table
ENSG00000270164	LINC01480	lncRNA	105	no ortholog in the table
ENSG00000159450	TCHH	protein_coding	105	no ortholog in the table
ENSG00000205362	MT1A	protein_coding	105	no ortholog in the table
ENSG00000196754	S100A2	protein_coding	105	no ortholog in the table
ENSG00000229807	XIST	lncRNA	105	no ortholog in the table
ENSG00000151632	AKR1C2	protein_coding	104	no ortholog in the table
ENSG00000127507	ADGRE2	protein_coding	104	no ortholog in the table
ENSG00000155962	CLIC2	protein_coding	103	no ortholog in the table
ENSG00000151789	ZNF385D	protein_coding	103	no ortholog in the table
ENSG00000227191	TRGC2	TR_C_gene	102	no ortholog in the table
ENSG00000135074	ADAM19	protein_coding	102	no ortholog in the table
ENSG00000158488	CD1E	protein_coding	102	no ortholog in the table
ENSG00000128040	SPINK2	protein_coding	101	no ortholog in the table
ENSG00000145850	TIMD4	protein_coding	101	no ortholog in the table
ENSG00000163762	TM4SF18	protein_coding	101	no ortholog in the table
ENSG00000274736	CCL23	protein_coding	101	no ortholog in the table
ENSG00000184293			101	no ortholog in the table
ENSG00000158406	H4C8	protein_coding	100	no ortholog in the table
ENSG00000273802	H2BC8	protein_coding	100	no ortholog in the table
ENSG00000183019	MCEMP1	protein_coding	100	no ortholog in the table
ENSG00000101825	MXRA5	protein_coding	100	no ortholog in the table
ENSG00000176083	ZNF683	protein_coding	99	no ortholog in the table
ENSG00000211897	IGHG3	IG_C_gene	99	no ortholog in the table
ENSG00000085063	CD59	protein_coding	99	no ortholog in the table
ENSG00000100721	TCL1A	protein_coding	99	no ortholog in the table
ENSG00000270069	MIR222HG	lncRNA	99	no ortholog in the table
ENSG00000177675	CD163L1	protein_coding	98	no ortholog in the table
ENSG00000170442	KRT86	protein_coding	98	no ortholog in the table
ENSG00000204301	NOTCH4	protein_coding	97	no ortholog in the table
ENSG00000150636	CCDC102B	protein_coding	97	no ortholog in the table
ENSG00000267107	PCAT19	lncRNA	97	no ortholog in the table
ENSG00000183036	PCP4	protein_coding	97	no ortholog in the table
ENSG00000205502	C2CD4B	protein_coding	97	no ortholog in the table
ENSG00000117091	CD48	protein_coding	97	no ortholog in the table
ENSG00000211892	IGHG4	IG_C_gene	97	no ortholog in the table
ENSG00000125657	TNFSF9	protein_coding	97	no ortholog in the table
ENSG00000087250	MT3	protein_coding	96	no ortholog in the table
ENSG00000118508	RAB32	protein_coding	96	no ortholog in the table
ENSG00000205426	KRT81	protein_coding	96	no ortholog in the table
ENSG00000272168	CASC15	lncRNA	95	no ortholog in the table
ENSG00000117586	TNFSF4	protein_coding	95	no ortholog in the table
ENSG00000124749	COL21A1	protein_coding	95	no ortholog in the table
ENSG00000184260	H2AC20	protein_coding	95	no ortholog in the table
ENSG00000154639	CXADR	protein_coding	95	no ortholog in the table
ENSG00000167851	CD300A	protein_coding	95	no ortholog in the table
ENSG00000078081	LAMP3	protein_coding	95	no ortholog in the table
ENSG00000006606	CCL26	protein_coding	95	no ortholog in the table
ENSG00000187840	EIF4EBP1	protein_coding	94	no ortholog in the table
ENSG00000172322	CLEC12A	protein_coding	94	no ortholog in the table
ENSG00000158373	H2BC5	protein_coding	94	no ortholog in the table
ENSG00000129824	RPS4Y1	protein_coding	94	no ortholog in the table
ENSG00000163735	CXCL5	protein_coding	94	no ortholog in the table
ENSG00000105609	LILRB5	protein_coding	94	no ortholog in the table
ENSG00000112782	CLIC5	protein_coding	93	no ortholog in the table
ENSG00000121933	TMIGD3	protein_coding	93	no ortholog in the table
ENSG00000187116	LILRA5	protein_coding	93	no ortholog in the table
ENSG00000175820	LRTM3	protein_coding	92	no ortholog in the table
ENSG00000166669	ATF7IP2	protein_coding	92	no ortholog in the table
ENSG00000010030	ETV7	protein_coding	92	no ortholog in the table
ENSG00000142748	FCN3	protein_coding	91	no ortholog in the table
ENSG00000226777	FAM30A	lncRNA	91	no ortholog in the table
ENSG00000181374	CCL13	protein_coding	91	no ortholog in the table
ENSG00000160886	LY6K	protein_coding	91	no ortholog in the table
ENSG00000198157	HMGN5	protein_coding	91	no ortholog in the table
ENSG00000224259	LINC01133	lncRNA	91	no ortholog in the table
ENSG00000277075	H2AC8	protein_coding	91	no ortholog in the table
ENSG00000214900	LINC01588	lncRNA	91	no ortholog in the table
ENSG00000168961	LGALS9	protein_coding	90	no ortholog in the table
ENSG00000204397	CARD16	protein_coding	90	no ortholog in the table
ENSG00000156508	EEF1A1	protein_coding	90	no ortholog in the table
ENSG00000169756	LIMS1	protein_coding	90	no ortholog in the table
ENSG00000187514	PTMA	protein_coding	90	no ortholog in the table
ENSG00000204475	NCR3	protein_coding	89	no ortholog in the table
ENSG00000102007	PLP2	protein_coding	89	no ortholog in the table
ENSG00000206503	HLA-A	protein_coding	89	no ortholog in the table
ENSG00000011201	ANOS1	protein_coding	89	no ortholog in the table
ENSG00000079385	CEACAM1	protein_coding	89	no ortholog in the table
ENSG00000251230	MIR3945HG	lncRNA	89	no ortholog in the table
ENSG00000139572	GPR84	protein_coding	89	no ortholog in the table
ENSG00000163565	IFI16	protein_coding	89	no ortholog in the table
ENSG00000092758	COL9A3	protein_coding	89	no ortholog in the table
ENSG00000254709	IGLL5	protein_coding	88	no ortholog in the table
ENSG00000158164	TMSB15A	protein_coding	88	no ortholog in the table
ENSG00000275713	H2BC9	protein_coding	88	no ortholog in the table
ENSG00000167613	LAIR1	protein_coding	88	no ortholog in the table
ENSG00000124102	PI3	protein_coding	88	no ortholog in the table
ENSG00000249669	CARMN	lncRNA	87	no ortholog in the table
ENSG00000229989	MIR181A1HG	lncRNA	87	no ortholog in the table
ENSG00000166670	MMP10	protein_coding	87	no ortholog in the table
ENSG00000104972	LILRB1	protein_coding	87	no ortholog in the table
ENSG00000204866	IGFL2	protein_coding	87	no ortholog in the table
ENSG00000189013	KIR2DL4	protein_coding	87	no ortholog in the table
ENSG00000185567	AHNAK2	protein_coding	86	no ortholog in the table
ENSG00000240403	KIR3DL2	protein_coding	86	no ortholog in the table
ENSG00000184678	H2BC21	protein_coding	86	no ortholog in the table
ENSG00000223749	MIR503HG	lncRNA	86	no ortholog in the table
ENSG00000225783	MIAT	lncRNA	86	no ortholog in the table
ENSG00000231106	LINC01436	lncRNA	86	no ortholog in the table
ENSG00000240505	TNFRSF13B	protein_coding	86	no ortholog in the table
ENSG00000161249	DMKN	protein_coding	86	no ortholog in the table
ENSG00000185291	IL3RA	protein_coding	85	no ortholog in the table
ENSG00000233822	H2BC15	protein_coding	85	no ortholog in the table
ENSG00000204525	HLA-C	protein_coding	85	no ortholog in the table
ENSG00000211893	IGHG2	IG_C_gene	85	no ortholog in the table
ENSG00000087237	CETP	protein_coding	84	no ortholog in the table
ENSG00000211898	IGHD	IG_C_gene	84	no ortholog in the table
ENSG00000213316	LTC4S	protein_coding	84	no ortholog in the table
ENSG00000245694	CRNDE	lncRNA	84	no ortholog in the table
ENSG00000118777	ABCG2	protein_coding	84	no ortholog in the table
ENSG00000184515	BEX5	protein_coding	84	no ortholog in the table
ENSG00000089157	RPLP0	protein_coding	84	no ortholog in the table
ENSG00000186854	TRABD2A	protein_coding	84	no ortholog in the table
ENSG00000175489	LRRC25	protein_coding	83	no ortholog in the table
ENSG00000166801	FAM111A	protein_coding	83	no ortholog in the table
ENSG00000121797	CCRL2	protein_coding	83	no ortholog in the table
ENSG00000198223	CSF2RA	protein_coding	83	no ortholog in the table
ENSG00000184905	TCEAL2	protein_coding	83	no ortholog in the table
ENSG00000069493	CLEC2D	protein_coding	83	no ortholog in the table
ENSG00000100290	BIK	protein_coding	83	no ortholog in the table
ENSG00000134827	TCN1	protein_coding	82	no ortholog in the table
ENSG00000100342	APOL1	protein_coding	82	no ortholog in the table
ENSG00000121594	CD80	protein_coding	82	no ortholog in the table
ENSG00000155368	DBI	protein_coding	82	no ortholog in the table
ENSG00000271614	ATP2B1-AS1	lncRNA	82	no ortholog in the table
ENSG00000239961	LILRA4	protein_coding	82	no ortholog in the table
ENSG00000026103	FAS	protein_coding	82	no ortholog in the table
ENSG00000167664	TMIGD2	protein_coding	82	no ortholog in the table
ENSG00000143297	FCRL5	protein_coding	81	no ortholog in the table
ENSG00000108387	SEPTIN4	protein_coding	81	no ortholog in the table
ENSG00000128284	APOL3	protein_coding	81	no ortholog in the table
ENSG00000105519	CAPS	protein_coding	81	no ortholog in the table
ENSG00000129534	MIS18BP1	protein_coding	81	no ortholog in the table
ENSG00000187094	CCK	protein_coding	81	no ortholog in the table
ENSG00000007038	PRSS21	protein_coding	80	no ortholog in the table
ENSG00000163736	PPBP	protein_coding	80	no ortholog in the table
ENSG00000152804	HHEX	protein_coding	80	no ortholog in the table
ENSG00000156313	RPGR	protein_coding	80	no ortholog in the table
ENSG00000204936	CD177	protein_coding	79	no ortholog in the table
ENSG00000242258	LINC00996	lncRNA	79	no ortholog in the table
ENSG00000267270	PARD6G-AS1	lncRNA	78	no ortholog in the table
ENSG00000173530	TNFRSF10D	protein_coding	78	no ortholog in the table
ENSG00000228495	LINC01013	lncRNA	78	no ortholog in the table
ENSG00000086548	CEACAM6	protein_coding	78	no ortholog in the table
ENSG00000145349	CAMK2D	protein_coding	78	no ortholog in the table
ENSG00000232679	LINC01705	lncRNA	78	no ortholog in the table
ENSG00000123500	COL10A1	protein_coding	78	no ortholog in the table
ENSG00000196787	H2AC11	protein_coding	78	no ortholog in the table
ENSG00000251442	LINC01094	lncRNA	77	no ortholog in the table
ENSG00000152931	PART1	lncRNA	77	no ortholog in the table
ENSG00000177494	ZBED2	protein_coding	77	no ortholog in the table
ENSG00000152207	CYSLTR2	protein_coding	77	no ortholog in the table
ENSG00000179914	ITLN1	protein_coding	77	no ortholog in the table
ENSG00000198535	C2CD4A	protein_coding	77	no ortholog in the table
ENSG00000164543	STK17A	protein_coding	77	no ortholog in the table
ENSG00000162078	ZG16B	protein_coding	77	no ortholog in the table
ENSG00000124780	KCNK17	protein_coding	77	no ortholog in the table
ENSG00000172927	MYEOV	protein_coding	76	no ortholog in the table
ENSG00000276409	CCL14	protein_coding	76	no ortholog in the table
ENSG00000235947	EGOT	lncRNA	76	no ortholog in the table
ENSG00000211689	TRGC1	TR_C_gene	76	no ortholog in the table
ENSG00000197279	ZNF165	protein_coding	76	no ortholog in the table
ENSG00000198692	EIF1AY	protein_coding	76	no ortholog in the table
ENSG00000273983	H3C8	protein_coding	76	no ortholog in the table
ENSG00000089012	SIRPG	protein_coding	76	no ortholog in the table
ENSG00000163923	RPL39L	protein_coding	76	no ortholog in the table
ENSG00000134668	SPOCD1	protein_coding	76	no ortholog in the table
ENSG00000231672	DIRC3	lncRNA	75	no ortholog in the table
ENSG00000185499	MUC1	protein_coding	75	no ortholog in the table
ENSG00000136943	CTSV	protein_coding	75	no ortholog in the table
ENSG00000211890	IGHA2	IG_C_gene	75	no ortholog in the table
ENSG00000121895	TMEM156	protein_coding	75	no ortholog in the table
ENSG00000089327	FXYD5	protein_coding	75	no ortholog in the table
ENSG00000197989	SNHG12	lncRNA	75	no ortholog in the table
ENSG00000224137	LINC01857	lncRNA	74	no ortholog in the table
ENSG00000274997	H2AC12	protein_coding	74	no ortholog in the table
ENSG00000286522	H3C2	protein_coding	74	no ortholog in the table
ENSG00000253522	MIR3142HG	lncRNA	74	no ortholog in the table
ENSG00000225746	MEG8	lncRNA	74	no ortholog in the table
ENSG00000100336	APOL4	protein_coding	74	no ortholog in the table
ENSG00000236824	BCYRN1	lncRNA	74	no ortholog in the table
ENSG00000243772	KIR2DL3	protein_coding	74	no ortholog in the table
ENSG00000253490	LINC02099	lncRNA	74	no ortholog in the table
ENSG00000112303	VNN2	protein_coding	74	no ortholog in the table
ENSG00000145428	RNF175	protein_coding	73	no ortholog in the table
ENSG00000158485	CD1B	protein_coding	73	no ortholog in the table
ENSG00000139194	RBP5	protein_coding	73	no ortholog in the table
ENSG00000276903	H2AC16	protein_coding	73	no ortholog in the table
ENSG00000167633	KIR3DL1	protein_coding	73	no ortholog in the table
ENSG00000278828	H3C10	protein_coding	73	no ortholog in the table
ENSG00000090659	CD209	protein_coding	73	no ortholog in the table
ENSG00000204186	ZDBF2	protein_coding	72	no ortholog in the table
ENSG00000118495	PLAGL1	protein_coding	72	no ortholog in the table
ENSG00000249307	LINC01088	lncRNA	72	no ortholog in the table
ENSG00000228013	IL6R-AS1	lncRNA	72	no ortholog in the table
ENSG00000171049	FPR2	protein_coding	72	no ortholog in the table
ENSG00000276368	H2AC14	protein_coding	72	no ortholog in the table
ENSG00000270547	LINC01235	lncRNA	72	no ortholog in the table
ENSG00000239713	APOBEC3G	protein_coding	72	no ortholog in the table
ENSG00000171611	PTCRA	protein_coding	72	no ortholog in the table
ENSG00000197261	C6orf141	protein_coding	72	no ortholog in the table
ENSG00000221963	APOL6	protein_coding	72	no ortholog in the table
ENSG00000277494	GPIHBP1	protein_coding	71	no ortholog in the table
ENSG00000205413	SAMD9	protein_coding	71	no ortholog in the table
ENSG00000170290	SLN	protein_coding	71	no ortholog in the table
ENSG00000226419	SLC16A1-AS1	lncRNA	71	no ortholog in the table
ENSG00000156689	GLYATL2	protein_coding	71	no ortholog in the table
ENSG00000087258	GNAO1	protein_coding	71	no ortholog in the table
ENSG00000178977	LINC00324	lncRNA	71	no ortholog in the table
ENSG00000146938	NLGN4X	protein_coding	71	no ortholog in the table
ENSG00000196684	HSH2D	protein_coding	71	no ortholog in the table
ENSG00000160856	FCRL3	protein_coding	70	no ortholog in the table
ENSG00000243955	GSTA1	protein_coding	70	no ortholog in the table
ENSG00000154760	SLFN13	protein_coding	70	no ortholog in the table
ENSG00000132475	H3-3B	protein_coding	70	no ortholog in the table
ENSG00000236790	LINC00299	lncRNA	70	no ortholog in the table
ENSG00000163564	PYHIN1	protein_coding	70	no ortholog in the table
ENSG00000145284	SCD5	protein_coding	70	no ortholog in the table
ENSG00000179750	APOBEC3B	protein_coding	69	no ortholog in the table
ENSG00000163618	CADPS	protein_coding	69	no ortholog in the table
ENSG00000120337	TNFSF18	protein_coding	69	no ortholog in the table
ENSG00000179083	FAM133A	protein_coding	69	no ortholog in the table
ENSG00000235385	LINC02154	lncRNA	69	no ortholog in the table
ENSG00000053438	NNAT	protein_coding	69	no ortholog in the table
ENSG00000141574	SECTM1	protein_coding	69	no ortholog in the table
ENSG00000124939	SCGB2A1	protein_coding	69	no ortholog in the table
ENSG00000181617	FDCSP	protein_coding	68	no ortholog in the table
ENSG00000214894	LINC00243	lncRNA	68	no ortholog in the table
ENSG00000227036	LINC00511	lncRNA	68	no ortholog in the table
ENSG00000203710	CR1	protein_coding	68	no ortholog in the table
ENSG00000115756	HPCAL1	protein_coding	68	no ortholog in the table
ENSG00000174501	ANKRD36C	protein_coding	68	no ortholog in the table
ENSG00000220161	LINC02076	lncRNA	68	no ortholog in the table
ENSG00000235831	BHLHE40-AS1	lncRNA	68	no ortholog in the table
ENSG00000132274	TRIM22	protein_coding	67	no ortholog in the table
ENSG00000093072	ADA2	protein_coding	67	no ortholog in the table
ENSG00000159958	TNFRSF13C	protein_coding	67	no ortholog in the table
ENSG00000229314	ORM1	protein_coding	67	no ortholog in the table
ENSG00000171401	KRT13	protein_coding	67	no ortholog in the table
ENSG00000224420	ADM5	protein_coding	66	no ortholog in the table
ENSG00000174255	ZNF80	protein_coding	66	no ortholog in the table
ENSG00000125498	KIR2DL1	protein_coding	66	no ortholog in the table
ENSG00000169436	COL22A1	protein_coding	66	no ortholog in the table
ENSG00000267206	LCN6	protein_coding	66	ortholog(s) exist but none is in the other vocabulary
ENSG00000277768			66	no ortholog in the table
ENSG00000239569	KMT2E-AS1	lncRNA	66	no ortholog in the table
ENSG00000205277	MUC12	protein_coding	65	no ortholog in the table
ENSG00000117226	GBP3	protein_coding	65	no ortholog in the table
ENSG00000215386	MIR99AHG	lncRNA	65	no ortholog in the table
ENSG00000240563	L1TD1	protein_coding	65	no ortholog in the table
ENSG00000225383	SFTA1P	lncRNA	65	no ortholog in the table
ENSG00000147174	GCNA	protein_coding	65	no ortholog in the table
ENSG00000110203	FOLR3	protein_coding	65	no ortholog in the table
ENSG00000278677	H2AC17	protein_coding	65	no ortholog in the table
ENSG00000187634	SAMD11	protein_coding	65	no ortholog in the table
ENSG00000158477	CD1A	protein_coding	65	no ortholog in the table
ENSG00000232956	SNHG15	lncRNA	65	no ortholog in the table
ENSG00000181036	FCRL6	protein_coding	64	no ortholog in the table
ENSG00000047634	SCML1	protein_coding	64	no ortholog in the table
ENSG00000204592	HLA-E	protein_coding	64	no ortholog in the table
ENSG00000249859	PVT1	lncRNA	64	no ortholog in the table
ENSG00000079263	SP140	protein_coding	64	no ortholog in the table
ENSG00000247982	LINC00926	lncRNA	64	no ortholog in the table
ENSG00000105352	CEACAM4	protein_coding	64	no ortholog in the table
ENSG00000119862	LGALSL	protein_coding	64	no ortholog in the table
ENSG00000124256	ZBP1	protein_coding	64	no ortholog in the table
ENSG00000229619	MBNL1-AS1	lncRNA	64	no ortholog in the table
ENSG00000115718	PROC	protein_coding	64	no ortholog in the table
ENSG00000120693	SMAD9	protein_coding	64	no ortholog in the table
ENSG00000145113	MUC4	protein_coding	64	no ortholog in the table
ENSG00000170369	CST2	protein_coding	64	no ortholog in the table
ENSG00000245750	DRAIC	lncRNA	64	no ortholog in the table
ENSG00000211891	IGHE	IG_C_gene	64	no ortholog in the table
ENSG00000267100	ILF3-DT	lncRNA	64	no ortholog in the table
ENSG00000247400	DNAJC3-DT	lncRNA	64	no ortholog in the table
ENSG00000244879	GABPB1-AS1	lncRNA	63	no ortholog in the table
ENSG00000256039	LINC02446	lncRNA	63	no ortholog in the table
ENSG00000172551	MUCL1	protein_coding	63	no ortholog in the table
ENSG00000168028	RPSA	protein_coding	63	no ortholog in the table
ENSG00000170373	CST1	protein_coding	63	no ortholog in the table
ENSG00000099256	PRTFDC1	protein_coding	63	no ortholog in the table
ENSG00000259134	LINC00924	lncRNA	63	no ortholog in the table
ENSG00000181381	DDX60L	protein_coding	63	no ortholog in the table
ENSG00000161513	FDXR	protein_coding	63	no ortholog in the table
ENSG00000223609	HBD	protein_coding	63	no ortholog in the table
ENSG00000230923	LINC00309	lncRNA	63	no ortholog in the table
ENSG00000237512	UNC5B-AS1	lncRNA	62	no ortholog in the table
ENSG00000198075	SULT1C4	protein_coding	62	no ortholog in the table
ENSG00000110876	SELPLG	protein_coding	62	no ortholog in the table
ENSG00000153531	ADPRHL1	protein_coding	62	no ortholog in the table
ENSG00000241343	RPL36A	protein_coding	62	no ortholog in the table
ENSG00000235527	HIPK1-AS1	lncRNA	62	no ortholog in the table
ENSG00000167799	NUDT8	protein_coding	62	no ortholog in the table
ENSG00000153363	LINC00467	lncRNA	62	no ortholog in the table
ENSG00000198178	CLEC4C	protein_coding	62	no ortholog in the table
ENSG00000145777	TSLP	protein_coding	61	no ortholog in the table
ENSG00000186074	CD300LF	protein_coding	61	no ortholog in the table
ENSG00000198768	APCDD1L	protein_coding	61	no ortholog in the table
ENSG00000091592	NLRP1	protein_coding	61	no ortholog in the table
ENSG00000277224	H2BC7	protein_coding	61	no ortholog in the table
ENSG00000204577	LILRB3	protein_coding	61	no ortholog in the table
ENSG00000235576	LINC01871	lncRNA	61	no ortholog in the table
ENSG00000149548	CCDC15	protein_coding	61	no ortholog in the table
ENSG00000248441	LETR1	lncRNA	61	no ortholog in the table
ENSG00000261618	LINC02605	lncRNA	61	no ortholog in the table
ENSG00000211685	IGLC7	IG_C_gene	61	no ortholog in the table
ENSG00000285077	ARHGAP11B	protein_coding	60	no ortholog in the table
ENSG00000120949	TNFRSF8	protein_coding	60	no ortholog in the table
ENSG00000134020	PEBP4	protein_coding	60	no ortholog in the table
ENSG00000177721	ANXA2R	protein_coding	60	no ortholog in the table
ENSG00000120889	TNFRSF10B	protein_coding	60	no ortholog in the table
ENSG00000133328	PLAAT2	protein_coding	60	no ortholog in the table
ENSG00000187908	DMBT1	protein_coding	60	no ortholog in the table
ENSG00000049247	UTS2	protein_coding	60	no ortholog in the table
ENSG00000235770	LINC00607	lncRNA	60	no ortholog in the table
ENSG00000114270	COL7A1	protein_coding	60	no ortholog in the table
ENSG00000236700	LINC01010	lncRNA	60	no ortholog in the table
ENSG00000226674	TEX41	lncRNA	60	no ortholog in the table
ENSG00000027697	IFNGR1	protein_coding	59	no ortholog in the table
ENSG00000246430	LINC00968	lncRNA	59	no ortholog in the table
ENSG00000131015	ULBP2	protein_coding	59	no ortholog in the table
ENSG00000221887	HMSD	protein_coding	59	no ortholog in the table
ENSG00000258791	LINC00520	lncRNA	59	no ortholog in the table
ENSG00000249464	LINC01091	lncRNA	59	no ortholog in the table
ENSG00000123838	C4BPA	protein_coding	59	no ortholog in the table
ENSG00000174718	RESF1	protein_coding	59	no ortholog in the table
ENSG00000258484	SPESP1	protein_coding	59	no ortholog in the table
ENSG00000181544	FANCB	protein_coding	59	no ortholog in the table
ENSG00000232931	LINC00342	lncRNA	58	no ortholog in the table
ENSG00000178965	ERICH3	protein_coding	58	no ortholog in the table
ENSG00000139146	SINHCAF	protein_coding	58	no ortholog in the table
ENSG00000123843	C4BPB	protein_coding	58	no ortholog in the table
ENSG00000235109	ZSCAN31	protein_coding	58	no ortholog in the table
ENSG00000197520	FAM177B	protein_coding	58	no ortholog in the table
ENSG00000131127	ZNF141	protein_coding	58	no ortholog in the table
ENSG00000124831	LRRFIP1	protein_coding	58	no ortholog in the table
ENSG00000203930	LINC00632	lncRNA	58	no ortholog in the table
ENSG00000184731	FAM110C	protein_coding	58	no ortholog in the table
ENSG00000233559	LINC00513	lncRNA	58	no ortholog in the table
ENSG00000224958	PGM5-AS1	lncRNA	58	no ortholog in the table
ENSG00000156052	GNAQ	protein_coding	58	no ortholog in the table
ENSG00000281103	TRG-AS1	lncRNA	58	no ortholog in the table
ENSG00000189001	SBSN	protein_coding	58	no ortholog in the table
ENSG00000173702	MUC13	protein_coding	58	no ortholog in the table
ENSG00000137154	RPS6	protein_coding	58	no ortholog in the table
ENSG00000266402	SNHG25	lncRNA	57	no ortholog in the table
ENSG00000185686	PRAME	protein_coding	57	no ortholog in the table
ENSG00000132704	FCRL2	protein_coding	57	no ortholog in the table
ENSG00000161649	CD300LG	protein_coding	57	no ortholog in the table
ENSG00000152672	CLEC4F	protein_coding	57	no ortholog in the table
ENSG00000186409	CCDC30	protein_coding	57	no ortholog in the table
ENSG00000181143	MUC16	protein_coding	57	no ortholog in the table
ENSG00000128335	APOL2	protein_coding	57	no ortholog in the table
ENSG00000239998	LILRA2	protein_coding	57	no ortholog in the table
ENSG00000178222	RNF212	protein_coding	57	no ortholog in the table
ENSG00000276966	H4C5	protein_coding	57	no ortholog in the table
ENSG00000234807	JUN-DT	lncRNA	57	no ortholog in the table
ENSG00000241163	LINC00877	lncRNA	57	no ortholog in the table
ENSG00000131848	ZSCAN5A	protein_coding	56	no ortholog in the table
ENSG00000180479	ZNF571	protein_coding	56	no ortholog in the table
ENSG00000205045	SLFN12L	protein_coding	56	no ortholog in the table
ENSG00000104974	LILRA1	protein_coding	56	no ortholog in the table
ENSG00000261824	LINC00662	lncRNA	56	no ortholog in the table
ENSG00000266835	GAPLINC	lncRNA	56	no ortholog in the table
ENSG00000113356	POLR3G	protein_coding	56	no ortholog in the table
ENSG00000138658	ZGRF1	protein_coding	56	no ortholog in the table
ENSG00000077514	POLD3	protein_coding	56	no ortholog in the table
ENSG00000177954	RPS27	protein_coding	56	no ortholog in the table
ENSG00000120696	KBTBD7	protein_coding	56	no ortholog in the table
ENSG00000253438	PCAT1	lncRNA	56	no ortholog in the table
ENSG00000197153	H3C12	protein_coding	55	no ortholog in the table
ENSG00000248360	LINC00504	lncRNA	55	no ortholog in the table
ENSG00000235531	MSC-AS1	lncRNA	55	no ortholog in the table
ENSG00000276900	AMN1-AS1	lncRNA	55	no ortholog in the table
ENSG00000116985	BMP8B	protein_coding	55	no ortholog in the table
ENSG00000186594	MIR22HG	lncRNA	55	no ortholog in the table
ENSG00000080007	DDX43	protein_coding	55	no ortholog in the table
ENSG00000184635	ZNF93	protein_coding	55	no ortholog in the table
ENSG00000237187	NR2F1-AS1	lncRNA	55	no ortholog in the table
ENSG00000076662	ICAM3	protein_coding	55	no ortholog in the table
ENSG00000171502	COL24A1	protein_coding	55	no ortholog in the table
ENSG00000131355	ADGRE3	protein_coding	55	no ortholog in the table
ENSG00000224184	MIR3681HG	lncRNA	55	no ortholog in the table
ENSG00000154263	ABCA10	protein_coding	55	no ortholog in the table
ENSG00000185479	KRT6B	protein_coding	55	ortholog(s) exist but none is in the other vocabulary
ENSG00000124935	SCGB1D2	protein_coding	55	no ortholog in the table
ENSG00000232229	LINC00865	lncRNA	55	no ortholog in the table
ENSG00000231298	MANCR	lncRNA	55	no ortholog in the table
ENSG00000259687	LINC01220	lncRNA	55	no ortholog in the table
ENSG00000267519	MIR23AHG	lncRNA	55	no ortholog in the table
ENSG00000105388	CEACAM5	protein_coding	55	no ortholog in the table
ENSG00000124116	WFDC3	protein_coding	55	no ortholog in the table
ENSG00000111981	ULBP1	protein_coding	55	no ortholog in the table
ENSG00000179841	AKAP5	protein_coding	54	no ortholog in the table
ENSG00000228221	LINC00578	lncRNA	54	no ortholog in the table
ENSG00000229140	CCDC26	lncRNA	54	no ortholog in the table
ENSG00000233016	SNHG7	lncRNA	54	no ortholog in the table
ENSG00000160321	ZNF208	protein_coding	54	no ortholog in the table
ENSG00000130518	IQCN	protein_coding	54	no ortholog in the table
ENSG00000133561	GIMAP6	protein_coding	54	no ortholog in the table
ENSG00000172232	AZU1	protein_coding	54	no ortholog in the table
ENSG00000165591	FAAH2	protein_coding	54	no ortholog in the table
ENSG00000278463	H2AC4	protein_coding	54	no ortholog in the table
ENSG00000233452	STXBP5-AS1	lncRNA	54	no ortholog in the table
ENSG00000159763	PIP	protein_coding	54	no ortholog in the table
ENSG00000173262	SLC2A14	protein_coding	54	no ortholog in the table
ENSG00000165246	NLGN4Y	protein_coding	54	no ortholog in the table
ENSG00000147485	PXDNL	protein_coding	54	no ortholog in the table
ENSG00000117983	MUC5B	protein_coding	54	no ortholog in the table
ENSG00000124249	KCNK15	protein_coding	54	ortholog(s) exist but none is in the other vocabulary
ENSG00000257599	OVCH1-AS1	lncRNA	54	no ortholog in the table
ENSG00000111536	IL26	protein_coding	54	no ortholog in the table
ENSG00000188825	LINC00910	lncRNA	54	no ortholog in the table
ENSG00000255733	IFNG-AS1	lncRNA	54	no ortholog in the table
ENSG00000198624	CCDC69	protein_coding	54	no ortholog in the table
ENSG00000115129	TP53I3	protein_coding	54	no ortholog in the table
ENSG00000107890	ANKRD26	protein_coding	53	no ortholog in the table
ENSG00000228340	MIR646HG	lncRNA	53	no ortholog in the table
ENSG00000255874	PRECSIT	lncRNA	53	no ortholog in the table
ENSG00000176728	TTTY14	lncRNA	53	no ortholog in the table
ENSG00000268104	SLC6A14	protein_coding	53	no ortholog in the table
ENSG00000223797			53	no ortholog in the table
ENSG00000188738	FSIP2	protein_coding	53	ortholog(s) exist but none is in the other vocabulary
ENSG00000237928	NFIA-AS2	lncRNA	53	no ortholog in the table
ENSG00000263639	MSMB	protein_coding	53	no ortholog in the table
ENSG00000130487	KLHDC7B	protein_coding	53	no ortholog in the table
ENSG00000203709	MIR29B2CHG	lncRNA	53	no ortholog in the table
ENSG00000163395	IGFN1	protein_coding	53	no ortholog in the table
ENSG00000248874	LINC02899	lncRNA	53	no ortholog in the table
ENSG00000248810	LINC02432	lncRNA	53	no ortholog in the table
ENSG00000134201	GSTM5	protein_coding	52	no ortholog in the table
ENSG00000258777			52	no ortholog in the table
ENSG00000205057	CLLU1-AS1	lncRNA	52	no ortholog in the table
ENSG00000228253	MT-ATP8	protein_coding	52	no ortholog in the table
ENSG00000163534	FCRL1	protein_coding	52	no ortholog in the table
ENSG00000242759	LINC00882	lncRNA	52	no ortholog in the table
ENSG00000105383	CD33	protein_coding	52	no ortholog in the table
ENSG00000214029	ZNF891	protein_coding	52	no ortholog in the table
ENSG00000231607	DLEU2	lncRNA	52	no ortholog in the table
ENSG00000231721	LINC-PINT	lncRNA	52	no ortholog in the table
ENSG00000122133	PAEP	protein_coding	52	no ortholog in the table
ENSG00000102055	PPP1R2C	protein_coding	52	no ortholog in the table
ENSG00000113303	BTNL8	protein_coding	52	no ortholog in the table
ENSG00000166960	CCDC178	protein_coding	52	no ortholog in the table
ENSG00000101846	STS	protein_coding	52	no ortholog in the table
ENSG00000271086	NAMA	lncRNA	52	no ortholog in the table
ENSG00000147604	RPL7	protein_coding	52	no ortholog in the table
ENSG00000246228	CASC8	lncRNA	52	no ortholog in the table
ENSG00000277775	H3C7	protein_coding	52	no ortholog in the table
ENSG00000102287	GABRE	protein_coding	52	no ortholog in the table
ENSG00000215187	CIMIP2B	protein_coding	52	no ortholog in the table
ENSG00000186529	CYP4F3	protein_coding	52	no ortholog in the table
ENSG00000067646	ZFY	protein_coding	52	no ortholog in the table
ENSG00000255248	MIR100HG	lncRNA	52	no ortholog in the table
ENSG00000250337	PURPL	lncRNA	52	no ortholog in the table
ENSG00000158639	PAGE5	protein_coding	52	no ortholog in the table
ENSG00000249395	CASC9	lncRNA	52	no ortholog in the table
ENSG00000134323	MYCN	protein_coding	51	no ortholog in the table
ENSG00000214756	CSKMT	protein_coding	51	no ortholog in the table
ENSG00000162739	SLAMF6	protein_coding	51	no ortholog in the table
ENSG00000223485	LINC01615	lncRNA	51	no ortholog in the table
ENSG00000163737	PF4	protein_coding	51	no ortholog in the table
ENSG00000234663	LINC01934	lncRNA	51	no ortholog in the table
ENSG00000145592	RPL37	protein_coding	51	no ortholog in the table
ENSG00000251301	LINC02384	lncRNA	51	no ortholog in the table
ENSG00000183484	GPR132	protein_coding	51	no ortholog in the table
ENSG00000227028	SLC8A1-AS1	lncRNA	51	no ortholog in the table
ENSG00000267757	EML2-AS1	lncRNA	51	no ortholog in the table
ENSG00000251381	LINC00958	lncRNA	51	no ortholog in the table
ENSG00000204642	HLA-F	protein_coding	51	no ortholog in the table
ENSG00000169894	MUC3A	protein_coding	51	no ortholog in the table
ENSG00000114455	HHLA2	protein_coding	51	no ortholog in the table
ENSG00000205056	LINC02397	lncRNA	51	no ortholog in the table
ENSG00000147403	RPL10	protein_coding	50	no ortholog in the table
ENSG00000169877	AHSP	protein_coding	50	ortholog(s) exist but none is in the other vocabulary
ENSG00000162482	AKR7A3	protein_coding	50	no ortholog in the table
ENSG00000237819	CDK6-AS1	lncRNA	50	no ortholog in the table
ENSG00000257242	LINC01619	lncRNA	50	no ortholog in the table
ENSG00000224043	CCNT2-AS1	lncRNA	50	no ortholog in the table
ENSG00000177410	ZFAS1	lncRNA	50	no ortholog in the table
ENSG00000231074	HCG18	lncRNA	50	no ortholog in the table
ENSG00000203706	SERTAD4-AS1	lncRNA	50	no ortholog in the table
ENSG00000169224	GCSAML	protein_coding	50	no ortholog in the table
ENSG00000232973	CYP1B1-AS1	lncRNA	50	no ortholog in the table
ENSG00000227502	MROCKI	lncRNA	50	no ortholog in the table
ENSG00000229117	RPL41	protein_coding	50	no ortholog in the table
ENSG00000153495	TEX29	protein_coding	50	no ortholog in the table
ENSG00000130600	H19	lncRNA	50	no ortholog in the table
ENSG00000258867	HISLA	lncRNA	50	no ortholog in the table
ENSG00000248890	HHIP-AS1	lncRNA	50	no ortholog in the table
ENSG00000089220	PEBP1	protein_coding	50	no ortholog in the table
ENSG00000186376	ZNF75D	protein_coding	50	no ortholog in the table
ENSG00000140932	CMTM2	protein_coding	49	no ortholog in the table
ENSG00000122026	RPL21	protein_coding	49	no ortholog in the table
ENSG00000125462	MIR9-1HG	lncRNA	49	no ortholog in the table
ENSG00000240875			49	no ortholog in the table
ENSG00000253807	LINC01170	lncRNA	49	no ortholog in the table
ENSG00000256128	LINC00944	lncRNA	49	no ortholog in the table
ENSG00000185433	LINC00158	lncRNA	49	no ortholog in the table
ENSG00000267532	MIR497HG	lncRNA	49	no ortholog in the table
ENSG00000231028	AHI1-DT	lncRNA	49	no ortholog in the table
ENSG00000196502	SULT1A1	protein_coding	49	no ortholog in the table
ENSG00000253320	MAILR	lncRNA	49	no ortholog in the table
ENSG00000116815	CD58	protein_coding	49	no ortholog in the table
ENSG00000147394	ZNF185	protein_coding	49	no ortholog in the table
ENSG00000053524	MCF2L2	protein_coding	49	no ortholog in the table
ENSG00000247498	GPRC5D-AS1	lncRNA	49	no ortholog in the table
ENSG00000248049	UBA6-DT	lncRNA	49	no ortholog in the table
ENSG00000247828	TMEM161B-DT	lncRNA	49	no ortholog in the table
ENSG00000236882	LINC01554	lncRNA	49	no ortholog in the table
ENSG00000159199	ATP5MC1	protein_coding	49	no ortholog in the table
ENSG00000228623	ZNF883	protein_coding	49	no ortholog in the table
ENSG00000176124	DLEU1	lncRNA	49	no ortholog in the table
ENSG00000205078	SYCE1L	protein_coding	49	no ortholog in the table
ENSG00000260876	LINC01229	lncRNA	49	no ortholog in the table
ENSG00000175779	LINC02694	lncRNA	48	no ortholog in the table
ENSG00000157654	PALM2AKAP2	protein_coding	48	ortholog(s) exist but none is in the other vocabulary
ENSG00000002586	CD99	protein_coding	48	no ortholog in the table
ENSG00000100298	APOBEC3H	protein_coding	48	no ortholog in the table
ENSG00000249069			48	no ortholog in the table
ENSG00000235903	CPB2-AS1	lncRNA	48	no ortholog in the table
ENSG00000261150	EPPK1	protein_coding	48	no ortholog in the table
ENSG00000263327	TAPT1-AS1	lncRNA	48	no ortholog in the table
ENSG00000136514	RTP4	protein_coding	48	no ortholog in the table
ENSG00000138101	DTNB	protein_coding	48	no ortholog in the table
ENSG00000230630	DNM3OS	lncRNA	48	no ortholog in the table
ENSG00000232160	RAP2C-AS1	lncRNA	48	no ortholog in the table
ENSG00000102043	MTMR8	protein_coding	48	no ortholog in the table
ENSG00000196260	SFTA2	protein_coding	48	no ortholog in the table
ENSG00000269893	SNHG8	lncRNA	48	no ortholog in the table
ENSG00000105205	CLC	protein_coding	48	no ortholog in the table
ENSG00000246859	STARD4-AS1	lncRNA	48	no ortholog in the table
ENSG00000237945	LINC00649	lncRNA	48	no ortholog in the table
ENSG00000237978	KCNMB2-AS1	lncRNA	48	no ortholog in the table
ENSG00000186431	FCAR	protein_coding	48	no ortholog in the table
ENSG00000172738	TMEM217	protein_coding	48	no ortholog in the table
ENSG00000247157	LINC01252	lncRNA	48	no ortholog in the table
ENSG00000280721	LINC01943	lncRNA	48	no ortholog in the table
ENSG00000228262	LINC01320	lncRNA	48	no ortholog in the table
ENSG00000259225	LINC02345	lncRNA	48	no ortholog in the table
ENSG00000149273	RPS3	protein_coding	48	no ortholog in the table
ENSG00000265681	RPL17	protein_coding	48	no ortholog in the table
ENSG00000213468	FIRRE	lncRNA	48	no ortholog in the table
ENSG00000184956	MUC6	protein_coding	47	no ortholog in the table
ENSG00000247095	MIR210HG	lncRNA	47	no ortholog in the table
ENSG00000233429	HOTAIRM1	lncRNA	47	no ortholog in the table
ENSG00000233098	CCDC144NL-AS1	lncRNA	47	no ortholog in the table
ENSG00000247708	STX18-AS1	lncRNA	47	no ortholog in the table
ENSG00000119685	TTLL5	protein_coding	47	no ortholog in the table
ENSG00000170959	DCDC1	protein_coding	47	no ortholog in the table
ENSG00000174123	TLR10	protein_coding	47	no ortholog in the table
ENSG00000170631	ZNF16	protein_coding	47	no ortholog in the table
ENSG00000224897	POT1-AS1	lncRNA	47	no ortholog in the table
ENSG00000153157	SYCP2L	protein_coding	47	no ortholog in the table
ENSG00000114374	USP9Y	protein_coding	47	ortholog(s) exist but none is in the other vocabulary
ENSG00000196565	HBG2	protein_coding	47	no ortholog in the table
ENSG00000204832	ST8SIA6-AS1	lncRNA	47	no ortholog in the table
ENSG00000160111	CPAMD8	protein_coding	47	no ortholog in the table
ENSG00000234323	LINC01505	lncRNA	47	no ortholog in the table
ENSG00000124343	XG	protein_coding	47	no ortholog in the table
ENSG00000237036	ZEB1-AS1	lncRNA	47	no ortholog in the table
ENSG00000236481	LINC02195	lncRNA	47	no ortholog in the table
ENSG00000179088	C12orf42	protein_coding	47	no ortholog in the table
ENSG00000243701	DUBR	lncRNA	47	no ortholog in the table
ENSG00000229153	EPHA1-AS1	lncRNA	47	no ortholog in the table
ENSG00000135899	SP110	protein_coding	47	no ortholog in the table
ENSG00000007129	CEACAM21	protein_coding	47	no ortholog in the table
ENSG00000228065	LINC01515	lncRNA	46	no ortholog in the table
ENSG00000087460	GNAS	protein_coding	46	no ortholog in the table
ENSG00000245164	LINC00861	lncRNA	46	no ortholog in the table
ENSG00000214402	LCNL1	protein_coding	46	no ortholog in the table
ENSG00000170264	FAM161A	protein_coding	46	no ortholog in the table
ENSG00000105492	SIGLEC6	protein_coding	46	no ortholog in the table
ENSG00000224821	COL4A2-AS2	lncRNA	46	no ortholog in the table
ENSG00000187151	ANGPTL5	protein_coding	46	no ortholog in the table
ENSG00000241158	ADAMTS9-AS1	lncRNA	46	no ortholog in the table
ENSG00000085231	AK6	protein_coding	46	no ortholog in the table
ENSG00000234184	LINC01781	lncRNA	46	no ortholog in the table
ENSG00000275718	CCL15	protein_coding	46	no ortholog in the table
ENSG00000237877	LINC01473	lncRNA	46	no ortholog in the table
ENSG00000224116	INHBA-AS1	lncRNA	46	no ortholog in the table
ENSG00000178789	CD300LB	protein_coding	46	no ortholog in the table
ENSG00000166535	A2ML1	protein_coding	46	no ortholog in the table
ENSG00000143556	S100A7	protein_coding	46	no ortholog in the table
ENSG00000216937	CCDC7	protein_coding	46	no ortholog in the table
ENSG00000227110	LMCD1-AS1	lncRNA	46	no ortholog in the table
ENSG00000126890	CTAG2	protein_coding	46	no ortholog in the table
ENSG00000185947	ZNF267	protein_coding	46	no ortholog in the table
ENSG00000137463	MGARP	protein_coding	46	no ortholog in the table
ENSG00000255346	NOX5	protein_coding	46	no ortholog in the table
ENSG00000235823	OLMALINC	lncRNA	46	no ortholog in the table
ENSG00000163746	PLSCR2	protein_coding	46	no ortholog in the table
ENSG00000096654	ZNF184	protein_coding	46	no ortholog in the table
ENSG00000261008	LINC01572	lncRNA	46	no ortholog in the table
ENSG00000132199	ENOSF1	protein_coding	46	no ortholog in the table
ENSG00000132204	LINC00470	lncRNA	46	no ortholog in the table
ENSG00000187753	C9orf153	protein_coding	46	no ortholog in the table
ENSG00000233117	LINC00702	lncRNA	45	no ortholog in the table
ENSG00000233058	ATP13A3-DT	lncRNA	45	no ortholog in the table
ENSG00000205209	SCGB2B2	protein_coding	45	no ortholog in the table
ENSG00000164308	ERAP2	protein_coding	45	no ortholog in the table
ENSG00000182759	MAFA	protein_coding	45	ortholog(s) exist but none is in the other vocabulary
ENSG00000205791	LOH12CR2	lncRNA	45	no ortholog in the table
ENSG00000189325	BNIP5	protein_coding	45	no ortholog in the table
ENSG00000203721	LINC00862	lncRNA	45	no ortholog in the table
ENSG00000212907	MT-ND4L	protein_coding	45	ortholog(s) exist but none is in the other vocabulary
ENSG00000204616	TRIM31	protein_coding	45	no ortholog in the table
ENSG00000263874	LASP1NB	protein_coding	45	no ortholog in the table
ENSG00000237949	LINC00844	lncRNA	45	no ortholog in the table
ENSG00000197301	HMGA2-AS1	lncRNA	45	no ortholog in the table
ENSG00000163518	FCRL4	protein_coding	45	no ortholog in the table
ENSG00000271605	MILR1	protein_coding	45	no ortholog in the table
ENSG00000125731	SH2D3A	protein_coding	45	no ortholog in the table
ENSG00000196693	ZNF33B	protein_coding	45	no ortholog in the table
ENSG00000237693	IRGM	protein_coding	45	no ortholog in the table
ENSG00000102098	SCML2	protein_coding	45	no ortholog in the table
ENSG00000241316	SUCLG2-DT	lncRNA	45	no ortholog in the table
ENSG00000224020	MIR181A2HG	lncRNA	45	no ortholog in the table
ENSG00000233237	LINC00472	lncRNA	44	no ortholog in the table
ENSG00000233355	CHRM3-AS2	lncRNA	44	no ortholog in the table
ENSG00000248079	DPH6-DT	lncRNA	44	no ortholog in the table
ENSG00000256948	IQSEC3-AS2	lncRNA	44	no ortholog in the table
ENSG00000227517	LINC01483	lncRNA	44	no ortholog in the table
ENSG00000162771	GARIN4	protein_coding	44	no ortholog in the table
ENSG00000281357	ARRDC3-AS1	lncRNA	44	no ortholog in the table
ENSG00000177640	CASC2	lncRNA	44	no ortholog in the table
ENSG00000267121	FMNL1-DT	lncRNA	44	no ortholog in the table
ENSG00000204706	MAMDC2-AS1	lncRNA	44	no ortholog in the table
ENSG00000260260	SNHG19	lncRNA	44	no ortholog in the table
ENSG00000253773	CFAP418-AS1	lncRNA	44	no ortholog in the table
ENSG00000236204	LINC01376	lncRNA	44	no ortholog in the table
ENSG00000249096	LINC02362	lncRNA	44	no ortholog in the table
ENSG00000070371	CLTCL1	protein_coding	44	no ortholog in the table
ENSG00000234199	LINC01191	lncRNA	44	no ortholog in the table
ENSG00000247809	NR2F2-AS1	lncRNA	44	no ortholog in the table
ENSG00000235641	LINC00484	lncRNA	44	no ortholog in the table
ENSG00000241684	ADAMTS9-AS2	lncRNA	44	no ortholog in the table
ENSG00000250903	GMDS-DT	lncRNA	44	no ortholog in the table
ENSG00000245573	BDNF-AS	lncRNA	44	no ortholog in the table
ENSG00000033122	LRRC7	protein_coding	44	ortholog(s) exist but none is in the other vocabulary
ENSG00000259120	ERLN	protein_coding	44	no ortholog in the table
ENSG00000242808	SOX2-OT	lncRNA	44	no ortholog in the table
ENSG00000249378	LINC01060	lncRNA	44	no ortholog in the table
ENSG00000089177	KIF16B	protein_coding	44	no ortholog in the table
ENSG00000262097	LINC02185	lncRNA	44	no ortholog in the table
ENSG00000133142	TCEAL4	protein_coding	44	no ortholog in the table
ENSG00000128322	IGLL1	protein_coding	43	no ortholog in the table
ENSG00000213988	ZNF90	protein_coding	43	no ortholog in the table
ENSG00000226091	LINC00937	lncRNA	43	no ortholog in the table
ENSG00000170956	CEACAM3	protein_coding	43	no ortholog in the table
ENSG00000267858	MZF1-AS1	lncRNA	43	no ortholog in the table
ENSG00000231210	COMETT	lncRNA	43	no ortholog in the table
ENSG00000075886	TUBA3D	protein_coding	43	no ortholog in the table
ENSG00000187997	C17orf99	protein_coding	43	no ortholog in the table
ENSG00000236088	COX10-DT	lncRNA	43	no ortholog in the table
ENSG00000166770	ZNF667-AS1	lncRNA	43	no ortholog in the table
ENSG00000182648	RNF32-DT	lncRNA	43	no ortholog in the table
ENSG00000187510	PLEKHG7	protein_coding	43	no ortholog in the table
ENSG00000197465	GYPE	protein_coding	43	no ortholog in the table
ENSG00000260456	C16orf95	protein_coding	43	no ortholog in the table
ENSG00000236256	DIAPH2-AS1	lncRNA	43	no ortholog in the table
ENSG00000251003	ZFPM2-AS1	lncRNA	43	no ortholog in the table
ENSG00000224957	LINC01266	lncRNA	43	no ortholog in the table
ENSG00000154040	CABYR	protein_coding	43	no ortholog in the table
ENSG00000233008	LINC01725	lncRNA	43	no ortholog in the table
ENSG00000281344	HELLPAR	lncRNA	43	no ortholog in the table
ENSG00000287080	H3C3	protein_coding	43	no ortholog in the table
ENSG00000174898	CATSPERD	protein_coding	42	no ortholog in the table
ENSG00000228526	MIR34AHG	lncRNA	42	no ortholog in the table
ENSG00000271216	LINC01050	lncRNA	42	no ortholog in the table
ENSG00000228278	ORM2	protein_coding	42	no ortholog in the table
ENSG00000262454	MIR193BHG	lncRNA	42	no ortholog in the table
ENSG00000262420	TXNDC11-AS1	lncRNA	42	no ortholog in the table
ENSG00000117877	POLR1G	protein_coding	42	no ortholog in the table
ENSG00000248309	MEF2C-AS1	lncRNA	42	no ortholog in the table
ENSG00000164265	SCGB3A2	protein_coding	42	no ortholog in the table
ENSG00000180638	SLC47A2	protein_coding	42	no ortholog in the table
ENSG00000274020	LINC01138	lncRNA	42	no ortholog in the table
ENSG00000146530	VWDE	protein_coding	42	no ortholog in the table
ENSG00000212724	KRTAP2-3	protein_coding	42	no ortholog in the table
ENSG00000276476	LINC00540	lncRNA	42	no ortholog in the table
ENSG00000172361	CFAP53	protein_coding	42	no ortholog in the table
ENSG00000213904	LIPE-AS1	lncRNA	42	no ortholog in the table
ENSG00000185304	RGPD2	protein_coding	42	no ortholog in the table
ENSG00000204632	HLA-G	protein_coding	42	no ortholog in the table
ENSG00000063127	SLC6A16	protein_coding	42	no ortholog in the table
ENSG00000233901	LINC01503	lncRNA	42	no ortholog in the table
ENSG00000257894	SYT1-AS1	lncRNA	42	no ortholog in the table
ENSG00000231131	LNCAROD	lncRNA	42	no ortholog in the table
ENSG00000257551	HLX-AS1	lncRNA	42	no ortholog in the table
ENSG00000119335	SET	protein_coding	42	no ortholog in the table
ENSG00000184949	FAM227A	protein_coding	42	no ortholog in the table
ENSG00000223784	LINP1	lncRNA	42	no ortholog in the table
ENSG00000250786	SNHG18	lncRNA	42	no ortholog in the table
ENSG00000165490	DDIAS	protein_coding	42	no ortholog in the table
ENSG00000225434	LINC01504	lncRNA	42	no ortholog in the table
ENSG00000161692	DBF4B	protein_coding	42	no ortholog in the table
ENSG00000254560	BBOX1-AS1	lncRNA	42	no ortholog in the table
ENSG00000149054	ZNF215	protein_coding	42	no ortholog in the table
ENSG00000267586	LINC00907	lncRNA	42	no ortholog in the table
ENSG00000226688	ENTPD1-AS1	lncRNA	42	no ortholog in the table
ENSG00000003400	CASP10	protein_coding	41	no ortholog in the table
ENSG00000232855	LINC03138	lncRNA	41	no ortholog in the table
ENSG00000159496	RGL4	protein_coding	41	no ortholog in the table
ENSG00000236427	CCDST	lncRNA	41	no ortholog in the table
ENSG00000070731	ST6GALNAC2	protein_coding	41	ortholog(s) exist but none is in the other vocabulary
ENSG00000227398	KIF9-AS1	lncRNA	41	no ortholog in the table
ENSG00000198930	CSAG1	protein_coding	41	no ortholog in the table
ENSG00000168333	PPDPFL	protein_coding	41	no ortholog in the table
ENSG00000133962	CATSPERB	protein_coding	41	no ortholog in the table
ENSG00000244509	APOBEC3C	protein_coding	41	no ortholog in the table
ENSG00000214184	GCC2-AS1	lncRNA	41	no ortholog in the table
ENSG00000226453	LINC02542	lncRNA	41	no ortholog in the table
ENSG00000170899	GSTA4	protein_coding	41	no ortholog in the table
ENSG00000138326	RPS24	protein_coding	41	no ortholog in the table
ENSG00000231290	APCDD1L-DT	lncRNA	41	no ortholog in the table
ENSG00000163249	CCNYL1	protein_coding	41	no ortholog in the table
ENSG00000225914	TSBP1-AS1	lncRNA	41	no ortholog in the table
ENSG00000215182	MUC5AC	protein_coding	41	no ortholog in the table
ENSG00000242242	NECTIN3-AS1	lncRNA	41	no ortholog in the table
ENSG00000216863	LY86-AS1	lncRNA	41	no ortholog in the table
ENSG00000254266	PKIA-AS1	lncRNA	41	no ortholog in the table
ENSG00000171234	UGT2B7	protein_coding	41	no ortholog in the table
ENSG00000222005	LINC01118	lncRNA	41	no ortholog in the table
ENSG00000225611	CCDC13-AS2	lncRNA	41	no ortholog in the table
ENSG00000183878	UTY	protein_coding	41	no ortholog in the table
ENSG00000247081	BAALC-AS1	lncRNA	41	no ortholog in the table
ENSG00000223561	LINC03007	lncRNA	41	no ortholog in the table
ENSG00000223685	LINC00571	lncRNA	41	no ortholog in the table
ENSG00000184785	SMIM10	protein_coding	41	no ortholog in the table
ENSG00000225465	RFPL1S	lncRNA	41	no ortholog in the table
ENSG00000188511	MIR3667HG	lncRNA	41	no ortholog in the table
ENSG00000240747	KRABD1	protein_coding	41	no ortholog in the table
ENSG00000224812	TMEM72-AS1	lncRNA	41	no ortholog in the table
ENSG00000243819	RN7SL832P	lncRNA	41	no ortholog in the table
ENSG00000227954	TARID	lncRNA	41	no ortholog in the table
ENSG00000251396	LINC01301	lncRNA	41	no ortholog in the table
ENSG00000234840	LINC01239	lncRNA	41	no ortholog in the table
ENSG00000116127	ALMS1	protein_coding	40	no ortholog in the table
ENSG00000129680	MAP7D3	protein_coding	40	no ortholog in the table
ENSG00000228624	HDAC2-AS2	lncRNA	40	no ortholog in the table
ENSG00000246662	CIBAR1-DT	lncRNA	40	no ortholog in the table
ENSG00000130035	GALNT8	protein_coding	40	no ortholog in the table
ENSG00000140264	SERF2	protein_coding	40	no ortholog in the table
ENSG00000283154	IQCJ-SCHIP1	protein_coding	40	no ortholog in the table
ENSG00000173272	MZT2A	protein_coding	40	no ortholog in the table
ENSG00000180481	GLIPR1L2	protein_coding	40	ortholog(s) exist but none is in the other vocabulary
ENSG00000175322	ZNF519	protein_coding	40	no ortholog in the table
ENSG00000259070	LINC00639	lncRNA	40	no ortholog in the table
ENSG00000250331	LINC01340	lncRNA	40	no ortholog in the table
ENSG00000261645	DISC1FP1	lncRNA	40	no ortholog in the table
ENSG00000251209	LINC00923	lncRNA	40	no ortholog in the table
ENSG00000119632	IFI27L2	protein_coding	40	no ortholog in the table
ENSG00000196747	H2AC13	protein_coding	40	no ortholog in the table
ENSG00000157429	ZNF19	protein_coding	40	no ortholog in the table
ENSG00000241794	SPRR2A	protein_coding	40	no ortholog in the table
ENSG00000233806	LINC01237	lncRNA	40	no ortholog in the table
ENSG00000214787	MS4A4E	protein_coding	40	no ortholog in the table
ENSG00000226383	LINC01876	lncRNA	40	no ortholog in the table
ENSG00000215483	LINC00598	lncRNA	40	no ortholog in the table
ENSG00000233723	LINC01122	lncRNA	40	no ortholog in the table
ENSG00000231304	SGO1-AS1	lncRNA	40	no ortholog in the table
ENSG00000196167	COLCA1	lncRNA	40	no ortholog in the table
ENSG00000109205	ODAM	protein_coding	40	ortholog(s) exist but none is in the other vocabulary
ENSG00000247624	CPEB2-DT	lncRNA	40	no ortholog in the table
ENSG00000197903	H2BC12	protein_coding	40	no ortholog in the table
ENSG00000173988	LRRC63	protein_coding	40	no ortholog in the table
ENSG00000259692	LINC01418	lncRNA	40	no ortholog in the table
ENSG00000154814	OXNAD1	protein_coding	40	no ortholog in the table
ENSG00000260231	KDM7A-DT	lncRNA	40	no ortholog in the table
ENSG00000178150	ZNF114	protein_coding	40	no ortholog in the table
ENSG00000227906	SNAP25-AS1	lncRNA	40	no ortholog in the table
ENSG00000166926	MS4A6E	protein_coding	39	no ortholog in the table
ENSG00000273272		lncRNA	39	no ortholog in the table
ENSG00000105983	LMBR1	protein_coding	39	ortholog(s) exist but none is in the other vocabulary
ENSG00000155918	RAET1L	protein_coding	39	no ortholog in the table
ENSG00000254521	SIGLEC12	protein_coding	39	no ortholog in the table
ENSG00000264672	SEPTIN4-AS1	lncRNA	39	no ortholog in the table
ENSG00000254166	CASC19	lncRNA	39	no ortholog in the table
ENSG00000249816	LINC00964	lncRNA	39	no ortholog in the table
ENSG00000237484	LINC01684	lncRNA	39	no ortholog in the table
ENSG00000254349	MIR2052HG	lncRNA	39	no ortholog in the table
ENSG00000261742	LINC00922	lncRNA	39	no ortholog in the table
ENSG00000197769	MAP1LC3C	protein_coding	39	no ortholog in the table
ENSG00000251191	LINC00589	lncRNA	39	no ortholog in the table
ENSG00000155530	LRGUK	protein_coding	39	no ortholog in the table
ENSG00000145949	MYLK4	protein_coding	39	no ortholog in the table
ENSG00000231871	IPO9-AS1	lncRNA	39	no ortholog in the table
ENSG00000170160	CCDC144A	protein_coding	39	no ortholog in the table
ENSG00000188107	EYS	protein_coding	39	no ortholog in the table
ENSG00000188211	NCR3LG1	protein_coding	39	no ortholog in the table
ENSG00000168939	SPRY3	protein_coding	39	no ortholog in the table
ENSG00000232104	RFX3-DT	lncRNA	39	no ortholog in the table
ENSG00000203963	C1orf141	protein_coding	39	no ortholog in the table
ENSG00000140548	ZNF710	protein_coding	39	no ortholog in the table
ENSG00000235437	LINC01278	lncRNA	39	no ortholog in the table
ENSG00000235703	EOLA2-DT	lncRNA	39	no ortholog in the table
ENSG00000230323	LINC00159	lncRNA	39	no ortholog in the table
ENSG00000229124	VIM-AS1	lncRNA	39	no ortholog in the table
ENSG00000186493	IRX2-DT	lncRNA	39	no ortholog in the table
ENSG00000248690	HAS2-AS1	lncRNA	39	no ortholog in the table
ENSG00000198429	ZNF69	protein_coding	39	no ortholog in the table
ENSG00000224577	LINC01117	lncRNA	39	no ortholog in the table
ENSG00000229956	ZRANB2-DT	lncRNA	39	no ortholog in the table
ENSG00000229891	LINC01315	lncRNA	39	no ortholog in the table
ENSG00000198088	NUP62CL	protein_coding	39	no ortholog in the table
ENSG00000171817	ZNF540	protein_coding	39	no ortholog in the table
ENSG00000172000	ZNF556	protein_coding	39	no ortholog in the table
ENSG00000228536	LYPLAL1-AS1	lncRNA	39	no ortholog in the table
ENSG00000253187	HOXA10-AS	lncRNA	38	no ortholog in the table
ENSG00000218357	LINC01644	lncRNA	38	no ortholog in the table
ENSG00000138709	LARP1B	protein_coding	38	no ortholog in the table
ENSG00000206177	HBM	protein_coding	38	no ortholog in the table
ENSG00000265096	C1QTNF1-AS1	lncRNA	38	no ortholog in the table
ENSG00000247516	MIR4458HG	lncRNA	38	no ortholog in the table
ENSG00000185055	EFCAB10	protein_coding	38	no ortholog in the table
ENSG00000277089	CCL3-AS1	lncRNA	38	no ortholog in the table
ENSG00000241743	XACT	lncRNA	38	no ortholog in the table
ENSG00000155754	CATSPERT	protein_coding	38	no ortholog in the table
ENSG00000231185	SPRY4-AS1	lncRNA	38	no ortholog in the table
ENSG00000257815	PRANCR	lncRNA	38	no ortholog in the table
ENSG00000206573	THUMPD3-AS1	lncRNA	38	no ortholog in the table
ENSG00000249001	DMP1-AS1	lncRNA	38	no ortholog in the table
ENSG00000105366	SIGLEC8	protein_coding	38	no ortholog in the table
ENSG00000189180	ZNF33A	protein_coding	38	no ortholog in the table
ENSG00000159433	STARD9	protein_coding	38	no ortholog in the table
ENSG00000233639	PANTR1	lncRNA	38	no ortholog in the table
ENSG00000147697	GSDMC	protein_coding	38	no ortholog in the table
ENSG00000169469	SPRR1B	protein_coding	38	no ortholog in the table
ENSG00000230587	LINC02580	lncRNA	38	no ortholog in the table
ENSG00000235244	DANT2	lncRNA	38	no ortholog in the table
ENSG00000259354	SLC30A4-AS1	lncRNA	38	no ortholog in the table
ENSG00000259343	TMC3-AS1	lncRNA	38	no ortholog in the table
ENSG00000232284	GNG12-AS1	lncRNA	38	no ortholog in the table
ENSG00000254101	LINC02055	lncRNA	38	no ortholog in the table
ENSG00000267097	SLC14A2-AS1	lncRNA	38	no ortholog in the table
ENSG00000263417	GTSCR1	lncRNA	38	no ortholog in the table
ENSG00000182674	KCNB2	protein_coding	38	no ortholog in the table
ENSG00000236548	RNF217-AS1	lncRNA	38	no ortholog in the table
ENSG00000236404	VLDLR-AS1	lncRNA	38	no ortholog in the table
ENSG00000230438	SERPINB9P1	lncRNA	38	no ortholog in the table
ENSG00000137757	CASP5	protein_coding	38	no ortholog in the table
ENSG00000248429	GASK1B-AS1	lncRNA	38	no ortholog in the table
ENSG00000198468	FLVCR1-DT	lncRNA	38	no ortholog in the table
ENSG00000225614	ZNF469	protein_coding	38	no ortholog in the table
ENSG00000022556	NLRP2	protein_coding	38	no ortholog in the table
ENSG00000272274	ARGLU1-DT	lncRNA	38	no ortholog in the table
ENSG00000258583	LINC01500	lncRNA	38	no ortholog in the table
ENSG00000249252	C1QTNF7-AS1	lncRNA	38	no ortholog in the table
ENSG00000226124	FTCDNL1	protein_coding	38	no ortholog in the table
ENSG00000226051	ZNF503-AS1	lncRNA	38	no ortholog in the table
ENSG00000185739	SRL	protein_coding	38	no ortholog in the table
ENSG00000237499	WAKMAR2	lncRNA	38	no ortholog in the table
ENSG00000258498	DIO3OS	lncRNA	38	no ortholog in the table
ENSG00000233154	LINC01762	lncRNA	38	no ortholog in the table
ENSG00000161551	ZNF577	protein_coding	38	no ortholog in the table
ENSG00000254827	SLC67A1-AS	lncRNA	38	no ortholog in the table
ENSG00000204020	LIPN	protein_coding	38	ortholog(s) exist but none is in the other vocabulary
ENSG00000179133	C10orf67	protein_coding	38	no ortholog in the table
ENSG00000224596	ZMIZ1-AS1	lncRNA	38	no ortholog in the table
ENSG00000236780	LINC01829	lncRNA	38	no ortholog in the table
ENSG00000244094	SPRR2F	protein_coding	38	no ortholog in the table
ENSG00000244067	GSTA2	protein_coding	38	no ortholog in the table
ENSG00000182004	SNRPE	protein_coding	38	no ortholog in the table
ENSG00000164093	PITX2	protein_coding	38	no ortholog in the table
ENSG00000159917	ZNF235	protein_coding	38	no ortholog in the table
ENSG00000228486	C2orf92	protein_coding	38	no ortholog in the table
ENSG00000227877	MRLN	protein_coding	37	no ortholog in the table
ENSG00000186300	ZNF555	protein_coding	37	no ortholog in the table
ENSG00000163116	STPG2	protein_coding	37	no ortholog in the table
ENSG00000272690	LINC02018	lncRNA	37	no ortholog in the table
ENSG00000189223	PAX8-AS1	lncRNA	37	no ortholog in the table
ENSG00000251432	LINC02615	lncRNA	37	no ortholog in the table
ENSG00000254987	PDGFDDN	lncRNA	37	no ortholog in the table
ENSG00000283554	LINC02341	lncRNA	37	no ortholog in the table
ENSG00000267374	MIR924HG	lncRNA	37	no ortholog in the table
ENSG00000111215	PRR4	protein_coding	37	no ortholog in the table
ENSG00000255198	SNHG9	lncRNA	37	no ortholog in the table
ENSG00000162344	FGF19	protein_coding	37	no ortholog in the table
ENSG00000105640	RPL18A	protein_coding	37	no ortholog in the table
ENSG00000204136	GGTA1	protein_coding	37	no ortholog in the table
ENSG00000203876	ADD3-AS1	lncRNA	37	no ortholog in the table
ENSG00000267280	TBX2-AS1	lncRNA	37	no ortholog in the table
ENSG00000151327	FAM177A1	protein_coding	37	ortholog(s) exist but none is in the other vocabulary
ENSG00000281641	SAMD12-AS1	lncRNA	37	no ortholog in the table
ENSG00000258733	LINC02328	lncRNA	37	no ortholog in the table
ENSG00000196597	ZNF782	protein_coding	37	no ortholog in the table
ENSG00000237667	LINC01115	lncRNA	37	no ortholog in the table
ENSG00000258479	LINC00640	lncRNA	37	no ortholog in the table
ENSG00000235448	LURAP1L-AS1	lncRNA	37	no ortholog in the table
ENSG00000236081	ELFN1-AS1	lncRNA	37	no ortholog in the table
ENSG00000254226	LINC01933	lncRNA	37	no ortholog in the table
ENSG00000124243	BCAS4	protein_coding	37	no ortholog in the table
ENSG00000250334	LINC00989	lncRNA	37	no ortholog in the table
ENSG00000236383	CCDC200	protein_coding	37	no ortholog in the table
ENSG00000230489	VAV3-AS1	lncRNA	37	no ortholog in the table
ENSG00000277851	LINC02391	lncRNA	37	no ortholog in the table
ENSG00000214711	CAPN14	protein_coding	37	no ortholog in the table
ENSG00000104689	TNFRSF10A	protein_coding	37	no ortholog in the table
ENSG00000100116	GCAT	protein_coding	37	ortholog(s) exist but none is in the other vocabulary
ENSG00000205581	HMGN1	protein_coding	37	no ortholog in the table
ENSG00000233797	UFL1-AS1	lncRNA	37	no ortholog in the table
ENSG00000230448	LINC00276	lncRNA	37	no ortholog in the table
ENSG00000182230			37	no ortholog in the table
ENSG00000231535	LINC00278	lncRNA	37	no ortholog in the table
ENSG00000227082	LINC02798	lncRNA	37	no ortholog in the table
ENSG00000251136	PARAIL	lncRNA	37	no ortholog in the table
ENSG00000251141	MRPS30-DT	lncRNA	37	no ortholog in the table
ENSG00000235568	NFAM1	protein_coding	37	no ortholog in the table
ENSG00000223546	LINC00630	lncRNA	37	no ortholog in the table
ENSG00000228956	SATB1-AS1	lncRNA	37	no ortholog in the table
ENSG00000165828	PRAP1	protein_coding	37	no ortholog in the table
ENSG00000122223	CD244	protein_coding	37	no ortholog in the table
ENSG00000174697	LEP	protein_coding	37	ortholog(s) exist but none is in the other vocabulary
ENSG00000249797	LINC02147	lncRNA	37	no ortholog in the table
ENSG00000241544	LINC02029	lncRNA	37	no ortholog in the table
ENSG00000260135	MMP2-AS1	lncRNA	37	no ortholog in the table
ENSG00000231160	KLF3-AS1	lncRNA	37	no ortholog in the table
ENSG00000106013	ANKRD7	protein_coding	37	no ortholog in the table
ENSG00000240423	LINC00636	lncRNA	37	no ortholog in the table
ENSG00000245904	BTG1-DT	lncRNA	37	no ortholog in the table
HGNC:43015	HIF1A-AS2	lncRNA	36	no Ensembl id (MGI/HGNC accession): not in the ortholog table
ENSG00000196954	CASP4	protein_coding	36	no ortholog in the table
ENSG00000205930	EPCIP-AS1	lncRNA	36	no ortholog in the table
ENSG00000171889	MIR31HG	lncRNA	36	no ortholog in the table
ENSG00000205810	KLRC3	protein_coding	36	no ortholog in the table
ENSG00000197182	MIRLET7BHG	lncRNA	36	no ortholog in the table
ENSG00000118181	RPS25	protein_coding	36	no ortholog in the table
ENSG00000174748	RPL15	protein_coding	36	no ortholog in the table
ENSG00000188293	IGFL1	protein_coding	36	no ortholog in the table
ENSG00000253633	LINC03047	lncRNA	36	no ortholog in the table
ENSG00000231090	MIR4422HG	lncRNA	36	no ortholog in the table
ENSG00000246363	LINC02458	lncRNA	36	no ortholog in the table
ENSG00000228918	LINC01344	lncRNA	36	no ortholog in the table
ENSG00000178372	CALML5	protein_coding	36	no ortholog in the table
ENSG00000169689	CENPX	protein_coding	36	no ortholog in the table
ENSG00000237232	ZNF295-AS1	lncRNA	36	no ortholog in the table
ENSG00000259590	LINC02244	lncRNA	36	no ortholog in the table
ENSG00000171862	PTEN	protein_coding	36	no ortholog in the table
ENSG00000109272	PF4V1	protein_coding	36	no ortholog in the table
ENSG00000163209	SPRR3	protein_coding	36	no ortholog in the table
ENSG00000268388	FENDRR	lncRNA	36	no ortholog in the table
ENSG00000133863	TEX15	protein_coding	36	no ortholog in the table
ENSG00000143549	TPM3	protein_coding	36	no ortholog in the table
ENSG00000183682	BMP8A	protein_coding	36	no ortholog in the table
ENSG00000273888			36	no ortholog in the table
ENSG00000226808	LINC00840	lncRNA	36	no ortholog in the table
ENSG00000233041	PHGR1	protein_coding	36	no ortholog in the table
ENSG00000234492	RPL34-DT	lncRNA	36	no ortholog in the table
ENSG00000245552	LNCRNA-IUR	lncRNA	36	no ortholog in the table
ENSG00000183784	DOCK8-AS1	lncRNA	36	no ortholog in the table
ENSG00000197372	ZNF675	protein_coding	36	no ortholog in the table
ENSG00000196666	FAM180B	protein_coding	36	no ortholog in the table
ENSG00000196418	ZNF124	protein_coding	36	no ortholog in the table
ENSG00000183850	ZNF730	protein_coding	36	no ortholog in the table
ENSG00000229656	ITGB1-DT	lncRNA	36	no ortholog in the table
ENSG00000242908	AADACL2-AS1	lncRNA	36	no ortholog in the table
ENSG00000173715	TOP6BL	protein_coding	36	no ortholog in the table
ENSG00000146166	LGSN	protein_coding	36	ortholog(s) exist but none is in the other vocabulary
ENSG00000153404	PLEKHG4B	protein_coding	36	no ortholog in the table
ENSG00000099725	PRKY	transcribed_unitary_pseudogene	36	no ortholog in the table
ENSG00000247287	PRKCH-AS1	lncRNA	36	no ortholog in the table
ENSG00000247199	FBXO38-DT	lncRNA	36	no ortholog in the table
ENSG00000224743	TEX26-AS1	lncRNA	36	no ortholog in the table
ENSG00000152926	ZNF117	protein_coding	36	no ortholog in the table
ENSG00000251072	LMNB1-DT	lncRNA	36	no ortholog in the table
ENSG00000245685	FRG1-DT	lncRNA	36	no ortholog in the table
ENSG00000224165	DNAJC27-AS1	lncRNA	36	no ortholog in the table
ENSG00000237638	LINC02245	lncRNA	36	no ortholog in the table
ENSG00000248445	SEMA6A-AS1	lncRNA	36	no ortholog in the table
ENSG00000235848	RMDN2-AS1	lncRNA	36	no ortholog in the table
ENSG00000253161	LINC01605	lncRNA	36	no ortholog in the table
ENSG00000156500	PABIR3	protein_coding	36	no ortholog in the table
ENSG00000228063	LYPLAL1-DT	lncRNA	35	no ortholog in the table
ENSG00000253394	LINC00534	lncRNA	35	no ortholog in the table
ENSG00000258476	LINC02207	lncRNA	35	no ortholog in the table
ENSG00000251513	LIX1-AS1	lncRNA	35	no ortholog in the table
ENSG00000177133	PRDM16-DT	lncRNA	35	no ortholog in the table
ENSG00000198856	OSTC	protein_coding	35	no ortholog in the table
ENSG00000243144	LINC02932	lncRNA	35	no ortholog in the table
ENSG00000231889	TRAF3IP2-AS1	lncRNA	35	no ortholog in the table
ENSG00000223949	ROR1-AS1	lncRNA	35	no ortholog in the table
ENSG00000214049	UCA1	lncRNA	35	no ortholog in the table
ENSG00000170634	ACYP2	protein_coding	35	no ortholog in the table
ENSG00000215244	LINC02649	lncRNA	35	no ortholog in the table
ENSG00000249898	MCPH1-AS1	lncRNA	35	no ortholog in the table
ENSG00000215196	BASP1-AS1	lncRNA	35	no ortholog in the table
ENSG00000157399	ARSL	protein_coding	35	no ortholog in the table
ENSG00000273703	H2BC14	protein_coding	35	no ortholog in the table
ENSG00000227591	HSD11B1-AS1	lncRNA	35	no ortholog in the table
ENSG00000227258	SMIM2-AS1	lncRNA	35	no ortholog in the table
ENSG00000122406	RPL5	protein_coding	35	no ortholog in the table
ENSG00000132970	WASF3	protein_coding	35	ortholog(s) exist but none is in the other vocabulary
ENSG00000170498	KISS1	protein_coding	35	ortholog(s) exist but none is in the other vocabulary
ENSG00000136929	HEMGN	protein_coding	35	no ortholog in the table
ENSG00000246223	LINC01550	lncRNA	35	no ortholog in the table
ENSG00000160223	ICOSLG	protein_coding	35	no ortholog in the table
ENSG00000117322	CR2	protein_coding	35	no ortholog in the table
ENSG00000173452	TMEM196	protein_coding	35	no ortholog in the table
ENSG00000113249	HAVCR1	protein_coding	35	no ortholog in the table
ENSG00000176912	TYMSOS	lncRNA	35	no ortholog in the table
ENSG00000169064	ZBBX	protein_coding	35	no ortholog in the table
ENSG00000227165	WDR11-DT	lncRNA	35	no ortholog in the table
ENSG00000268621	IGFL2-AS1	lncRNA	35	no ortholog in the table
ENSG00000187017	ESPN	protein_coding	35	no ortholog in the table
ENSG00000167105	TMEM92	protein_coding	35	no ortholog in the table
ENSG00000230943	LINC02541	lncRNA	35	no ortholog in the table
ENSG00000121270	ABCC11	protein_coding	35	no ortholog in the table
ENSG00000225535	LINC01393	lncRNA	35	no ortholog in the table
ENSG00000250938	MAD2L1-DT	lncRNA	35	no ortholog in the table
ENSG00000267123	SCAT1	lncRNA	35	no ortholog in the table
ENSG00000250303	LINC02762	lncRNA	35	no ortholog in the table
ENSG00000250131	AGA-DT	lncRNA	35	no ortholog in the table
ENSG00000163364	LINC01116	lncRNA	35	no ortholog in the table
ENSG00000258017	TUBA1B-AS1	lncRNA	35	no ortholog in the table
ENSG00000063587	ZNF275	protein_coding	35	no ortholog in the table
ENSG00000120664	SPART-AS1	lncRNA	35	no ortholog in the table
ENSG00000229847	EMX2OS	lncRNA	35	no ortholog in the table
ENSG00000242516	LINC00960	lncRNA	35	no ortholog in the table
ENSG00000232310	LINC03002	lncRNA	35	no ortholog in the table
ENSG00000237943	PRKCQ-AS1	lncRNA	35	no ortholog in the table
ENSG00000238133	MAP3K20-AS1	lncRNA	35	no ortholog in the table
ENSG00000197409	H3C4	protein_coding	35	no ortholog in the table
ENSG00000261183	SPINT1-AS1	lncRNA	35	no ortholog in the table
ENSG00000164123	SPMIP2	protein_coding	35	no ortholog in the table
ENSG00000245937	SLC12A2-DT	lncRNA	35	no ortholog in the table
ENSG00000248932	COPB2-DT	lncRNA	35	no ortholog in the table
ENSG00000229017	LINC01277	lncRNA	34	no ortholog in the table
ENSG00000234948	LINC01524	lncRNA	34	no ortholog in the table
ENSG00000197124	ZNF682	protein_coding	34	no ortholog in the table
ENSG00000270641	TSIX	lncRNA	34	no ortholog in the table
ENSG00000101441	CST4	protein_coding	34	no ortholog in the table
ENSG00000240057	NEPRO-AS1	lncRNA	34	no ortholog in the table
ENSG00000273247	RAB33B-AS1	lncRNA	34	no ortholog in the table
ENSG00000135486	HNRNPA1	protein_coding	34	no ortholog in the table
ENSG00000245384	CXXC4-AS1	lncRNA	34	no ortholog in the table
ENSG00000204542	C6orf15	protein_coding	34	no ortholog in the table
ENSG00000235098	ANKRD65	protein_coding	34	ortholog(s) exist but none is in the other vocabulary
ENSG00000187950	OVCH1	protein_coding	34	no ortholog in the table
ENSG00000225937	PCA3	lncRNA	34	no ortholog in the table
ENSG00000236581	STARD13-AS	lncRNA	34	no ortholog in the table
ENSG00000236915	CLCA4-AS1	lncRNA	34	no ortholog in the table
ENSG00000226179	LINC00685	lncRNA	34	no ortholog in the table
ENSG00000203650	LINC01285	lncRNA	34	no ortholog in the table
ENSG00000176840	MIR7-3HG	lncRNA	34	no ortholog in the table
ENSG00000205293	LINC01602	lncRNA	34	no ortholog in the table
ENSG00000267659	LINC01482	lncRNA	34	no ortholog in the table
ENSG00000231527	FAM27C	lncRNA	34	no ortholog in the table
ENSG00000231646	FSIP2-AS1	lncRNA	34	no ortholog in the table
ENSG00000175294	CATSPER1	protein_coding	34	no ortholog in the table
ENSG00000250891	LINC02208	lncRNA	34	no ortholog in the table
ENSG00000173811	CCDC13-AS1	lncRNA	34	no ortholog in the table
ENSG00000257261	SLC38A4-AS1	lncRNA	34	no ortholog in the table
ENSG00000251129	LINC02506	lncRNA	34	no ortholog in the table
ENSG00000205549	LINC03041	lncRNA	34	no ortholog in the table
ENSG00000213512	GBP7	protein_coding	34	no ortholog in the table
ENSG00000137338	PGBD1	protein_coding	34	no ortholog in the table
ENSG00000277215	SPANXA2-OT1	lncRNA	34	no ortholog in the table
ENSG00000163207	IVL	protein_coding	34	no ortholog in the table
ENSG00000215910	C1orf167	protein_coding	34	no ortholog in the table
ENSG00000230844	ZNF674-AS1	lncRNA	34	no ortholog in the table
ENSG00000232788	ITGA6-AS1	lncRNA	34	no ortholog in the table
ENSG00000227039	ITGB2-AS1	lncRNA	34	no ortholog in the table
ENSG00000285280	RGS2-AS1	lncRNA	34	no ortholog in the table
ENSG00000285755		lncRNA	34	no ortholog in the table
ENSG00000197360	ZNF98	protein_coding	34	no ortholog in the table
ENSG00000186615	KTN1-AS1	lncRNA	34	no ortholog in the table
ENSG00000254968	LINC02763	lncRNA	34	no ortholog in the table
ENSG00000277157	H4C4	protein_coding	34	no ortholog in the table
ENSG00000205628	LINC01446	lncRNA	34	no ortholog in the table
ENSG00000173486	FKBP2	protein_coding	34	no ortholog in the table
ENSG00000258754	LINC01579	lncRNA	34	no ortholog in the table
ENSG00000233101	HOXB-AS3	lncRNA	34	no ortholog in the table
ENSG00000121410	A1BG	protein_coding	34	no ortholog in the table
ENSG00000278637	H4C1	protein_coding	34	no ortholog in the table
ENSG00000224533	TMLHE-AS1	lncRNA	34	no ortholog in the table
ENSG00000187624	LIAT1	protein_coding	34	no ortholog in the table
ENSG00000204334	ERICH2	protein_coding	34	no ortholog in the table
ENSG00000280587	LINC01348	lncRNA	34	no ortholog in the table
ENSG00000242125	SNHG3	lncRNA	34	no ortholog in the table
ENSG00000204271	SPIN3	protein_coding	34	no ortholog in the table
ENSG00000100583	SAMD15	protein_coding	34	no ortholog in the table
ENSG00000240498	CDKN2B-AS1	lncRNA	34	no ortholog in the table
ENSG00000231969	MMADHC-DT	lncRNA	34	no ortholog in the table
ENSG00000231971	CT69	lncRNA	34	no ortholog in the table
ENSG00000237505	PKN2-AS1	lncRNA	34	no ortholog in the table
ENSG00000245832	MIR4300HG	lncRNA	34	no ortholog in the table
ENSG00000197880	MDS2	lncRNA	34	no ortholog in the table
ENSG00000167634	NLRP7	protein_coding	34	no ortholog in the table
ENSG00000273415	LINC02725	lncRNA	34	no ortholog in the table
ENSG00000248329	APELA	protein_coding	33	no ortholog in the table
ENSG00000099866	MADCAM1	protein_coding	33	no ortholog in the table
ENSG00000247950	SEC24B-AS1	lncRNA	33	no ortholog in the table
ENSG00000227220			33	no ortholog in the table
ENSG00000253669	GASAL1	lncRNA	33	no ortholog in the table
ENSG00000251363	LINC02315	lncRNA	33	no ortholog in the table
ENSG00000197021	EOLA2	protein_coding	33	no ortholog in the table
ENSG00000248693	LINC02100	lncRNA	33	no ortholog in the table
ENSG00000160352	ZNF714	protein_coding	33	no ortholog in the table
ENSG00000228842	PCDH9-AS2	lncRNA	33	no ortholog in the table
ENSG00000285744	MITA1	lncRNA	33	no ortholog in the table
ENSG00000234068	PAGE2	protein_coding	33	no ortholog in the table
ENSG00000260630	SNAI3-AS1	lncRNA	33	no ortholog in the table
ENSG00000260372	AQP4-AS1	lncRNA	33	no ortholog in the table
ENSG00000197308	GATA3-AS1	lncRNA	33	no ortholog in the table
ENSG00000101307	SIRPB1	protein_coding	33	no ortholog in the table
ENSG00000183801	OLFML1	protein_coding	33	no ortholog in the table
ENSG00000226328	NUP50-DT	lncRNA	33	no ortholog in the table
ENSG00000226251	LINC02608	lncRNA	33	no ortholog in the table
ENSG00000283052	LINC02456	lncRNA	33	no ortholog in the table
ENSG00000266256	LINC00908	lncRNA	33	no ortholog in the table
ENSG00000234129	HCCS-DT	lncRNA	33	no ortholog in the table
ENSG00000147588	PMP2	protein_coding	33	ortholog(s) exist but none is in the other vocabulary
ENSG00000266053	NDUFV2-AS1	lncRNA	33	no ortholog in the table
ENSG00000183888	SRARP	protein_coding	33	no ortholog in the table
ENSG00000125846	ZNF133	protein_coding	33	no ortholog in the table
ENSG00000278705	H4C2	protein_coding	33	no ortholog in the table
ENSG00000232656	IDI2-AS1	lncRNA	33	no ortholog in the table
ENSG00000232878	DPYD-AS1	lncRNA	33	no ortholog in the table
ENSG00000185904	LINC00839	lncRNA	33	no ortholog in the table
ENSG00000197888	UGT2B17	protein_coding	33	no ortholog in the table
ENSG00000226320	LINC01811	lncRNA	33	no ortholog in the table
ENSG00000196369	SRGAP2B	protein_coding	33	no ortholog in the table
ENSG00000232162	USP12-AS1	lncRNA	33	no ortholog in the table
ENSG00000165164	CFAP47	protein_coding	33	no ortholog in the table
ENSG00000255234	CCDC90B-AS1	lncRNA	33	no ortholog in the table
ENSG00000144031	ANKRD53	protein_coding	33	no ortholog in the table
ENSG00000229981	LINC01435	lncRNA	33	no ortholog in the table
ENSG00000224843	LINC00240	lncRNA	33	no ortholog in the table
ENSG00000173535	TNFRSF10C	protein_coding	33	no ortholog in the table
ENSG00000234377	OBI1-AS1	lncRNA	33	no ortholog in the table
ENSG00000250742	LINC02381	lncRNA	33	no ortholog in the table
ENSG00000251002	TRD-AS1	lncRNA	33	no ortholog in the table
ENSG00000232077	LINC01031	lncRNA	33	no ortholog in the table
ENSG00000232079	LINC01697	lncRNA	33	no ortholog in the table
ENSG00000203711	LINC02901	lncRNA	33	no ortholog in the table
ENSG00000230091	TMEM254-AS1	lncRNA	33	no ortholog in the table
ENSG00000230131	LINC02641	lncRNA	33	no ortholog in the table
ENSG00000080822	CLDND1	protein_coding	33	ortholog(s) exist but none is in the other vocabulary
ENSG00000073008	PVR	protein_coding	33	no ortholog in the table
ENSG00000258537	FRMD6-AS2	lncRNA	33	no ortholog in the table
ENSG00000269220	LINC00528	lncRNA	33	no ortholog in the table
ENSG00000275714	H3C1	protein_coding	33	no ortholog in the table
ENSG00000275874	PICSAR	lncRNA	33	no ortholog in the table
ENSG00000223715	LINC01208	lncRNA	33	no ortholog in the table
ENSG00000223745	CCDC18-AS1	lncRNA	33	no ortholog in the table
ENSG00000224186	PITX1-AS1	lncRNA	33	no ortholog in the table
ENSG00000256262	USP30-AS1	lncRNA	33	no ortholog in the table
ENSG00000250387	LINC02197	lncRNA	33	no ortholog in the table
ENSG00000230426	LINC01036	lncRNA	33	no ortholog in the table
ENSG00000236532	LINC01695	lncRNA	33	no ortholog in the table
ENSG00000231789	PIK3CD-AS2	lncRNA	33	no ortholog in the table
ENSG00000223552	CCR5AS	lncRNA	33	no ortholog in the table
ENSG00000177112	IRAG1-AS1	lncRNA	33	no ortholog in the table
ENSG00000198920	KIAA0753	protein_coding	33	ortholog(s) exist but none is in the other vocabulary
ENSG00000245888	NSMCE1-DT	lncRNA	33	no ortholog in the table
ENSG00000271826	PLS3-AS1	lncRNA	33	no ortholog in the table
ENSG00000235304	LINC01281	lncRNA	33	no ortholog in the table
ENSG00000245534	RORA-AS1	lncRNA	33	no ortholog in the table
ENSG00000230461	PROX1-AS1	lncRNA	33	no ortholog in the table
ENSG00000230590	FTX	lncRNA	33	no ortholog in the table
ENSG00000236242	MYO16-AS1	lncRNA	33	no ortholog in the table
ENSG00000198342	ZNF442	protein_coding	33	no ortholog in the table
ENSG00000231424	FMO1-AS1	lncRNA	33	no ortholog in the table
ENSG00000244040	IL12A-AS1	lncRNA	33	no ortholog in the table
ENSG00000189068	VSTM1	protein_coding	33	no ortholog in the table
ENSG00000188868	ZNF563	protein_coding	33	no ortholog in the table
ENSG00000257167	TMPO-AS1	lncRNA	33	no ortholog in the table
ENSG00000274618	H4C6	protein_coding	33	no ortholog in the table
ENSG00000274536	MIR223HG	lncRNA	33	no ortholog in the table
ENSG00000235885	LINC01828	lncRNA	33	no ortholog in the table
ENSG00000163216	SPRR2D	protein_coding	33	no ortholog in the table
ENSG00000221867	MAGEA3	protein_coding	33	no ortholog in the table
ENSG00000188958	UTS2B	protein_coding	33	no ortholog in the table
ENSG00000245648	KLRK1-AS1	lncRNA	33	no ortholog in the table
ENSG00000171560	FGA	protein_coding	33	no ortholog in the table
ENSG00000262001	DLGAP1-AS2	lncRNA	33	no ortholog in the table
ENSG00000168631	MUCL3	protein_coding	33	no ortholog in the table
ENSG00000151967	SCHIP1	protein_coding	33	no ortholog in the table
ENSG00000108702	CCL1	protein_coding	33	no ortholog in the table
ENSG00000228775	WEE2-AS1	lncRNA	33	no ortholog in the table
ENSG00000289156	PPP3R1-AS1	lncRNA	32	no ortholog in the table
ENSG00000287292		lncRNA	32	no ortholog in the table
ENSG00000228857	ACTR3-AS1	lncRNA	32	no ortholog in the table
ENSG00000136002	ARHGEF4	protein_coding	32	no ortholog in the table
ENSG00000261231	LINC02133	lncRNA	32	no ortholog in the table
ENSG00000229236	TTTY10	lncRNA	32	no ortholog in the table
ENSG00000215417	MIR17HG	lncRNA	32	no ortholog in the table
ENSG00000218819	TDRD15	protein_coding	32	no ortholog in the table
ENSG00000273032	DGCR5	lncRNA	32	no ortholog in the table
ENSG00000273294	C1QTNF3-AMACR	protein_coding	32	no ortholog in the table
ENSG00000257285	PRMT5-DT	lncRNA	32	no ortholog in the table
ENSG00000163041	H3-3A	protein_coding	32	no ortholog in the table
ENSG00000162753	SLC9C2	protein_coding	32	no ortholog in the table
ENSG00000124469	CEACAM8	protein_coding	32	no ortholog in the table
ENSG00000231412	LINC03078	lncRNA	32	no ortholog in the table
ENSG00000105750	ZNF85	protein_coding	32	no ortholog in the table
ENSG00000272381	LINC02664	lncRNA	32	no ortholog in the table
ENSG00000173013	CFAP184	protein_coding	32	no ortholog in the table
ENSG00000185332	TMEM105	lncRNA	32	no ortholog in the table
ENSG00000258405	ZNF578	protein_coding	32	no ortholog in the table
ENSG00000214866	DCDC2C	protein_coding	32	no ortholog in the table
ENSG00000231574	LINC02015	lncRNA	32	no ortholog in the table
ENSG00000039319	ZFYVE16	protein_coding	32	no ortholog in the table
ENSG00000271584	LINC02550	lncRNA	32	no ortholog in the table
ENSG00000249364	LINC02997	lncRNA	32	no ortholog in the table
ENSG00000173077	DELEC1	lncRNA	32	no ortholog in the table
ENSG00000250295	RDH10-AS1	lncRNA	32	no ortholog in the table
ENSG00000223812	PYDC2-AS1	lncRNA	32	no ortholog in the table
ENSG00000106526	ACTR3C	protein_coding	32	no ortholog in the table
ENSG00000258545	RHOXF1-AS1	lncRNA	32	no ortholog in the table
ENSG00000258553	PCNX4-DT	lncRNA	32	no ortholog in the table
ENSG00000223704			32	no ortholog in the table
ENSG00000230317	LINC01284	lncRNA	32	no ortholog in the table
ENSG00000230185	HSDL2-AS1	lncRNA	32	no ortholog in the table
ENSG00000243629	LINC00880	lncRNA	32	no ortholog in the table
ENSG00000249306	LINC01411	lncRNA	32	no ortholog in the table
ENSG00000224063	CALCRL-AS1	lncRNA	32	no ortholog in the table
ENSG00000224467	TANK-AS1	lncRNA	32	no ortholog in the table
ENSG00000104714	ERICH1	protein_coding	32	no ortholog in the table
ENSG00000250634	LINC01182	lncRNA	32	no ortholog in the table
ENSG00000196209	SIRPB2	protein_coding	32	no ortholog in the table
ENSG00000172301	COPRS	protein_coding	32	no ortholog in the table
ENSG00000232023	LINC01807	lncRNA	32	no ortholog in the table
ENSG00000246695	RASSF8-AS1	lncRNA	32	no ortholog in the table
ENSG00000180071	ANKRD18A	protein_coding	32	no ortholog in the table
ENSG00000255240	GLYATL1-AS1	lncRNA	32	no ortholog in the table
ENSG00000230257	NFE4	lncRNA	32	no ortholog in the table
ENSG00000237125	HAND2-AS1	lncRNA	32	no ortholog in the table
ENSG00000267265	GP6-AS1	lncRNA	32	no ortholog in the table
ENSG00000095917	TPSD1	protein_coding	32	no ortholog in the table
ENSG00000197721	CR1L	protein_coding	32	no ortholog in the table
ENSG00000185869	ZNF829	protein_coding	32	no ortholog in the table
ENSG00000267416	HEATR6-DT	lncRNA	32	no ortholog in the table
ENSG00000259719	LINC02284	lncRNA	32	no ortholog in the table
ENSG00000259736	CRTC3-AS1	lncRNA	32	no ortholog in the table
ENSG00000197779	ZNF81	protein_coding	32	no ortholog in the table
ENSG00000167766	ZNF83	protein_coding	32	no ortholog in the table
ENSG00000232677	LINC00665	lncRNA	32	no ortholog in the table
ENSG00000232591	LINC02642	lncRNA	32	no ortholog in the table
ENSG00000266978	LIMASI	lncRNA	32	no ortholog in the table
ENSG00000246985	SOCS2-AS1	lncRNA	32	no ortholog in the table
ENSG00000249085	TNPO1-DT	lncRNA	32	no ortholog in the table
ENSG00000278910	BANCR	lncRNA	32	no ortholog in the table
ENSG00000143631	FLG	protein_coding	32	no ortholog in the table
ENSG00000237813	CAV2-DT	lncRNA	32	no ortholog in the table
ENSG00000283064	H2BC6-AS1	lncRNA	32	no ortholog in the table
ENSG00000283122	HYMAI	lncRNA	32	no ortholog in the table
ENSG00000206077	ZDHHC11B	protein_coding	32	no ortholog in the table
ENSG00000265533	DSEL-AS1	lncRNA	32	no ortholog in the table
ENSG00000284959	TSHR-AS1	lncRNA	32	no ortholog in the table
ENSG00000259673	IQCH-AS1	lncRNA	32	no ortholog in the table
ENSG00000253819	LINC01151	lncRNA	32	no ortholog in the table
ENSG00000226779	NAALADL2-AS2	lncRNA	32	no ortholog in the table
ENSG00000260442	ATP2A1-AS1	lncRNA	32	no ortholog in the table
ENSG00000196951	SCOC-AS1	lncRNA	32	no ortholog in the table
ENSG00000248538	PPP1R3B-DT	lncRNA	32	no ortholog in the table
ENSG00000253535	ADAM7-AS1	lncRNA	32	no ortholog in the table
ENSG00000245614	DDX11-AS1	lncRNA	32	no ortholog in the table
ENSG00000249835	VCAN-AS1	lncRNA	32	no ortholog in the table
ENSG00000197134	ZNF257	protein_coding	32	no ortholog in the table
ENSG00000238755	LINC02006	lncRNA	32	no ortholog in the table
ENSG00000239332			32	no ortholog in the table
ENSG00000240204	SMKR1	protein_coding	31	no ortholog in the table
ENSG00000240350	SOCAR	lncRNA	31	no ortholog in the table
ENSG00000229388	TAF12-DT	lncRNA	31	no ortholog in the table
ENSG00000176714	CCDC121	protein_coding	31	no ortholog in the table
ENSG00000263069	RNF213-AS1	lncRNA	31	no ortholog in the table
ENSG00000151687	ANKAR	protein_coding	31	ortholog(s) exist but none is in the other vocabulary
ENSG00000238121	LINC00426	lncRNA	31	no ortholog in the table
ENSG00000228878	SEPTIN7-DT	lncRNA	31	no ortholog in the table
ENSG00000105278	ZFR2	protein_coding	31	no ortholog in the table
ENSG00000171855	IFNB1	protein_coding	31	no ortholog in the table
ENSG00000226476	LINC01748	lncRNA	31	no ortholog in the table
ENSG00000283408	MIR548A1HG	lncRNA	31	no ortholog in the table
ENSG00000228839	PIK3IP1-DT	lncRNA	31	no ortholog in the table
ENSG00000281162	LINC01127	lncRNA	31	no ortholog in the table
ENSG00000265692	LINC01970	lncRNA	31	no ortholog in the table
ENSG00000104938	CLEC4M	protein_coding	31	no ortholog in the table
ENSG00000259867	DYNLRB2-AS1	lncRNA	31	no ortholog in the table
ENSG00000247774	PCED1B-AS1	lncRNA	31	no ortholog in the table
ENSG00000187268	FAM9C	protein_coding	31	no ortholog in the table
ENSG00000185973	TMLHE	protein_coding	31	no ortholog in the table
ENSG00000232618	HIVEP2-DT	lncRNA	31	no ortholog in the table
ENSG00000187187	ZNF546	protein_coding	31	no ortholog in the table
ENSG00000278811	LINC00624	lncRNA	31	no ortholog in the table
ENSG00000237643	LINC01610	lncRNA	31	no ortholog in the table
ENSG00000237596	PDE7B-AS1	lncRNA	31	no ortholog in the table
ENSG00000280241		lncRNA	31	no ortholog in the table
ENSG00000249279	LINC02057	lncRNA	31	no ortholog in the table
ENSG00000258955	LINC00519	lncRNA	31	no ortholog in the table
ENSG00000259240	MIR4713HG	lncRNA	31	no ortholog in the table
ENSG00000249494	DMXL1-DT	lncRNA	31	no ortholog in the table
ENSG00000213742	ZNF337-AS1	lncRNA	31	no ortholog in the table
ENSG00000234380	LINC01426	lncRNA	31	no ortholog in the table
ENSG00000181577	LINC03040	protein_coding	31	no ortholog in the table
ENSG00000212916	MAP10	protein_coding	31	no ortholog in the table
ENSG00000110484	SCGB2A2	protein_coding	31	no ortholog in the table
ENSG00000225670	CADM3-AS1	lncRNA	31	no ortholog in the table
ENSG00000242082	SLC5A4-AS1	lncRNA	31	no ortholog in the table
ENSG00000278156	TSC22D1-AS1	lncRNA	31	no ortholog in the table
ENSG00000203356	LINC01562	lncRNA	31	no ortholog in the table
ENSG00000231817	LINC01198	lncRNA	31	no ortholog in the table
ENSG00000214193	SH3D21	protein_coding	31	no ortholog in the table
ENSG00000237248	LINC00987	lncRNA	31	no ortholog in the table
ENSG00000246273	SBF2-AS1	lncRNA	31	no ortholog in the table
ENSG00000188227	ZNF793	protein_coding	31	no ortholog in the table
ENSG00000185437	SH3BGR	protein_coding	31	no ortholog in the table
ENSG00000234956	LINC02539	lncRNA	31	no ortholog in the table
ENSG00000231373	GNA14-AS1	lncRNA	31	no ortholog in the table
ENSG00000214772	GUCY2C-AS1	lncRNA	31	no ortholog in the table
ENSG00000236859	NIFK-AS1	lncRNA	31	no ortholog in the table
ENSG00000130940	CASZ1	protein_coding	31	no ortholog in the table
ENSG00000182534	MXRA7	protein_coding	31	no ortholog in the table
ENSG00000255501	CARD18	protein_coding	31	no ortholog in the table
ENSG00000258404	LINC02320	lncRNA	31	no ortholog in the table
ENSG00000258325	ITFG2-AS1	lncRNA	31	no ortholog in the table
ENSG00000044012	GUCA2B	protein_coding	31	no ortholog in the table
ENSG00000166153	DEPDC4	protein_coding	31	no ortholog in the table
ENSG00000251027	LINC01950	lncRNA	31	no ortholog in the table
ENSG00000271538	LINC02427	lncRNA	31	no ortholog in the table
ENSG00000223935	LGALSL-DT	lncRNA	31	no ortholog in the table
ENSG00000223874	TESHL	lncRNA	31	no ortholog in the table
ENSG00000131351	HAUS8	protein_coding	31	no ortholog in the table
ENSG00000236120	LINC03070	lncRNA	31	no ortholog in the table
ENSG00000236333	TRHDE-AS1	lncRNA	31	no ortholog in the table
ENSG00000122824	NUDT10	protein_coding	31	no ortholog in the table
ENSG00000256287			31	no ortholog in the table
ENSG00000154016	GRAP	protein_coding	31	no ortholog in the table
ENSG00000250326	USP38-DT	lncRNA	31	no ortholog in the table
ENSG00000250159	PKD2L2-DT	lncRNA	31	no ortholog in the table
ENSG00000249884	RNF103-CHMP3	protein_coding	31	no ortholog in the table
ENSG00000221994	ZNF630	protein_coding	31	no ortholog in the table
ENSG00000188897		protein_coding	31	no ortholog in the table
ENSG00000175611	ERCC6L2-AS1	lncRNA	31	no ortholog in the table
ENSG00000245149	RNF139-DT	lncRNA	31	no ortholog in the table
ENSG00000244300	GATA2-AS1	lncRNA	31	no ortholog in the table
ENSG00000221883	ARIH2OS	lncRNA	31	no ortholog in the table
ENSG00000221882	OR3A2	protein_coding	31	no ortholog in the table
ENSG00000257127	CLLU1	lncRNA	31	no ortholog in the table
ENSG00000221957	KIR2DS4	protein_coding	31	no ortholog in the table
ENSG00000244265	SIAH2-AS1	lncRNA	31	no ortholog in the table
ENSG00000245293	CYP2U1-AS1	lncRNA	31	no ortholog in the table
ENSG00000151838	CCDC175	protein_coding	31	no ortholog in the table
ENSG00000285219	HULC	lncRNA	31	no ortholog in the table
ENSG00000285210	LINC02795	lncRNA	31	no ortholog in the table
ENSG00000253582	OXR1-AS1	lncRNA	30	no ortholog in the table
ENSG00000228208	LINC02869	lncRNA	30	no ortholog in the table
ENSG00000197238	H4C11	protein_coding	30	no ortholog in the table
ENSG00000286122	LINC02964	lncRNA	30	no ortholog in the table
ENSG00000285737	LINC02680	lncRNA	30	no ortholog in the table
ENSG00000168491	CCDC110	protein_coding	30	no ortholog in the table
ENSG00000239268	LINC03051	protein_coding	30	no ortholog in the table
ENSG00000228043	SPOPL-DT	lncRNA	30	no ortholog in the table
ENSG00000257259	LINC02388	lncRNA	30	no ortholog in the table
ENSG00000250072	SH3TC2-DT	lncRNA	30	no ortholog in the table
ENSG00000235532	LINC00402	lncRNA	30	no ortholog in the table
ENSG00000230937	MIR205HG	lncRNA	30	no ortholog in the table
ENSG00000106012	IQCE	protein_coding	30	no ortholog in the table
ENSG00000244625	MIATNB	lncRNA	30	no ortholog in the table
ENSG00000256797	KLRF2	protein_coding	30	no ortholog in the table
ENSG00000230647	LROMI1	lncRNA	30	no ortholog in the table
ENSG00000112818	MEP1A	protein_coding	30	no ortholog in the table
ENSG00000215915	ATAD3C	protein_coding	30	no ortholog in the table
ENSG00000091128	LAMB4	protein_coding	30	no ortholog in the table
ENSG00000250320	EDIL3-DT	lncRNA	30	no ortholog in the table
ENSG00000223387	LINC02068	lncRNA	30	no ortholog in the table
ENSG00000230479	LNCTSI	lncRNA	30	no ortholog in the table
ENSG00000162641	AKNAD1	protein_coding	30	no ortholog in the table
ENSG00000223653	BCL10-AS1	lncRNA	30	no ortholog in the table
ENSG00000182308	DCAF4L1	protein_coding	30	no ortholog in the table
ENSG00000132846	ZBED3	protein_coding	30	no ortholog in the table
ENSG00000177383	MAGEF1	protein_coding	30	no ortholog in the table
ENSG00000113520	IL4	protein_coding	30	no ortholog in the table
ENSG00000163239	TDRD10	protein_coding	30	no ortholog in the table
ENSG00000236107	SCN1A-AS1	lncRNA	30	no ortholog in the table
ENSG00000243055	GK-AS1	lncRNA	30	no ortholog in the table
ENSG00000249740	OSMR-DT	lncRNA	30	no ortholog in the table
ENSG00000235172	LINC01366	lncRNA	30	no ortholog in the table
ENSG00000250802	ZBED3-AS1	lncRNA	30	no ortholog in the table
ENSG00000214145	LINC00887	lncRNA	30	no ortholog in the table
ENSG00000198054	DSCR8	lncRNA	30	no ortholog in the table
ENSG00000178803	ADORA2A-AS1	lncRNA	30	no ortholog in the table
ENSG00000175265	GOLGA8A	protein_coding	30	no ortholog in the table
ENSG00000276107	THBS1-IT1	lncRNA	30	no ortholog in the table
ENSG00000249806		lncRNA	30	no ortholog in the table
ENSG00000231312	MAP4K3-DT	lncRNA	30	no ortholog in the table
ENSG00000231365	WARS2-AS1	lncRNA	30	no ortholog in the table
ENSG00000270571	TACR1-AS1	lncRNA	30	no ortholog in the table
ENSG00000271270	TMCC1-DT	lncRNA	30	no ortholog in the table
ENSG00000258740	FOS-AS1	lncRNA	30	no ortholog in the table
ENSG00000165935	SMCO2	protein_coding	30	no ortholog in the table
ENSG00000234741	GAS5	lncRNA	30	no ortholog in the table
ENSG00000254415	SIGLEC14	protein_coding	30	no ortholog in the table
ENSG00000237128	LINC02652	lncRNA	30	no ortholog in the table
ENSG00000225361	PPP1R26-AS1	lncRNA	30	no ortholog in the table
ENSG00000225546	LINC02476	lncRNA	30	no ortholog in the table
ENSG00000231890	DARS1-AS1	lncRNA	30	no ortholog in the table
ENSG00000171045	TSNARE1	protein_coding	30	no ortholog in the table
ENSG00000280870	MIR325HG	lncRNA	30	no ortholog in the table
ENSG00000278390	KBTBD6-DT	lncRNA	30	no ortholog in the table
ENSG00000185837	HDHD5-AS1	lncRNA	30	no ortholog in the table
ENSG00000259430	CERS3-AS1	lncRNA	30	no ortholog in the table
ENSG00000204296	TSBP1	protein_coding	30	no ortholog in the table
ENSG00000155622	XAGE2	protein_coding	30	no ortholog in the table
ENSG00000141858	SAMD1	protein_coding	30	no ortholog in the table
ENSG00000160349	LCN1	protein_coding	30	no ortholog in the table
ENSG00000248898	PELO-AS1	lncRNA	30	no ortholog in the table
ENSG00000260192	LINC02240	lncRNA	30	no ortholog in the table
ENSG00000186204	CYP4F12	protein_coding	30	no ortholog in the table
ENSG00000265451	CLASP1-AS1	lncRNA	30	no ortholog in the table
ENSG00000228824	MIR4500HG	lncRNA	30	no ortholog in the table
ENSG00000260589	STAM-DT	lncRNA	30	no ortholog in the table
ENSG00000233930	KRTAP5-AS1	lncRNA	30	no ortholog in the table
ENSG00000129128	SPCS3	protein_coding	30	no ortholog in the table
ENSG00000262619	LINC00621	lncRNA	30	no ortholog in the table
ENSG00000248636	PRKAB1-AS1	lncRNA	30	no ortholog in the table
ENSG00000233308	OSTN-AS1	lncRNA	30	no ortholog in the table
ENSG00000248464	FGF10-AS1	lncRNA	30	no ortholog in the table
ENSG00000239839	DEFA3	protein_coding	30	no ortholog in the table
ENSG00000196912	ANKRD36B	protein_coding	30	no ortholog in the table
ENSG00000227646	STEAP2-AS1	lncRNA	30	no ortholog in the table
ENSG00000239828	CCDC54-AS1	lncRNA	29	no ortholog in the table
ENSG00000289740	TALAM1	lncRNA	29	no ortholog in the table
ENSG00000197016	ZNF470	protein_coding	29	no ortholog in the table
ENSG00000239440	LINC02008	lncRNA	29	no ortholog in the table
ENSG00000239523	MYLK-AS1	lncRNA	29	no ortholog in the table
ENSG00000135314	KHDC1	protein_coding	29	no ortholog in the table
ENSG00000249738	IL12B-AS1	lncRNA	29	no ortholog in the table
ENSG00000175768	TOMM5	protein_coding	29	no ortholog in the table
ENSG00000231507	LINC01353	lncRNA	29	no ortholog in the table
ENSG00000182141	ZNF708	protein_coding	29	no ortholog in the table
ENSG00000204603	LINC01257	lncRNA	29	no ortholog in the table
ENSG00000197312	DDI2	protein_coding	29	no ortholog in the table
ENSG00000285190		lncRNA	29	no ortholog in the table
ENSG00000232021	LEF1-AS1	lncRNA	29	no ortholog in the table
ENSG00000152778	IFIT5	protein_coding	29	no ortholog in the table
ENSG00000170965	PLAC1	protein_coding	29	no ortholog in the table
ENSG00000162947	LINC01931	lncRNA	29	no ortholog in the table
ENSG00000196620	UGT2B15	protein_coding	29	no ortholog in the table
ENSG00000237787	LINC02877	lncRNA	29	no ortholog in the table
ENSG00000264630	PRKCA-AS1	lncRNA	29	no ortholog in the table
ENSG00000204954	UQCC6	protein_coding	29	no ortholog in the table
ENSG00000250302	LINC01618	lncRNA	29	no ortholog in the table
ENSG00000250220	ANKRD17-DT	lncRNA	29	no ortholog in the table
ENSG00000204792	LINC01291	lncRNA	29	no ortholog in the table
ENSG00000233009	NALCN-AS1	lncRNA	29	no ortholog in the table
ENSG00000232977	LINC00327	lncRNA	29	no ortholog in the table
ENSG00000215277	RNF212B	protein_coding	29	ortholog(s) exist but none is in the other vocabulary
ENSG00000185130	H2BC13	protein_coding	29	ortholog(s) exist but none is in the other vocabulary
ENSG00000254689	LINC02235	lncRNA	29	no ortholog in the table
ENSG00000268061	NAPA-AS1	lncRNA	29	no ortholog in the table
ENSG00000248869	LINC02511	lncRNA	29	no ortholog in the table
ENSG00000205181	LINC00654	lncRNA	29	no ortholog in the table
ENSG00000106560	GIMAP2	protein_coding	29	no ortholog in the table
ENSG00000281131	SCHLAP1	lncRNA	29	no ortholog in the table
ENSG00000243004	MACC1-OT1	lncRNA	29	no ortholog in the table
ENSG00000261235	HSD17B2-AS1	lncRNA	29	no ortholog in the table
ENSG00000144130	NT5DC4	protein_coding	29	no ortholog in the table
ENSG00000257906	LINC02156	lncRNA	29	no ortholog in the table
ENSG00000102243	VGLL1	protein_coding	29	no ortholog in the table
ENSG00000229739	PDC-AS1	lncRNA	29	no ortholog in the table
ENSG00000047849	MAP4	protein_coding	29	no ortholog in the table
ENSG00000167525	PROCA1	protein_coding	29	no ortholog in the table
ENSG00000178852	EFCAB13	protein_coding	29	no ortholog in the table
ENSG00000229267	SNHG31	lncRNA	29	no ortholog in the table
ENSG00000233766	CAVIN2-AS1	lncRNA	29	no ortholog in the table
ENSG00000214870	LINC02981	lncRNA	29	no ortholog in the table
ENSG00000270757	HSPE1-MOB4	protein_coding	29	no ortholog in the table
ENSG00000270629	NBPF14	protein_coding	29	no ortholog in the table
ENSG00000270362	HMGN3-AS1	lncRNA	29	no ortholog in the table
ENSG00000188393	CLEC2A	protein_coding	29	no ortholog in the table
ENSG00000226312	CFLAR-AS1	lncRNA	29	no ortholog in the table
ENSG00000258018	LINC02457	lncRNA	29	no ortholog in the table
ENSG00000254119	LINC02842	lncRNA	29	no ortholog in the table
ENSG00000174156	GSTA3	protein_coding	29	no ortholog in the table
ENSG00000197953	AADACL2	protein_coding	29	ortholog(s) exist but none is in the other vocabulary
ENSG00000251680	CHSY3-AS1	lncRNA	29	no ortholog in the table
ENSG00000236039	LINC02889	lncRNA	29	no ortholog in the table
ENSG00000243910	TUBA4B	protein_coding	29	no ortholog in the table
ENSG00000243836	WDR86-AS1	lncRNA	29	no ortholog in the table
ENSG00000234546	LNCTAM34A	lncRNA	29	no ortholog in the table
ENSG00000259768	ZFHX3-AS1	lncRNA	29	no ortholog in the table
ENSG00000185958	FAM186A	protein_coding	29	no ortholog in the table
ENSG00000228436	RRAGC-DT	lncRNA	29	no ortholog in the table
ENSG00000213020	ZNF611	protein_coding	29	no ortholog in the table
ENSG00000228022	HCG20	lncRNA	29	no ortholog in the table
ENSG00000166928	MS4A14	protein_coding	29	no ortholog in the table
ENSG00000163900	TMEM41A	protein_coding	29	no ortholog in the table
ENSG00000228223	HCG11	lncRNA	29	no ortholog in the table
ENSG00000234705	HMGA1P4	lncRNA	29	no ortholog in the table
ENSG00000227630	LINC01132	lncRNA	29	no ortholog in the table
ENSG00000227373	RABGAP1L-DT	lncRNA	29	no ortholog in the table
ENSG00000246379	GNAO1-DT	lncRNA	29	no ortholog in the table
ENSG00000227070	EPS15-AS1	lncRNA	29	no ortholog in the table
ENSG00000204387	SNHG32	lncRNA	29	no ortholog in the table
ENSG00000173258	ZNF483	protein_coding	29	ortholog(s) exist but none is in the other vocabulary
ENSG00000290873	LINC03009	lncRNA	28	no ortholog in the table
ENSG00000197013	ZNF429	protein_coding	28	no ortholog in the table
ENSG00000255418	LINC02718	lncRNA	28	no ortholog in the table
ENSG00000249437	NAIP	protein_coding	28	no ortholog in the table
ENSG00000175691	ZNF77	protein_coding	28	no ortholog in the table
ENSG00000144962	SPATA16	protein_coding	28	ortholog(s) exist but none is in the other vocabulary
ENSG00000234997	LINC02966	lncRNA	28	no ortholog in the table
ENSG00000163682	RPL9	protein_coding	28	no ortholog in the table
ENSG00000115255	REEP6	protein_coding	28	no ortholog in the table
ENSG00000213401	MAGEA12	protein_coding	28	no ortholog in the table
ENSG00000258725	PRC1-AS1	lncRNA	28	no ortholog in the table
ENSG00000258785			28	no ortholog in the table
ENSG00000235016	SEMA3F-AS1	lncRNA	28	no ortholog in the table
ENSG00000166840	GLYATL1	protein_coding	28	no ortholog in the table
ENSG00000124570	SERPINB6	protein_coding	28	no ortholog in the table
ENSG00000169900	PYDC1	protein_coding	28	no ortholog in the table
ENSG00000073605	GSDMB	protein_coding	28	no ortholog in the table
ENSG00000235493	LINC01967	lncRNA	28	no ortholog in the table
ENSG00000103313	MEFV	protein_coding	28	no ortholog in the table
ENSG00000228126	FALEC	lncRNA	28	no ortholog in the table
ENSG00000259803	SLC22A31	protein_coding	28	no ortholog in the table
ENSG00000131002	TXLNGY	transcribed_unprocessed_pseudogene	28	no ortholog in the table
ENSG00000185955	SPACDR	protein_coding	28	no ortholog in the table
ENSG00000251372	LINC00499	lncRNA	28	no ortholog in the table
ENSG00000226445	THBS2-AS1	lncRNA	28	no ortholog in the table
ENSG00000228784	LINC00954	lncRNA	28	no ortholog in the table
ENSG00000228696	ARL17B	protein_coding	28	no ortholog in the table
ENSG00000244558	KCNK15-AS1	lncRNA	28	no ortholog in the table
ENSG00000104499	GML	protein_coding	28	no ortholog in the table
ENSG00000258048	PPP1R12A-AS2	lncRNA	28	no ortholog in the table
ENSG00000254319	LINC03021	lncRNA	28	no ortholog in the table
ENSG00000271850	LINC02343	lncRNA	28	no ortholog in the table
ENSG00000247675	LRP4-AS1	lncRNA	28	no ortholog in the table
ENSG00000278588	H2BC10	protein_coding	28	no ortholog in the table
ENSG00000171903	CYP4F11	protein_coding	28	no ortholog in the table
ENSG00000247572	CKMT2-AS1	lncRNA	28	no ortholog in the table
ENSG00000068781	STON1-GTF2A1L	protein_coding	28	no ortholog in the table
ENSG00000136688	IL36G	protein_coding	28	no ortholog in the table
ENSG00000251095		lncRNA	28	no ortholog in the table
ENSG00000229563	LINC01204	lncRNA	28	no ortholog in the table
ENSG00000254233	LINC02365	lncRNA	28	no ortholog in the table
ENSG00000248138		lncRNA	28	no ortholog in the table
ENSG00000247877	FAM174A-DT	lncRNA	28	no ortholog in the table
ENSG00000205559	CHKB-DT	lncRNA	28	no ortholog in the table
ENSG00000236975	LINC02814	lncRNA	28	no ortholog in the table
ENSG00000102387	TAF7L	protein_coding	28	no ortholog in the table
ENSG00000241657	TRBV11-2	protein_coding	28	no ortholog in the table
ENSG00000171711	DEFB4A	protein_coding	28	no ortholog in the table
ENSG00000233093	LINC00892	lncRNA	28	no ortholog in the table
ENSG00000233067	PTCHD1-AS	lncRNA	28	no ortholog in the table
ENSG00000120937	NPPB	protein_coding	28	no ortholog in the table
ENSG00000135976	ANKRD36	protein_coding	28	no ortholog in the table
ENSG00000204920	ZNF155	protein_coding	28	no ortholog in the table
ENSG00000233381	AK4P3	protein_coding	28	no ortholog in the table
ENSG00000185115	NSMCE3	protein_coding	28	no ortholog in the table
ENSG00000282943	PSG11-AS1	lncRNA	28	no ortholog in the table
ENSG00000007306	CEACAM7	protein_coding	28	no ortholog in the table
ENSG00000263050	DPH1-AS1	lncRNA	28	no ortholog in the table
ENSG00000230266	XXYLT1-AS2	lncRNA	28	no ortholog in the table
ENSG00000268006	PTOV1-AS1	lncRNA	28	no ortholog in the table
ENSG00000268480	NFILZ	protein_coding	28	ortholog(s) exist but none is in the other vocabulary
ENSG00000248969		lncRNA	28	no ortholog in the table
ENSG00000282890	MIR548BAHG	lncRNA	28	no ortholog in the table
ENSG00000186838	SELENOV	protein_coding	28	no ortholog in the table
ENSG00000264031	ABHD15-AS1	lncRNA	28	no ortholog in the table
ENSG00000249993	BFSP2-AS1	lncRNA	28	no ortholog in the table
ENSG00000241135	LINC00881	lncRNA	28	no ortholog in the table
ENSG00000164821	DEFA4	protein_coding	28	no ortholog in the table
ENSG00000204644	ZFP57	protein_coding	28	no ortholog in the table
ENSG00000230753	ZNF341-AS1	lncRNA	28	no ortholog in the table
ENSG00000204929	LINC02934	lncRNA	28	no ortholog in the table
ENSG00000284543	LINC01226	lncRNA	28	no ortholog in the table
ENSG00000237883	DGUOK-AS1	lncRNA	28	no ortholog in the table
ENSG00000267582		lncRNA	28	no ortholog in the table
ENSG00000203865	ATP1A1-AS1	lncRNA	28	no ortholog in the table
ENSG00000225077	ICMT-DT	lncRNA	28	no ortholog in the table
ENSG00000265369	PCAT18	lncRNA	28	no ortholog in the table
ENSG00000249937	LINC02223	lncRNA	28	no ortholog in the table
ENSG00000240405	SAMMSON	lncRNA	28	no ortholog in the table
ENSG00000286153	RUNX1-AS1	lncRNA	28	no ortholog in the table
ENSG00000004809	SLC22A16	protein_coding	28	no ortholog in the table
ENSG00000239911	PRKAG2-AS1	lncRNA	28	no ortholog in the table
ENSG00000267337	LINC01478	lncRNA	28	no ortholog in the table
ENSG00000267322	SNHG22	lncRNA	28	no ortholog in the table
ENSG00000235335	B3GALT1-AS1	lncRNA	28	no ortholog in the table
ENSG00000168594	ADAM29	protein_coding	28	ortholog(s) exist but none is in the other vocabulary
HGNC:21160	LINC00473	lncRNA	28	no Ensembl id (MGI/HGNC accession): not in the ortholog table
ENSG00000255794	RMST	lncRNA	28	no ortholog in the table
ENSG00000171224	FAM241B	protein_coding	28	no ortholog in the table
HGNC:50895	PCAT29	lncRNA	27	no Ensembl id (MGI/HGNC accession): not in the ortholog table
ENSG00000223617	LINC00370	lncRNA	27	no ortholog in the table
ENSG00000080031	PTPRH	protein_coding	27	no ortholog in the table
ENSG00000256742	KDM2B-DT	lncRNA	27	no ortholog in the table
ENSG00000266913	LINC01841	lncRNA	27	no ortholog in the table
ENSG00000204544	MUC21	protein_coding	27	no ortholog in the table
ENSG00000119640	ACYP1	protein_coding	27	no ortholog in the table
ENSG00000056998	GYG2	protein_coding	27	no ortholog in the table
ENSG00000196653	ZNF502	protein_coding	27	no ortholog in the table
ENSG00000238290	ERRFI1-DT	lncRNA	27	no ortholog in the table
ENSG00000139496	NUP58	protein_coding	27	ortholog(s) exist but none is in the other vocabulary
ENSG00000249790	LINC02972	lncRNA	27	no ortholog in the table
ENSG00000157800	SLC37A3	protein_coding	27	no ortholog in the table
ENSG00000249534	LINC01258	lncRNA	27	no ortholog in the table
ENSG00000249348	UGDH-AS1	lncRNA	27	no ortholog in the table
ENSG00000177984	LCN15	protein_coding	27	no ortholog in the table
ENSG00000237491	LINC01409	lncRNA	27	no ortholog in the table
ENSG00000249637	ANKHD1-DT	lncRNA	27	no ortholog in the table
ENSG00000173041	ZNF680	protein_coding	27	no ortholog in the table
ENSG00000249236		lncRNA	27	no ortholog in the table
ENSG00000249825	THBS4-AS1	lncRNA	27	no ortholog in the table
ENSG00000182162	P2RY8	protein_coding	27	no ortholog in the table
ENSG00000182150	ERCC6L2	protein_coding	27	no ortholog in the table
ENSG00000161980	POLR3K	protein_coding	27	no ortholog in the table
ENSG00000237879	LINC00398	lncRNA	27	no ortholog in the table
ENSG00000232613	LINC02576	lncRNA	27	no ortholog in the table
ENSG00000225249	LINC00378	lncRNA	27	no ortholog in the table
ENSG00000203837	PNLIPRP3	protein_coding	27	no ortholog in the table
ENSG00000249042	FAM151B-DT	lncRNA	27	no ortholog in the table
ENSG00000257529	RPL36A-HNRNPH2	protein_coding	27	no ortholog in the table
ENSG00000185056	C5orf47	protein_coding	27	no ortholog in the table
ENSG00000225518	LINC01703	lncRNA	27	no ortholog in the table
ENSG00000215424	MCM3AP-AS1	lncRNA	27	no ortholog in the table
ENSG00000164743	C8orf48	protein_coding	27	no ortholog in the table
ENSG00000254733	ME3-AS1	lncRNA	27	no ortholog in the table
ENSG00000169397	RNASE3	protein_coding	27	no ortholog in the table
ENSG00000280953	LINC01163	lncRNA	27	no ortholog in the table
ENSG00000278709	NKILA	lncRNA	27	no ortholog in the table
ENSG00000233006	MIR3936HG	lncRNA	27	no ortholog in the table
ENSG00000180861	LINC01559	lncRNA	27	no ortholog in the table
ENSG00000215256	DHRS4-AS1	lncRNA	27	no ortholog in the table
ENSG00000225762	LINC01389	lncRNA	27	no ortholog in the table
ENSG00000257924	LINC02416	lncRNA	27	no ortholog in the table
ENSG00000236213	CDC42EP3-AS1	lncRNA	27	no ortholog in the table
ENSG00000065717	TLE2	protein_coding	27	no ortholog in the table
ENSG00000250602		lncRNA	27	no ortholog in the table
ENSG00000203506	RBMS3-AS2	lncRNA	27	no ortholog in the table
ENSG00000165805	C12orf50	protein_coding	27	ortholog(s) exist but none is in the other vocabulary
ENSG00000236197	PPP1R9A-AS1	lncRNA	27	no ortholog in the table
ENSG00000197928	ZNF677	protein_coding	27	no ortholog in the table
ENSG00000254401	LINC02752	lncRNA	27	no ortholog in the table
ENSG00000226137	BAIAP2-DT	lncRNA	27	no ortholog in the table
ENSG00000215012	RTL10	protein_coding	27	no ortholog in the table
ENSG00000147082	CCNB3	protein_coding	27	no ortholog in the table
ENSG00000198883	PNMA5	protein_coding	27	no ortholog in the table
ENSG00000248724	NPHP3-AS1	lncRNA	27	no ortholog in the table
ENSG00000233461	CYDAER	lncRNA	27	no ortholog in the table
ENSG00000067066	SP100	protein_coding	27	no ortholog in the table
ENSG00000261105	LMO7-AS1	lncRNA	27	no ortholog in the table
ENSG00000226363	HAGLROS	lncRNA	27	no ortholog in the table
ENSG00000258038	LINC02327	lncRNA	27	no ortholog in the table
ENSG00000167261	DPEP2	protein_coding	27	ortholog(s) exist but none is in the other vocabulary
ENSG00000235888	LINC02940	lncRNA	27	no ortholog in the table
ENSG00000244482	LILRA6	protein_coding	27	no ortholog in the table
ENSG00000275830	LINC03082	lncRNA	27	no ortholog in the table
ENSG00000205755	CRLF2	protein_coding	27	no ortholog in the table
ENSG00000268996	MAN1B1-DT	lncRNA	27	no ortholog in the table
ENSG00000214293	APTR	lncRNA	27	no ortholog in the table
ENSG00000251138	LINC02882	lncRNA	27	no ortholog in the table
ENSG00000270240		lncRNA	27	no ortholog in the table
ENSG00000233672	RNASEH2B-AS1	lncRNA	27	no ortholog in the table
ENSG00000245322	H2AZ1-DT	lncRNA	27	no ortholog in the table
ENSG00000229246	LINC00377	lncRNA	27	no ortholog in the table
ENSG00000228889	UBAC2-AS1	lncRNA	27	no ortholog in the table
ENSG00000228791	THRB-AS1	lncRNA	27	no ortholog in the table
ENSG00000258655	ARHGAP5-AS1	lncRNA	27	no ortholog in the table
ENSG00000258569	VASH1-DT	lncRNA	27	no ortholog in the table
ENSG00000260186	LINC02137	lncRNA	27	no ortholog in the table
ENSG00000228742	LINC02577	lncRNA	27	no ortholog in the table
ENSG00000122565	CBX3	protein_coding	27	no ortholog in the table
ENSG00000245526	MIR9-2HG	lncRNA	27	no ortholog in the table
ENSG00000227252	COPS8-DT	lncRNA	27	no ortholog in the table
ENSG00000274349	ZNF658	protein_coding	27	no ortholog in the table
ENSG00000182931	WFDC10B	protein_coding	27	no ortholog in the table
ENSG00000171970	ZNF57	protein_coding	27	no ortholog in the table
ENSG00000272568	CPVL-AS2	lncRNA	27	no ortholog in the table
ENSG00000259024	TVP23C-CDRT4	protein_coding	27	no ortholog in the table
ENSG00000272620	AFAP1-AS1	lncRNA	27	no ortholog in the table
ENSG00000035687	ADSS2	protein_coding	27	ortholog(s) exist but none is in the other vocabulary
ENSG00000176945	MUC20	protein_coding	27	no ortholog in the table
ENSG00000227359	LINC02936	lncRNA	27	no ortholog in the table
ENSG00000088053	GP6	protein_coding	27	no ortholog in the table
ENSG00000246375	PPM1K-DT	lncRNA	27	no ortholog in the table
ENSG00000155052	CNTNAP5	protein_coding	27	no ortholog in the table
ENSG00000213096	ZNF254	protein_coding	27	no ortholog in the table
ENSG00000256229	ZNF486	protein_coding	27	no ortholog in the table
ENSG00000256073	URB1-AS1	lncRNA	27	no ortholog in the table
ENSG00000152082	MZT2B	protein_coding	27	no ortholog in the table
ENSG00000231764	DLX6-AS1	lncRNA	27	no ortholog in the table
ENSG00000286619	PM20D1-AS1	lncRNA	27	no ortholog in the table
ENSG00000288785		lncRNA	27	no ortholog in the table
ENSG00000286162	INCR1	lncRNA	26	no ortholog in the table
ENSG00000289716	XNDC1N-ZNF705EP-ALG1L9P	protein_coding	26	no ortholog in the table
ENSG00000287778		lncRNA	26	no ortholog in the table
ENSG00000231738	TSPAN19	protein_coding	26	no ortholog in the table
ENSG00000267134	LINC01924	lncRNA	26	no ortholog in the table
ENSG00000231327	LINC01816	lncRNA	26	no ortholog in the table
ENSG00000173401	GLIPR1L1	protein_coding	26	no ortholog in the table
ENSG00000224445	LINC01708	lncRNA	26	no ortholog in the table
ENSG00000259485	LINC02253	lncRNA	26	no ortholog in the table
ENSG00000246548	LINC02288	lncRNA	26	no ortholog in the table
ENSG00000251504	LINC01099	lncRNA	26	no ortholog in the table
ENSG00000177025	C19orf18	protein_coding	26	no ortholog in the table
ENSG00000234715	SLC26A5-AS1	lncRNA	26	no ortholog in the table
ENSG00000259905	PWRN1	lncRNA	26	no ortholog in the table
ENSG00000253133	GPAT4-AS1	lncRNA	26	no ortholog in the table
ENSG00000188549	CCDC9B	protein_coding	26	no ortholog in the table
ENSG00000234279	LINC01937	lncRNA	26	no ortholog in the table
ENSG00000259062	ACTN1-DT	lncRNA	26	no ortholog in the table
ENSG00000259040	BLOC1S5-TXNDC5	protein_coding	26	no ortholog in the table
ENSG00000142530	GARIN5A	protein_coding	26	no ortholog in the table
ENSG00000160229	ZNF66	protein_coding	26	no ortholog in the table
ENSG00000258700	LINC00871	lncRNA	26	no ortholog in the table
ENSG00000179523	EIF3J-DT	lncRNA	26	no ortholog in the table
ENSG00000226887	ERVMER34-1	protein_coding	26	no ortholog in the table
ENSG00000189190	ZNF600	protein_coding	26	no ortholog in the table
ENSG00000206337	HCP5	lncRNA	26	no ortholog in the table
ENSG00000248150	LINC02150	lncRNA	26	no ortholog in the table
ENSG00000213888	LINC01521	lncRNA	26	no ortholog in the table
ENSG00000227330	CHODL-AS2	lncRNA	26	no ortholog in the table
ENSG00000183638	RP1L1	protein_coding	26	no ortholog in the table
ENSG00000136696	IL36B	protein_coding	26	no ortholog in the table
ENSG00000147381	MAGEA4	protein_coding	26	no ortholog in the table
ENSG00000164253	WDR41	protein_coding	26	no ortholog in the table
ENSG00000260448	LCMT1-AS1	lncRNA	26	no ortholog in the table
ENSG00000133665	DYDC2	protein_coding	26	no ortholog in the table
ENSG00000244968	LIFR-AS1	lncRNA	26	no ortholog in the table
ENSG00000236021	COP1-DT	lncRNA	26	no ortholog in the table
ENSG00000196109	ZNF676	protein_coding	26	no ortholog in the table
ENSG00000253944	MTUS1-DT	lncRNA	26	no ortholog in the table
ENSG00000253868	FER1L6-AS2	lncRNA	26	no ortholog in the table
ENSG00000258399	MIR493HG	lncRNA	26	no ortholog in the table
ENSG00000258458	OXA1L-DT	lncRNA	26	no ortholog in the table
ENSG00000235899	LINC01564	lncRNA	26	no ortholog in the table
ENSG00000233621	LITATS1	lncRNA	26	no ortholog in the table
ENSG00000196172	ZNF681	protein_coding	26	no ortholog in the table
ENSG00000260433	LINC01917	lncRNA	26	no ortholog in the table
ENSG00000186448	ZNF197	protein_coding	26	no ortholog in the table
ENSG00000261083	LINC02516	lncRNA	26	no ortholog in the table
ENSG00000182405	PGBD4	protein_coding	26	no ortholog in the table
ENSG00000182586	LINC00334	lncRNA	26	no ortholog in the table
ENSG00000171794	UTF1	protein_coding	26	no ortholog in the table
ENSG00000258168	PTPRB-AS1	lncRNA	26	no ortholog in the table
ENSG00000276778	LINC02227	lncRNA	26	no ortholog in the table
ENSG00000197935	ZNF311	protein_coding	26	no ortholog in the table
ENSG00000178935	ZNF552	protein_coding	26	no ortholog in the table
ENSG00000254532	ARL14EP-DT	lncRNA	26	no ortholog in the table
ENSG00000230424	EMC1-AS1	lncRNA	26	no ortholog in the table
ENSG00000187801	ZFP69B	protein_coding	26	no ortholog in the table
ENSG00000167676	PLIN4	protein_coding	26	no ortholog in the table
ENSG00000243193	PRKAR2B-AS1	lncRNA	26	no ortholog in the table
ENSG00000279082	LINC01727	lncRNA	26	no ortholog in the table
ENSG00000125804	FAM182A	lncRNA	26	no ortholog in the table
ENSG00000185168	LINC00482	lncRNA	26	no ortholog in the table
ENSG00000203722	RAET1G	protein_coding	26	no ortholog in the table
ENSG00000263307	RSL1D1-DT	lncRNA	26	no ortholog in the table
ENSG00000257718	CPNE8-AS1	lncRNA	26	no ortholog in the table
ENSG00000242290	ZBTB20-AS5	lncRNA	26	no ortholog in the table
ENSG00000203875	SNHG5	lncRNA	26	no ortholog in the table
ENSG00000237298	TTN-AS1	lncRNA	26	no ortholog in the table
ENSG00000257443	LRIG3-DT	lncRNA	26	no ortholog in the table
ENSG00000225579	EDNRB-AS1	lncRNA	26	no ortholog in the table
ENSG00000225521	SNED1-AS1	lncRNA	26	no ortholog in the table
ENSG00000225339	SMIM29-AS1	lncRNA	26	no ortholog in the table
ENSG00000264575	LINC00526	lncRNA	26	no ortholog in the table
ENSG00000257219	LNCOG	lncRNA	26	no ortholog in the table
ENSG00000254842	LINC02551	lncRNA	26	no ortholog in the table
ENSG00000140832	MARVELD3	protein_coding	26	no ortholog in the table
ENSG00000282851	BISPR	lncRNA	26	no ortholog in the table
ENSG00000267452	LINC02073	lncRNA	26	no ortholog in the table
ENSG00000249815	LINC02945	lncRNA	26	no ortholog in the table
ENSG00000265907	LPIN2-AS1	lncRNA	26	no ortholog in the table
ENSG00000265590	CFAP298-TCP10L	protein_coding	26	no ortholog in the table
ENSG00000230910	ADGRB3-DT	lncRNA	26	no ortholog in the table
ENSG00000171124	FUT3	protein_coding	26	no ortholog in the table
ENSG00000187609	EXD3	protein_coding	26	no ortholog in the table
ENSG00000178700	DHFR2	protein_coding	26	no ortholog in the table
ENSG00000175773	ZBTB44-DT	lncRNA	26	no ortholog in the table
ENSG00000231107	LINC01508	lncRNA	26	no ortholog in the table
ENSG00000267013	LINC01929	lncRNA	26	no ortholog in the table
ENSG00000266970	SOCS3-DT	lncRNA	26	no ortholog in the table
ENSG00000267262	RFX2-AS1	lncRNA	26	no ortholog in the table
ENSG00000223392	CLDN10-AS1	lncRNA	26	no ortholog in the table
ENSG00000283683	MYOCOS	protein_coding	26	no ortholog in the table
ENSG00000239921	LINC01471	lncRNA	26	no ortholog in the table
ENSG00000224616	RTCA-AS1	lncRNA	26	no ortholog in the table
ENSG00000181626	ANKRD62	protein_coding	26	no ortholog in the table
ENSG00000259245	LINC02853	lncRNA	26	no ortholog in the table
ENSG00000183196	CHST6	protein_coding	26	no ortholog in the table
ENSG00000256223	ZNF10	protein_coding	26	no ortholog in the table
ENSG00000173163	COMMD1	protein_coding	26	no ortholog in the table
ENSG00000286214	COPG2IT1	lncRNA	26	no ortholog in the table
ENSG00000152433	ZNF547	protein_coding	26	no ortholog in the table
ENSG00000249700	SRD5A3-AS1	lncRNA	25	no ortholog in the table
ENSG00000168661	ZNF30	protein_coding	25	no ortholog in the table
ENSG00000267028	TCF4-AS1	lncRNA	25	no ortholog in the table
ENSG00000240038	AMY2B	protein_coding	25	no ortholog in the table
ENSG00000265313	LINC01476	lncRNA	25	no ortholog in the table
ENSG00000184730	APOBR	protein_coding	25	no ortholog in the table
ENSG00000239445	ST3GAL6-AS1	lncRNA	25	no ortholog in the table
ENSG00000240476	LINC00973	lncRNA	25	no ortholog in the table
ENSG00000285774	SAMD4A-AS1	lncRNA	25	no ortholog in the table
ENSG00000173124	ACSM6	protein_coding	25	no ortholog in the table
ENSG00000239213	NCK1-DT	lncRNA	25	no ortholog in the table
ENSG00000178412	CTDP1-DT	lncRNA	25	no ortholog in the table
ENSG00000238269	PAGE2B	protein_coding	25	no ortholog in the table
ENSG00000169100	SLC25A6	protein_coding	25	no ortholog in the table
ENSG00000256448	FAM168A-AS1	lncRNA	25	no ortholog in the table
ENSG00000231749	ABCA9-AS1	lncRNA	25	no ortholog in the table
ENSG00000231770	TMEM44-AS1	lncRNA	25	no ortholog in the table
ENSG00000231246	LINC02884	lncRNA	25	no ortholog in the table
ENSG00000181450	ZNF678	protein_coding	25	no ortholog in the table
ENSG00000264745	TTC39C-AS1	lncRNA	25	no ortholog in the table
ENSG00000224383	PRR29	protein_coding	25	no ortholog in the table
ENSG00000249375	CASC11	lncRNA	25	no ortholog in the table
ENSG00000256995	LINC02955	lncRNA	25	no ortholog in the table
ENSG00000140481	CCDC33	protein_coding	25	no ortholog in the table
ENSG00000240541	TM4SF1-AS1	lncRNA	25	no ortholog in the table
ENSG00000240770	C21orf91-OT1	lncRNA	25	no ortholog in the table
ENSG00000171130	ATP6V0E2	protein_coding	25	no ortholog in the table
ENSG00000255193	LINC02726	lncRNA	25	no ortholog in the table
ENSG00000152595	MEPE	protein_coding	25	no ortholog in the table
ENSG00000256982		lncRNA	25	no ortholog in the table
ENSG00000231826	LINC01819	lncRNA	25	no ortholog in the table
ENSG00000230530	LIMD1-AS1	lncRNA	25	no ortholog in the table
ENSG00000158497	HMHB1	protein_coding	25	no ortholog in the table
ENSG00000224875	EML4-AS1	lncRNA	25	no ortholog in the table
ENSG00000196531	NACA	protein_coding	25	no ortholog in the table
ENSG00000169314	C22orf15	protein_coding	25	no ortholog in the table
ENSG00000129946	SHC2	protein_coding	25	no ortholog in the table
ENSG00000225506	CYP4A22-AS1	lncRNA	25	no ortholog in the table
ENSG00000184210	DGAT2L6	protein_coding	25	ortholog(s) exist but none is in the other vocabulary
ENSG00000224853	LINC00393	lncRNA	25	no ortholog in the table
ENSG00000171067	C11orf24	protein_coding	25	no ortholog in the table
ENSG00000182264	IZUMO1	protein_coding	25	no ortholog in the table
ENSG00000203756	TMEM244	protein_coding	25	no ortholog in the table
ENSG00000203785	SPRR2E	protein_coding	25	no ortholog in the table
ENSG00000053371	AKR7A2	protein_coding	25	no ortholog in the table
ENSG00000232803	SLCO4A1-AS1	lncRNA	25	no ortholog in the table
ENSG00000180953	ST20	lncRNA	25	no ortholog in the table
ENSG00000197714	ZNF460	protein_coding	25	no ortholog in the table
ENSG00000280734	LINC01232	lncRNA	25	no ortholog in the table
ENSG00000225180	PVALEF	protein_coding	25	no ortholog in the table
ENSG00000105146	AURKC	protein_coding	25	no ortholog in the table
ENSG00000105072	C19orf44	protein_coding	25	no ortholog in the table
ENSG00000158764	ITLN2	protein_coding	25	no ortholog in the table
ENSG00000243069	ARHGEF26-AS1	lncRNA	25	no ortholog in the table
ENSG00000243137	PSG4	protein_coding	25	no ortholog in the table
ENSG00000236432	MFF-DT	lncRNA	25	no ortholog in the table
ENSG00000236467	KCNMA1-AS1	lncRNA	25	no ortholog in the table
ENSG00000169474	SPRR1A	protein_coding	25	no ortholog in the table
ENSG00000277462	ZNF670	protein_coding	25	no ortholog in the table
ENSG00000230148	HOXB-AS1	lncRNA	25	no ortholog in the table
ENSG00000176571	CNBD1	protein_coding	25	no ortholog in the table
ENSG00000182352	CD300LD-AS1	lncRNA	25	no ortholog in the table
ENSG00000251075	HTT-AS	lncRNA	25	no ortholog in the table
ENSG00000225791	TRAM2-AS1	lncRNA	25	no ortholog in the table
ENSG00000236130	PTCSC2	lncRNA	25	no ortholog in the table
ENSG00000167562	ZNF701	protein_coding	25	no ortholog in the table
ENSG00000257698	GIHCG	lncRNA	25	no ortholog in the table
ENSG00000172748	ZNF596	protein_coding	25	no ortholog in the table
ENSG00000180712	LINC02363	lncRNA	25	no ortholog in the table
ENSG00000134046	MBD2	protein_coding	25	no ortholog in the table
ENSG00000186471	AKAP14	protein_coding	25	no ortholog in the table
ENSG00000243660	ZNF487	protein_coding	25	no ortholog in the table
ENSG00000197934	CYYR1-AS1	lncRNA	25	no ortholog in the table
ENSG00000196263	ZNF471	protein_coding	25	no ortholog in the table
ENSG00000233387	IATPR	lncRNA	25	no ortholog in the table
ENSG00000261359	PYCARD-AS1	lncRNA	25	no ortholog in the table
ENSG00000261404	PSMD7-DT	lncRNA	25	no ortholog in the table
ENSG00000276180	H4C9	protein_coding	25	no ortholog in the table
ENSG00000243926	TIPARP-AS1	lncRNA	25	no ortholog in the table
ENSG00000244165	P2RY11	protein_coding	25	no ortholog in the table
ENSG00000179057	IGSF22	protein_coding	25	no ortholog in the table
ENSG00000166012	TAF1D	protein_coding	25	no ortholog in the table
ENSG00000270106	TSNAX-DISC1	protein_coding	25	no ortholog in the table
ENSG00000248677	LINC02102	lncRNA	25	no ortholog in the table
ENSG00000067445	TRO	protein_coding	25	no ortholog in the table
ENSG00000205611	LINC01597	lncRNA	25	no ortholog in the table
ENSG00000253837	LOXL2-AS1	lncRNA	25	no ortholog in the table
ENSG00000147378	FATE1	protein_coding	25	no ortholog in the table
ENSG00000214407	RDUR	lncRNA	25	no ortholog in the table
ENSG00000251226	LINC02714	lncRNA	25	no ortholog in the table
ENSG00000258766	DIO2-AS1	lncRNA	25	no ortholog in the table
ENSG00000226825	LINC01509	lncRNA	25	no ortholog in the table
ENSG00000251247	ZNF345	protein_coding	25	no ortholog in the table
ENSG00000206417	H1-10-AS1	lncRNA	25	no ortholog in the table
ENSG00000245105	A2M-AS1	lncRNA	25	no ortholog in the table
ENSG00000258657	GZMH-AS1	lncRNA	25	no ortholog in the table
ENSG00000258512	LINC00239	lncRNA	25	no ortholog in the table
ENSG00000260339	HEXA-AS1	lncRNA	25	no ortholog in the table
ENSG00000229056	HECW2-AS1	lncRNA	25	no ortholog in the table
ENSG00000245248	USP2-AS1	lncRNA	25	no ortholog in the table
ENSG00000213967	ZNF726	protein_coding	25	no ortholog in the table
ENSG00000258586	LINC02274	lncRNA	25	no ortholog in the table
ENSG00000234235	BOK-AS1	lncRNA	25	no ortholog in the table
ENSG00000247151	CSTF3-DT	lncRNA	25	no ortholog in the table
ENSG00000234593	KAZN-AS1	lncRNA	25	no ortholog in the table
ENSG00000245662	LINC02211	lncRNA	25	no ortholog in the table
ENSG00000170074	FAM153A	protein_coding	25	no ortholog in the table
ENSG00000227268	KLLN	protein_coding	25	no ortholog in the table
ENSG00000188818	ZDHHC11	protein_coding	25	no ortholog in the table
ENSG00000235185	MICOS10-DT	lncRNA	25	no ortholog in the table
ENSG00000258859	LINC02296	lncRNA	25	no ortholog in the table
ENSG00000073067	CYP2W1	protein_coding	25	ortholog(s) exist but none is in the other vocabulary
ENSG00000258666	WARS1-AS1	lncRNA	25	no ortholog in the table
ENSG00000259786	LINC02109	lncRNA	25	no ortholog in the table
ENSG00000159915	ZNF233	protein_coding	25	no ortholog in the table
ENSG00000137337	MDC1	protein_coding	25	no ortholog in the table
ENSG00000227640	SOX21-AS1	lncRNA	25	no ortholog in the table
ENSG00000253408	IKBKB-DT	lncRNA	25	no ortholog in the table
ENSG00000160072	ATAD3B	protein_coding	25	no ortholog in the table
ENSG00000253552	HOXA-AS2	lncRNA	25	no ortholog in the table
ENSG00000227945	PTPRK-AS1	lncRNA	25	no ortholog in the table
ENSG00000228016	RAPGEF4-AS1	lncRNA	25	no ortholog in the table
ENSG00000189042	ZNF567	protein_coding	25	no ortholog in the table
ENSG00000188993	LRRC66	protein_coding	25	no ortholog in the table
ENSG00000198455	ZXDB	protein_coding	25	no ortholog in the table
ENSG00000255760	LINC02422	lncRNA	25	no ortholog in the table
ENSG00000289405		lncRNA	25	no ortholog in the table
ENSG00000288025		lncRNA	25	no ortholog in the table
ENSG00000223813	PRR15-DT	lncRNA	25	no ortholog in the table
ENSG00000224032	EPB41L4A-AS1	lncRNA	25	no ortholog in the table
ENSG00000255595	LINC02350	lncRNA	25	no ortholog in the table
ENSG00000224509	MRPS9-AS2	lncRNA	25	no ortholog in the table
ENSG00000256713	PGA5	protein_coding	25	no ortholog in the table
ENSG00000286577		lncRNA	25	no ortholog in the table
ENSG00000239941	LINC02917	lncRNA	24	no ortholog in the table
ENSG00000256717	LINC02698	lncRNA	24	no ortholog in the table
ENSG00000224189	HAGLR	lncRNA	24	no ortholog in the table
ENSG00000249917	LINC00536	lncRNA	24	no ortholog in the table
ENSG00000230866	LINC02558	lncRNA	24	no ortholog in the table
ENSG00000168273	UQCC5	protein_coding	24	no ortholog in the table
ENSG00000267041	ZNF850	protein_coding	24	no ortholog in the table
ENSG00000246334	PRR7-AS1	lncRNA	24	no ortholog in the table
ENSG00000142528	ZNF473	protein_coding	24	no ortholog in the table
ENSG00000274641	H2BC17	protein_coding	24	no ortholog in the table
ENSG00000227471	AKR1B15	protein_coding	24	no ortholog in the table
ENSG00000213231	TCL1B	protein_coding	24	no ortholog in the table
ENSG00000124251	TP53TG5	protein_coding	24	no ortholog in the table
ENSG00000170100	ZNF778	protein_coding	24	no ortholog in the table
ENSG00000253301	LINC01606	lncRNA	24	no ortholog in the table
ENSG00000198521	ZNF43	protein_coding	24	no ortholog in the table
ENSG00000228363	CHMP3-AS1	lncRNA	24	no ortholog in the table
ENSG00000234511	C5orf58	protein_coding	24	no ortholog in the table
ENSG00000234690	EPCAM-DT	lncRNA	24	no ortholog in the table
ENSG00000246898	LINC00920	lncRNA	24	no ortholog in the table
ENSG00000142065	ZFP14	protein_coding	24	no ortholog in the table
ENSG00000253716	MINCR	lncRNA	24	no ortholog in the table
ENSG00000213903	LTB4R	protein_coding	24	no ortholog in the table
ENSG00000198681	MAGEA1	protein_coding	24	no ortholog in the table
ENSG00000235706	DICER1-AS1	lncRNA	24	no ortholog in the table
ENSG00000235731	LINC02250	lncRNA	24	no ortholog in the table
ENSG00000189144	ZNF573	protein_coding	24	no ortholog in the table
ENSG00000226995	LINC00658	lncRNA	24	no ortholog in the table
ENSG00000170367	CST5	protein_coding	24	no ortholog in the table
ENSG00000234423	LINC01250	lncRNA	24	no ortholog in the table
ENSG00000271856	LINC01215	lncRNA	24	no ortholog in the table
ENSG00000198205	ZXDA	protein_coding	24	no ortholog in the table
ENSG00000177337	DLGAP1-AS1	lncRNA	24	no ortholog in the table
ENSG00000177338	LINC00469	lncRNA	24	no ortholog in the table
ENSG00000160339	FCN2	protein_coding	24	no ortholog in the table
ENSG00000186160	CYP4Z1	protein_coding	24	no ortholog in the table
ENSG00000198221	AFDN-DT	lncRNA	24	no ortholog in the table
ENSG00000175061	SNHG29	lncRNA	24	no ortholog in the table
ENSG00000251364	SYT9-AS1	lncRNA	24	no ortholog in the table
ENSG00000214491	SEC14L6	protein_coding	24	no ortholog in the table
ENSG00000226648	PLCG1-AS1	lncRNA	24	no ortholog in the table
ENSG00000270959	LPP-AS2	lncRNA	24	no ortholog in the table
ENSG00000248008	NRAV	lncRNA	24	no ortholog in the table
ENSG00000167232	ZNF91	protein_coding	24	no ortholog in the table
ENSG00000233695	GAS6-AS1	lncRNA	24	no ortholog in the table
ENSG00000233725	NRAD1	lncRNA	24	no ortholog in the table
ENSG00000229867	STEAP3-AS1	lncRNA	24	no ortholog in the table
ENSG00000225940	C5orf67	lncRNA	24	no ortholog in the table
ENSG00000233607	LINC01392	lncRNA	24	no ortholog in the table
ENSG00000229862	EEF1A1-AS1	lncRNA	24	no ortholog in the table
ENSG00000257585	LINC00609	lncRNA	24	no ortholog in the table
ENSG00000254416	LINC02732	lncRNA	24	no ortholog in the table
ENSG00000178922	HYI	protein_coding	24	no ortholog in the table
ENSG00000186470	BTN3A2	protein_coding	24	no ortholog in the table
ENSG00000186496	ZNF396	protein_coding	24	no ortholog in the table
ENSG00000140993	TIGD7	protein_coding	24	no ortholog in the table
ENSG00000186684	CYP27C1	protein_coding	24	no ortholog in the table
ENSG00000233321	LINC02669	lncRNA	24	no ortholog in the table
ENSG00000196378	ZNF34	protein_coding	24	no ortholog in the table
ENSG00000172771	EFCAB12	protein_coding	24	no ortholog in the table
ENSG00000215808	LINC01139	lncRNA	24	no ortholog in the table
ENSG00000250548	LINC01303	lncRNA	24	no ortholog in the table
ENSG00000268658	LINC00664	lncRNA	24	no ortholog in the table
ENSG00000204947	ZNF425	protein_coding	24	no ortholog in the table
ENSG00000170954	ZNF415	protein_coding	24	no ortholog in the table
ENSG00000232633		lncRNA	24	no ortholog in the table
ENSG00000187912	CLEC17A	protein_coding	24	no ortholog in the table
ENSG00000118156	ZNF541	protein_coding	24	ortholog(s) exist but none is in the other vocabulary
ENSG00000203585	LINC02408	lncRNA	24	no ortholog in the table
ENSG00000225231	LINC02470	lncRNA	24	no ortholog in the table
ENSG00000110245	APOC3	protein_coding	24	no ortholog in the table
ENSG00000196466	ZNF799	protein_coding	24	no ortholog in the table
ENSG00000279968	CCDC28A-AS1	lncRNA	24	no ortholog in the table
ENSG00000216588	IGSF23	protein_coding	24	no ortholog in the table
ENSG00000203739	PRDX6-AS1	lncRNA	24	no ortholog in the table
ENSG00000255071	SAA2-SAA4	protein_coding	24	no ortholog in the table
ENSG00000150873	CIMIP5	protein_coding	24	no ortholog in the table
ENSG00000177842	ZNF620	protein_coding	24	no ortholog in the table
ENSG00000178722	LINC03122	lncRNA	24	no ortholog in the table
ENSG00000230390	LINC01048	lncRNA	24	no ortholog in the table
ENSG00000230417	LINC00856	lncRNA	24	no ortholog in the table
ENSG00000129646	QRICH2	protein_coding	24	no ortholog in the table
ENSG00000197363	ZNF517	protein_coding	24	no ortholog in the table
ENSG00000237637	FRY-AS1	lncRNA	24	no ortholog in the table
ENSG00000241472	PTPRG-AS1	lncRNA	24	no ortholog in the table
ENSG00000232046	LINC01798	lncRNA	24	no ortholog in the table
ENSG00000250125	LINC02232	lncRNA	24	no ortholog in the table
ENSG00000204869	IGFL4	protein_coding	24	no ortholog in the table
ENSG00000168152	THAP9	protein_coding	24	no ortholog in the table
ENSG00000224429	LINC00539	lncRNA	24	no ortholog in the table
ENSG00000255494	LINC00681	lncRNA	24	no ortholog in the table
ENSG00000265148	TSPOAP1-AS1	lncRNA	24	no ortholog in the table
ENSG00000144792	ZNF660	protein_coding	24	no ortholog in the table
ENSG00000231682	LINC01891	lncRNA	24	no ortholog in the table
ENSG00000204625	HCG9	lncRNA	24	no ortholog in the table
ENSG00000197020	ZNF100	protein_coding	24	no ortholog in the table
ENSG00000197050	ZNF420	protein_coding	24	no ortholog in the table
ENSG00000127081	ZNF484	protein_coding	24	no ortholog in the table
ENSG00000286046		lncRNA	24	no ortholog in the table
ENSG00000256087	ZNF432	protein_coding	24	no ortholog in the table
ENSG00000166800	LDHAL6A	protein_coding	24	no ortholog in the table
ENSG00000132016	BRME1	protein_coding	24	no ortholog in the table
ENSG00000234772	LINC00412	lncRNA	24	no ortholog in the table
ENSG00000142959	BEST4	protein_coding	24	no ortholog in the table
ENSG00000196976	LAGE3	protein_coding	24	no ortholog in the table
ENSG00000197085	NPSR1-AS1	lncRNA	24	no ortholog in the table
ENSG00000288602	C8orf44-SGK3	protein_coding	23	no ortholog in the table
ENSG00000288569	LINC01949	lncRNA	23	no ortholog in the table
ENSG00000287154		lncRNA	23	no ortholog in the table
ENSG00000128713	HOXD11	protein_coding	23	ortholog(s) exist but none is in the other vocabulary
ENSG00000255920	CCND2-AS1	lncRNA	23	no ortholog in the table
ENSG00000255867	DENND5B-AS1	lncRNA	23	no ortholog in the table
ENSG00000079101	CLUL1	protein_coding	23	no ortholog in the table
ENSG00000162438	CTRC	protein_coding	23	no ortholog in the table
ENSG00000080511	RDH8	protein_coding	23	ortholog(s) exist but none is in the other vocabulary
ENSG00000285454		lncRNA	23	no ortholog in the table
ENSG00000231407	GORAB-AS1	lncRNA	23	no ortholog in the table
ENSG00000119227	PIGZ	protein_coding	23	no ortholog in the table
ENSG00000256690	STX5-DT	lncRNA	23	no ortholog in the table
ENSG00000127530	OR7C1	protein_coding	23	no ortholog in the table
ENSG00000196810	CTBP1-DT	lncRNA	23	no ortholog in the table
ENSG00000101951	PAGE4	protein_coding	23	no ortholog in the table
ENSG00000249332	LINC02149	lncRNA	23	no ortholog in the table
ENSG00000249345	LINC02405	lncRNA	23	no ortholog in the table
ENSG00000231689	LINC01090	lncRNA	23	no ortholog in the table
ENSG00000257084	MIR200CHG	lncRNA	23	no ortholog in the table
ENSG00000230442	ASB15-AS1	lncRNA	23	no ortholog in the table
ENSG00000204241	LINC02731	lncRNA	23	no ortholog in the table
ENSG00000230798	FOXD3-AS1	lncRNA	23	no ortholog in the table
ENSG00000237742	HEY2-AS1	lncRNA	23	no ortholog in the table
ENSG00000241288	LINC02614	lncRNA	23	no ortholog in the table
ENSG00000255153	TOLLIP-DT	lncRNA	23	no ortholog in the table
ENSG00000111254	AKAP3	protein_coding	23	ortholog(s) exist but none is in the other vocabulary
ENSG00000267432	DNAH17-AS1	lncRNA	23	no ortholog in the table
ENSG00000129535	NRL	protein_coding	23	ortholog(s) exist but none is in the other vocabulary
ENSG00000196553	CCDC196	protein_coding	23	ortholog(s) exist but none is in the other vocabulary
ENSG00000172967	XKR3	protein_coding	23	no ortholog in the table
ENSG00000105479	ODAD1	protein_coding	23	no ortholog in the table
ENSG00000118231	CRYGD	protein_coding	23	no ortholog in the table
ENSG00000241878	PISD	protein_coding	23	no ortholog in the table
ENSG00000169327	OR5AU1	protein_coding	23	ortholog(s) exist but none is in the other vocabulary
ENSG00000186814	ZSCAN30	protein_coding	23	no ortholog in the table
ENSG00000144410	CPO	protein_coding	23	no ortholog in the table
ENSG00000232907	DLGAP4-AS1	lncRNA	23	no ortholog in the table
ENSG00000281189	GHET1	lncRNA	23	no ortholog in the table
ENSG00000237057	LINC02087	lncRNA	23	no ortholog in the table
ENSG00000165799	RNASE7	protein_coding	23	no ortholog in the table
ENSG00000263317	LINC01982	lncRNA	23	no ortholog in the table
ENSG00000225194	LINC00092	lncRNA	23	no ortholog in the table
ENSG00000281392	LINC00506	lncRNA	23	no ortholog in the table
ENSG00000106603	COA1	protein_coding	23	no ortholog in the table
ENSG00000225342	LRRK2-DT	lncRNA	23	no ortholog in the table
ENSG00000225377	NRSN2-AS1	lncRNA	23	no ortholog in the table
ENSG00000242428	CFAP20DC-AS1	lncRNA	23	no ortholog in the table
ENSG00000257747	LINC02426	lncRNA	23	no ortholog in the table
ENSG00000188033	ZNF490	protein_coding	23	no ortholog in the table
ENSG00000180884	ZNF792	protein_coding	23	no ortholog in the table
ENSG00000230212	CBR1-AS1	lncRNA	23	no ortholog in the table
ENSG00000171606	ZNF274	protein_coding	23	no ortholog in the table
ENSG00000254703	SENCR	lncRNA	23	no ortholog in the table
ENSG00000197808	ZNF461	protein_coding	23	no ortholog in the table
ENSG00000242741	LINC02005	lncRNA	23	no ortholog in the table
ENSG00000236373	LINC02653	lncRNA	23	no ortholog in the table
ENSG00000261366	MANEA-DT	lncRNA	23	no ortholog in the table
ENSG00000261390	MAFTRR	lncRNA	23	no ortholog in the table
ENSG00000182393	IFNL1	protein_coding	23	no ortholog in the table
ENSG00000233070	ZFY-AS1	lncRNA	23	no ortholog in the table
ENSG00000169509	CRCT1	protein_coding	23	no ortholog in the table
ENSG00000257883	LINC03088	lncRNA	23	no ortholog in the table
ENSG00000117010	ZNF684	protein_coding	23	no ortholog in the table
ENSG00000104953	TLE6	protein_coding	23	no ortholog in the table
ENSG00000254211	LINC01485	lncRNA	23	no ortholog in the table
ENSG00000236202	GRM7-AS1	lncRNA	23	no ortholog in the table
ENSG00000196247	ZNF107	protein_coding	23	no ortholog in the table
ENSG00000172687	ZNF738	protein_coding	23	no ortholog in the table
ENSG00000248489	CHD1-DT	lncRNA	23	no ortholog in the table
ENSG00000260423	LINC02367	lncRNA	23	no ortholog in the table
ENSG00000243811	APOBEC3D	protein_coding	23	no ortholog in the table
ENSG00000236303	LINC02646	lncRNA	23	no ortholog in the table
ENSG00000226237	GAS1RR	lncRNA	23	no ortholog in the table
ENSG00000226272	ARHGAP26-AS1	lncRNA	23	no ortholog in the table
ENSG00000248300	LINC02360	lncRNA	23	no ortholog in the table
ENSG00000234076	TPRG1-AS1	lncRNA	23	no ortholog in the table
ENSG00000244342	LINC00698	lncRNA	23	no ortholog in the table
ENSG00000198131	ZNF544	protein_coding	23	no ortholog in the table
ENSG00000251309		lncRNA	23	no ortholog in the table
ENSG00000260468	LINC01290	lncRNA	23	no ortholog in the table
ENSG00000260708	TBC1D22A-DT	lncRNA	23	no ortholog in the table
ENSG00000235961	PNMA6A	protein_coding	23	no ortholog in the table
ENSG00000172476	RAB40A	protein_coding	23	no ortholog in the table
ENSG00000114124	GRK7	protein_coding	23	no ortholog in the table
ENSG00000068985	PAGE1	protein_coding	23	no ortholog in the table
ENSG00000258548	LINC00645	lncRNA	23	no ortholog in the table
ENSG00000188624	IGFL3	protein_coding	23	no ortholog in the table
ENSG00000234191	LINC01283	lncRNA	23	no ortholog in the table
ENSG00000226869	LHFPL3-AS1	lncRNA	23	no ortholog in the table
ENSG00000245213	GALNT7-DT	lncRNA	23	no ortholog in the table
ENSG00000253658	LINC01592	lncRNA	23	no ortholog in the table
ENSG00000227145	IL21-AS1	lncRNA	23	no ortholog in the table
ENSG00000245522	LINC02709	lncRNA	23	no ortholog in the table
ENSG00000228705	LINC00659	lncRNA	23	no ortholog in the table
ENSG00000228789	HCG22	lncRNA	23	no ortholog in the table
ENSG00000246982	BRPF3-AS1	lncRNA	23	no ortholog in the table
ENSG00000176988	FMR1NB	protein_coding	23	no ortholog in the table
ENSG00000273129	PACERR	lncRNA	23	no ortholog in the table
ENSG00000273297	LINC03060	lncRNA	23	no ortholog in the table
ENSG00000131849	ZNF132	protein_coding	23	no ortholog in the table
ENSG00000235142	LINC02532	lncRNA	23	no ortholog in the table
ENSG00000245864	MEF2C-AS2	lncRNA	23	no ortholog in the table
ENSG00000143001	TMEM61	protein_coding	23	no ortholog in the table
ENSG00000213462	ERV3-1	protein_coding	23	no ortholog in the table
ENSG00000259349	APPBP2-DT	lncRNA	23	no ortholog in the table
ENSG00000172023	REG1B	protein_coding	23	no ortholog in the table
ENSG00000179909	ZNF154	protein_coding	23	no ortholog in the table
ENSG00000213185	FAM24B	protein_coding	23	no ortholog in the table
ENSG00000227543	SPAG5-AS1	lncRNA	23	no ortholog in the table
ENSG00000227544	LINC03013	lncRNA	23	no ortholog in the table
ENSG00000253230	MIR124-1HG	lncRNA	23	no ortholog in the table
ENSG00000177138	FAM9B	protein_coding	23	no ortholog in the table
ENSG00000234756	LINC02621	lncRNA	23	no ortholog in the table
ENSG00000259685	IDH2-DT	lncRNA	23	no ortholog in the table
ENSG00000228061	ELP4-AS1	lncRNA	23	no ortholog in the table
ENSG00000173200	PARP15	protein_coding	23	no ortholog in the table
ENSG00000255571	MIR9-3HG	lncRNA	23	no ortholog in the table
ENSG00000255650	FAM222A-AS1	lncRNA	23	no ortholog in the table
ENSG00000204540	PSORS1C1	protein_coding	23	no ortholog in the table
ENSG00000157873	TNFRSF14	protein_coding	23	no ortholog in the table
ENSG00000128394	APOBEC3F	protein_coding	23	no ortholog in the table
ENSG00000197044	ZNF441	protein_coding	23	no ortholog in the table
ENSG00000168830	HTR1E	protein_coding	23	no ortholog in the table
ENSG00000128253	RFPL2	protein_coding	22	no ortholog in the table
ENSG00000196911	KPNA5	protein_coding	22	no ortholog in the table
ENSG00000165028	NIPSNAP3B	protein_coding	22	no ortholog in the table
ENSG00000171291	ZNF439	protein_coding	22	no ortholog in the table
ENSG00000152086	TUBA3E	protein_coding	22	no ortholog in the table
ENSG00000175728	LINC02873	lncRNA	22	no ortholog in the table
ENSG00000165182	CXorf58	protein_coding	22	no ortholog in the table
ENSG00000231367	LINC02613	lncRNA	22	no ortholog in the table
ENSG00000204516	MICB	protein_coding	22	no ortholog in the table
ENSG00000224459	SLC25A34-AS1	lncRNA	22	no ortholog in the table
ENSG00000228401	LNCEGFL7OS	lncRNA	22	no ortholog in the table
ENSG00000228412	LNC-LBCS	lncRNA	22	no ortholog in the table
ENSG00000246523	FZD4-DT	lncRNA	22	no ortholog in the table
ENSG00000253111	TRIB1AL	lncRNA	22	no ortholog in the table
ENSG00000132517	SLC52A1	protein_coding	22	no ortholog in the table
ENSG00000235106	BRD3OS	protein_coding	22	no ortholog in the table
ENSG00000148513	ANKRD30A	protein_coding	22	no ortholog in the table
ENSG00000213373	LINC00671	lncRNA	22	no ortholog in the table
ENSG00000213799	ZNF845	protein_coding	22	no ortholog in the table
ENSG00000245468	LINC02447	lncRNA	22	no ortholog in the table
ENSG00000258912	LINC02316	lncRNA	22	no ortholog in the table
ENSG00000253738	OTUD6B-AS1	lncRNA	22	no ortholog in the table
ENSG00000275221	H2AC15	protein_coding	22	no ortholog in the table
ENSG00000131845	ZNF304	protein_coding	22	no ortholog in the table
ENSG00000213214	ARHGEF35	protein_coding	22	no ortholog in the table
ENSG00000272695	GAS6-DT	lncRNA	22	no ortholog in the table
ENSG00000272841	MAP3K4-AS1	lncRNA	22	no ortholog in the table
ENSG00000258602	LINC01629	lncRNA	22	no ortholog in the table
ENSG00000253661	ZFHX4-AS1	lncRNA	22	no ortholog in the table
ENSG00000258743	LINC02301	lncRNA	22	no ortholog in the table
ENSG00000272138	LINC01607	lncRNA	22	no ortholog in the table
ENSG00000260565	ERVK13-1	lncRNA	22	no ortholog in the table
ENSG00000189298	ZKSCAN3	protein_coding	22	no ortholog in the table
ENSG00000166246	DNAAF8	protein_coding	22	no ortholog in the table
ENSG00000248174	LINC02268	lncRNA	22	no ortholog in the table
ENSG00000260898	ADPGK-AS1	lncRNA	22	no ortholog in the table
ENSG00000198039	ZNF273	protein_coding	22	no ortholog in the table
ENSG00000196081	ZNF724	protein_coding	22	no ortholog in the table
ENSG00000233860	SHROOM3-AS1	lncRNA	22	no ortholog in the table
ENSG00000125337	KIF25	protein_coding	22	no ortholog in the table
ENSG00000196166	LINC03042	lncRNA	22	no ortholog in the table
ENSG00000229272	LINC03036	lncRNA	22	no ortholog in the table
ENSG00000229415	SFTA3	lncRNA	22	no ortholog in the table
ENSG00000233610	LINC00462	lncRNA	22	no ortholog in the table
ENSG00000205592	MUC19	protein_coding	22	no ortholog in the table
ENSG00000125520	SLC2A4RG	protein_coding	22	no ortholog in the table
ENSG00000180525	DIP2C-AS1	lncRNA	22	no ortholog in the table
ENSG00000226026	RWDD3-DT	lncRNA	22	no ortholog in the table
ENSG00000083828	ZNF586	protein_coding	22	no ortholog in the table
ENSG00000167523	SPATA33	protein_coding	22	no ortholog in the table
ENSG00000233527	ZNF529-AS1	lncRNA	22	no ortholog in the table
ENSG00000188171	ZNF626	protein_coding	22	no ortholog in the table
ENSG00000269235	ZNF350-AS1	lncRNA	22	no ortholog in the table
ENSG00000164411	GJB7	protein_coding	22	no ortholog in the table
ENSG00000197933	ZNF823	protein_coding	22	no ortholog in the table
ENSG00000196357	ZNF565	protein_coding	22	no ortholog in the table
ENSG00000163283	ALPP	protein_coding	22	ortholog(s) exist but none is in the other vocabulary
ENSG00000229922	LINC02865	lncRNA	22	no ortholog in the table
ENSG00000269289	ZNF276-AS1	lncRNA	22	no ortholog in the table
ENSG00000165948	IFI27L1	protein_coding	22	no ortholog in the table
ENSG00000180626	ZNF594	protein_coding	22	no ortholog in the table
ENSG00000197863	ZNF790	protein_coding	22	no ortholog in the table
ENSG00000277481	PKD1L3	protein_coding	22	no ortholog in the table
ENSG00000257986	LINC02306	lncRNA	22	no ortholog in the table
ENSG00000075407	ZNF37A	protein_coding	22	no ortholog in the table
ENSG00000183921	SDR42E2	protein_coding	22	ortholog(s) exist but none is in the other vocabulary
ENSG00000248727	LINC01948	lncRNA	22	no ortholog in the table
ENSG00000230082	PRRT3-AS1	lncRNA	22	no ortholog in the table
ENSG00000243550	LINC01214	lncRNA	22	no ortholog in the table
ENSG00000261456	TUBB8	protein_coding	22	no ortholog in the table
ENSG00000203499	IQANK1	protein_coding	22	ortholog(s) exist but none is in the other vocabulary
ENSG00000250620	LINC02515	lncRNA	22	no ortholog in the table
ENSG00000225470	JPX	lncRNA	22	no ortholog in the table
ENSG00000140941	MAP1LC3B	protein_coding	22	no ortholog in the table
ENSG00000280780	JAKMIP2-AS1	lncRNA	22	no ortholog in the table
ENSG00000096996	IL12RB1	protein_coding	22	no ortholog in the table
ENSG00000156384	SFR1	protein_coding	22	no ortholog in the table
ENSG00000268751	SCGB1B2P	lncRNA	22	no ortholog in the table
ENSG00000280109	PLAC4	lncRNA	22	no ortholog in the table
ENSG00000197536	CARINH	lncRNA	22	no ortholog in the table
ENSG00000146707	POMZP3	protein_coding	22	no ortholog in the table
ENSG00000197619	ZNF615	protein_coding	22	no ortholog in the table
ENSG00000167920	KRT10-AS1	lncRNA	22	no ortholog in the table
ENSG00000167840	ZNF232	protein_coding	22	no ortholog in the table
ENSG00000112539	C6orf118	protein_coding	22	no ortholog in the table
ENSG00000230319	TTLL1-AS1	lncRNA	22	no ortholog in the table
ENSG00000230487	PSMG3-AS1	lncRNA	22	no ortholog in the table
ENSG00000224699	LAMTOR5-AS1	lncRNA	22	no ortholog in the table
ENSG00000255084	NARS2-AS1	lncRNA	22	no ortholog in the table
ENSG00000171102	OBP2B	protein_coding	22	no ortholog in the table
ENSG00000267549	ZSCAN5A-AS1	lncRNA	22	no ortholog in the table
ENSG00000105497	ZNF175	protein_coding	22	no ortholog in the table
ENSG00000263787	SKAP1-AS1	lncRNA	22	no ortholog in the table
ENSG00000129673	AANAT	protein_coding	22	ortholog(s) exist but none is in the other vocabulary
ENSG00000283361	CFAP97D2	protein_coding	22	no ortholog in the table
ENSG00000267327			22	no ortholog in the table
ENSG00000145908	ZNF300	protein_coding	22	no ortholog in the table
ENSG00000186960	LINC01551	lncRNA	22	no ortholog in the table
ENSG00000255052	FAM66D	lncRNA	22	no ortholog in the table
ENSG00000232131	NCOA7-AS1	lncRNA	22	no ortholog in the table
ENSG00000171103	TRMT61B	protein_coding	22	no ortholog in the table
ENSG00000231908	IDH1-AS1	lncRNA	22	no ortholog in the table
ENSG00000230606	APPAT	lncRNA	22	no ortholog in the table
ENSG00000230817	LINC01362	lncRNA	22	no ortholog in the table
ENSG00000241388	HNF1A-AS1	lncRNA	22	no ortholog in the table
ENSG00000267272	LINC01140	lncRNA	22	no ortholog in the table
ENSG00000265962	GACAT2	lncRNA	22	no ortholog in the table
ENSG00000223403	MEG9	lncRNA	22	no ortholog in the table
ENSG00000128000	ZNF780B	protein_coding	22	no ortholog in the table
ENSG00000168703	WFDC12	protein_coding	22	no ortholog in the table
ENSG00000285972	CERNA2	lncRNA	22	no ortholog in the table
ENSG00000145241	CENPC	protein_coding	22	no ortholog in the table
ENSG00000105708	ZNF14	protein_coding	22	no ortholog in the table
ENSG00000231473	RB1-DT	lncRNA	22	no ortholog in the table
ENSG00000246174	KCTD21-AS1	lncRNA	22	no ortholog in the table
ENSG00000259475	SYNM-AS1	lncRNA	22	no ortholog in the table
ENSG00000227811	INKA2-AS1	lncRNA	22	no ortholog in the table
ENSG00000228035	NGF-AS1	lncRNA	22	no ortholog in the table
ENSG00000274461	LINC02930	lncRNA	22	no ortholog in the table
ENSG00000234693	RIPOR3-AS1	lncRNA	22	no ortholog in the table
ENSG00000228058	LINC01736	lncRNA	22	no ortholog in the table
ENSG00000006757	PNPLA4	protein_coding	21	no ortholog in the table
ENSG00000006756	ARSD	protein_coding	21	no ortholog in the table
ENSG00000283141	LINC02666	lncRNA	21	no ortholog in the table
ENSG00000282933	RHOXF1P3	protein_coding	21	no ortholog in the table
ENSG00000141219	MTNAP1	protein_coding	21	no ortholog in the table
ENSG00000237880	LINC01885	lncRNA	21	no ortholog in the table
ENSG00000234753	FOXP4-AS1	lncRNA	21	no ortholog in the table
ENSG00000234722	LINC01287	lncRNA	21	no ortholog in the table
ENSG00000240137	ERICH6-AS1	lncRNA	21	no ortholog in the table
ENSG00000101405	OXT	protein_coding	21	no ortholog in the table
ENSG00000234336	JAZF1-AS1	lncRNA	21	no ortholog in the table
ENSG00000143954	REG3G	protein_coding	21	no ortholog in the table
ENSG00000168255	POLR2J3	protein_coding	21	no ortholog in the table
ENSG00000184608	FAM167A-AS1	lncRNA	21	no ortholog in the table
ENSG00000233954	UQCRHL	protein_coding	21	no ortholog in the table
ENSG00000233791	BTG2-DT	lncRNA	21	no ortholog in the table
ENSG00000161277	THAP8	protein_coding	21	no ortholog in the table
ENSG00000233593	LINC02609	lncRNA	21	no ortholog in the table
ENSG00000277987	LINC02351	lncRNA	21	no ortholog in the table
ENSG00000233184	DPH5-DT	lncRNA	21	no ortholog in the table
ENSG00000105219	CCNP	protein_coding	21	no ortholog in the table
ENSG00000241956	LINC03000	lncRNA	21	no ortholog in the table
ENSG00000231776	LINC01611	lncRNA	21	no ortholog in the table
ENSG00000185404	SP140L	protein_coding	21	no ortholog in the table
ENSG00000023572	GLRX2	protein_coding	21	no ortholog in the table
ENSG00000231023	LINC00326	lncRNA	21	no ortholog in the table
ENSG00000230601	TEX48	protein_coding	21	no ortholog in the table
ENSG00000230533	LINC03004	lncRNA	21	no ortholog in the table
ENSG00000230366	DSCR9	lncRNA	21	no ortholog in the table
ENSG00000273136	NBPF26	protein_coding	21	no ortholog in the table
ENSG00000015568	RGPD5	protein_coding	21	no ortholog in the table
ENSG00000229859	PGA3	protein_coding	21	no ortholog in the table
ENSG00000229666	MAST4-AS1	lncRNA	21	no ortholog in the table
ENSG00000229664	IL2RA-AS1	lncRNA	21	no ortholog in the table
ENSG00000159885	ZNF222	protein_coding	21	no ortholog in the table
ENSG00000186451	SPATA12	protein_coding	21	no ortholog in the table
ENSG00000272865	PLD5-AS1	lncRNA	21	no ortholog in the table
ENSG00000272602	ZNF595	protein_coding	21	no ortholog in the table
ENSG00000272523	LINC01023	lncRNA	21	no ortholog in the table
ENSG00000245556	SCAMP1-AS1	lncRNA	21	no ortholog in the table
ENSG00000229205	LINC00200	lncRNA	21	no ortholog in the table
ENSG00000229105	ASTN2-AS1	lncRNA	21	no ortholog in the table
ENSG00000228980	LINC01205	lncRNA	21	no ortholog in the table
ENSG00000272146			21	no ortholog in the table
ENSG00000228414	REL-DT	lncRNA	21	no ortholog in the table
ENSG00000269959	SPACA6-AS1	lncRNA	21	no ortholog in the table
ENSG00000046774	MAGEC2	protein_coding	21	no ortholog in the table
ENSG00000227533	SLC2A1-DT	lncRNA	21	no ortholog in the table
ENSG00000227456	LINC00310	lncRNA	21	no ortholog in the table
ENSG00000248187	LINC03140	lncRNA	21	no ortholog in the table
ENSG00000248092	NNT-AS1	lncRNA	21	no ortholog in the table
ENSG00000268186	ZNF114-AS1	lncRNA	21	no ortholog in the table
ENSG00000181135	ZNF707	protein_coding	21	no ortholog in the table
ENSG00000227124	ZNF717	protein_coding	21	no ortholog in the table
ENSG00000226950	DANCR	lncRNA	21	no ortholog in the table
ENSG00000226367	ST7-AS2	lncRNA	21	no ortholog in the table
ENSG00000164048	ZNF589	protein_coding	21	no ortholog in the table
ENSG00000225548	LINC01980	lncRNA	21	no ortholog in the table
ENSG00000249241	LINC02265	lncRNA	21	no ortholog in the table
ENSG00000249082	EPIST	lncRNA	21	no ortholog in the table
ENSG00000158428	CATIP	protein_coding	21	no ortholog in the table
ENSG00000158427	TMSB15B	protein_coding	21	no ortholog in the table
ENSG00000225083	GRTP1-AS1	lncRNA	21	no ortholog in the table
ENSG00000224968	LINC01645	lncRNA	21	no ortholog in the table
ENSG00000267275	KLF2-DT	lncRNA	21	no ortholog in the table
ENSG00000267201	LINC01775	lncRNA	21	no ortholog in the table
ENSG00000188693	CYP51A1-AS1	lncRNA	21	no ortholog in the table
ENSG00000224078	SNHG14	lncRNA	21	no ortholog in the table
ENSG00000250062	MAPK10-AS1	lncRNA	21	no ortholog in the table
ENSG00000250048	LINC00603	lncRNA	21	no ortholog in the table
ENSG00000189269	DRICH1	protein_coding	21	no ortholog in the table
ENSG00000188938	FAM120AOS	protein_coding	21	no ortholog in the table
ENSG00000250437	LINC02161	lncRNA	21	no ortholog in the table
ENSG00000250361	GYPB	protein_coding	21	no ortholog in the table
ENSG00000250354		lncRNA	21	no ortholog in the table
ENSG00000090612	ZNF268	protein_coding	21	no ortholog in the table
ENSG00000196110	ZNF699	protein_coding	21	no ortholog in the table
ENSG00000265752	LINC02958	lncRNA	21	no ortholog in the table
ENSG00000221916	C19orf73	protein_coding	21	no ortholog in the table
ENSG00000221886	FAM200C	protein_coding	21	no ortholog in the table
ENSG00000251015	SLC25A30-AS1	lncRNA	21	no ortholog in the table
ENSG00000250708	LINC02269	lncRNA	21	no ortholog in the table
ENSG00000250682	LINC00491	lncRNA	21	no ortholog in the table
ENSG00000263293	EFCAB13-DT	lncRNA	21	no ortholog in the table
ENSG00000262686	GLIS2-AS1	lncRNA	21	no ortholog in the table
ENSG00000262468	LINC01569	lncRNA	21	no ortholog in the table
ENSG00000214842	RAD51AP2	protein_coding	21	no ortholog in the table
ENSG00000261801	LOXL1-AS1	lncRNA	21	no ortholog in the table
ENSG00000196705	ZNF431	protein_coding	21	no ortholog in the table
ENSG00000196646	ZNF136	protein_coding	21	no ortholog in the table
ENSG00000176401	EID2B	protein_coding	21	no ortholog in the table
ENSG00000197165	SULT1A2	protein_coding	21	no ortholog in the table
ENSG00000149050	ZNF214	protein_coding	21	no ortholog in the table
ENSG00000253686	LINC01484	lncRNA	21	no ortholog in the table
ENSG00000253549	CA3-AS1	lncRNA	21	no ortholog in the table
ENSG00000253434	LINC02237	lncRNA	21	no ortholog in the table
ENSG00000179136	LINC00670	lncRNA	21	no ortholog in the table
ENSG00000260930	LINC01416	lncRNA	21	no ortholog in the table
ENSG00000126549	STATH	protein_coding	21	no ortholog in the table
ENSG00000212127	TAS2R14	protein_coding	21	no ortholog in the table
ENSG00000176920	FUT2	protein_coding	21	no ortholog in the table
ENSG00000254333	NDST1-AS1	lncRNA	21	no ortholog in the table
ENSG00000171425	ZNF581	protein_coding	21	no ortholog in the table
ENSG00000155096	AZIN1	protein_coding	21	ortholog(s) exist but none is in the other vocabulary
ENSG00000197734	SLIRP-OT1	lncRNA	21	no ortholog in the table
ENSG00000125954	CHURC1-FNTB	protein_coding	21	no ortholog in the table
ENSG00000260302	LINC01882	lncRNA	21	no ortholog in the table
ENSG00000259974	LINC00261	lncRNA	21	no ortholog in the table
ENSG00000166143	PPP1R14D	protein_coding	21	no ortholog in the table
ENSG00000197857	ZNF44	protein_coding	21	no ortholog in the table
ENSG00000197837	H4C16	protein_coding	21	no ortholog in the table
ENSG00000081386	ZNF510	protein_coding	21	no ortholog in the table
ENSG00000171295	ZNF440	protein_coding	21	no ortholog in the table
ENSG00000255197	SLC39A13-AS1	lncRNA	21	no ortholog in the table
ENSG00000177335	LY6S-AS1	lncRNA	21	no ortholog in the table
ENSG00000177599	ZNF491	protein_coding	21	no ortholog in the table
ENSG00000204583	LRCOL1	protein_coding	21	no ortholog in the table
ENSG00000255772	LINC01479	lncRNA	21	no ortholog in the table
ENSG00000259039	SLC35F4-AS1	lncRNA	21	no ortholog in the table
ENSG00000258779	LOHAN2	lncRNA	21	no ortholog in the table
ENSG00000256292	LINC02376	lncRNA	21	no ortholog in the table
ENSG00000256234	SSPN-AS1	lncRNA	21	no ortholog in the table
ENSG00000257023	ETNK1-DT	lncRNA	21	no ortholog in the table
ENSG00000256615	KCNJ8-AS1	lncRNA	21	no ortholog in the table
ENSG00000257595	LINC02356	lncRNA	21	no ortholog in the table
ENSG00000121335	PRB2	protein_coding	21	no ortholog in the table
ENSG00000121417	ZNF211	protein_coding	21	no ortholog in the table
ENSG00000288920	RPSA2	protein_coding	21	no ortholog in the table
ENSG00000237330	RNF223	protein_coding	21	ortholog(s) exist but none is in the other vocabulary
ENSG00000102313	ITIH6	protein_coding	21	no ortholog in the table
ENSG00000284418	LINC03142	lncRNA	21	no ortholog in the table
ENSG00000238120	LINC01589	lncRNA	20	no ortholog in the table
ENSG00000238057	ZEB2-AS1	lncRNA	20	no ortholog in the table
ENSG00000237986	CELF2-AS2	lncRNA	20	no ortholog in the table
ENSG00000257557	PPP1R12A-AS1	lncRNA	20	no ortholog in the table
ENSG00000257228	PDZRN4-AS1	lncRNA	20	no ortholog in the table
ENSG00000257176	FAR2-AS1	lncRNA	20	no ortholog in the table
ENSG00000152439	ZNF773	protein_coding	20	no ortholog in the table
ENSG00000203326	ZNF525	protein_coding	20	no ortholog in the table
ENSG00000258279	LINC00592	lncRNA	20	no ortholog in the table
ENSG00000204277	LINC01993	lncRNA	20	no ortholog in the table
ENSG00000256751	PLBD1-AS1	lncRNA	20	no ortholog in the table
ENSG00000203801	LINC00222	lncRNA	20	no ortholog in the table
ENSG00000124260	MAGEA10	protein_coding	20	no ortholog in the table
ENSG00000204380	PKP4-AS1	lncRNA	20	no ortholog in the table
ENSG00000256422	LINC02552	lncRNA	20	no ortholog in the table
ENSG00000256377	MRPS35-DT	lncRNA	20	no ortholog in the table
ENSG00000165509	MAGEC3	protein_coding	20	no ortholog in the table
ENSG00000205086	LINC02898	lncRNA	20	no ortholog in the table
ENSG00000151364	KCTD14	protein_coding	20	no ortholog in the table
ENSG00000258920	FOXN3-AS1	lncRNA	20	no ortholog in the table
ENSG00000198298	ZNF485	protein_coding	20	no ortholog in the table
ENSG00000124613	ZNF391	protein_coding	20	no ortholog in the table
ENSG00000259583	ALDH1A3-AS1	lncRNA	20	no ortholog in the table
ENSG00000259577	CERNA1	lncRNA	20	no ortholog in the table
ENSG00000259471	LINC01169	lncRNA	20	no ortholog in the table
ENSG00000259456	ADNP-AS1	lncRNA	20	no ortholog in the table
ENSG00000255302	EID1	protein_coding	20	no ortholog in the table
ENSG00000197961	ZNF121	protein_coding	20	no ortholog in the table
ENSG00000255002	LINC02324	lncRNA	20	no ortholog in the table
ENSG00000254531	PPP3CA-DT	lncRNA	20	no ortholog in the table
ENSG00000205837	LINC00487	lncRNA	20	no ortholog in the table
ENSG00000260057	LINC01571	lncRNA	20	no ortholog in the table
ENSG00000156269	NAA11	protein_coding	20	no ortholog in the table
ENSG00000171469	ZNF561	protein_coding	20	no ortholog in the table
ENSG00000197472	ZNF695	protein_coding	20	no ortholog in the table
ENSG00000260439	LMF1-AS1	lncRNA	20	no ortholog in the table
ENSG00000253227	LINC03148	lncRNA	20	no ortholog in the table
ENSG00000253210	DENND3-AS1	lncRNA	20	no ortholog in the table
ENSG00000251538	LINC02201	lncRNA	20	no ortholog in the table
ENSG00000127903	ZNF835	protein_coding	20	no ortholog in the table
ENSG00000170262	MRAP	protein_coding	20	no ortholog in the table
ENSG00000176293	ZNF135	protein_coding	20	no ortholog in the table
ENSG00000164621	SMAD5-AS1	lncRNA	20	no ortholog in the table
ENSG00000251026	NIHCOLE	lncRNA	20	no ortholog in the table
ENSG00000261520	DLGAP1-AS5	lncRNA	20	no ortholog in the table
ENSG00000261460	CELF6-AS1	lncRNA	20	no ortholog in the table
ENSG00000129028	THAP10	protein_coding	20	no ortholog in the table
ENSG00000250490	LINC02145	lncRNA	20	no ortholog in the table
ENSG00000264954	PRR29-AS1	lncRNA	20	no ortholog in the table
ENSG00000263878	DLGAP1-AS4	lncRNA	20	no ortholog in the table
ENSG00000263718	SEPTIN9-DT	lncRNA	20	no ortholog in the table
ENSG00000263400	TMEM220-AS1	lncRNA	20	no ortholog in the table
ENSG00000147124	ZNF41	protein_coding	20	no ortholog in the table
ENSG00000180539	LINC02908	lncRNA	20	no ortholog in the table
ENSG00000250312	ZNF718	protein_coding	20	no ortholog in the table
ENSG00000266010	GATA6-AS1	lncRNA	20	no ortholog in the table
ENSG00000171827	ZNF570	protein_coding	20	no ortholog in the table
ENSG00000223695	MYH9-DT	lncRNA	20	no ortholog in the table
ENSG00000223547	ZNF844	protein_coding	20	no ortholog in the table
ENSG00000224914	LINC00863	lncRNA	20	no ortholog in the table
ENSG00000224613	RNPC3-DT	lncRNA	20	no ortholog in the table
ENSG00000249713		lncRNA	20	no ortholog in the table
ENSG00000094796	KRT31	protein_coding	20	no ortholog in the table
ENSG00000267470	ZNF571-AS1	lncRNA	20	no ortholog in the table
ENSG00000167346	MMP26	protein_coding	20	no ortholog in the table
ENSG00000188185	LINC00265	lncRNA	20	no ortholog in the table
ENSG00000225964	NRIR	lncRNA	20	no ortholog in the table
ENSG00000225778	PROSER2-AS1	lncRNA	20	no ortholog in the table
ENSG00000171943	SRGAP2C	protein_coding	20	no ortholog in the table
ENSG00000248866	USP46-DT	lncRNA	20	no ortholog in the table
ENSG00000225265	TAF1A-AS1	lncRNA	20	no ortholog in the table
ENSG00000269416	LINC01224	lncRNA	20	no ortholog in the table
ENSG00000227227	FAM171B-AS1	lncRNA	20	no ortholog in the table
ENSG00000227014	FKBP14-AS1	lncRNA	20	no ortholog in the table
ENSG00000248515		lncRNA	20	no ortholog in the table
ENSG00000269891	ARHGAP19-SLIT1	protein_coding	20	no ortholog in the table
ENSG00000227868	TEX46	protein_coding	20	no ortholog in the table
ENSG00000227740	LINC02803	lncRNA	20	no ortholog in the table
ENSG00000108861	DUSP3	protein_coding	20	no ortholog in the table
ENSG00000187987	ZSCAN23	protein_coding	20	no ortholog in the table
ENSG00000269834	ZNF528-AS1	lncRNA	20	no ortholog in the table
ENSG00000271335	CCNY-AS1	lncRNA	20	no ortholog in the table
ENSG00000247317	LY6E-DT	lncRNA	20	no ortholog in the table
ENSG00000245954	LINC02273	lncRNA	20	no ortholog in the table
ENSG00000228639	ROCR	lncRNA	20	no ortholog in the table
ENSG00000228288	PCAT6	lncRNA	20	no ortholog in the table
ENSG00000159882	ZNF230	protein_coding	20	no ortholog in the table
ENSG00000229536	LINC02572	lncRNA	20	no ortholog in the table
ENSG00000272143	FGF14-AS2	lncRNA	20	no ortholog in the table
ENSG00000271860		lncRNA	20	no ortholog in the table
ENSG00000275379	H3C11	protein_coding	20	no ortholog in the table
ENSG00000229688	CRPPA-AS1	lncRNA	20	no ortholog in the table
ENSG00000229676	ZNF492	protein_coding	20	no ortholog in the table
ENSG00000245060	LINC00847	lncRNA	20	no ortholog in the table
ENSG00000272763	LINC03057	lncRNA	20	no ortholog in the table
ENSG00000274317	LINC02334	lncRNA	20	no ortholog in the table
ENSG00000137434	C6orf52	protein_coding	20	no ortholog in the table
ENSG00000231133	HAR1B	lncRNA	20	no ortholog in the table
ENSG00000231046	SLC60A2-DT	lncRNA	20	no ortholog in the table
ENSG00000231040	LINC01911	lncRNA	20	no ortholog in the table
ENSG00000244041	LINC01011	lncRNA	20	no ortholog in the table
ENSG00000273409	LINC02712	lncRNA	20	no ortholog in the table
ENSG00000273382	TMEM167B-DT	lncRNA	20	no ortholog in the table
ENSG00000232624	LINC01517	lncRNA	20	no ortholog in the table
ENSG00000231755	LINC03147	lncRNA	20	no ortholog in the table
ENSG00000231171	LINC01098	lncRNA	20	no ortholog in the table
ENSG00000160336	ZNF761	protein_coding	20	no ortholog in the table
ENSG00000275120	ZSCAN2-AS1	lncRNA	20	no ortholog in the table
ENSG00000185158	LRRC37B	protein_coding	20	no ortholog in the table
ENSG00000277639	CHD9NB	protein_coding	20	no ortholog in the table
ENSG00000232949			20	no ortholog in the table
ENSG00000232892	RGS5-AS1	lncRNA	20	no ortholog in the table
ENSG00000241837	ATP5PO	protein_coding	20	ortholog(s) exist but none is in the other vocabulary
ENSG00000241767	LINC01324	lncRNA	20	no ortholog in the table
ENSG00000232774	LINC03033	lncRNA	20	no ortholog in the table
ENSG00000241359	SYNPR-AS1	lncRNA	20	no ortholog in the table
ENSG00000241219	LOLI1	lncRNA	20	no ortholog in the table
ENSG00000240889	NDUFB2-AS1	lncRNA	20	no ortholog in the table
ENSG00000233654	NEMP2-DT	lncRNA	20	no ortholog in the table
ENSG00000233208	LINC00642	lncRNA	20	no ortholog in the table
ENSG00000138472	GUCA1C	protein_coding	20	no ortholog in the table
ENSG00000234636	MED14OS	lncRNA	20	no ortholog in the table
ENSG00000234478	ACBD3-AS1	lncRNA	20	no ortholog in the table
ENSG00000281404	LINC01176	lncRNA	20	no ortholog in the table
ENSG00000280670	CCDC163	protein_coding	20	no ortholog in the table
ENSG00000279847	LINC02906	lncRNA	20	no ortholog in the table
ENSG00000279249	SYNAGE	lncRNA	20	no ortholog in the table
ENSG00000235257	ITGA9-AS1	lncRNA	20	no ortholog in the table
ENSG00000237074	LINC02942	lncRNA	20	no ortholog in the table
ENSG00000236708	SDK1-AS1	lncRNA	20	no ortholog in the table
ENSG00000237844		lncRNA	20	no ortholog in the table
ENSG00000237686	SCIRT	lncRNA	20	no ortholog in the table
ENSG00000237560	LINC01497	lncRNA	20	no ortholog in the table
ENSG00000236345	SCAT8	lncRNA	20	no ortholog in the table
ENSG00000236200	KDM4A-AS1	lncRNA	20	no ortholog in the table
ENSG00000236144	TMEM147-AS1	lncRNA	20	no ortholog in the table
ENSG00000140987	ZSCAN32	protein_coding	20	no ortholog in the table
ENSG00000237372	LINC03062	lncRNA	20	no ortholog in the table
ENSG00000237222	LINC01968	lncRNA	20	no ortholog in the table
ENSG00000284791	SMIM41	protein_coding	20	no ortholog in the table
ENSG00000290496	LINC03003	lncRNA	20	no ortholog in the table
ENSG00000288675	PANO1	protein_coding	19	no ortholog in the table
ENSG00000197172	MAGEA6	protein_coding	19	no ortholog in the table
ENSG00000283314	LINC02357	lncRNA	19	no ortholog in the table
ENSG00000236849	LINC01474	lncRNA	19	no ortholog in the table
ENSG00000236830	CBR3-AS1	lncRNA	19	no ortholog in the table
ENSG00000236810	ELOA-AS1	lncRNA	19	no ortholog in the table
ENSG00000237803	PIRAT1	lncRNA	19	no ortholog in the table
ENSG00000260455	NBAT1	lncRNA	19	no ortholog in the table
ENSG00000237440	ZNF737	protein_coding	19	no ortholog in the table
ENSG00000162897	FCAMR	protein_coding	19	no ortholog in the table
ENSG00000182986	ZNF320	protein_coding	19	no ortholog in the table
ENSG00000235927	NEXN-AS1	lncRNA	19	no ortholog in the table
ENSG00000281005	LINC00921	lncRNA	19	no ortholog in the table
ENSG00000162086	ZNF75A	protein_coding	19	no ortholog in the table
ENSG00000262061	RPH3AL-AS1	lncRNA	19	no ortholog in the table
ENSG00000261879	ZNF594-DT	lncRNA	19	no ortholog in the table
ENSG00000260123	CARMAL	lncRNA	19	no ortholog in the table
ENSG00000010539	ZNF200	protein_coding	19	no ortholog in the table
ENSG00000240291	CACNB2-AS1	lncRNA	19	no ortholog in the table
ENSG00000240063	ATP11B-DT	lncRNA	19	no ortholog in the table
ENSG00000234494	SP2-AS1	lncRNA	19	no ortholog in the table
ENSG00000234390	USP27X-DT	lncRNA	19	no ortholog in the table
ENSG00000163046	ANKRD30BL	protein_coding	19	no ortholog in the table
ENSG00000259289	SMASR	lncRNA	19	no ortholog in the table
ENSG00000125571	IL37	protein_coding	19	no ortholog in the table
ENSG00000259863	SH3RF3-AS1	lncRNA	19	no ortholog in the table
ENSG00000259843	HEATR3-AS1	lncRNA	19	no ortholog in the table
ENSG00000233896	PDYN-AS1	lncRNA	19	no ortholog in the table
ENSG00000233834	GIRGL	lncRNA	19	no ortholog in the table
ENSG00000233828	MIR4280HG	lncRNA	19	no ortholog in the table
ENSG00000124444	ZNF576	protein_coding	19	no ortholog in the table
ENSG00000259399	TGIF2-RAB5IF	protein_coding	19	no ortholog in the table
ENSG00000143595	AQP10	protein_coding	19	no ortholog in the table
ENSG00000233554	B4GALT1-AS1	lncRNA	19	no ortholog in the table
ENSG00000242781	LINC02050	lncRNA	19	no ortholog in the table
ENSG00000242622	GSK3B-DT	lncRNA	19	no ortholog in the table
ENSG00000242522	KLHL6-AS1	lncRNA	19	no ortholog in the table
ENSG00000242512	LINC01206	lncRNA	19	no ortholog in the table
ENSG00000198393	ZNF26	protein_coding	19	no ortholog in the table
ENSG00000278023	RDM1	protein_coding	19	no ortholog in the table
ENSG00000233367	UHRF2-AS1	lncRNA	19	no ortholog in the table
ENSG00000233360	PDXP-DT	lncRNA	19	no ortholog in the table
ENSG00000232940	HCG25	lncRNA	19	no ortholog in the table
ENSG00000259248	USP3-AS1	lncRNA	19	no ortholog in the table
ENSG00000232139	LINC00867	lncRNA	19	no ortholog in the table
ENSG00000232044	SILC1	lncRNA	19	no ortholog in the table
ENSG00000231887	PRH1	protein_coding	19	no ortholog in the table
ENSG00000262155	LINC02175	lncRNA	19	no ortholog in the table
ENSG00000231621	ANKRD44-AS1	lncRNA	19	no ortholog in the table
ENSG00000105829	BET1	protein_coding	19	no ortholog in the table
ENSG00000258647	LINC00930	lncRNA	19	no ortholog in the table
ENSG00000170919	TPT1-AS1	lncRNA	19	no ortholog in the table
ENSG00000121406	ZNF549	protein_coding	19	no ortholog in the table
ENSG00000196152	ZNF79	protein_coding	19	no ortholog in the table
ENSG00000180257	ZNF816	protein_coding	19	no ortholog in the table
ENSG00000231154	MORF4L2-AS1	lncRNA	19	no ortholog in the table
ENSG00000174456	C12orf76	protein_coding	19	no ortholog in the table
ENSG00000230797	YY2	protein_coding	19	no ortholog in the table
ENSG00000244286	ITGB5-AS1	lncRNA	19	no ortholog in the table
ENSG00000244128	LINC01322	lncRNA	19	no ortholog in the table
ENSG00000131050	BPIFA2	protein_coding	19	no ortholog in the table
ENSG00000131142	CCL25	protein_coding	19	no ortholog in the table
ENSG00000203808	POPDC1-AS1	lncRNA	19	no ortholog in the table
ENSG00000163632	C3orf49	protein_coding	19	ortholog(s) exist but none is in the other vocabulary
ENSG00000230262	LINC02603	lncRNA	19	no ortholog in the table
ENSG00000266313	LINC03146	lncRNA	19	no ortholog in the table
ENSG00000245017	LINC02453	lncRNA	19	no ortholog in the table
ENSG00000244649	LINC02086	lncRNA	19	no ortholog in the table
ENSG00000247213	LINC01498	lncRNA	19	no ortholog in the table
ENSG00000159905	ZNF221	protein_coding	19	no ortholog in the table
ENSG00000229647	MYOSLID	lncRNA	19	no ortholog in the table
ENSG00000229487	ALG13-AS1	lncRNA	19	no ortholog in the table
ENSG00000174796	THAP6	protein_coding	19	no ortholog in the table
ENSG00000177873	ZNF619	protein_coding	19	no ortholog in the table
ENSG00000177822	TENM3-AS1	lncRNA	19	no ortholog in the table
ENSG00000245598	DACT3-AS1	lncRNA	19	no ortholog in the table
ENSG00000229414	KCNQ1-AS1	lncRNA	19	no ortholog in the table
ENSG00000229127	KANSL1L-AS1	lncRNA	19	no ortholog in the table
ENSG00000228971	LINC02607	lncRNA	19	no ortholog in the table
ENSG00000266903	CEACAM16-AS1	lncRNA	19	no ortholog in the table
ENSG00000060762	MPC1	protein_coding	19	no ortholog in the table
ENSG00000256294	ZNF225	protein_coding	19	no ortholog in the table
ENSG00000165511	ZNF22-AS1	lncRNA	19	no ortholog in the table
ENSG00000228649	SNHG26	lncRNA	19	no ortholog in the table
ENSG00000228590	MIR4432HG	lncRNA	19	no ortholog in the table
ENSG00000132010	ZNF20	protein_coding	19	no ortholog in the table
ENSG00000118620	ZNF430	protein_coding	19	no ortholog in the table
ENSG00000227356	GOLGA7B-DT	lncRNA	19	no ortholog in the table
ENSG00000172123	SLFN12	protein_coding	19	no ortholog in the table
ENSG00000247796	MOCS2-DT	lncRNA	19	no ortholog in the table
ENSG00000247193		lncRNA	19	no ortholog in the table
ENSG00000204677	FAM153CP	protein_coding	19	no ortholog in the table
ENSG00000204611	ZNF616	protein_coding	19	no ortholog in the table
ENSG00000177414	UBE2U	protein_coding	19	no ortholog in the table
ENSG00000204971	FOLR1-AS1	lncRNA	19	no ortholog in the table
ENSG00000204941	PSG5	protein_coding	19	no ortholog in the table
ENSG00000227354	RBM26-AS1	lncRNA	19	no ortholog in the table
ENSG00000159182	PRAC1	protein_coding	19	no ortholog in the table
ENSG00000227060	LINC00629	lncRNA	19	no ortholog in the table
ENSG00000226953	NCKAP5-AS2	lncRNA	19	no ortholog in the table
ENSG00000226889	ATF6-DT	lncRNA	19	no ortholog in the table
ENSG00000226856	THORLNC	lncRNA	19	no ortholog in the table
ENSG00000226746	SMCR5	lncRNA	19	no ortholog in the table
ENSG00000248710	TRIM59-IFT80	protein_coding	19	no ortholog in the table
ENSG00000172006	ZNF554	protein_coding	19	no ortholog in the table
ENSG00000226194	LINC02519	lncRNA	19	no ortholog in the table
ENSG00000225792	SNX10-AS1	lncRNA	19	no ortholog in the table
ENSG00000186132	C2orf76	protein_coding	19	no ortholog in the table
ENSG00000180855	ZNF443	protein_coding	19	no ortholog in the table
ENSG00000186399	GOLGA8R	protein_coding	19	no ortholog in the table
ENSG00000225684	FAM225B	lncRNA	19	no ortholog in the table
ENSG00000225442	MPRIP-AS1	lncRNA	19	no ortholog in the table
ENSG00000249167	SEMA6A-AS2	lncRNA	19	no ortholog in the table
ENSG00000248896	SOX7-AS1	lncRNA	19	no ortholog in the table
ENSG00000205832	C16orf96	protein_coding	19	no ortholog in the table
ENSG00000206344	HCG27	lncRNA	19	no ortholog in the table
ENSG00000272142	LYRM4-AS1	lncRNA	19	no ortholog in the table
ENSG00000169515	CCDC8	protein_coding	19	no ortholog in the table
ENSG00000271425	NBPF10	protein_coding	19	no ortholog in the table
ENSG00000271383	NBPF19	protein_coding	19	no ortholog in the table
ENSG00000186453	FAM228A	protein_coding	19	no ortholog in the table
ENSG00000267751	BSG-AS1	lncRNA	19	no ortholog in the table
ENSG00000249781	LINC02112	lncRNA	19	no ortholog in the table
ENSG00000253831	ETV3L	protein_coding	19	ortholog(s) exist but none is in the other vocabulary
ENSG00000267575	LINC02987	lncRNA	19	no ortholog in the table
ENSG00000224652	LINC00885	lncRNA	19	no ortholog in the table
ENSG00000224614	TNK2-AS1	lncRNA	19	no ortholog in the table
ENSG00000224609	FGGY-DT	lncRNA	19	no ortholog in the table
ENSG00000249948	GBA3	protein_coding	19	no ortholog in the table
ENSG00000171496	OR1L8	protein_coding	19	no ortholog in the table
ENSG00000224074	LINC00691	lncRNA	19	no ortholog in the table
ENSG00000270816	LINC00221	lncRNA	19	no ortholog in the table
ENSG00000167554	ZNF610	protein_coding	19	no ortholog in the table
ENSG00000223662	SAMSN1-AS1	lncRNA	19	no ortholog in the table
ENSG00000176024	ZNF613	protein_coding	19	no ortholog in the table
ENSG00000223351	ZNF385D-AS2	lncRNA	19	no ortholog in the table
ENSG00000250328	SNCAIP-AS3	lncRNA	19	no ortholog in the table
ENSG00000270673	YTHDF3-DT	lncRNA	19	no ortholog in the table
ENSG00000221852	KRTAP1-5	protein_coding	19	no ortholog in the table
ENSG00000214851	LINC00612	lncRNA	19	no ortholog in the table
ENSG00000251365	LINC02236	lncRNA	19	no ortholog in the table
ENSG00000164520	RAET1E	protein_coding	19	no ortholog in the table
ENSG00000215853	RPTN	protein_coding	19	no ortholog in the table
ENSG00000183674	LINC00518	lncRNA	19	no ortholog in the table
ENSG00000261220	ST3GAL1-DT	lncRNA	19	no ortholog in the table
ENSG00000142794	NBPF3	protein_coding	19	no ortholog in the table
ENSG00000237054	PRMT5-AS1	lncRNA	19	no ortholog in the table
ENSG00000285367	SALL1-AS1	lncRNA	19	no ortholog in the table
ENSG00000282917		lncRNA	18	no ortholog in the table
ENSG00000282728	PGR-AS1	lncRNA	18	no ortholog in the table
ENSG00000183242	WT1-AS	lncRNA	18	no ortholog in the table
ENSG00000166359	WDR88	protein_coding	18	no ortholog in the table
ENSG00000197408	CYP2B6	protein_coding	18	no ortholog in the table
ENSG00000235897	TM4SF19-AS1	lncRNA	18	no ortholog in the table
ENSG00000238197	PAXBP1-AS1	lncRNA	18	no ortholog in the table
ENSG00000176358	TAC4	protein_coding	18	no ortholog in the table
ENSG00000088876	ZNF343	protein_coding	18	no ortholog in the table
ENSG00000047644	WWC3	protein_coding	18	no ortholog in the table
ENSG00000176222	ZNF404	protein_coding	18	no ortholog in the table
ENSG00000169548	ZNF280A	protein_coding	18	no ortholog in the table
ENSG00000250027		lncRNA	18	no ortholog in the table
ENSG00000221990	EXOC3-AS1	lncRNA	18	no ortholog in the table
ENSG00000221909	FAM200A	protein_coding	18	no ortholog in the table
ENSG00000250608	NUDT16-DT	lncRNA	18	no ortholog in the table
ENSG00000251584		lncRNA	18	no ortholog in the table
ENSG00000251438		lncRNA	18	no ortholog in the table
ENSG00000251369	ZNF550	protein_coding	18	no ortholog in the table
ENSG00000251165	F11-AS1	lncRNA	18	no ortholog in the table
ENSG00000269696	ZNF470-DT	lncRNA	18	no ortholog in the table
ENSG00000115282	TTC31	protein_coding	18	no ortholog in the table
ENSG00000186919	ZACN	protein_coding	18	no ortholog in the table
ENSG00000223855	PDGFA-DT	lncRNA	18	no ortholog in the table
ENSG00000224592	MIR3659HG	lncRNA	18	no ortholog in the table
ENSG00000146757	ZNF92	protein_coding	18	no ortholog in the table
ENSG00000224292	PORCN-DT	lncRNA	18	no ortholog in the table
ENSG00000224164	LINC02828	lncRNA	18	no ortholog in the table
ENSG00000224153	LINC02054	lncRNA	18	no ortholog in the table
ENSG00000269699	ZIM2	protein_coding	18	no ortholog in the table
ENSG00000254369	HOXA-AS3	lncRNA	18	no ortholog in the table
ENSG00000164924	YWHAZ	protein_coding	18	no ortholog in the table
ENSG00000254206	NPIPB11	protein_coding	18	no ortholog in the table
ENSG00000249867	LINC02742	lncRNA	18	no ortholog in the table
ENSG00000249679		lncRNA	18	no ortholog in the table
ENSG00000145626	UGT3A1	protein_coding	18	no ortholog in the table
ENSG00000272145	NFYC-AS1	lncRNA	18	no ortholog in the table
ENSG00000267871	ZNF460-AS1	lncRNA	18	no ortholog in the table
ENSG00000271643	PDCD6IP-DT	lncRNA	18	no ortholog in the table
ENSG00000225206	MIR137HG	lncRNA	18	no ortholog in the table
ENSG00000186509	OR9Q1	protein_coding	18	ortholog(s) exist but none is in the other vocabulary
ENSG00000254656	RTL1	protein_coding	18	no ortholog in the table
ENSG00000083817	ZNF416	protein_coding	18	no ortholog in the table
ENSG00000083814	ZNF671	protein_coding	18	no ortholog in the table
ENSG00000205786	LINC01531	lncRNA	18	no ortholog in the table
ENSG00000205622	ETS2-AS1	lncRNA	18	no ortholog in the table
ENSG00000254659	LINC02715	lncRNA	18	no ortholog in the table
ENSG00000255363	LINC02757	lncRNA	18	no ortholog in the table
ENSG00000249601	LINC01187	lncRNA	18	no ortholog in the table
ENSG00000267365	KCNJ2-AS1	lncRNA	18	no ortholog in the table
ENSG00000267348	GEMIN7-AS1	lncRNA	18	no ortholog in the table
ENSG00000117148	ACTL8	protein_coding	18	no ortholog in the table
ENSG00000117335	CD46	protein_coding	18	no ortholog in the table
ENSG00000205089	CCNI2	protein_coding	18	no ortholog in the table
ENSG00000226200	SGMS1-AS1	lncRNA	18	no ortholog in the table
ENSG00000226174	TEX22	protein_coding	18	no ortholog in the table
ENSG00000225975	ZNF567-DT	lncRNA	18	no ortholog in the table
ENSG00000225764	P3H2-AS1	lncRNA	18	no ortholog in the table
ENSG00000272975	MYHAS	lncRNA	18	no ortholog in the table
ENSG00000272967		lncRNA	18	no ortholog in the table
ENSG00000169393	ELSPBP1	protein_coding	18	no ortholog in the table
ENSG00000272767	JMJD1C-AS1	lncRNA	18	no ortholog in the table
ENSG00000226337	TMEM252-DT	lncRNA	18	no ortholog in the table
ENSG00000226330	PPP1R15B-AS1	lncRNA	18	no ortholog in the table
ENSG00000248708	LINC02144	lncRNA	18	no ortholog in the table
ENSG00000204604	ZNF468	protein_coding	18	no ortholog in the table
ENSG00000153896	ZNF599	protein_coding	18	no ortholog in the table
ENSG00000255819	KLRC4-KLRK1	protein_coding	18	no ortholog in the table
ENSG00000255545	B3GAT1-DT	lncRNA	18	no ortholog in the table
ENSG00000227392	HPN-AS1	lncRNA	18	no ortholog in the table
ENSG00000248307	LINC00616	lncRNA	18	no ortholog in the table
ENSG00000255471	PRSS23-AS1	lncRNA	18	no ortholog in the table
ENSG00000204428	LY6G5C	protein_coding	18	ortholog(s) exist but none is in the other vocabulary
ENSG00000245812	LINC02202	lncRNA	18	no ortholog in the table
ENSG00000228548	ITPKB-AS1	lncRNA	18	no ortholog in the table
ENSG00000228420	LINC01768	lncRNA	18	no ortholog in the table
ENSG00000273783	GTF2A1-AS1	lncRNA	18	no ortholog in the table
ENSG00000266401	DLGAP1-AS6	lncRNA	18	no ortholog in the table
ENSG00000147117	ZNF157	protein_coding	18	no ortholog in the table
ENSG00000273143	DUSP5-DT	lncRNA	18	no ortholog in the table
ENSG00000245311	BMAL2-AS1	lncRNA	18	no ortholog in the table
ENSG00000245146	MALINC1	lncRNA	18	no ortholog in the table
ENSG00000229294	DNAJC6-AS1	lncRNA	18	no ortholog in the table
ENSG00000266916	ZNF793-AS1	lncRNA	18	no ortholog in the table
ENSG00000153165	RGPD3	protein_coding	18	no ortholog in the table
ENSG00000203993	ARRDC1-AS1	lncRNA	18	no ortholog in the table
ENSG00000174740	PABPC5	protein_coding	18	ortholog(s) exist but none is in the other vocabulary
ENSG00000230013	CT70	lncRNA	18	no ortholog in the table
ENSG00000256940	PPP1R14B-AS1	lncRNA	18	no ortholog in the table
ENSG00000152467	ZSCAN1	protein_coding	18	no ortholog in the table
ENSG00000266397	LPIN2-AS2	lncRNA	18	no ortholog in the table
ENSG00000229921	KIF25-AS1	lncRNA	18	no ortholog in the table
ENSG00000229671	LINC01150	lncRNA	18	no ortholog in the table
ENSG00000256771	ZNF253	protein_coding	18	no ortholog in the table
ENSG00000106479	ZNF862	protein_coding	18	no ortholog in the table
ENSG00000120471	TP53AIP1	protein_coding	18	no ortholog in the table
ENSG00000276116	FUT8-AS1	lncRNA	18	no ortholog in the table
ENSG00000231170	PDK4-AS1	lncRNA	18	no ortholog in the table
ENSG00000244198	ARHGEF35-AS1	lncRNA	18	no ortholog in the table
ENSG00000137878	GCOM1	protein_coding	18	no ortholog in the table
ENSG00000131019	ULBP3	protein_coding	18	no ortholog in the table
ENSG00000264707	L3MBTL4-AS1	lncRNA	18	no ortholog in the table
ENSG00000258451	EGILA	lncRNA	18	no ortholog in the table
ENSG00000257989	SMIM41-AS1	lncRNA	18	no ortholog in the table
ENSG00000258285	TESC-AS1	lncRNA	18	no ortholog in the table
ENSG00000231666	LINC01704	lncRNA	18	no ortholog in the table
ENSG00000231305			18	no ortholog in the table
ENSG00000231177	LINC00852	lncRNA	18	no ortholog in the table
ENSG00000275880	NAXD-AS1	lncRNA	18	no ortholog in the table
ENSG00000185252	ZNF74	protein_coding	18	no ortholog in the table
ENSG00000259129	LINC00648	lncRNA	18	no ortholog in the table
ENSG00000259116	HSPA2-AS1	lncRNA	18	no ortholog in the table
ENSG00000231999	LRRC8C-DT	lncRNA	18	no ortholog in the table
ENSG00000258940	MIA2-AS1	lncRNA	18	no ortholog in the table
ENSG00000278318	ZNF229	protein_coding	18	no ortholog in the table
ENSG00000168116	KIAA1586	protein_coding	18	no ortholog in the table
ENSG00000232606	LINC01412	lncRNA	18	no ortholog in the table
ENSG00000240990	HOXA11-AS	lncRNA	18	no ortholog in the table
ENSG00000233684	LINC01865	lncRNA	18	no ortholog in the table
ENSG00000196476	C20orf96	protein_coding	18	no ortholog in the table
ENSG00000196605	ZNF846	protein_coding	18	no ortholog in the table
ENSG00000234171	RNASEH1-DT	lncRNA	18	no ortholog in the table
ENSG00000233985	LINC01681	lncRNA	18	no ortholog in the table
ENSG00000198346	ZNF813	protein_coding	18	no ortholog in the table
ENSG00000124657	OR2B6	protein_coding	18	ortholog(s) exist but none is in the other vocabulary
ENSG00000259367	AKAP13-AS1	lncRNA	18	no ortholog in the table
ENSG00000179082			18	no ortholog in the table
ENSG00000261570	AGK-DT	lncRNA	18	no ortholog in the table
ENSG00000261423	TMEM202-AS1	lncRNA	18	no ortholog in the table
ENSG00000172888	ZNF621	protein_coding	18	no ortholog in the table
ENSG00000148604	RGR	protein_coding	18	ortholog(s) exist but none is in the other vocabulary
ENSG00000260265	LINC02562	lncRNA	18	no ortholog in the table
ENSG00000260032	NORAD	lncRNA	18	no ortholog in the table
ENSG00000101448	EPPIN	protein_coding	18	ortholog(s) exist but none is in the other vocabulary
ENSG00000279141	LINC01451	lncRNA	18	no ortholog in the table
ENSG00000260942	CAPN10-DT	lncRNA	18	no ortholog in the table
ENSG00000238164	TNFRSF14-AS1	lncRNA	18	no ortholog in the table
ENSG00000184385	UMODL1-AS1	lncRNA	18	no ortholog in the table
ENSG00000182952	HMGN4	protein_coding	18	no ortholog in the table
ENSG00000237989	LINC01679	lncRNA	18	no ortholog in the table
ENSG00000235989	MORC2-AS1	lncRNA	18	no ortholog in the table
ENSG00000280693	SH3PXD2A-AS1	lncRNA	18	no ortholog in the table
ENSG00000280623	PCAT14	lncRNA	18	no ortholog in the table
ENSG00000235280	MCF2L-AS1	lncRNA	18	no ortholog in the table
ENSG00000239887	C1orf226	protein_coding	18	no ortholog in the table
ENSG00000288539		lncRNA	18	no ortholog in the table
ENSG00000287151	LINC03124	lncRNA	18	no ortholog in the table
ENSG00000286061	RCAN3AS	lncRNA	18	no ortholog in the table
ENSG00000261326	LINC01355	lncRNA	18	no ortholog in the table
ENSG00000183161	FANCF	protein_coding	18	no ortholog in the table
ENSG00000197128	ZNF772	protein_coding	18	no ortholog in the table
ENSG00000237233	TMEM26-AS1	lncRNA	18	no ortholog in the table
ENSG00000237080	EHMT2-AS1	lncRNA	18	no ortholog in the table
ENSG00000289152		lncRNA	17	no ortholog in the table
ENSG00000288642	CDR1	lncRNA	17	no ortholog in the table
ENSG00000287382	EXOC1-AS1	lncRNA	17	no ortholog in the table
ENSG00000237807	LINC02984	lncRNA	17	no ortholog in the table
ENSG00000236466	RCAN2-DT	lncRNA	17	no ortholog in the table
ENSG00000236778	INTS6-AS1	lncRNA	17	no ortholog in the table
ENSG00000281852	LINC00891	lncRNA	17	no ortholog in the table
ENSG00000282840	MSL3-DT	lncRNA	17	no ortholog in the table
ENSG00000197008	ZNF138	protein_coding	17	no ortholog in the table
ENSG00000179165	PXT1	protein_coding	17	no ortholog in the table
ENSG00000197566	ZNF624	protein_coding	17	no ortholog in the table
ENSG00000197291	RAMP2-AS1	lncRNA	17	no ortholog in the table
ENSG00000197937	ZNF347	protein_coding	17	no ortholog in the table
ENSG00000125482	TTF1	protein_coding	17	no ortholog in the table
ENSG00000196724	ZNF418	protein_coding	17	no ortholog in the table
ENSG00000196741	LINC01560	lncRNA	17	no ortholog in the table
ENSG00000196805	SPRR2B	protein_coding	17	no ortholog in the table
ENSG00000259772	LINC03034	lncRNA	17	no ortholog in the table
ENSG00000260232	PWRN4	lncRNA	17	no ortholog in the table
ENSG00000259347	SMAD3-DT	lncRNA	17	no ortholog in the table
ENSG00000259459	LINC02568	lncRNA	17	no ortholog in the table
ENSG00000259517	LINC02169	lncRNA	17	no ortholog in the table
ENSG00000259877	ZNF778-DT	lncRNA	17	no ortholog in the table
ENSG00000170180	GYPA	protein_coding	17	no ortholog in the table
ENSG00000263002	ZNF234	protein_coding	17	no ortholog in the table
ENSG00000196417	ZNF765	protein_coding	17	no ortholog in the table
ENSG00000198590	APRG1	lncRNA	17	no ortholog in the table
ENSG00000198670	LPA	protein_coding	17	no ortholog in the table
ENSG00000263429	TMEM238L	protein_coding	17	ortholog(s) exist but none is in the other vocabulary
ENSG00000257817	TBX3-AS1	lncRNA	17	no ortholog in the table
ENSG00000258057	BCDIN3D-AS1	lncRNA	17	no ortholog in the table
ENSG00000258487	LINC02277	lncRNA	17	no ortholog in the table
ENSG00000265888	DSCAS	lncRNA	17	no ortholog in the table
ENSG00000265933	LINC00668	lncRNA	17	no ortholog in the table
ENSG00000257545		lncRNA	17	no ortholog in the table
ENSG00000178015	GPR150	protein_coding	17	no ortholog in the table
ENSG00000152443	ZNF776	protein_coding	17	no ortholog in the table
ENSG00000152454	ZNF256	protein_coding	17	no ortholog in the table
ENSG00000153303	FRMD1	protein_coding	17	no ortholog in the table
ENSG00000204524	ZNF805	protein_coding	17	no ortholog in the table
ENSG00000204193	TXNDC8	protein_coding	17	no ortholog in the table
ENSG00000177854	TMEM187	protein_coding	17	no ortholog in the table
ENSG00000255929	PIWIL4-AS1	lncRNA	17	no ortholog in the table
ENSG00000147206	NXF3	protein_coding	17	no ortholog in the table
ENSG00000255267	LINC02687	lncRNA	17	no ortholog in the table
ENSG00000255311	DLG2-AS2	lncRNA	17	no ortholog in the table
ENSG00000267339	LINC00906	lncRNA	17	no ortholog in the table
ENSG00000180777	ANKRD30B	protein_coding	17	no ortholog in the table
ENSG00000204685	STARD7-AS1	lncRNA	17	no ortholog in the table
ENSG00000205885	C1RL-AS1	lncRNA	17	no ortholog in the table
ENSG00000205359	SLCO6A1	protein_coding	17	no ortholog in the table
ENSG00000205054	LINC01121	lncRNA	17	no ortholog in the table
ENSG00000253848	RBM12B-DT	lncRNA	17	no ortholog in the table
ENSG00000188295	ZNF669	protein_coding	17	no ortholog in the table
ENSG00000181009	OR52N5	protein_coding	17	ortholog(s) exist but none is in the other vocabulary
ENSG00000255008	LINC02739	lncRNA	17	no ortholog in the table
ENSG00000251620	STPG2-AS1	lncRNA	17	no ortholog in the table
ENSG00000253521	HPYR1	lncRNA	17	no ortholog in the table
ENSG00000253559	OSGEPL1-AS1	lncRNA	17	no ortholog in the table
ENSG00000267493	CIRBP-AS1	lncRNA	17	no ortholog in the table
ENSG00000212719	LINC02693	lncRNA	17	no ortholog in the table
ENSG00000212721	KRTAP4-11	protein_coding	17	no ortholog in the table
ENSG00000253327	RAD21-AS1	lncRNA	17	no ortholog in the table
ENSG00000253390	ENTPD4-DT	lncRNA	17	no ortholog in the table
ENSG00000268001	CARD8-AS1	lncRNA	17	no ortholog in the table
ENSG00000269343	ZNF587B	protein_coding	17	no ortholog in the table
ENSG00000251182	LINC02497	lncRNA	17	no ortholog in the table
ENSG00000215252	GOLGA8B	protein_coding	17	no ortholog in the table
ENSG00000215866	LINC01356	lncRNA	17	no ortholog in the table
ENSG00000250546	LINC02994	lncRNA	17	no ortholog in the table
ENSG00000250584	LINC01511	lncRNA	17	no ortholog in the table
ENSG00000135220	UGT2A3	protein_coding	17	no ortholog in the table
ENSG00000169688	MT1B	protein_coding	17	no ortholog in the table
ENSG00000251359	WWC2-AS2	lncRNA	17	no ortholog in the table
ENSG00000171574	ZNF584	protein_coding	17	no ortholog in the table
ENSG00000222047	C10orf55	lncRNA	17	no ortholog in the table
ENSG00000271092	TLCD4-RWDD3	protein_coding	17	no ortholog in the table
ENSG00000250878	METTL21EP	protein_coding	17	no ortholog in the table
ENSG00000250961	RMEL3	lncRNA	17	no ortholog in the table
ENSG00000221843	SPATA31H1	protein_coding	17	no ortholog in the table
ENSG00000250155	SLC1A3-AS1	lncRNA	17	no ortholog in the table
ENSG00000250166	C2CD5-AS1	lncRNA	17	no ortholog in the table
ENSG00000250266	LINC01612	lncRNA	17	no ortholog in the table
ENSG00000223850	MYCNUT	lncRNA	17	no ortholog in the table
ENSG00000186777	ZNF732	protein_coding	17	no ortholog in the table
ENSG00000186787	SPIN2B	protein_coding	17	no ortholog in the table
ENSG00000225292	LINC02935	lncRNA	17	no ortholog in the table
ENSG00000225328	LINC01594	lncRNA	17	no ortholog in the table
ENSG00000224660	SH3BP5-AS1	lncRNA	17	no ortholog in the table
ENSG00000224187	LINC01991	lncRNA	17	no ortholog in the table
ENSG00000224209	LINC00466	lncRNA	17	no ortholog in the table
ENSG00000250116	RHOQ-AS1	lncRNA	17	no ortholog in the table
ENSG00000225407		lncRNA	17	no ortholog in the table
ENSG00000225439	BOLA3-DT	lncRNA	17	no ortholog in the table
ENSG00000136275	PKD1L1-AS1	lncRNA	17	no ortholog in the table
ENSG00000248405	PRR5-ARHGAP8	protein_coding	17	no ortholog in the table
ENSG00000225938	S1PR1-DT	lncRNA	17	no ortholog in the table
ENSG00000227964	LINC01429	lncRNA	17	no ortholog in the table
ENSG00000226711	FAM66C	lncRNA	17	no ortholog in the table
ENSG00000227308	LINC02832	lncRNA	17	no ortholog in the table
ENSG00000247595	MISFA	protein_coding	17	no ortholog in the table
ENSG00000186026	ZNF284	protein_coding	17	no ortholog in the table
ENSG00000229291	LINC02768	lncRNA	17	no ortholog in the table
ENSG00000273061	CDC37L1-DT	lncRNA	17	no ortholog in the table
ENSG00000273125	LINC01990	lncRNA	17	no ortholog in the table
ENSG00000248161	NFKB1-AS1	lncRNA	17	no ortholog in the table
ENSG00000248318	SNTB1-AS2	lncRNA	17	no ortholog in the table
ENSG00000137492	THAP12	protein_coding	17	no ortholog in the table
ENSG00000274605	PCCA-DT	lncRNA	17	no ortholog in the table
ENSG00000245067	IGFBP7-AS1	lncRNA	17	no ortholog in the table
ENSG00000100246	DNAL4	protein_coding	17	no ortholog in the table
ENSG00000230876	LINC00486	lncRNA	17	no ortholog in the table
ENSG00000231064	THBS3-AS1	lncRNA	17	no ortholog in the table
ENSG00000242852	ZNF709	protein_coding	17	no ortholog in the table
ENSG00000163597	SNHG16	lncRNA	17	no ortholog in the table
ENSG00000107014	RLN2	protein_coding	17	no ortholog in the table
ENSG00000232065	LINC01063	lncRNA	17	no ortholog in the table
ENSG00000185220	PGBD2	protein_coding	17	no ortholog in the table
ENSG00000144199	FAHD2B	protein_coding	17	no ortholog in the table
ENSG00000243295	CFAP20DC-DT	lncRNA	17	no ortholog in the table
ENSG00000174586	ZNF497	protein_coding	17	no ortholog in the table
ENSG00000241560	ZBTB20-AS1	lncRNA	17	no ortholog in the table
ENSG00000277449	CEBPB-AS1	lncRNA	17	no ortholog in the table
ENSG00000169084	DHRSX	protein_coding	17	no ortholog in the table
ENSG00000169093	ASMTL	protein_coding	17	no ortholog in the table
ENSG00000168159	RNF187	protein_coding	17	no ortholog in the table
ENSG00000185186	LINC00313	lncRNA	17	no ortholog in the table
ENSG00000231918	NRXN1-DT	lncRNA	17	no ortholog in the table
ENSG00000241155	ARHGAP31-AS1	lncRNA	17	no ortholog in the table
ENSG00000184925	LCN12	protein_coding	17	ortholog(s) exist but none is in the other vocabulary
ENSG00000233395	LINC00841	lncRNA	17	no ortholog in the table
ENSG00000232192	KIF26B-AS1	lncRNA	17	no ortholog in the table
ENSG00000232645	LINC01431	lncRNA	17	no ortholog in the table
ENSG00000234572	LINC01800	lncRNA	17	no ortholog in the table
ENSG00000240288	GHRLOS	lncRNA	17	no ortholog in the table
ENSG00000168275	COA6	protein_coding	17	no ortholog in the table
ENSG00000169021	UQCRFS1	protein_coding	17	no ortholog in the table
ENSG00000139437	TCHP	protein_coding	17	no ortholog in the table
ENSG00000163286	ALPG	protein_coding	17	ortholog(s) exist but none is in the other vocabulary
ENSG00000103472	RRN3P2	lncRNA	17	no ortholog in the table
ENSG00000280213	UCKL1-AS1	lncRNA	17	no ortholog in the table
ENSG00000280832	GSEC	lncRNA	17	no ortholog in the table
ENSG00000280969	RPS4Y2	protein_coding	17	no ortholog in the table
ENSG00000281398	SNHG4	lncRNA	17	no ortholog in the table
ENSG00000234719	NPIPB2	protein_coding	17	no ortholog in the table
ENSG00000234281	LANCL1-AS1	lncRNA	17	no ortholog in the table
ENSG00000234444	ZNF736	protein_coding	17	no ortholog in the table
ENSG00000237471		lncRNA	17	no ortholog in the table
ENSG00000235590	GNAS-AS1	lncRNA	17	no ortholog in the table
ENSG00000235652	EPM2A-DT	lncRNA	17	no ortholog in the table
ENSG00000235904	RBMS3-AS3	lncRNA	17	no ortholog in the table
ENSG00000235919	ASH1L-AS1	lncRNA	17	no ortholog in the table
ENSG00000173480	ZNF417	protein_coding	17	no ortholog in the table
ENSG00000290840	XGY2	lncRNA	17	no ortholog in the table
ENSG00000285554	LINC02988	lncRNA	17	no ortholog in the table
ENSG00000285940		lncRNA	17	no ortholog in the table
ENSG00000237380	HOXD-AS2	lncRNA	17	no ortholog in the table
ENSG00000293560	MYH16	protein_coding	17	no ortholog in the table
ENSG00000288825	H2AC18	protein_coding	17	no ortholog in the table
ENSG00000162825	NBPF20	protein_coding	17	no ortholog in the table
ENSG00000170364	SETMAR	protein_coding	17	no ortholog in the table
ENSG00000197162	ZNF785	protein_coding	17	no ortholog in the table
ENSG00000197099	HRG-AS1	lncRNA	17	no ortholog in the table
ENSG00000293386		lncRNA	17	no ortholog in the table
ENSG00000183542	KLRC4	protein_coding	17	no ortholog in the table
ENSG00000183648	NDUFB1	protein_coding	17	ortholog(s) exist but none is in the other vocabulary
ENSG00000284240	LINC02801	lncRNA	17	no ortholog in the table
ENSG00000249207		lncRNA	16	no ortholog in the table
ENSG00000248801	C8orf34-AS1	lncRNA	16	no ortholog in the table
ENSG00000248884		lncRNA	16	no ortholog in the table
ENSG00000189419	SPATA41	lncRNA	16	no ortholog in the table
ENSG00000270344	POC1B-AS1	lncRNA	16	no ortholog in the table
ENSG00000259153	MAP3K9-DT	lncRNA	16	no ortholog in the table
ENSG00000183647	ZNF530	protein_coding	16	no ortholog in the table
ENSG00000259342		lncRNA	16	no ortholog in the table
ENSG00000253733	LZTS1-AS1	lncRNA	16	no ortholog in the table
ENSG00000248508	SRP14-DT	lncRNA	16	no ortholog in the table
ENSG00000248550	OTX2-AS1	lncRNA	16	no ortholog in the table
ENSG00000248587	GDNF-AS1	lncRNA	16	no ortholog in the table
ENSG00000005801	ZNF195	protein_coding	16	no ortholog in the table
ENSG00000231253	LINC01640	lncRNA	16	no ortholog in the table
ENSG00000177406	NINJ2-AS1	lncRNA	16	no ortholog in the table
ENSG00000259720	TRPM1-AS1	lncRNA	16	no ortholog in the table
ENSG00000259783	LINC02259	lncRNA	16	no ortholog in the table
ENSG00000231079	KIF5C-AS1	lncRNA	16	no ortholog in the table
ENSG00000196214	ZNF766	protein_coding	16	no ortholog in the table
ENSG00000232354	VIPR1-AS1	lncRNA	16	no ortholog in the table
ENSG00000116652	DLEU2L	lncRNA	16	no ortholog in the table
ENSG00000204946	ZNF783	protein_coding	16	no ortholog in the table
ENSG00000248238	LINC02438	lncRNA	16	no ortholog in the table
ENSG00000271133	ITGB8-AS1	lncRNA	16	no ortholog in the table
ENSG00000268894	PLCE1-AS1	lncRNA	16	no ortholog in the table
ENSG00000232342	ADK-AS1	lncRNA	16	no ortholog in the table
ENSG00000205861	PCOTH	lncRNA	16	no ortholog in the table
ENSG00000196267	ZNF836	protein_coding	16	no ortholog in the table
ENSG00000232648	ING2-DT	lncRNA	16	no ortholog in the table
ENSG00000182983	ZNF662	protein_coding	16	no ortholog in the table
ENSG00000258913	LINC02691	lncRNA	16	no ortholog in the table
ENSG00000258969	LINC02307	lncRNA	16	no ortholog in the table
ENSG00000258984	UBE2F-SCLY	protein_coding	16	no ortholog in the table
ENSG00000259030	FPGT-TNNI3K	protein_coding	16	no ortholog in the table
ENSG00000259847	LINC02126	lncRNA	16	no ortholog in the table
ENSG00000259953	LINC02977	lncRNA	16	no ortholog in the table
ENSG00000285244	DINOL	lncRNA	16	no ortholog in the table
ENSG00000285294	LINC00842	lncRNA	16	no ortholog in the table
ENSG00000246214	RETREG1-AS1	lncRNA	16	no ortholog in the table
ENSG00000246366	LACTB2-AS1	lncRNA	16	no ortholog in the table
ENSG00000196391	ZNF774	protein_coding	16	no ortholog in the table
ENSG00000196456	ZNF775	protein_coding	16	no ortholog in the table
ENSG00000204446	LINC02872	lncRNA	16	no ortholog in the table
ENSG00000258793	BDKRB1-AS1	lncRNA	16	no ortholog in the table
ENSG00000105136	ZNF419	protein_coding	16	no ortholog in the table
ENSG00000233073	GRM3-AS1	lncRNA	16	no ortholog in the table
ENSG00000254275	LINC00824	lncRNA	16	no ortholog in the table
ENSG00000233048	LINC01722	lncRNA	16	no ortholog in the table
ENSG00000230176	LINC01433	lncRNA	16	no ortholog in the table
ENSG00000204520	MICA	protein_coding	16	no ortholog in the table
ENSG00000245680	ZNF585B	protein_coding	16	no ortholog in the table
ENSG00000182903	ZNF721	protein_coding	16	no ortholog in the table
ENSG00000230316	FEZF1-AS1	lncRNA	16	no ortholog in the table
ENSG00000267777	LINC01791	lncRNA	16	no ortholog in the table
ENSG00000160051	IQCC	protein_coding	16	no ortholog in the table
ENSG00000233532	LINC00460	lncRNA	16	no ortholog in the table
ENSG00000245281	ASAH1-AS1	lncRNA	16	no ortholog in the table
ENSG00000245317	MRNIP-DT	lncRNA	16	no ortholog in the table
ENSG00000249487	LINC01586	lncRNA	16	no ortholog in the table
ENSG00000180938	ZNF572	protein_coding	16	no ortholog in the table
ENSG00000260238	PMF1-BGLAP	protein_coding	16	no ortholog in the table
ENSG00000249550	LINC01234	lncRNA	16	no ortholog in the table
ENSG00000258592	LINC03059	lncRNA	16	no ortholog in the table
ENSG00000083844	ZNF264	protein_coding	16	no ortholog in the table
ENSG00000196668	LINC00173	lncRNA	16	no ortholog in the table
ENSG00000267454	ZNF582-DT	lncRNA	16	no ortholog in the table
ENSG00000233730	LINC01765	lncRNA	16	no ortholog in the table
ENSG00000233611	GBX2-AS1	lncRNA	16	no ortholog in the table
ENSG00000213762	ZNF134	protein_coding	16	no ortholog in the table
ENSG00000260604	TGILR	lncRNA	16	no ortholog in the table
ENSG00000244502	HDAC11-AS1	lncRNA	16	no ortholog in the table
ENSG00000196756	SNHG17	lncRNA	16	no ortholog in the table
ENSG00000196757	ZNF700	protein_coding	16	no ortholog in the table
ENSG00000196812	ZSCAN16	protein_coding	16	no ortholog in the table
ENSG00000234028	EIF2AK3-DT	lncRNA	16	no ortholog in the table
ENSG00000260785	CASC17	lncRNA	16	no ortholog in the table
ENSG00000267390	KDSR-DT	lncRNA	16	no ortholog in the table
ENSG00000234170	LINC02645	lncRNA	16	no ortholog in the table
ENSG00000170423	KRT78	protein_coding	16	no ortholog in the table
ENSG00000156096	UGT2B4	protein_coding	16	no ortholog in the table
ENSG00000172428	COPS9	protein_coding	16	no ortholog in the table
ENSG00000184999	SLC22A10	protein_coding	16	no ortholog in the table
ENSG00000204086	RPA4	protein_coding	16	no ortholog in the table
ENSG00000228109	MELTF-AS1	lncRNA	16	no ortholog in the table
ENSG00000267191	ZNF45-AS1	lncRNA	16	no ortholog in the table
ENSG00000267302	RNFT1-DT	lncRNA	16	no ortholog in the table
ENSG00000187942	LDLRAD2	protein_coding	16	no ortholog in the table
ENSG00000187959	CPSF4L	protein_coding	16	no ortholog in the table
ENSG00000273018	FAM106A	lncRNA	16	no ortholog in the table
ENSG00000273033	LINC02035	lncRNA	16	no ortholog in the table
ENSG00000260992	DOCK9-DT	lncRNA	16	no ortholog in the table
ENSG00000261175	LINC02188	lncRNA	16	no ortholog in the table
ENSG00000214106	PAXIP1-AS2	lncRNA	16	no ortholog in the table
ENSG00000120210	INSL6	protein_coding	16	no ortholog in the table
ENSG00000203999	LINC01270	lncRNA	16	no ortholog in the table
ENSG00000227695	DNMBP-AS1	lncRNA	16	no ortholog in the table
ENSG00000227706	ERVH-3	lncRNA	16	no ortholog in the table
ENSG00000179406	LINC00174	lncRNA	16	no ortholog in the table
ENSG00000242902	FLNC-AS1	lncRNA	16	no ortholog in the table
ENSG00000250095	NREP-AS1	lncRNA	16	no ortholog in the table
ENSG00000164296	TIGD6	protein_coding	16	no ortholog in the table
ENSG00000197302	KRABD5	protein_coding	16	no ortholog in the table
ENSG00000187792	ZNF70	protein_coding	16	no ortholog in the table
ENSG00000121413	ZSCAN18	protein_coding	16	no ortholog in the table
ENSG00000171847	FAM90A1	protein_coding	16	no ortholog in the table
ENSG00000187630	DHRS4L2	protein_coding	16	no ortholog in the table
ENSG00000235092	ID2-AS1	lncRNA	16	no ortholog in the table
ENSG00000227053	MUC12-AS1	lncRNA	16	no ortholog in the table
ENSG00000227115	LINC01630	lncRNA	16	no ortholog in the table
ENSG00000226833	PPP1CB-DT	lncRNA	16	no ortholog in the table
ENSG00000257467	PPFIA2-AS1	lncRNA	16	no ortholog in the table
ENSG00000261302	NUP93-DT	lncRNA	16	no ortholog in the table
ENSG00000166526	ZNF3	protein_coding	16	no ortholog in the table
ENSG00000226835	ARHGAP29-AS1	lncRNA	16	no ortholog in the table
ENSG00000251443	LINC02160	lncRNA	16	no ortholog in the table
ENSG00000241933	DENND6A-DT	lncRNA	16	no ortholog in the table
ENSG00000250241	PCDH10-DT	lncRNA	16	no ortholog in the table
ENSG00000267057	LINC01905	lncRNA	16	no ortholog in the table
ENSG00000197385	ZNF860	protein_coding	16	no ortholog in the table
ENSG00000197568	ANKRD13C-DT	lncRNA	16	no ortholog in the table
ENSG00000197647	ZNF433	protein_coding	16	no ortholog in the table
ENSG00000235890	TSPEAR-AS1	lncRNA	16	no ortholog in the table
ENSG00000235954	TTC28-AS1	lncRNA	16	no ortholog in the table
ENSG00000235958	UBOX5-AS1	lncRNA	16	no ortholog in the table
ENSG00000278916	CEP83-DT	lncRNA	16	no ortholog in the table
ENSG00000225978	HAR1A	lncRNA	16	no ortholog in the table
ENSG00000181481	RNF135	protein_coding	16	no ortholog in the table
ENSG00000103121	CMC2	protein_coding	16	no ortholog in the table
ENSG00000176125	UFSP1	protein_coding	16	no ortholog in the table
ENSG00000221923	ZNF880	protein_coding	16	no ortholog in the table
ENSG00000236753	MKLN1-AS	lncRNA	16	no ortholog in the table
ENSG00000169249	ZRSR2	protein_coding	16	no ortholog in the table
ENSG00000278662	GOLGA6L10	protein_coding	16	no ortholog in the table
ENSG00000125787	GNRH2	protein_coding	16	no ortholog in the table
ENSG00000137210	TMEM14B	protein_coding	16	no ortholog in the table
ENSG00000110665	C11orf21	protein_coding	16	no ortholog in the table
ENSG00000225431	LINC01671	lncRNA	16	no ortholog in the table
ENSG00000250748	MSRB3-AS1	lncRNA	16	no ortholog in the table
ENSG00000171195	MUC7	protein_coding	16	no ortholog in the table
ENSG00000197951	ZNF71	protein_coding	16	no ortholog in the table
ENSG00000275763	ZNF516-DT	lncRNA	16	no ortholog in the table
ENSG00000237037	NDUFA6-DT	lncRNA	16	no ortholog in the table
ENSG00000251221	LINC01337	lncRNA	16	no ortholog in the table
ENSG00000250754	LINC02436	lncRNA	16	no ortholog in the table
ENSG00000250846	EPHA5-AS1	lncRNA	16	no ortholog in the table
ENSG00000239801			16	no ortholog in the table
ENSG00000240005	STIM2-AS1	lncRNA	16	no ortholog in the table
ENSG00000240032	LNCSRLR	lncRNA	16	no ortholog in the table
ENSG00000181798	LINC00471	lncRNA	16	no ortholog in the table
ENSG00000175575	PAAF1	protein_coding	16	no ortholog in the table
ENSG00000198538	ZNF28	protein_coding	16	no ortholog in the table
ENSG00000223799	IL10RB-DT	lncRNA	16	no ortholog in the table
ENSG00000111801	BTN3A3	protein_coding	16	no ortholog in the table
ENSG00000265142	MIR133A1HG	lncRNA	16	no ortholog in the table
ENSG00000237489	C10orf143	protein_coding	16	no ortholog in the table
ENSG00000136783	NIPSNAP3A	protein_coding	16	ortholog(s) exist but none is in the other vocabulary
ENSG00000277631	PGM5P3-AS1	lncRNA	16	no ortholog in the table
ENSG00000224238	WARS2-IT1	lncRNA	16	no ortholog in the table
ENSG00000165502	RPL36AL	protein_coding	16	no ortholog in the table
ENSG00000186038	HTR3E	protein_coding	16	no ortholog in the table
ENSG00000255737	AGAP2-AS1	lncRNA	16	no ortholog in the table
ENSG00000237605	DYRK3-AS1	lncRNA	16	no ortholog in the table
ENSG00000186446	ZNF501	protein_coding	16	no ortholog in the table
ENSG00000198464	ZNF480	protein_coding	16	no ortholog in the table
ENSG00000250974	LINC02196	lncRNA	16	no ortholog in the table
ENSG00000186272	ZNF17	protein_coding	16	no ortholog in the table
ENSG00000224287			16	no ortholog in the table
ENSG00000231711	LINC00899	lncRNA	16	no ortholog in the table
ENSG00000167555	ZNF528	protein_coding	16	no ortholog in the table
ENSG00000259426	KIF23-AS1	lncRNA	16	no ortholog in the table
ENSG00000142449	FBN3	protein_coding	16	no ortholog in the table
ENSG00000289059	FPASL	lncRNA	16	no ortholog in the table
ENSG00000099399	MAGEB2	protein_coding	16	no ortholog in the table
ENSG00000099330	OCEL1	protein_coding	16	no ortholog in the table
ENSG00000116785	CFHR3	protein_coding	15	no ortholog in the table
ENSG00000231806	PCAT7	lncRNA	15	no ortholog in the table
ENSG00000231768	LINC01354	lncRNA	15	no ortholog in the table
ENSG00000259439	LINC01833	lncRNA	15	no ortholog in the table
ENSG00000259520	SLC28A2-AS1	lncRNA	15	no ortholog in the table
ENSG00000183463	URAD	protein_coding	15	no ortholog in the table
ENSG00000248408	LINC02469	lncRNA	15	no ortholog in the table
ENSG00000231609	EHBP1-AS1	lncRNA	15	no ortholog in the table
ENSG00000189164	ZNF527	protein_coding	15	no ortholog in the table
ENSG00000254109	RBPMS-AS1	lncRNA	15	no ortholog in the table
ENSG00000254126	CD8B2	protein_coding	15	no ortholog in the table
ENSG00000224017	LINC01449	lncRNA	15	no ortholog in the table
ENSG00000264006	AKR1C8	protein_coding	15	no ortholog in the table
ENSG00000124467	PSG8	protein_coding	15	no ortholog in the table
ENSG00000101574	METTL4	protein_coding	15	no ortholog in the table
ENSG00000238045	MVP-DT	lncRNA	15	no ortholog in the table
ENSG00000238099	LINC01625	lncRNA	15	no ortholog in the table
ENSG00000181896	ZNF101	protein_coding	15	no ortholog in the table
ENSG00000237399	PITRM1-AS1	lncRNA	15	no ortholog in the table
ENSG00000198093	ZNF649	protein_coding	15	no ortholog in the table
ENSG00000256120	SOX5-AS1	lncRNA	15	no ortholog in the table
ENSG00000263257	LINC03107	lncRNA	15	no ortholog in the table
ENSG00000223891	OSER1-DT	lncRNA	15	no ortholog in the table
ENSG00000238212	LINC02096	lncRNA	15	no ortholog in the table
ENSG00000264345	LINC01894	lncRNA	15	no ortholog in the table
ENSG00000236914	LINC01852	lncRNA	15	no ortholog in the table
ENSG00000223783	LINC01983	lncRNA	15	no ortholog in the table
ENSG00000198556	ZNF789	protein_coding	15	no ortholog in the table
ENSG00000164451	CALHM4	protein_coding	15	ortholog(s) exist but none is in the other vocabulary
ENSG00000224655	LINC01823	lncRNA	15	no ortholog in the table
ENSG00000264589	MAPT-AS1	lncRNA	15	no ortholog in the table
ENSG00000171201	SMR3B	protein_coding	15	no ortholog in the table
ENSG00000224973	LARGE-AS1	lncRNA	15	no ortholog in the table
ENSG00000251279	SMIM15-AS1	lncRNA	15	no ortholog in the table
ENSG00000198077	CYP2A7	protein_coding	15	no ortholog in the table
ENSG00000224916	APOC4-APOC2	protein_coding	15	no ortholog in the table
ENSG00000255679	JRKL-AS1	lncRNA	15	no ortholog in the table
ENSG00000251287	ALG1L2	protein_coding	15	no ortholog in the table
ENSG00000223478	ZDHHC12-DT	lncRNA	15	no ortholog in the table
ENSG00000250616	YPEL3-DT	lncRNA	15	no ortholog in the table
ENSG00000250673	REELD1	protein_coding	15	no ortholog in the table
ENSG00000225542	ZNF385D-AS1	lncRNA	15	no ortholog in the table
ENSG00000275126	H4C13	protein_coding	15	no ortholog in the table
ENSG00000256683	ZNF350	protein_coding	15	no ortholog in the table
ENSG00000225179	LINC00457	lncRNA	15	no ortholog in the table
ENSG00000225298	LINC00113	lncRNA	15	no ortholog in the table
ENSG00000265666	RARA-AS1	lncRNA	15	no ortholog in the table
ENSG00000236393	LINC03099	lncRNA	15	no ortholog in the table
ENSG00000185730	ZNF696	protein_coding	15	no ortholog in the table
ENSG00000198788	MUC2	protein_coding	15	no ortholog in the table
ENSG00000122136	OBP2A	protein_coding	15	no ortholog in the table
ENSG00000225484	NUTM2B-AS1	lncRNA	15	no ortholog in the table
ENSG00000257155	NUBPL-DT	lncRNA	15	no ortholog in the table
ENSG00000225953	SATB2-AS1	lncRNA	15	no ortholog in the table
ENSG00000236013	LINC02941	lncRNA	15	no ortholog in the table
ENSG00000179085	DPM3	protein_coding	15	ortholog(s) exist but none is in the other vocabulary
ENSG00000255382	LINC02734	lncRNA	15	no ortholog in the table
ENSG00000225706	PTPRD-AS1	lncRNA	15	no ortholog in the table
ENSG00000170279	C7orf33	protein_coding	15	no ortholog in the table
ENSG00000122548	KIAA0087	lncRNA	15	no ortholog in the table
ENSG00000126545	CSN1S1	protein_coding	15	no ortholog in the table
ENSG00000226519	LINC00390	lncRNA	15	no ortholog in the table
ENSG00000226581	LINC02848	lncRNA	15	no ortholog in the table
ENSG00000274827	LINC01297	lncRNA	15	no ortholog in the table
ENSG00000226005	LINC02660	lncRNA	15	no ortholog in the table
ENSG00000226167	AP4B1-AS1	lncRNA	15	no ortholog in the table
ENSG00000261360	OTULIN-DT	lncRNA	15	no ortholog in the table
ENSG00000261420	MPC1-DT	lncRNA	15	no ortholog in the table
ENSG00000261455	LINC01003	lncRNA	15	no ortholog in the table
ENSG00000235535	TRDN-AS1	lncRNA	15	no ortholog in the table
ENSG00000026950	BTN3A1	protein_coding	15	no ortholog in the table
ENSG00000235123	DSCAM-AS1	lncRNA	15	no ortholog in the table
ENSG00000214652	ZNF727	protein_coding	15	no ortholog in the table
ENSG00000203645	LINC00501	lncRNA	15	no ortholog in the table
ENSG00000242220	TCP10L	protein_coding	15	no ortholog in the table
ENSG00000280620	SCAANT1	lncRNA	15	no ortholog in the table
ENSG00000257683	LINC02463	lncRNA	15	no ortholog in the table
ENSG00000235024	CDK5R2-AS1	lncRNA	15	no ortholog in the table
ENSG00000234707	SEC61G-DT	lncRNA	15	no ortholog in the table
ENSG00000234717	TMEM212-AS1	lncRNA	15	no ortholog in the table
ENSG00000261210	CLEC19A	protein_coding	15	no ortholog in the table
ENSG00000280650	KCNIP4-IT1	lncRNA	15	no ortholog in the table
ENSG00000100665	SERPINA4	protein_coding	15	no ortholog in the table
ENSG00000227963	RBM15-AS1	lncRNA	15	no ortholog in the table
ENSG00000204006	C1orf185	protein_coding	15	no ortholog in the table
ENSG00000181171	FER1L6-AS1	lncRNA	15	no ortholog in the table
ENSG00000234476	LINC02765	lncRNA	15	no ortholog in the table
ENSG00000234506	LINC01506	lncRNA	15	no ortholog in the table
ENSG00000273045	C2orf15	protein_coding	15	no ortholog in the table
ENSG00000213973	ZNF99	protein_coding	15	no ortholog in the table
ENSG00000249846	LINC02021	lncRNA	15	no ortholog in the table
ENSG00000249906	NGFR-AS1	lncRNA	15	no ortholog in the table
ENSG00000273132		lncRNA	15	no ortholog in the table
ENSG00000234456	MAGI2-AS3	lncRNA	15	no ortholog in the table
ENSG00000228437	LINC02474	lncRNA	15	no ortholog in the table
ENSG00000260852	FBXL19-AS1	lncRNA	15	no ortholog in the table
ENSG00000281128	PTENP1-AS	lncRNA	15	no ortholog in the table
ENSG00000281501	SEPSECS-DT	lncRNA	15	no ortholog in the table
ENSG00000267254	ZNF790-AS1	lncRNA	15	no ortholog in the table
ENSG00000267299	RFX2-AS2	lncRNA	15	no ortholog in the table
ENSG00000281548	LINC00895	lncRNA	15	no ortholog in the table
ENSG00000244020	MT1HL1	protein_coding	15	no ortholog in the table
ENSG00000228723	SRGAP3-AS2	lncRNA	15	no ortholog in the table
ENSG00000251688	LINC02507	lncRNA	15	no ortholog in the table
ENSG00000233926	TLE1-DT	lncRNA	15	no ortholog in the table
ENSG00000234056	LINC00463	lncRNA	15	no ortholog in the table
ENSG00000258413	FBXO34-AS1	lncRNA	15	no ortholog in the table
ENSG00000213759	UGT2B11	protein_coding	15	no ortholog in the table
ENSG00000254813	LINC03019	lncRNA	15	no ortholog in the table
ENSG00000169876	MUC17	protein_coding	15	no ortholog in the table
ENSG00000161652	IZUMO2	protein_coding	15	ortholog(s) exist but none is in the other vocabulary
ENSG00000177757	FAM87B	lncRNA	15	no ortholog in the table
ENSG00000260420	LINC02182	lncRNA	15	no ortholog in the table
ENSG00000260691	ANKRD20A1	protein_coding	15	no ortholog in the table
ENSG00000244513	EOGT-DT	lncRNA	15	no ortholog in the table
ENSG00000196793	ZNF239	protein_coding	15	no ortholog in the table
ENSG00000253148	RGS21	protein_coding	15	ortholog(s) exist but none is in the other vocabulary
ENSG00000170846	MRFAP1L2	protein_coding	15	no ortholog in the table
ENSG00000229611			15	no ortholog in the table
ENSG00000229228	LINC00582	lncRNA	15	no ortholog in the table
ENSG00000229531	RABGAP1L-AS1	lncRNA	15	no ortholog in the table
ENSG00000188321	ZNF559	protein_coding	15	no ortholog in the table
ENSG00000260278	BMP2K-DT	lncRNA	15	no ortholog in the table
ENSG00000258572	SYNE3-AS1	lncRNA	15	no ortholog in the table
ENSG00000283422	LINC02452	lncRNA	15	no ortholog in the table
ENSG00000184571	PIWIL3	protein_coding	15	no ortholog in the table
ENSG00000229876	CASC20	lncRNA	15	no ortholog in the table
ENSG00000233485	FHAD1-AS1	lncRNA	15	no ortholog in the table
ENSG00000258616	LINC02303	lncRNA	15	no ortholog in the table
ENSG00000258658	TOMM20L-DT	lncRNA	15	no ortholog in the table
ENSG00000204403	CASP12	protein_coding	15	no ortholog in the table
ENSG00000212694	LINC01089	lncRNA	15	no ortholog in the table
ENSG00000164871	SPAG11B	protein_coding	15	no ortholog in the table
ENSG00000233296	TMEM18-DT	lncRNA	15	no ortholog in the table
ENSG00000246067	RAB30-DT	lncRNA	15	no ortholog in the table
ENSG00000246084	LINC02325	lncRNA	15	no ortholog in the table
ENSG00000267712	LINC01539	lncRNA	15	no ortholog in the table
ENSG00000267761	MIR4527HG	lncRNA	15	no ortholog in the table
ENSG00000230453	ANKRD18B	protein_coding	15	no ortholog in the table
ENSG00000230537	LINC02937	lncRNA	15	no ortholog in the table
ENSG00000284809		lncRNA	15	no ortholog in the table
ENSG00000196436	NPIPB15	protein_coding	15	no ortholog in the table
ENSG00000253577	TRIQK-AS1	lncRNA	15	no ortholog in the table
ENSG00000284879	NCAL1	lncRNA	15	no ortholog in the table
ENSG00000284922	LRTOMT	protein_coding	15	no ortholog in the table
ENSG00000245719	SKOR1-AS1	lncRNA	15	no ortholog in the table
ENSG00000258957	GALNT16-AS1	lncRNA	15	no ortholog in the table
ENSG00000095110	NXPE1	protein_coding	15	no ortholog in the table
ENSG00000132464	ENAM	protein_coding	15	ortholog(s) exist but none is in the other vocabulary
ENSG00000248152	ANK2-AS1	lncRNA	15	no ortholog in the table
ENSG00000268895	A1BG-AS1	lncRNA	15	no ortholog in the table
ENSG00000230825	LINC03016	lncRNA	15	no ortholog in the table
ENSG00000105483	CARD8	protein_coding	15	no ortholog in the table
ENSG00000231233	CFAP58-DT	lncRNA	15	no ortholog in the table
ENSG00000183718	TRIM52	protein_coding	15	no ortholog in the table
ENSG00000205649	HTN3	protein_coding	15	no ortholog in the table
ENSG00000248455	LINC02217	lncRNA	15	no ortholog in the table
ENSG00000231231	LINC01423	lncRNA	15	no ortholog in the table
ENSG00000189064	GAGE2A	protein_coding	15	no ortholog in the table
ENSG00000288905	LSP1P5	lncRNA	15	no ortholog in the table
ENSG00000142556	ZNF614	protein_coding	15	no ortholog in the table
ENSG00000288073		lncRNA	15	no ortholog in the table
ENSG00000286785	LINC01622	lncRNA	15	no ortholog in the table
ENSG00000224271	EPIC1	lncRNA	15	no ortholog in the table
ENSG00000251022	THAP9-AS1	lncRNA	15	no ortholog in the table
ENSG00000182093	GET1	protein_coding	15	no ortholog in the table
ENSG00000224307	LINC02975	lncRNA	15	no ortholog in the table
ENSG00000157653	C9orf43	protein_coding	15	no ortholog in the table
ENSG00000286848		lncRNA	15	no ortholog in the table
ENSG00000286592	LINC02885	lncRNA	14	no ortholog in the table
ENSG00000248995	LINC02231	lncRNA	14	no ortholog in the table
ENSG00000249222	ATP5MGL	protein_coding	14	no ortholog in the table
ENSG00000174365	SNHG11	lncRNA	14	no ortholog in the table
ENSG00000205696	ADARB2-AS1	lncRNA	14	no ortholog in the table
ENSG00000259448	LINC02352	lncRNA	14	no ortholog in the table
ENSG00000259462	CPEB1-AS1	lncRNA	14	no ortholog in the table
ENSG00000231426	FILNC1	lncRNA	14	no ortholog in the table
ENSG00000269439	PGLS-DT	lncRNA	14	no ortholog in the table
ENSG00000269609	C10orf95-AS1	lncRNA	14	no ortholog in the table
ENSG00000253778	CNGB3-AS1	lncRNA	14	no ortholog in the table
ENSG00000253877	LINC01608	lncRNA	14	no ortholog in the table
ENSG00000253961	WRN-AS1	lncRNA	14	no ortholog in the table
ENSG00000269386	RAB11B-AS1	lncRNA	14	no ortholog in the table
ENSG00000096264	NCR2	protein_coding	14	no ortholog in the table
ENSG00000183837	PNMA3	protein_coding	14	ortholog(s) exist but none is in the other vocabulary
ENSG00000205913	SRRM2-AS1	lncRNA	14	no ortholog in the table
ENSG00000248388	HAFML	lncRNA	14	no ortholog in the table
ENSG00000269067	ZNF728	protein_coding	14	no ortholog in the table
ENSG00000232415	ELN-AS1	lncRNA	14	no ortholog in the table
ENSG00000268471	MIR4453HG	lncRNA	14	no ortholog in the table
ENSG00000230838	LINC01614	lncRNA	14	no ortholog in the table
ENSG00000147121	KRABD4	protein_coding	14	no ortholog in the table
ENSG00000196366	C9orf163	lncRNA	14	no ortholog in the table
ENSG00000196268	ZNF493	protein_coding	14	no ortholog in the table
ENSG00000246339	EXTL3-AS1	lncRNA	14	no ortholog in the table
ENSG00000259883	EHD4-AS1	lncRNA	14	no ortholog in the table
ENSG00000247092	SNHG10	lncRNA	14	no ortholog in the table
ENSG00000245849	RAD51-AS1	lncRNA	14	no ortholog in the table
ENSG00000245870	LINC00682	lncRNA	14	no ortholog in the table
ENSG00000155542	SETD9	protein_coding	14	no ortholog in the table
ENSG00000260025	CRIM1-DT	lncRNA	14	no ortholog in the table
ENSG00000253506	NACA2	protein_coding	14	no ortholog in the table
ENSG00000180769	WDFY3-AS2	lncRNA	14	no ortholog in the table
ENSG00000230368	FAM41C	lncRNA	14	no ortholog in the table
ENSG00000230387	LINC03125	lncRNA	14	no ortholog in the table
ENSG00000268257	AIRN	lncRNA	14	no ortholog in the table
ENSG00000174680	GRIK1-AS1	lncRNA	14	no ortholog in the table
ENSG00000283703	VSIG10L2	protein_coding	14	ortholog(s) exist but none is in the other vocabulary
ENSG00000285184		lncRNA	14	no ortholog in the table
ENSG00000285230	RALY-AS1	lncRNA	14	no ortholog in the table
ENSG00000284693	LINC02606	lncRNA	14	no ortholog in the table
ENSG00000146839	ZAN	protein_coding	14	no ortholog in the table
ENSG00000233108	GLCCI1-DT	lncRNA	14	no ortholog in the table
ENSG00000254300	LINC01111	lncRNA	14	no ortholog in the table
ENSG00000249484	LINC01470	lncRNA	14	no ortholog in the table
ENSG00000258694	LINC02319	lncRNA	14	no ortholog in the table
ENSG00000258730	ITPK1-AS1	lncRNA	14	no ortholog in the table
ENSG00000246145	RRS1-DT	lncRNA	14	no ortholog in the table
ENSG00000245571	FAM111A-DT	lncRNA	14	no ortholog in the table
ENSG00000232860	SMG7-AS1	lncRNA	14	no ortholog in the table
ENSG00000230102	LINC02028	lncRNA	14	no ortholog in the table
ENSG00000130167	TSPAN16	protein_coding	14	no ortholog in the table
ENSG00000258630	LINC02292	lncRNA	14	no ortholog in the table
ENSG00000213416	KRTAP4-12	protein_coding	14	ortholog(s) exist but none is in the other vocabulary
ENSG00000254489	MPPED2-AS1	lncRNA	14	no ortholog in the table
ENSG00000254530	LINC02755	lncRNA	14	no ortholog in the table
ENSG00000233590	LINC02640	lncRNA	14	no ortholog in the table
ENSG00000133193	VCF1	protein_coding	14	no ortholog in the table
ENSG00000180988	OR52N2	protein_coding	14	no ortholog in the table
ENSG00000260340	LINC02176	lncRNA	14	no ortholog in the table
ENSG00000260388	LINC00562	lncRNA	14	no ortholog in the table
ENSG00000233705	SLC26A4-AS1	lncRNA	14	no ortholog in the table
ENSG00000229444	ST3GAL3-AS1	lncRNA	14	no ortholog in the table
ENSG00000267508	ZNF285	protein_coding	14	no ortholog in the table
ENSG00000267551	GNA15-DT	lncRNA	14	no ortholog in the table
ENSG00000267583	ZNF24TR	lncRNA	14	no ortholog in the table
ENSG00000267603	LINC01028	lncRNA	14	no ortholog in the table
ENSG00000188581	KRTAP1-1	protein_coding	14	no ortholog in the table
ENSG00000171466	ZNF562	protein_coding	14	no ortholog in the table
ENSG00000168903	BTNL3	protein_coding	14	no ortholog in the table
ENSG00000244124	ATP1B3-AS1	lncRNA	14	no ortholog in the table
ENSG00000233851	LATS2-AS1	lncRNA	14	no ortholog in the table
ENSG00000228801	PCMTD1-DT	lncRNA	14	no ortholog in the table
ENSG00000253251	SHLD3	protein_coding	14	ortholog(s) exist but none is in the other vocabulary
ENSG00000253270	CSGALNACT1-AS1	lncRNA	14	no ortholog in the table
ENSG00000037241	RPL26L1	protein_coding	14	no ortholog in the table
ENSG00000228598	MACC1-AS1	lncRNA	14	no ortholog in the table
ENSG00000234230	ZFX-AS1	lncRNA	14	no ortholog in the table
ENSG00000233757	ZNF892	protein_coding	14	no ortholog in the table
ENSG00000204261	PSMB8-AS1	lncRNA	14	no ortholog in the table
ENSG00000204147	ASAH2B	protein_coding	14	no ortholog in the table
ENSG00000281731	METTL14-DT	lncRNA	14	no ortholog in the table
ENSG00000228701	TNKS2-DT	lncRNA	14	no ortholog in the table
ENSG00000228709	LINC02575	lncRNA	14	no ortholog in the table
ENSG00000133460	SLC2A11	protein_coding	14	no ortholog in the table
ENSG00000281903	ASMER1	lncRNA	14	no ortholog in the table
ENSG00000228570	NUTM2E	protein_coding	14	no ortholog in the table
ENSG00000228203	GRASLND	lncRNA	14	no ortholog in the table
ENSG00000173610	UGT2A1	protein_coding	14	ortholog(s) exist but none is in the other vocabulary
ENSG00000204091	TDRG1	lncRNA	14	no ortholog in the table
ENSG00000203907	OOEP	protein_coding	14	no ortholog in the table
ENSG00000197054	ZNF763	protein_coding	14	no ortholog in the table
ENSG00000175147	TMEM51-AS1	lncRNA	14	no ortholog in the table
ENSG00000267064	UXT-AS1	lncRNA	14	no ortholog in the table
ENSG00000267106	ZNF561-AS1	lncRNA	14	no ortholog in the table
ENSG00000258274	CRADD-AS1	lncRNA	14	no ortholog in the table
ENSG00000203950	RTL8A	protein_coding	14	no ortholog in the table
ENSG00000120211	INSL4	protein_coding	14	no ortholog in the table
ENSG00000203804	ADAMTSL4-AS1	lncRNA	14	no ortholog in the table
ENSG00000156413	FUT6	protein_coding	14	no ortholog in the table
ENSG00000280989	LINC00581	lncRNA	14	no ortholog in the table
ENSG00000227467	LINC01537	lncRNA	14	no ortholog in the table
ENSG00000227676	LINC01068	lncRNA	14	no ortholog in the table
ENSG00000181215	C4orf50	protein_coding	14	no ortholog in the table
ENSG00000234608	MAPKAPK5-AS1	lncRNA	14	no ortholog in the table
ENSG00000235020	CACNB2-AS2	lncRNA	14	no ortholog in the table
ENSG00000267174	TSPAN16-AS1	lncRNA	14	no ortholog in the table
ENSG00000261087	ZNNT1	lncRNA	14	no ortholog in the table
ENSG00000100883	SRP54	protein_coding	14	ortholog(s) exist but none is in the other vocabulary
ENSG00000273344	PAXIP1-DT	lncRNA	14	no ortholog in the table
ENSG00000273331	TM4SF19-DYNLT2B	protein_coding	14	no ortholog in the table
ENSG00000242440	LINC02046	lncRNA	14	no ortholog in the table
ENSG00000203782	LORICRIN	protein_coding	14	no ortholog in the table
ENSG00000152475	ZNF837	protein_coding	14	no ortholog in the table
ENSG00000243509	TNFRSF6B	protein_coding	14	no ortholog in the table
ENSG00000127364	TAS2R4	protein_coding	14	ortholog(s) exist but none is in the other vocabulary
ENSG00000235269	LINC02331	lncRNA	14	no ortholog in the table
ENSG00000214401	KANSL1-AS1	lncRNA	14	no ortholog in the table
ENSG00000203446	SUGCT-AS1	lncRNA	14	no ortholog in the table
ENSG00000203497	PDCD4-AS1	lncRNA	14	no ortholog in the table
ENSG00000144026	ZNF514	protein_coding	14	no ortholog in the table
ENSG00000182583	VCX	protein_coding	14	no ortholog in the table
ENSG00000227274	MYOCD-AS1	lncRNA	14	no ortholog in the table
ENSG00000241769	EOLA1-DT	lncRNA	14	no ortholog in the table
ENSG00000257591	ZNF625	protein_coding	14	no ortholog in the table
ENSG00000165643	SOHLH1	protein_coding	14	no ortholog in the table
ENSG00000274386	TMEM269	protein_coding	14	no ortholog in the table
ENSG00000251675		lncRNA	14	no ortholog in the table
ENSG00000126550	HTN1	protein_coding	14	no ortholog in the table
ENSG00000126752	SSX1	protein_coding	14	no ortholog in the table
ENSG00000255326	MAP6-AS1	lncRNA	14	no ortholog in the table
ENSG00000255337	TMEM123-DT	lncRNA	14	no ortholog in the table
ENSG00000138109	CYP2C9	protein_coding	14	no ortholog in the table
ENSG00000138115	CYP2C8	protein_coding	14	no ortholog in the table
ENSG00000242086	MUC20-OT1	lncRNA	14	no ortholog in the table
ENSG00000266258	LINC01909	lncRNA	14	no ortholog in the table
ENSG00000250243		lncRNA	14	no ortholog in the table
ENSG00000215533	LINC00189	lncRNA	14	no ortholog in the table
ENSG00000152291	TGOLN2	protein_coding	14	no ortholog in the table
ENSG00000215262	KCNU1	protein_coding	14	no ortholog in the table
ENSG00000171804	WDR87	protein_coding	14	no ortholog in the table
ENSG00000226496	LINC00323	lncRNA	14	no ortholog in the table
ENSG00000197608	ZNF841	protein_coding	14	no ortholog in the table
ENSG00000257354	MIRLET7IHG	lncRNA	14	no ortholog in the table
ENSG00000261373	VPS9D1-AS1	lncRNA	14	no ortholog in the table
ENSG00000178404	CEP295NL	protein_coding	14	no ortholog in the table
ENSG00000274750	H3C6	protein_coding	14	no ortholog in the table
ENSG00000236078	LINC01447	lncRNA	14	no ortholog in the table
ENSG00000257151			14	no ortholog in the table
ENSG00000255423	EBLN2	protein_coding	14	no ortholog in the table
ENSG00000255443	CD44-AS1	lncRNA	14	no ortholog in the table
ENSG00000225756	DBH-AS1	lncRNA	14	no ortholog in the table
ENSG00000278768	BACE1-AS	lncRNA	14	no ortholog in the table
ENSG00000261498	LINC00566	lncRNA	14	no ortholog in the table
ENSG00000236188	PRKX-AS1	lncRNA	14	no ortholog in the table
ENSG00000236287	ZBED5	protein_coding	14	no ortholog in the table
ENSG00000221949	LINC01465	lncRNA	14	no ortholog in the table
ENSG00000261504	LINC01686	lncRNA	14	no ortholog in the table
ENSG00000261616	TTC23-AS1	lncRNA	14	no ortholog in the table
ENSG00000261649	GOLGA6L7	protein_coding	14	no ortholog in the table
ENSG00000250423	KIAA1210	protein_coding	14	no ortholog in the table
ENSG00000250447	LINC02105	lncRNA	14	no ortholog in the table
ENSG00000182257	PRR34	lncRNA	14	no ortholog in the table
ENSG00000225472	NFIB-AS1	lncRNA	14	no ortholog in the table
ENSG00000265688	MILIP	lncRNA	14	no ortholog in the table
ENSG00000265751	GREB1L-AS1	lncRNA	14	no ortholog in the table
ENSG00000236559	BCL2L1-AS1	lncRNA	14	no ortholog in the table
ENSG00000225877	PSG8-AS1	lncRNA	14	no ortholog in the table
ENSG00000278338	VWA8-AS1	lncRNA	14	no ortholog in the table
ENSG00000185873	TMPRSS11B	protein_coding	14	no ortholog in the table
ENSG00000240254	B4GALT4-AS1	lncRNA	14	no ortholog in the table
ENSG00000262136	NQO1-DT	lncRNA	14	no ortholog in the table
ENSG00000255717	SNHG1	lncRNA	14	no ortholog in the table
ENSG00000162572	SCNN1D	protein_coding	14	no ortholog in the table
ENSG00000137185	ZSCAN9	protein_coding	14	no ortholog in the table
ENSG00000251192	ZNF674	protein_coding	14	no ortholog in the table
ENSG00000178665	ZNF713	protein_coding	14	no ortholog in the table
ENSG00000182165	TP53TG1	lncRNA	14	no ortholog in the table
ENSG00000224729	PCOLCE-AS1	lncRNA	14	no ortholog in the table
ENSG00000236635	LINC02540	lncRNA	14	no ortholog in the table
ENSG00000238184	CD81-AS1	lncRNA	14	no ortholog in the table
ENSG00000238287	EXO5-DT	lncRNA	14	no ortholog in the table
ENSG00000223914	LINC02471	lncRNA	14	no ortholog in the table
ENSG00000262879		lncRNA	14	no ortholog in the table
ENSG00000223776	LGALS8-AS1	lncRNA	14	no ortholog in the table
ENSG00000237281	CATIP-AS2	lncRNA	14	no ortholog in the table
ENSG00000255857	PXN-AS1	lncRNA	14	no ortholog in the table
ENSG00000236939	BAALC-AS2	lncRNA	14	no ortholog in the table
ENSG00000256268	LINC02454	lncRNA	14	no ortholog in the table
ENSG00000186056	MATN1-AS1	lncRNA	14	no ortholog in the table
ENSG00000124562	SNRPC	protein_coding	14	ortholog(s) exist but none is in the other vocabulary
ENSG00000198453	ZNF568	protein_coding	14	no ortholog in the table
ENSG00000224023	EDRF1-DT	lncRNA	14	no ortholog in the table
ENSG00000169067	ACTBL2	protein_coding	14	ortholog(s) exist but none is in the other vocabulary
ENSG00000250910	MAP9-AS1	lncRNA	14	no ortholog in the table
ENSG00000162913	OBSCN-AS1	lncRNA	14	no ortholog in the table
ENSG00000101883	RHOXF1	protein_coding	14	no ortholog in the table
ENSG00000237797	MACORIS	lncRNA	14	no ortholog in the table
ENSG00000224294	PINCR	lncRNA	14	no ortholog in the table
ENSG00000175967	LINC02880	lncRNA	14	no ortholog in the table
ENSG00000249087	ZNF436-AS1	lncRNA	14	no ortholog in the table
ENSG00000286753		lncRNA	14	no ortholog in the table
ENSG00000288658	RNF228	protein_coding	14	no ortholog in the table
ENSG00000142515	KLK3	protein_coding	14	no ortholog in the table
ENSG00000287031		lncRNA	14	no ortholog in the table
HGNC:18567	TTTY15	lncRNA	14	no Ensembl id (MGI/HGNC accession): not in the ortholog table
ENSG00000286217	LINC00279	lncRNA	14	no ortholog in the table
ENSG00000172016	REG3A	protein_coding	14	no ortholog in the table
ENSG00000183668	PSG9	protein_coding	14	no ortholog in the table
ENSG00000170523	KRT83	protein_coding	14	no ortholog in the table
ENSG00000288859	H2AC19	protein_coding	14	ortholog(s) exist but none is in the other vocabulary
ENSG00000259380	LINC02895	lncRNA	13	no ortholog in the table
ENSG00000248673	LINC01331	lncRNA	13	no ortholog in the table
ENSG00000270049	ATP6V0D1-DT	lncRNA	13	no ortholog in the table
ENSG00000231718	LINC02789	lncRNA	13	no ortholog in the table
ENSG00000269793	ZIM2-AS1	lncRNA	13	no ortholog in the table
ENSG00000174403	CRMA	lncRNA	13	no ortholog in the table
ENSG00000259112	NDUFC2-KCTD14	protein_coding	13	no ortholog in the table
ENSG00000248663	LINC00992	lncRNA	13	no ortholog in the table
ENSG00000167637	ZNF283	protein_coding	13	no ortholog in the table
ENSG00000198466	ZNF587	protein_coding	13	no ortholog in the table
ENSG00000198482	ZNF808	protein_coding	13	no ortholog in the table
ENSG00000250988	SNHG21	lncRNA	13	no ortholog in the table
ENSG00000089335	ZNF302	protein_coding	13	no ortholog in the table
ENSG00000198258	UBL5	protein_coding	13	no ortholog in the table
ENSG00000162881	OXER1	protein_coding	13	no ortholog in the table
ENSG00000237361	TUSC8	lncRNA	13	no ortholog in the table
ENSG00000236980	CIMIP7	protein_coding	13	ortholog(s) exist but none is in the other vocabulary
ENSG00000224141	MIR548XHG	lncRNA	13	no ortholog in the table
ENSG00000224173	LINC02831	lncRNA	13	no ortholog in the table
ENSG00000224220	DTNB-AS1	lncRNA	13	no ortholog in the table
ENSG00000256060	TRAPPC2B	protein_coding	13	no ortholog in the table
ENSG00000263072	ZNF213-AS1	lncRNA	13	no ortholog in the table
ENSG00000198496	NBR2	lncRNA	13	no ortholog in the table
ENSG00000236618	PITPNA-AS1	lncRNA	13	no ortholog in the table
ENSG00000238113	LINC01410	lncRNA	13	no ortholog in the table
ENSG00000238198	LRIG2-DT	lncRNA	13	no ortholog in the table
ENSG00000262919	CCNQ	protein_coding	13	no ortholog in the table
ENSG00000224934	GOT1-DT	lncRNA	13	no ortholog in the table
ENSG00000237424	FOXD2-AS1	lncRNA	13	no ortholog in the table
ENSG00000251273	LINC02228	lncRNA	13	no ortholog in the table
ENSG00000164385	LINC01600	lncRNA	13	no ortholog in the table
ENSG00000225076	WWC3-AS1	lncRNA	13	no ortholog in the table
ENSG00000198064	NPIPB13	protein_coding	13	no ortholog in the table
ENSG00000186860	KRTAP17-1	protein_coding	13	no ortholog in the table
ENSG00000171209	CSN3	protein_coding	13	no ortholog in the table
ENSG00000251171	SH3RF1-AS1	lncRNA	13	no ortholog in the table
ENSG00000251179	TMEM92-AS1	lncRNA	13	no ortholog in the table
ENSG00000275356	LINC03043	lncRNA	13	no ortholog in the table
ENSG00000262185	TRIDDENT	lncRNA	13	no ortholog in the table
ENSG00000223537	ZBTB24-DT	lncRNA	13	no ortholog in the table
ENSG00000236671	PRKG1-AS1	lncRNA	13	no ortholog in the table
ENSG00000225235	INTS6L-AS1	lncRNA	13	no ortholog in the table
ENSG00000251307	CCNO-DT	lncRNA	13	no ortholog in the table
ENSG00000251321	PCAT4	lncRNA	13	no ortholog in the table
ENSG00000250488	LINC02233	lncRNA	13	no ortholog in the table
ENSG00000250696		lncRNA	13	no ortholog in the table
ENSG00000221932	HEPN1	protein_coding	13	no ortholog in the table
ENSG00000240449	REPIN1-AS1	lncRNA	13	no ortholog in the table
ENSG00000256628	ZBTB11-AS1	lncRNA	13	no ortholog in the table
ENSG00000256637	LINC01965	lncRNA	13	no ortholog in the table
ENSG00000103199	ZNF500	protein_coding	13	no ortholog in the table
ENSG00000125743	SNRPD2	protein_coding	13	no ortholog in the table
ENSG00000265206	MIR142HG	lncRNA	13	no ortholog in the table
ENSG00000265485	LINC01915	lncRNA	13	no ortholog in the table
ENSG00000225539	LINC01821	lncRNA	13	no ortholog in the table
ENSG00000163081	CCDC140	lncRNA	13	no ortholog in the table
ENSG00000240045	STRIT1	protein_coding	13	no ortholog in the table
ENSG00000126005	MMP24OS	protein_coding	13	no ortholog in the table
ENSG00000251350	LINC02475	lncRNA	13	no ortholog in the table
ENSG00000250348	SV2C-AS2	lncRNA	13	no ortholog in the table
ENSG00000265702	MARCHF10-AS1	lncRNA	13	no ortholog in the table
ENSG00000236444	UBE2L5	protein_coding	13	no ortholog in the table
ENSG00000236499	LINC00896	lncRNA	13	no ortholog in the table
ENSG00000167011	NAT16	protein_coding	13	no ortholog in the table
ENSG00000255553	LINC02733	lncRNA	13	no ortholog in the table
ENSG00000225826	LINC00626	lncRNA	13	no ortholog in the table
ENSG00000225855	RUSC1-AS1	lncRNA	13	no ortholog in the table
ENSG00000185658	BRWD1	protein_coding	13	no ortholog in the table
ENSG00000221944	TIGD1	protein_coding	13	no ortholog in the table
ENSG00000179058	C9orf50	protein_coding	13	no ortholog in the table
ENSG00000112763	BTN2A1	protein_coding	13	no ortholog in the table
ENSG00000162194	LBHD1	protein_coding	13	no ortholog in the table
ENSG00000178386	ZNF223	protein_coding	13	no ortholog in the table
ENSG00000226067	LINC00623	lncRNA	13	no ortholog in the table
ENSG00000149435	GGTLC1	protein_coding	13	no ortholog in the table
ENSG00000226258	GRM7-AS3	lncRNA	13	no ortholog in the table
ENSG00000235688	SNTG2-AS1	lncRNA	13	no ortholog in the table
ENSG00000273812	LINC02970	lncRNA	13	no ortholog in the table
ENSG00000250208	FZD10-AS1	lncRNA	13	no ortholog in the table
ENSG00000226510	UPK1A-AS1	lncRNA	13	no ortholog in the table
ENSG00000226004	SIMALR	lncRNA	13	no ortholog in the table
ENSG00000226846	LINC00348	lncRNA	13	no ortholog in the table
ENSG00000242147	LASTR	lncRNA	13	no ortholog in the table
ENSG00000226791	LINC02611	lncRNA	13	no ortholog in the table
ENSG00000251450	RASGRF2-AS1	lncRNA	13	no ortholog in the table
ENSG00000226983	LINC01692	lncRNA	13	no ortholog in the table
ENSG00000242641	LINC00971	lncRNA	13	no ortholog in the table
ENSG00000257636	G2E3-AS1	lncRNA	13	no ortholog in the table
ENSG00000257732	TXNRD1-AS1	lncRNA	13	no ortholog in the table
ENSG00000251637	LINC02754	lncRNA	13	no ortholog in the table
ENSG00000235397	EPN2-AS1	lncRNA	13	no ortholog in the table
ENSG00000235191	NUCB1-AS1	lncRNA	13	no ortholog in the table
ENSG00000235221	LINC00383	lncRNA	13	no ortholog in the table
ENSG00000235366	LINC01055	lncRNA	13	no ortholog in the table
ENSG00000234684	SDCBP2-AS1	lncRNA	13	no ortholog in the table
ENSG00000203288	TDRKH-AS1	lncRNA	13	no ortholog in the table
ENSG00000182518	VCF2	protein_coding	13	no ortholog in the table
ENSG00000242268	LINC02082	lncRNA	13	no ortholog in the table
ENSG00000235470	NEURL1-AS1	lncRNA	13	no ortholog in the table
ENSG00000235097	LINC00330	lncRNA	13	no ortholog in the table
ENSG00000227117	HORMAD2-AS1	lncRNA	13	no ortholog in the table
ENSG00000226696	LENG8-AS1	lncRNA	13	no ortholog in the table
ENSG00000227121	LINC02672	lncRNA	13	no ortholog in the table
ENSG00000227195	MIR663AHG	lncRNA	13	no ortholog in the table
ENSG00000227234	SPANXB1	protein_coding	13	no ortholog in the table
ENSG00000227260	LINC01985	lncRNA	13	no ortholog in the table
ENSG00000242770	CD200R1L-AS1	lncRNA	13	no ortholog in the table
ENSG00000214691	LINC01913	lncRNA	13	no ortholog in the table
ENSG00000226985	LINC01203	lncRNA	13	no ortholog in the table
ENSG00000255027	DDX25-AS1	lncRNA	13	no ortholog in the table
ENSG00000255175	LINC02759	lncRNA	13	no ortholog in the table
ENSG00000179363	TMEM31	protein_coding	13	no ortholog in the table
ENSG00000250091	DNAH10OS	lncRNA	13	no ortholog in the table
ENSG00000260896	ARLNC1	lncRNA	13	no ortholog in the table
ENSG00000227403	LINC01806	lncRNA	13	no ortholog in the table
ENSG00000227674	LINC00355	lncRNA	13	no ortholog in the table
ENSG00000187658	C5orf52	protein_coding	13	no ortholog in the table
ENSG00000146666	LINC00525	lncRNA	13	no ortholog in the table
ENSG00000272994	C2orf49-DT	lncRNA	13	no ortholog in the table
ENSG00000253123		lncRNA	13	no ortholog in the table
ENSG00000258183	LINC02392	lncRNA	13	no ortholog in the table
ENSG00000213934	HBG1	protein_coding	13	no ortholog in the table
ENSG00000267278	MAP3K14-AS1	lncRNA	13	no ortholog in the table
ENSG00000272870	SAP30-DT	lncRNA	13	no ortholog in the table
ENSG00000204019	CT83	protein_coding	13	no ortholog in the table
ENSG00000204054	LINC00963	lncRNA	13	no ortholog in the table
ENSG00000249786	EAF1-AS1	lncRNA	13	no ortholog in the table
ENSG00000228740	GABRG3-AS1	lncRNA	13	no ortholog in the table
ENSG00000228323	MYADM-AS1	lncRNA	13	no ortholog in the table
ENSG00000254682	DHCR7-DT	lncRNA	13	no ortholog in the table
ENSG00000254995	STX16-NPEPL1	protein_coding	13	no ortholog in the table
ENSG00000233785	SAT1-DT	lncRNA	13	no ortholog in the table
ENSG00000260804	LINC01963	lncRNA	13	no ortholog in the table
ENSG00000260807	CEROX1	lncRNA	13	no ortholog in the table
ENSG00000204140	CLPSL1	protein_coding	13	no ortholog in the table
ENSG00000234350	ERICH2-DT	lncRNA	13	no ortholog in the table
ENSG00000234362	LINC01914	lncRNA	13	no ortholog in the table
ENSG00000233885	YEATS2-AS1	lncRNA	13	no ortholog in the table
ENSG00000229005	HNF4A-AS1	lncRNA	13	no ortholog in the table
ENSG00000229111	MED4-AS1	lncRNA	13	no ortholog in the table
ENSG00000229175	LINC00382	lncRNA	13	no ortholog in the table
ENSG00000272562	H3-3A-DT	lncRNA	13	no ortholog in the table
ENSG00000244468	TM4SF18-AS1	lncRNA	13	no ortholog in the table
ENSG00000260528	FAM157C	lncRNA	13	no ortholog in the table
ENSG00000244476	ERVFRD-1	protein_coding	13	no ortholog in the table
ENSG00000282996	MPP7-DT	lncRNA	13	no ortholog in the table
ENSG00000233694	LINC02579	lncRNA	13	no ortholog in the table
ENSG00000267475	NUDT19-DT	lncRNA	13	no ortholog in the table
ENSG00000267653	MAP2K6-AS1	lncRNA	13	no ortholog in the table
ENSG00000267662	TSHZ3-AS1	lncRNA	13	no ortholog in the table
ENSG00000244586	WNT5A-AS1	lncRNA	13	no ortholog in the table
ENSG00000283503	LINC01902	lncRNA	13	no ortholog in the table
ENSG00000213215	OR2F1	protein_coding	13	ortholog(s) exist but none is in the other vocabulary
ENSG00000229558	SACS-AS1	lncRNA	13	no ortholog in the table
ENSG00000229613	LINC01501	lncRNA	13	no ortholog in the table
ENSG00000229637	PRAC2	protein_coding	13	no ortholog in the table
ENSG00000272384	ZHX2-AS1	lncRNA	13	no ortholog in the table
ENSG00000229719	MIR194-2HG	lncRNA	13	no ortholog in the table
ENSG00000249502	MED28-DT	lncRNA	13	no ortholog in the table
ENSG00000249509	NEUROG2-AS1	lncRNA	13	no ortholog in the table
ENSG00000283378	CNTNAP3C	protein_coding	13	no ortholog in the table
ENSG00000229751	FRMD4A-AS2	lncRNA	13	no ortholog in the table
ENSG00000267767	LINC01801	lncRNA	13	no ortholog in the table
ENSG00000272273	IER3-AS1	lncRNA	13	no ortholog in the table
ENSG00000133114	GPALPP1	protein_coding	13	no ortholog in the table
ENSG00000271952	LINC01954	lncRNA	13	no ortholog in the table
ENSG00000271869	DCTN6-DT	lncRNA	13	no ortholog in the table
ENSG00000184361	SPATA32	protein_coding	13	no ortholog in the table
ENSG00000212747	RTL8B	protein_coding	13	no ortholog in the table
ENSG00000258701	VESTAR	lncRNA	13	no ortholog in the table
ENSG00000230002	ALMS1-IT1	lncRNA	13	no ortholog in the table
ENSG00000230408	BZW1-AS1	lncRNA	13	no ortholog in the table
ENSG00000268205	LNC-WAL	lncRNA	13	no ortholog in the table
ENSG00000260220	CCDC187	protein_coding	13	no ortholog in the table
ENSG00000146833	TRIM4	protein_coding	13	no ortholog in the table
ENSG00000245910	SNHG6	lncRNA	13	no ortholog in the table
ENSG00000232560	LINC01549	lncRNA	13	no ortholog in the table
ENSG00000232300	FAM215B	lncRNA	13	no ortholog in the table
ENSG00000232352	SEMA3B-AS1	lncRNA	13	no ortholog in the table
ENSG00000230679	ENO1-AS1	lncRNA	13	no ortholog in the table
ENSG00000232825	PLPPR5-AS1	lncRNA	13	no ortholog in the table
ENSG00000247345	PDE4D-AS1	lncRNA	13	no ortholog in the table
ENSG00000247363	NUP107-DT	lncRNA	13	no ortholog in the table
ENSG00000174450	GOLGA6L2	protein_coding	13	no ortholog in the table
ENSG00000268804	LINC02132	lncRNA	13	no ortholog in the table
ENSG00000141194	OR4D1	protein_coding	13	ortholog(s) exist but none is in the other vocabulary
ENSG00000205858	LRRC72	protein_coding	13	no ortholog in the table
ENSG00000204934	ATP6V0E2-AS1	lncRNA	13	no ortholog in the table
ENSG00000231057	NEK2-DT	lncRNA	13	no ortholog in the table
ENSG00000253978	TENM2-AS1	lncRNA	13	no ortholog in the table
ENSG00000167380	ZNF226	protein_coding	13	no ortholog in the table
ENSG00000231226	TRIM31-AS1	lncRNA	13	no ortholog in the table
ENSG00000270419	CAHM	lncRNA	13	no ortholog in the table
ENSG00000270562	FOXP1-DT	lncRNA	13	no ortholog in the table
ENSG00000204949	FAM83A-AS1	lncRNA	13	no ortholog in the table
ENSG00000259642	ST20-AS1	lncRNA	13	no ortholog in the table
ENSG00000205777	GAGE1	protein_coding	13	no ortholog in the table
ENSG00000231934	FAM242A	lncRNA	13	no ortholog in the table
ENSG00000232117	LINC00384	lncRNA	13	no ortholog in the table
ENSG00000248211	TRPC7-AS1	lncRNA	13	no ortholog in the table
ENSG00000205642	VCX3B	protein_coding	13	no ortholog in the table
ENSG00000070388	FGF22	protein_coding	13	no ortholog in the table
ENSG00000248475		lncRNA	13	no ortholog in the table
ENSG00000249035	CLMAT3	lncRNA	13	no ortholog in the table
ENSG00000286543		lncRNA	13	no ortholog in the table
ENSG00000117242	PINK1-AS	lncRNA	13	no ortholog in the table
ENSG00000177300	CLDN22	protein_coding	13	no ortholog in the table
ENSG00000269939	PCF11-AS1	lncRNA	13	no ortholog in the table
ENSG00000136436	CALCOCO2	protein_coding	13	no ortholog in the table
ENSG00000237765	FAM200B	protein_coding	13	no ortholog in the table
ENSG00000263958	NETO1-DT	lncRNA	13	no ortholog in the table
ENSG00000288596	C8orf44	lncRNA	13	no ortholog in the table
ENSG00000168746	LINC01620	lncRNA	13	no ortholog in the table
ENSG00000248599	SLEAR	lncRNA	12	no ortholog in the table
ENSG00000171960	PPIH	protein_coding	12	no ortholog in the table
ENSG00000293312	HNRNPKP3	lncRNA	12	no ortholog in the table
ENSG00000205488	CALML3-AS1	lncRNA	12	no ortholog in the table
ENSG00000205562	FLRT2-AS1	lncRNA	12	no ortholog in the table
ENSG00000287635		lncRNA	12	no ortholog in the table
ENSG00000270882	H4C14	protein_coding	12	no ortholog in the table
ENSG00000253696	KBTBD11-OT1	lncRNA	12	no ortholog in the table
ENSG00000183598	H3C13	protein_coding	12	no ortholog in the table
ENSG00000188785	ZNF548	protein_coding	12	no ortholog in the table
ENSG00000232388	SMIM26	protein_coding	12	no ortholog in the table
ENSG00000271122	HERPUD2-AS1	lncRNA	12	no ortholog in the table
ENSG00000259527	LINC00052	lncRNA	12	no ortholog in the table
ENSG00000204880	KRTAP4-8	protein_coding	12	no ortholog in the table
ENSG00000205702	CYP2D7	protein_coding	12	no ortholog in the table
ENSG00000167619	TMEM145	protein_coding	12	ortholog(s) exist but none is in the other vocabulary
ENSG00000231943	PGM5P4-AS1	lncRNA	12	no ortholog in the table
ENSG00000105501	SIGLEC5	lncRNA	12	no ortholog in the table
ENSG00000285752	CDC42-AS1	lncRNA	12	no ortholog in the table
ENSG00000285825	CCDC15-DT	lncRNA	12	no ortholog in the table
ENSG00000259723	TSHZ2-AS1	lncRNA	12	no ortholog in the table
ENSG00000233077	LINC01271	lncRNA	12	no ortholog in the table
ENSG00000188620	HMX3	protein_coding	12	ortholog(s) exist but none is in the other vocabulary
ENSG00000204682	MIR1915HG	lncRNA	12	no ortholog in the table
ENSG00000205853	RFPL3S	lncRNA	12	no ortholog in the table
ENSG00000188626	GOLGA8M	protein_coding	12	no ortholog in the table
ENSG00000233110	SORBS2-AS1	lncRNA	12	no ortholog in the table
ENSG00000174370	KCNJ5-AS1	lncRNA	12	no ortholog in the table
ENSG00000260172	LINC01413	lncRNA	12	no ortholog in the table
ENSG00000259884	NR4A1AS	lncRNA	12	no ortholog in the table
ENSG00000259899	SNX29-AS3	lncRNA	12	no ortholog in the table
ENSG00000231690	LINC00574	lncRNA	12	no ortholog in the table
ENSG00000253898	LINC01419	lncRNA	12	no ortholog in the table
ENSG00000233421	LINC01783	lncRNA	12	no ortholog in the table
ENSG00000160961	ZNF333	protein_coding	12	no ortholog in the table
ENSG00000231208	ZBTB46-AS1	lncRNA	12	no ortholog in the table
ENSG00000231249	ITPR1-DT	lncRNA	12	no ortholog in the table
ENSG00000231150	DNAH8-AS1	lncRNA	12	no ortholog in the table
ENSG00000260083	MIR762HG	lncRNA	12	no ortholog in the table
ENSG00000271889	C2orf74-AS1	lncRNA	12	no ortholog in the table
ENSG00000272189	MAP7-AS1	lncRNA	12	no ortholog in the table
ENSG00000233334	FAM53B-AS1	lncRNA	12	no ortholog in the table
ENSG00000233215	LINC01687	lncRNA	12	no ortholog in the table
ENSG00000272324	DAP-DT	lncRNA	12	no ortholog in the table
ENSG00000258819	LINC02289	lncRNA	12	no ortholog in the table
ENSG00000269293	ZSCAN16-AS1	lncRNA	12	no ortholog in the table
ENSG00000169714	CNBP	protein_coding	12	no ortholog in the table
ENSG00000048828	FAM120A	protein_coding	12	no ortholog in the table
ENSG00000230891	LINC00692	lncRNA	12	no ortholog in the table
ENSG00000230978	LINC00160	lncRNA	12	no ortholog in the table
ENSG00000230709		lncRNA	12	no ortholog in the table
ENSG00000230710	LINC00332	lncRNA	12	no ortholog in the table
ENSG00000248019	FAM13A-AS1	lncRNA	12	no ortholog in the table
ENSG00000249379	GCLC-AS1	lncRNA	12	no ortholog in the table
ENSG00000249407	IL20RB-AS1	lncRNA	12	no ortholog in the table
ENSG00000146910	CNPY1	protein_coding	12	no ortholog in the table
ENSG00000233718	MYCNOS	lncRNA	12	no ortholog in the table
ENSG00000176809	LRRC37A3	protein_coding	12	no ortholog in the table
ENSG00000258752	FOXN3-AS3	lncRNA	12	no ortholog in the table
ENSG00000213213	CCDC183	protein_coding	12	no ortholog in the table
ENSG00000177688	SUMO4	protein_coding	12	no ortholog in the table
ENSG00000260259	LINC02166	lncRNA	12	no ortholog in the table
ENSG00000260285	TRMT61A-DT	lncRNA	12	no ortholog in the table
ENSG00000180139	ACTA2-AS1	lncRNA	12	no ortholog in the table
ENSG00000230612		lncRNA	12	no ortholog in the table
ENSG00000230645	LINC01818	lncRNA	12	no ortholog in the table
ENSG00000230658	KLHL7-DT	lncRNA	12	no ortholog in the table
ENSG00000230337	EXOSC10-AS1	lncRNA	12	no ortholog in the table
ENSG00000254254	PENK-AS1	lncRNA	12	no ortholog in the table
ENSG00000006659	LGALS14	protein_coding	12	no ortholog in the table
ENSG00000258525	COCH-AS1	lncRNA	12	no ortholog in the table
ENSG00000246560	UBE2D3-AS1	lncRNA	12	no ortholog in the table
ENSG00000246740	PLA2G4E-AS1	lncRNA	12	no ortholog in the table
ENSG00000272575	LINC02098	lncRNA	12	no ortholog in the table
ENSG00000272789	MYO7B-AS1	lncRNA	12	no ortholog in the table
ENSG00000167751	KLK2	protein_coding	12	no ortholog in the table
ENSG00000253311	LINC01847	lncRNA	12	no ortholog in the table
ENSG00000204172	AGAP9	protein_coding	12	no ortholog in the table
ENSG00000177800	TMEM78	lncRNA	12	no ortholog in the table
ENSG00000260454	LINC02957	lncRNA	12	no ortholog in the table
ENSG00000260704	LINC00543	lncRNA	12	no ortholog in the table
ENSG00000245498	MSANTD2-AS1	lncRNA	12	no ortholog in the table
ENSG00000258441	LINC00641	lncRNA	12	no ortholog in the table
ENSG00000260788	CEDORA	lncRNA	12	no ortholog in the table
ENSG00000230054	TEX53	protein_coding	12	no ortholog in the table
ENSG00000229852	KHDC1-AS1	lncRNA	12	no ortholog in the table
ENSG00000267680	ZNF224	protein_coding	12	no ortholog in the table
ENSG00000229893	TAX1BP1-AS1	lncRNA	12	no ortholog in the table
ENSG00000188056	TREML4	protein_coding	12	no ortholog in the table
ENSG00000234425	CD84-AS1	lncRNA	12	no ortholog in the table
ENSG00000083838	ZNF446	protein_coding	12	no ortholog in the table
ENSG00000156467	UQCRB	protein_coding	12	no ortholog in the table
ENSG00000176723	ZNF843	protein_coding	12	no ortholog in the table
ENSG00000134049	IER3IP1	protein_coding	12	no ortholog in the table
ENSG00000229274	LINC02829	lncRNA	12	no ortholog in the table
ENSG00000229484	LINC02766	lncRNA	12	no ortholog in the table
ENSG00000273015	LINC00938	lncRNA	12	no ortholog in the table
ENSG00000273117	INSIG1-DT	lncRNA	12	no ortholog in the table
ENSG00000234665	LERFS	lncRNA	12	no ortholog in the table
ENSG00000251676	SNHG27	lncRNA	12	no ortholog in the table
ENSG00000164822	DEFA6	protein_coding	12	no ortholog in the table
ENSG00000258117	LINC03056	lncRNA	12	no ortholog in the table
ENSG00000258144	LINC02406	lncRNA	12	no ortholog in the table
ENSG00000182816	KRTAP13-2	protein_coding	12	no ortholog in the table
ENSG00000244926	ALKBH3-AS1	lncRNA	12	no ortholog in the table
ENSG00000273311	DGCR11	lncRNA	12	no ortholog in the table
ENSG00000229102	PIK3CA-DT	lncRNA	12	no ortholog in the table
ENSG00000083622	CFTR-AS2	lncRNA	12	no ortholog in the table
ENSG00000184788	SATL1	protein_coding	12	no ortholog in the table
ENSG00000184809	B3GALT5-AS1	lncRNA	12	no ortholog in the table
ENSG00000282961	PRNCR1	lncRNA	12	no ortholog in the table
ENSG00000244036	UBE2H-DT	lncRNA	12	no ortholog in the table
ENSG00000244184	PELP1-DT	lncRNA	12	no ortholog in the table
ENSG00000260903	XKR7	protein_coding	12	ortholog(s) exist but none is in the other vocabulary
ENSG00000260924	LINC01311	lncRNA	12	no ortholog in the table
ENSG00000171916	LGALS9C	protein_coding	12	no ortholog in the table
ENSG00000257859	CASC18	lncRNA	12	no ortholog in the table
ENSG00000257949	TEN1	protein_coding	12	no ortholog in the table
ENSG00000254806	SYS1-DBNDD2	protein_coding	12	no ortholog in the table
ENSG00000234912	SNHG20	lncRNA	12	no ortholog in the table
ENSG00000235026	DPP10-AS1	lncRNA	12	no ortholog in the table
ENSG00000228613	LALTOP	lncRNA	12	no ortholog in the table
ENSG00000159516	SPRR2G	protein_coding	12	no ortholog in the table
ENSG00000281332	LINC00997	lncRNA	12	no ortholog in the table
ENSG00000281706	LINC01012	lncRNA	12	no ortholog in the table
ENSG00000243716	NPIPB5	protein_coding	12	no ortholog in the table
ENSG00000243795	LINC02044	lncRNA	12	no ortholog in the table
ENSG00000235139	LINC03017	lncRNA	12	no ortholog in the table
ENSG00000134551	PRH2	protein_coding	12	no ortholog in the table
ENSG00000235491			12	no ortholog in the table
ENSG00000235501	CNN3-DT	lncRNA	12	no ortholog in the table
ENSG00000281207	SLFNL1-AS1	lncRNA	12	no ortholog in the table
ENSG00000196862	RGPD4	protein_coding	12	no ortholog in the table
ENSG00000267424	RTBDN-AS1	lncRNA	12	no ortholog in the table
ENSG00000235560	ZNF747-DT	lncRNA	12	no ortholog in the table
ENSG00000251602	MTA1-DT	lncRNA	12	no ortholog in the table
ENSG00000215068	ANXA2R-AS1	lncRNA	12	no ortholog in the table
ENSG00000178229	ZNF543	protein_coding	12	no ortholog in the table
ENSG00000274173	LINC02967	lncRNA	12	no ortholog in the table
ENSG00000251664	PCDHA12	protein_coding	12	no ortholog in the table
ENSG00000235478	LINC01664	lncRNA	12	no ortholog in the table
ENSG00000235488	JARID2-AS1	lncRNA	12	no ortholog in the table
ENSG00000267207	BCAS3-AS1	lncRNA	12	no ortholog in the table
ENSG00000243620		lncRNA	12	no ortholog in the table
ENSG00000170948	MBD3L1	protein_coding	12	ortholog(s) exist but none is in the other vocabulary
ENSG00000228215	LINC02770	lncRNA	12	no ortholog in the table
ENSG00000175170	FAM182B	lncRNA	12	no ortholog in the table
ENSG00000280752	LINC00850	lncRNA	12	no ortholog in the table
ENSG00000243083	LINC00870	lncRNA	12	no ortholog in the table
ENSG00000281106	TMEM272	protein_coding	12	no ortholog in the table
ENSG00000274925	ZKSCAN2-DT	lncRNA	12	no ortholog in the table
ENSG00000235725	LINC03050	lncRNA	12	no ortholog in the table
ENSG00000227953	LINC01341	lncRNA	12	no ortholog in the table
ENSG00000235884			12	no ortholog in the table
ENSG00000255129	TTC12-DT	lncRNA	12	no ortholog in the table
ENSG00000255159	DENND2B-AS1	lncRNA	12	no ortholog in the table
ENSG00000255308	CSRP3-AS1	lncRNA	12	no ortholog in the table
ENSG00000235984	GPC5-AS1	lncRNA	12	no ortholog in the table
ENSG00000236017	ASMTL-AS1	lncRNA	12	no ortholog in the table
ENSG00000235865	GSN-AS1	lncRNA	12	no ortholog in the table
ENSG00000267065	LINC02080	lncRNA	12	no ortholog in the table
ENSG00000242094	FOXP1-IT1	lncRNA	12	no ortholog in the table
ENSG00000221817	PPP3CB-AS1	lncRNA	12	no ortholog in the table
ENSG00000261485	PAN3-AS1	lncRNA	12	no ortholog in the table
ENSG00000178397	FAM220A	protein_coding	12	no ortholog in the table
ENSG00000176236	RPP38-DT	lncRNA	12	no ortholog in the table
ENSG00000227542	MYO1B-AS1	lncRNA	12	no ortholog in the table
ENSG00000227199	ST7-AS1	lncRNA	12	no ortholog in the table
ENSG00000227210	WDR35-DT	lncRNA	12	no ortholog in the table
ENSG00000227217	FCRL3-AS1	lncRNA	12	no ortholog in the table
ENSG00000185247	MAGEA11	protein_coding	12	no ortholog in the table
ENSG00000261758	STAG1-DT	lncRNA	12	no ortholog in the table
ENSG00000221874	ZNF816-ZNF321P	protein_coding	12	no ortholog in the table
ENSG00000226763	SRRM5	protein_coding	12	no ortholog in the table
ENSG00000236305	SLC12A9-AS1	lncRNA	12	no ortholog in the table
ENSG00000250254	PTTG2	protein_coding	12	no ortholog in the table
ENSG00000280543	ASAP1-IT2	lncRNA	12	no ortholog in the table
ENSG00000185522	LMNTD2	protein_coding	12	no ortholog in the table
ENSG00000256789	LNCROPM	lncRNA	12	no ortholog in the table
ENSG00000256980	KHDC1L	protein_coding	12	no ortholog in the table
ENSG00000236514	ZNF248-AS1	lncRNA	12	no ortholog in the table
ENSG00000266554	LINC01443	lncRNA	12	no ortholog in the table
ENSG00000151650	VENTX	protein_coding	12	no ortholog in the table
ENSG00000219481	NBPF1	protein_coding	12	no ortholog in the table
ENSG00000226891	LINC01359	lncRNA	12	no ortholog in the table
ENSG00000171217	CLDN20	protein_coding	12	no ortholog in the table
ENSG00000159110	IFNAR2	protein_coding	12	no ortholog in the table
ENSG00000256661	A2ML1-AS1	lncRNA	12	no ortholog in the table
ENSG00000261873	SMIM36	protein_coding	12	no ortholog in the table
ENSG00000240922	LSAMP-AS1	lncRNA	12	no ortholog in the table
ENSG00000241098	LINC01994	lncRNA	12	no ortholog in the table
ENSG00000185594	SPATA8	lncRNA	12	no ortholog in the table
ENSG00000179219	LINC00311	lncRNA	12	no ortholog in the table
ENSG00000236663	FRGCA	lncRNA	12	no ortholog in the table
ENSG00000226239	CCM2L-AS1	lncRNA	12	no ortholog in the table
ENSG00000226314	ZKSCAN8P1	protein_coding	12	no ortholog in the table
ENSG00000226317	LINC00351	lncRNA	12	no ortholog in the table
ENSG00000223482	NUTM2A-AS1	lncRNA	12	no ortholog in the table
ENSG00000225930	LINC02249	lncRNA	12	no ortholog in the table
ENSG00000240666	MME-AS1	lncRNA	12	no ortholog in the table
ENSG00000256576	LINC02361	lncRNA	12	no ortholog in the table
ENSG00000237013	LINC01812	lncRNA	12	no ortholog in the table
ENSG00000265944	LINC01387	lncRNA	12	no ortholog in the table
ENSG00000223806	LINC00114	lncRNA	12	no ortholog in the table
ENSG00000198633	ZNF534	protein_coding	12	no ortholog in the table
ENSG00000223658	C1GALT1C1L	protein_coding	12	no ortholog in the table
ENSG00000236869	ZKSCAN7-AS1	lncRNA	12	no ortholog in the table
ENSG00000226053	LINC01776	lncRNA	12	no ortholog in the table
ENSG00000255458	SMIM14-DT	lncRNA	12	no ortholog in the table
ENSG00000225882	LINC01456	lncRNA	12	no ortholog in the table
ENSG00000225924	TAB2-AS1	lncRNA	12	no ortholog in the table
ENSG00000223764	LINC02593	lncRNA	12	no ortholog in the table
ENSG00000185792	NLRP9	protein_coding	12	no ortholog in the table
ENSG00000169059	VCX3A	protein_coding	12	no ortholog in the table
ENSG00000182315	MBD3L3	protein_coding	12	no ortholog in the table
ENSG00000263862	LINC01543	lncRNA	12	no ortholog in the table
ENSG00000256162	SMLR1	protein_coding	12	no ortholog in the table
ENSG00000263465	SRSF8	protein_coding	12	no ortholog in the table
ENSG00000224536	CSRP1-AS1	lncRNA	12	no ortholog in the table
ENSG00000223883	LINC01707	lncRNA	12	no ortholog in the table
ENSG00000197782	ZNF780A	protein_coding	12	no ortholog in the table
ENSG00000237567	LINC02836	lncRNA	12	no ortholog in the table
ENSG00000197841	ZNF181	protein_coding	12	no ortholog in the table
ENSG00000125899	LINC02871	lncRNA	12	no ortholog in the table
ENSG00000250486	FAM218A	lncRNA	12	no ortholog in the table
ENSG00000162888	IKBKE-AS1	lncRNA	12	no ortholog in the table
ENSG00000237772	LINC02631	lncRNA	12	no ortholog in the table
ENSG00000265352	LINC01899	lncRNA	12	no ortholog in the table
ENSG00000224391	LINC01280	lncRNA	12	no ortholog in the table
ENSG00000224418	STK24-AS1	lncRNA	12	no ortholog in the table
ENSG00000185847	VHRT	lncRNA	12	no ortholog in the table
ENSG00000224318	CHL1-AS2	lncRNA	12	no ortholog in the table
ENSG00000225177	NHSL1-AS1	lncRNA	12	no ortholog in the table
ENSG00000078967	UBE2D4	protein_coding	12	no ortholog in the table
ENSG00000225420	EIF2AK3-AS1	lncRNA	12	no ortholog in the table
ENSG00000255559	ZNF252P-AS1	lncRNA	12	no ortholog in the table
ENSG00000224944	CASC6	lncRNA	12	no ortholog in the table
ENSG00000182111	ZNF716	protein_coding	12	no ortholog in the table
ENSG00000224893	LINC02840	lncRNA	12	no ortholog in the table
ENSG00000224666	ETV7-AS1	lncRNA	12	no ortholog in the table
ENSG00000185988	PLK5	protein_coding	12	no ortholog in the table
ENSG00000238217	LINC01877	lncRNA	12	no ortholog in the table
ENSG00000224790	HLCS-AS1	lncRNA	12	no ortholog in the table
ENSG00000198040	ZNF84	protein_coding	12	no ortholog in the table
ENSG00000224805	LINC00853	lncRNA	12	no ortholog in the table
ENSG00000224846	NQO2-AS1	lncRNA	12	no ortholog in the table
ENSG00000205334	LINC01460	lncRNA	12	no ortholog in the table
ENSG00000249145	LINC02517	lncRNA	12	no ortholog in the table
ENSG00000248685	LINC02484	lncRNA	12	no ortholog in the table
ENSG00000271848	SYNPO2L-AS1	lncRNA	12	no ortholog in the table
ENSG00000167733	HSD11B1L	protein_coding	12	no ortholog in the table
HGNC:15845	PALM2	complex_locus_constituent	12	no Ensembl id (MGI/HGNC accession): not in the ortholog table
ENSG00000286646	MAP3K5-AS2	lncRNA	11	no ortholog in the table
ENSG00000155269	GPR78	protein_coding	11	no ortholog in the table
ENSG00000204860	FAM201A	lncRNA	11	no ortholog in the table
ENSG00000117481	NSUN4	protein_coding	11	no ortholog in the table
ENSG00000259146	SIPA1L1-AS1	lncRNA	11	no ortholog in the table
ENSG00000259256	LINC01895	lncRNA	11	no ortholog in the table
ENSG00000259305	ZHX1-C8orf76	protein_coding	11	no ortholog in the table
ENSG00000224687	RASAL2-AS1	lncRNA	11	no ortholog in the table
ENSG00000239704	CDRT4	protein_coding	11	no ortholog in the table
ENSG00000264769	MAFG-AS1	lncRNA	11	no ortholog in the table
ENSG00000186103	ARGFX	protein_coding	11	no ortholog in the table
ENSG00000238141	BRWD1-AS1	lncRNA	11	no ortholog in the table
ENSG00000238160	LINC02863	lncRNA	11	no ortholog in the table
ENSG00000198028	ZNF560	protein_coding	11	no ortholog in the table
ENSG00000255921	BCAT1-DT	lncRNA	11	no ortholog in the table
ENSG00000186020	ZNF529	protein_coding	11	no ortholog in the table
ENSG00000277661	OR2W1-AS1	lncRNA	11	no ortholog in the table
ENSG00000224961	LINC01752	lncRNA	11	no ortholog in the table
ENSG00000239653	PSMD6-AS2	lncRNA	11	no ortholog in the table
ENSG00000224568	LINC01886	lncRNA	11	no ortholog in the table
ENSG00000224328	MDC1-AS1	lncRNA	11	no ortholog in the table
ENSG00000264247	ZNF407-AS1	lncRNA	11	no ortholog in the table
ENSG00000186235	LINC02610	lncRNA	11	no ortholog in the table
ENSG00000237886	NALT1	lncRNA	11	no ortholog in the table
ENSG00000238005	LNCATV	lncRNA	11	no ortholog in the table
ENSG00000250929	LINC01181	lncRNA	11	no ortholog in the table
ENSG00000170144	HNRNPA3	protein_coding	11	no ortholog in the table
ENSG00000264343	NOTCH2NLA	protein_coding	11	no ortholog in the table
ENSG00000264458	MYO1D-AS1	lncRNA	11	no ortholog in the table
ENSG00000263711	LINC02864	lncRNA	11	no ortholog in the table
ENSG00000110274	CEP164	protein_coding	11	no ortholog in the table
ENSG00000225127	LINC00237	lncRNA	11	no ortholog in the table
ENSG00000278611	ZNF426-DT	lncRNA	11	no ortholog in the table
ENSG00000223768	LINC00205	lncRNA	11	no ortholog in the table
ENSG00000263766	KPNB1-DT	lncRNA	11	no ortholog in the table
ENSG00000224424	PRKAR2A-AS1	lncRNA	11	no ortholog in the table
ENSG00000224565	LINC01754	lncRNA	11	no ortholog in the table
ENSG00000223923	TNS1-AS1	lncRNA	11	no ortholog in the table
ENSG00000223802	CERS1	protein_coding	11	no ortholog in the table
ENSG00000223646	LINC03076	lncRNA	11	no ortholog in the table
ENSG00000237009	GLIS3-AS1	lncRNA	11	no ortholog in the table
ENSG00000255507			11	no ortholog in the table
ENSG00000226133	LINC02794	lncRNA	11	no ortholog in the table
ENSG00000225945	ZFAND3-DT	lncRNA	11	no ortholog in the table
ENSG00000137875	BCL2L10	protein_coding	11	no ortholog in the table
ENSG00000241369	LINC01192	lncRNA	11	no ortholog in the table
ENSG00000251076		lncRNA	11	no ortholog in the table
ENSG00000162621	LRRC53	protein_coding	11	no ortholog in the table
ENSG00000198610	AKR1C4	protein_coding	11	no ortholog in the table
ENSG00000226029	LINC01772	lncRNA	11	no ortholog in the table
ENSG00000102796	DHRS12	protein_coding	11	no ortholog in the table
ENSG00000197487	GALP	protein_coding	11	ortholog(s) exist but none is in the other vocabulary
ENSG00000081665	ZNF506	protein_coding	11	no ortholog in the table
ENSG00000179240	GVQW3	protein_coding	11	no ortholog in the table
ENSG00000109705	NKX3-2	protein_coding	11	ortholog(s) exist but none is in the other vocabulary
ENSG00000266983	RANBP3-DT	lncRNA	11	no ortholog in the table
ENSG00000261664	TTC39A-AS1	lncRNA	11	no ortholog in the table
ENSG00000226853	GPR155-DT	lncRNA	11	no ortholog in the table
ENSG00000126856	PRDM7	protein_coding	11	no ortholog in the table
ENSG00000236751	LINC01186	lncRNA	11	no ortholog in the table
ENSG00000236318	LINC02888	lncRNA	11	no ortholog in the table
ENSG00000279078	SND1-IT1	lncRNA	11	no ortholog in the table
ENSG00000279873	LINC01126	lncRNA	11	no ortholog in the table
ENSG00000221821	PEX39	protein_coding	11	no ortholog in the table
ENSG00000256916	MMP20-AS1	lncRNA	11	no ortholog in the table
ENSG00000257002	CHRM1-AS1	lncRNA	11	no ortholog in the table
ENSG00000236526	BTBD3-AS1	lncRNA	11	no ortholog in the table
ENSG00000227244	LINC00845	lncRNA	11	no ortholog in the table
ENSG00000261794	GOLGA8H	protein_coding	11	no ortholog in the table
ENSG00000218018	RBM38-AS1	lncRNA	11	no ortholog in the table
ENSG00000227016	LINC02796	lncRNA	11	no ortholog in the table
ENSG00000236137	CD101-AS1	lncRNA	11	no ortholog in the table
ENSG00000226702	MIR217HG	lncRNA	11	no ortholog in the table
ENSG00000170298	LGALS9B	protein_coding	11	no ortholog in the table
ENSG00000257114	LINC02450	lncRNA	11	no ortholog in the table
ENSG00000227421	LINC01724	lncRNA	11	no ortholog in the table
ENSG00000227610	FRMPD3-AS1	lncRNA	11	no ortholog in the table
ENSG00000227764	NTRAS	lncRNA	11	no ortholog in the table
ENSG00000261465	COQ7-DT	lncRNA	11	no ortholog in the table
ENSG00000215374	FAM66B	lncRNA	11	no ortholog in the table
ENSG00000135413	LACRT	protein_coding	11	no ortholog in the table
ENSG00000187144	SPATA21	protein_coding	11	no ortholog in the table
ENSG00000267080	ASB16-AS1	lncRNA	11	no ortholog in the table
ENSG00000179428	IL6-AS1	lncRNA	11	no ortholog in the table
ENSG00000274810	NPHP3-ACAD11	protein_coding	11	no ortholog in the table
ENSG00000235635		lncRNA	11	no ortholog in the table
ENSG00000146049	KAAG1	lncRNA	11	no ortholog in the table
ENSG00000187229	PSD3-AS1	lncRNA	11	no ortholog in the table
ENSG00000196967	ZNF585A	protein_coding	11	no ortholog in the table
ENSG00000255036	SUGT1P4-STRA6LP-CCDC180	lncRNA	11	no ortholog in the table
ENSG00000250103	PANCR	lncRNA	11	no ortholog in the table
ENSG00000280798	LINC00294	lncRNA	11	no ortholog in the table
ENSG00000280916	FOXCUT	lncRNA	11	no ortholog in the table
ENSG00000250033	SLC7A11-AS1	lncRNA	11	no ortholog in the table
ENSG00000215274	GAGE10	protein_coding	11	no ortholog in the table
ENSG00000235481	UBE2R2-AS1	lncRNA	11	no ortholog in the table
ENSG00000128254	YWHAH-AS1	lncRNA	11	no ortholog in the table
ENSG00000242767	ZBTB20-AS4	lncRNA	11	no ortholog in the table
ENSG00000257319	DBX2-AS1	lncRNA	11	no ortholog in the table
ENSG00000257345	LINC02413	lncRNA	11	no ortholog in the table
ENSG00000261227	ZFHX3-AS3	lncRNA	11	no ortholog in the table
ENSG00000228309	LINC01350	lncRNA	11	no ortholog in the table
ENSG00000228108	SPTBN1-AS1	lncRNA	11	no ortholog in the table
ENSG00000088888	MAVS	protein_coding	11	no ortholog in the table
ENSG00000251580	LINC02482	lncRNA	11	no ortholog in the table
ENSG00000261272	MUC22	protein_coding	11	no ortholog in the table
ENSG00000257588	AQP5-AS1	lncRNA	11	no ortholog in the table
ENSG00000257605	MYG1-AS1	lncRNA	11	no ortholog in the table
ENSG00000267308	UCA1-AS1	lncRNA	11	no ortholog in the table
ENSG00000267325	LINC01415	lncRNA	11	no ortholog in the table
ENSG00000257839	PHLDA1-DT	lncRNA	11	no ortholog in the table
ENSG00000214559		lncRNA	11	no ortholog in the table
ENSG00000281327	LINC01338	lncRNA	11	no ortholog in the table
ENSG00000235513	L3MBTL2-AS1	lncRNA	11	no ortholog in the table
ENSG00000281358	RASSF1-AS1	lncRNA	11	no ortholog in the table
ENSG00000281491	DNAJB5-DT	lncRNA	11	no ortholog in the table
ENSG00000243694	LINC02027	lncRNA	11	no ortholog in the table
ENSG00000261189	DSP-AS1	lncRNA	11	no ortholog in the table
ENSG00000249673	NOP14-AS1	lncRNA	11	no ortholog in the table
ENSG00000187581	COX8C	protein_coding	11	no ortholog in the table
ENSG00000187621	TCL6	lncRNA	11	no ortholog in the table
ENSG00000214717	ZBED1	protein_coding	11	no ortholog in the table
ENSG00000214381	LINC00488	lncRNA	11	no ortholog in the table
ENSG00000257913	DDN-AS1	lncRNA	11	no ortholog in the table
ENSG00000203864	LINC02868	lncRNA	11	no ortholog in the table
ENSG00000234899	SOX9-AS1	lncRNA	11	no ortholog in the table
ENSG00000273356	LINC02019	lncRNA	11	no ortholog in the table
ENSG00000254959	INMT-MINDY4	protein_coding	11	no ortholog in the table
ENSG00000258101	TUBA1C-AS1	lncRNA	11	no ortholog in the table
ENSG00000177993	ZNRF3-AS1	lncRNA	11	no ortholog in the table
ENSG00000143520	FLG2	protein_coding	11	no ortholog in the table
ENSG00000273179	SPON2-AS1	lncRNA	11	no ortholog in the table
ENSG00000146399	TAAR1	protein_coding	11	ortholog(s) exist but none is in the other vocabulary
ENSG00000171530	TBCA	protein_coding	11	ortholog(s) exist but none is in the other vocabulary
ENSG00000196600	SLC22A25	protein_coding	11	no ortholog in the table
ENSG00000229331	GK-IT1	lncRNA	11	no ortholog in the table
ENSG00000273372	SFTPD-AS1	lncRNA	11	no ortholog in the table
ENSG00000267498	UQCRFS1-DT	lncRNA	11	no ortholog in the table
ENSG00000260941	LINC00622	lncRNA	11	no ortholog in the table
ENSG00000178084	HTR3C	protein_coding	11	no ortholog in the table
ENSG00000258334	TROAP-AS1	lncRNA	11	no ortholog in the table
ENSG00000244479	OR2A1-AS1	lncRNA	11	no ortholog in the table
ENSG00000139675	HNRNPA1L2	protein_coding	11	no ortholog in the table
ENSG00000184601	C14orf180	protein_coding	11	no ortholog in the table
ENSG00000258175	LINC02300	lncRNA	11	no ortholog in the table
ENSG00000230109	LINC02643	lncRNA	11	no ortholog in the table
ENSG00000267750	RUNDC3A-AS1	lncRNA	11	no ortholog in the table
ENSG00000254505	CHMP4A	protein_coding	11	no ortholog in the table
ENSG00000234264	DEPDC1-AS1	lncRNA	11	no ortholog in the table
ENSG00000254635	WAC-AS1	lncRNA	11	no ortholog in the table
ENSG00000254636	ARMS2	protein_coding	11	no ortholog in the table
ENSG00000260493	E2F5-DT	lncRNA	11	no ortholog in the table
ENSG00000260710	UBE2I-AS1	lncRNA	11	no ortholog in the table
ENSG00000260737	LINC01227	lncRNA	11	no ortholog in the table
ENSG00000283646	LINC02009	lncRNA	11	no ortholog in the table
ENSG00000249500	LINC01179	lncRNA	11	no ortholog in the table
ENSG00000245275	SAP30L-AS1	lncRNA	11	no ortholog in the table
ENSG00000260742	ITPRID2-DT	lncRNA	11	no ortholog in the table
ENSG00000107018	RLN1	protein_coding	11	no ortholog in the table
ENSG00000229775	LINC02624	lncRNA	11	no ortholog in the table
ENSG00000188263	IL17REL	protein_coding	11	no ortholog in the table
ENSG00000230133	LINC01721	lncRNA	11	no ortholog in the table
ENSG00000272677	HNRNPD-DT	lncRNA	11	no ortholog in the table
ENSG00000272711	HK2-DT	lncRNA	11	no ortholog in the table
ENSG00000167800	TBX10	protein_coding	11	no ortholog in the table
ENSG00000258457	AJUBA-DT	lncRNA	11	no ortholog in the table
ENSG00000254338	MAFA-AS1	lncRNA	11	no ortholog in the table
ENSG00000254473	UBQLN1-AS1	lncRNA	11	no ortholog in the table
ENSG00000233975	LINC02574	lncRNA	11	no ortholog in the table
ENSG00000284678	LINC02811	lncRNA	11	no ortholog in the table
ENSG00000100249	C22orf31	protein_coding	11	no ortholog in the table
ENSG00000245112	SMARCA5-AS1	lncRNA	11	no ortholog in the table
ENSG00000246640	PICART1	lncRNA	11	no ortholog in the table
ENSG00000246876	LINC02466	lncRNA	11	no ortholog in the table
ENSG00000233760	LINC03095	lncRNA	11	no ortholog in the table
ENSG00000233643	LINC02625	lncRNA	11	no ortholog in the table
ENSG00000188242	SLC9A3-OT1	lncRNA	11	no ortholog in the table
ENSG00000268812	LIF-AS2	lncRNA	11	no ortholog in the table
ENSG00000246100	LINC00900	lncRNA	11	no ortholog in the table
ENSG00000184330	S100A7A	protein_coding	11	no ortholog in the table
ENSG00000184068	SREBF2-AS1	lncRNA	11	no ortholog in the table
ENSG00000106384	MOGAT3	protein_coding	11	no ortholog in the table
ENSG00000130684	ZNF337	protein_coding	11	no ortholog in the table
ENSG00000254154	CRYZL2P-SEC16B	lncRNA	11	no ortholog in the table
ENSG00000246316		lncRNA	11	no ortholog in the table
ENSG00000246350	ZBED9-AS1	lncRNA	11	no ortholog in the table
ENSG00000258675	LINC02308	lncRNA	11	no ortholog in the table
ENSG00000247240	UBL7-DT	lncRNA	11	no ortholog in the table
ENSG00000246394	ZNF84-DT	lncRNA	11	no ortholog in the table
ENSG00000246541	SMARCAD1-DT	lncRNA	11	no ortholog in the table
ENSG00000260286	ARMH2	protein_coding	11	ortholog(s) exist but none is in the other vocabulary
ENSG00000260325	HSPB9	protein_coding	11	no ortholog in the table
ENSG00000253364	COPDA1	lncRNA	11	no ortholog in the table
ENSG00000253404	CTNNA1-AS1	lncRNA	11	no ortholog in the table
ENSG00000249436	LNCBRM	lncRNA	11	no ortholog in the table
ENSG00000247853	CHD4-AS1	lncRNA	11	no ortholog in the table
ENSG00000230806	SRGAP2-AS1	lncRNA	11	no ortholog in the table
ENSG00000233521	LINC01638	lncRNA	11	no ortholog in the table
ENSG00000130544	ZNF557	protein_coding	11	no ortholog in the table
ENSG00000196387	ZNF140	protein_coding	11	no ortholog in the table
ENSG00000269151	PPP5C-AS1	lncRNA	11	no ortholog in the table
ENSG00000231019	LINC00373	lncRNA	11	no ortholog in the table
ENSG00000260018	MBTPS1-DT	lncRNA	11	no ortholog in the table
ENSG00000168515	SCGB1D1	protein_coding	11	no ortholog in the table
ENSG00000260088	DDX59-AS1	lncRNA	11	no ortholog in the table
ENSG00000204610	TRIM15	protein_coding	11	no ortholog in the table
ENSG00000271991	TTC32-DT	lncRNA	11	no ortholog in the table
ENSG00000272192	PDE7A-DT	lncRNA	11	no ortholog in the table
ENSG00000272195	EFCAB2-AS1	lncRNA	11	no ortholog in the table
ENSG00000233220	PRDM10-DT	lncRNA	11	no ortholog in the table
ENSG00000259075	POC1B-GALNT4	protein_coding	11	no ortholog in the table
ENSG00000206187	LINC02346	lncRNA	11	no ortholog in the table
ENSG00000231419	LINC00689	lncRNA	11	no ortholog in the table
ENSG00000231453	LINC01305	lncRNA	11	no ortholog in the table
ENSG00000231528	FAM225A	lncRNA	11	no ortholog in the table
ENSG00000232093	DCST1-AS1	lncRNA	11	no ortholog in the table
ENSG00000269420	PLA2G4C-AS1	lncRNA	11	no ortholog in the table
ENSG00000131115	ZNF227	protein_coding	11	no ortholog in the table
ENSG00000253893	FAM85B	lncRNA	11	no ortholog in the table
ENSG00000254054	FGL1-AS1	lncRNA	11	no ortholog in the table
ENSG00000233396	LINC01719	lncRNA	11	no ortholog in the table
ENSG00000270316	BORCS7-ASMT	protein_coding	11	no ortholog in the table
ENSG00000258910	LINC01956	lncRNA	11	no ortholog in the table
ENSG00000260093	MSRA-DT	lncRNA	11	no ortholog in the table
ENSG00000259954	IL21R-AS1	lncRNA	11	no ortholog in the table
ENSG00000259964	THSD4-AS1	lncRNA	11	no ortholog in the table
ENSG00000270084	GAS5-AS1	lncRNA	11	no ortholog in the table
ENSG00000231742	LINC01273	lncRNA	11	no ortholog in the table
ENSG00000174325	DIRC1	lncRNA	11	no ortholog in the table
ENSG00000248118	LINC01019	lncRNA	11	no ortholog in the table
ENSG00000183067	IGSF5	protein_coding	11	no ortholog in the table
ENSG00000167612	ANKRD33	protein_coding	11	ortholog(s) exist but none is in the other vocabulary
ENSG00000231987	LINC01787	lncRNA	11	no ortholog in the table
ENSG00000005302	MSL3	protein_coding	11	no ortholog in the table
ENSG00000259823	LYPD8	protein_coding	11	no ortholog in the table
ENSG00000204904	LINC01545	lncRNA	11	no ortholog in the table
ENSG00000253641	LINC03022	lncRNA	11	no ortholog in the table
ENSG00000232650	LINC01780	lncRNA	11	no ortholog in the table
ENSG00000232671	ZNF687-AS1	lncRNA	11	no ortholog in the table
ENSG00000232712	KIZ-AS1	lncRNA	11	no ortholog in the table
ENSG00000293460	LINC02210	lncRNA	11	no ortholog in the table
ENSG00000289865		lncRNA	11	no ortholog in the table
ENSG00000259518	LINC01583	lncRNA	11	no ortholog in the table
ENSG00000287180		lncRNA	11	no ortholog in the table
ENSG00000289234	ZNF496-DT	lncRNA	11	no ortholog in the table
ENSG00000286615		lncRNA	11	no ortholog in the table
ENSG00000099869	IGF2-AS	lncRNA	11	no ortholog in the table
ENSG00000248528	LINC02058	lncRNA	11	no ortholog in the table
ENSG00000248457	LINC02220	lncRNA	11	no ortholog in the table
ENSG00000248461			11	no ortholog in the table
ENSG00000248473	LINC01962	lncRNA	11	no ortholog in the table
ENSG00000248901	LINC01846	lncRNA	11	no ortholog in the table
ENSG00000248925	PDCD6-DT	lncRNA	11	no ortholog in the table
ENSG00000289047		lncRNA	11	no ortholog in the table
ENSG00000232455	LARS2-AS1	lncRNA	11	no ortholog in the table
ENSG00000232527	LINC02802	lncRNA	11	no ortholog in the table
ENSG00000287736	PTCSC1	lncRNA	10	no ortholog in the table
ENSG00000286882		lncRNA	10	no ortholog in the table
ENSG00000205456	TP53TG3D	protein_coding	10	no ortholog in the table
ENSG00000164049	FBXW12	protein_coding	10	no ortholog in the table
ENSG00000248668	OXCT1-AS1	lncRNA	10	no ortholog in the table
ENSG00000259094	MARCO-AS1	lncRNA	10	no ortholog in the table
ENSG00000147059	SPIN2A	protein_coding	10	no ortholog in the table
ENSG00000232729	GTF2I-AS1	lncRNA	10	no ortholog in the table
ENSG00000232445	EMSLR	lncRNA	10	no ortholog in the table
ENSG00000253704	VIRMA-DT	lncRNA	10	no ortholog in the table
ENSG00000270112	ST8SIA5-DT	lncRNA	10	no ortholog in the table
ENSG00000231728	TMSB15B-AS1	lncRNA	10	no ortholog in the table
ENSG00000233128	LINC01794	lncRNA	10	no ortholog in the table
ENSG00000253554	LINC01414	lncRNA	10	no ortholog in the table
ENSG00000253618	GRPEL2-AS1	lncRNA	10	no ortholog in the table
ENSG00000189238	LINC00943	lncRNA	10	no ortholog in the table
ENSG00000259104	PTCSC3	lncRNA	10	no ortholog in the table
ENSG00000259215	LINC02896	lncRNA	10	no ortholog in the table
ENSG00000249231	CASC16	lncRNA	10	no ortholog in the table
ENSG00000183128	CALHM3	protein_coding	10	ortholog(s) exist but none is in the other vocabulary
ENSG00000204928	GRXCR2	protein_coding	10	ortholog(s) exist but none is in the other vocabulary
ENSG00000254081	LINC01299	lncRNA	10	no ortholog in the table
ENSG00000204758	RPL26L1-AS1	lncRNA	10	no ortholog in the table
ENSG00000259821	LINC03145	lncRNA	10	no ortholog in the table
ENSG00000285427	SOD2-OT1	lncRNA	10	no ortholog in the table
ENSG00000285985	LINC02689	lncRNA	10	no ortholog in the table
ENSG00000248197	LINC00290	lncRNA	10	no ortholog in the table
ENSG00000248210	LINC02355	lncRNA	10	no ortholog in the table
ENSG00000248268		lncRNA	10	no ortholog in the table
ENSG00000269186	LINC01082	lncRNA	10	no ortholog in the table
ENSG00000167393	PPP2R3B	protein_coding	10	no ortholog in the table
ENSG00000231383	FGF12-AS1	lncRNA	10	no ortholog in the table
ENSG00000231105	ECE1-AS1	lncRNA	10	no ortholog in the table
ENSG00000188566	NDOR1	protein_coding	10	ortholog(s) exist but none is in the other vocabulary
ENSG00000233223	MPDU1-AS1	lncRNA	10	no ortholog in the table
ENSG00000180083	WFDC11	protein_coding	10	no ortholog in the table
ENSG00000248343		lncRNA	10	no ortholog in the table
ENSG00000258884	LINC02321	lncRNA	10	no ortholog in the table
ENSG00000259065	MIDEAS-AS1	lncRNA	10	no ortholog in the table
ENSG00000177535	OR2B11	protein_coding	10	ortholog(s) exist but none is in the other vocabulary
ENSG00000272356	REV3L-AS1	lncRNA	10	no ortholog in the table
ENSG00000188375	H3-5	protein_coding	10	no ortholog in the table
ENSG00000212722	KRTAP4-9	protein_coding	10	no ortholog in the table
ENSG00000258689	LINC01269	lncRNA	10	no ortholog in the table
ENSG00000258710	LINC01193	lncRNA	10	no ortholog in the table
ENSG00000258713	C20orf141	protein_coding	10	no ortholog in the table
ENSG00000254453	NAV2-AS2	lncRNA	10	no ortholog in the table
ENSG00000233922	LINC01694	lncRNA	10	no ortholog in the table
ENSG00000234006	DDX39B-AS1	lncRNA	10	no ortholog in the table
ENSG00000234072	GTF3C2-AS2	lncRNA	10	no ortholog in the table
ENSG00000234091	FRMD4A-AS1	lncRNA	10	no ortholog in the table
ENSG00000133398	MED10	protein_coding	10	no ortholog in the table
ENSG00000230513	THAP7-AS1	lncRNA	10	no ortholog in the table
ENSG00000247271	ZBED5-AS1	lncRNA	10	no ortholog in the table
ENSG00000258643	BCL2L2-PABPN1	protein_coding	10	no ortholog in the table
ENSG00000177683	THAP5	protein_coding	10	no ortholog in the table
ENSG00000230084	ZBTB47-AS1	lncRNA	10	no ortholog in the table
ENSG00000230138	LINC02812	lncRNA	10	no ortholog in the table
ENSG00000230173	LINC01790	lncRNA	10	no ortholog in the table
ENSG00000229950	TFAP2A-AS1	lncRNA	10	no ortholog in the table
ENSG00000229980	TOB1-AS1	lncRNA	10	no ortholog in the table
ENSG00000268182	SMIM17	protein_coding	10	ortholog(s) exist but none is in the other vocabulary
ENSG00000254542	NAV2-AS3	lncRNA	10	no ortholog in the table
ENSG00000272894	MIOS-DT	lncRNA	10	no ortholog in the table
ENSG00000188011	RTP5	protein_coding	10	no ortholog in the table
ENSG00000229214	LINC00242	lncRNA	10	no ortholog in the table
ENSG00000234142	LINC01675	lncRNA	10	no ortholog in the table
ENSG00000234161	PABPC5-AS1	lncRNA	10	no ortholog in the table
ENSG00000234183	H2AZ2-DT	lncRNA	10	no ortholog in the table
ENSG00000184206	GOLGA6L4	protein_coding	10	no ortholog in the table
ENSG00000285051	SLC7A14-AS1	lncRNA	10	no ortholog in the table
ENSG00000229437	LINC00366	lncRNA	10	no ortholog in the table
ENSG00000272989	LINC02012	lncRNA	10	no ortholog in the table
ENSG00000234678	ELF3-AS1	lncRNA	10	no ortholog in the table
ENSG00000253125	EGR3-AS1	lncRNA	10	no ortholog in the table
ENSG00000285103	EMICERI	lncRNA	10	no ortholog in the table
ENSG00000228794	LINC01128	lncRNA	10	no ortholog in the table
ENSG00000234509	SOD1-DT	lncRNA	10	no ortholog in the table
ENSG00000129204	USP6	protein_coding	10	no ortholog in the table
ENSG00000229334	TMEM44-AS2	lncRNA	10	no ortholog in the table
ENSG00000246130	TNFRSF10B-AS1	lncRNA	10	no ortholog in the table
ENSG00000260572	PPM1L-DT	lncRNA	10	no ortholog in the table
ENSG00000234949	RAB17-DT	lncRNA	10	no ortholog in the table
ENSG00000234771	SLC25A25-AS1	lncRNA	10	no ortholog in the table
ENSG00000273619	RPS21-DT	lncRNA	10	no ortholog in the table
ENSG00000267394	ATXN7L3-AS1	lncRNA	10	no ortholog in the table
ENSG00000267402	TCF4-AS2	lncRNA	10	no ortholog in the table
ENSG00000235033	DAAM2-AS1	lncRNA	10	no ortholog in the table
ENSG00000167912	TOX-DT	lncRNA	10	no ortholog in the table
ENSG00000187627	RGPD1	protein_coding	10	no ortholog in the table
ENSG00000235166	LINC01440	lncRNA	10	no ortholog in the table
ENSG00000228999	LINC01830	lncRNA	10	no ortholog in the table
ENSG00000165837	ERICH6B	protein_coding	10	no ortholog in the table
ENSG00000258384	RCCD1-AS1	lncRNA	10	no ortholog in the table
ENSG00000258483	LINC02251	lncRNA	10	no ortholog in the table
ENSG00000251503	CENPS-CORT	protein_coding	10	no ortholog in the table
ENSG00000251577	TACR3-AS1	lncRNA	10	no ortholog in the table
ENSG00000274183	H2AB1	protein_coding	10	ortholog(s) exist but none is in the other vocabulary
ENSG00000179676	LINC00305	lncRNA	10	no ortholog in the table
ENSG00000179743	SPEN-AS1	lncRNA	10	no ortholog in the table
ENSG00000258343	SNRPF-DT	lncRNA	10	no ortholog in the table
ENSG00000283518	LINC02775	lncRNA	10	no ortholog in the table
ENSG00000258162	PPFIA2-AS2	lncRNA	10	no ortholog in the table
ENSG00000213963		lncRNA	10	no ortholog in the table
ENSG00000204110	LINC02520	lncRNA	10	no ortholog in the table
ENSG00000228352	DCAF12-AS1	lncRNA	10	no ortholog in the table
ENSG00000228397	LINC01635	lncRNA	10	no ortholog in the table
ENSG00000228422	LINC00687	lncRNA	10	no ortholog in the table
ENSG00000228426	ZNF32-AS2	lncRNA	10	no ortholog in the table
ENSG00000228459	LINC01546	lncRNA	10	no ortholog in the table
ENSG00000228559	LINC03135	lncRNA	10	no ortholog in the table
ENSG00000228067	LINC01740	lncRNA	10	no ortholog in the table
ENSG00000228192	ZNF691-DT	lncRNA	10	no ortholog in the table
ENSG00000179546	HTR1D	protein_coding	10	no ortholog in the table
ENSG00000235597	LINC01102	lncRNA	10	no ortholog in the table
ENSG00000235660	LINC00345	lncRNA	10	no ortholog in the table
ENSG00000235669	CHN2-AS1	lncRNA	10	no ortholog in the table
ENSG00000267296	CEBPA-DT	lncRNA	10	no ortholog in the table
ENSG00000228277	UMLILO	lncRNA	10	no ortholog in the table
ENSG00000228295	LINC00392	lncRNA	10	no ortholog in the table
ENSG00000267082	DOCK6-AS1	lncRNA	10	no ortholog in the table
ENSG00000267169	ADGRL1-AS1	lncRNA	10	no ortholog in the table
ENSG00000227914	KANK1-AS1	lncRNA	10	no ortholog in the table
ENSG00000187013	LINC02875	lncRNA	10	no ortholog in the table
ENSG00000197084	LCE1C	protein_coding	10	no ortholog in the table
ENSG00000108848	LUC7L3	protein_coding	10	ortholog(s) exist but none is in the other vocabulary
ENSG00000227508	LINC01624	lncRNA	10	no ortholog in the table
ENSG00000255007	LINC02489	lncRNA	10	no ortholog in the table
ENSG00000236049	LINC01920	lncRNA	10	no ortholog in the table
ENSG00000236051	MYCBP2-AS1	lncRNA	10	no ortholog in the table
ENSG00000227256	MIS18A-AS1	lncRNA	10	no ortholog in the table
ENSG00000251323	LINC02728	lncRNA	10	no ortholog in the table
ENSG00000203811	H3C14	protein_coding	10	no ortholog in the table
ENSG00000182873	PRKCZ-AS1	lncRNA	10	no ortholog in the table
ENSG00000236334	PPIAL4G	protein_coding	10	no ortholog in the table
ENSG00000236377	MYO1D-DT	lncRNA	10	no ortholog in the table
ENSG00000236502	SIX3-AS1	lncRNA	10	no ortholog in the table
ENSG00000244219	TMEM225B	protein_coding	10	no ortholog in the table
ENSG00000260944	FOXC2-AS1	lncRNA	10	no ortholog in the table
ENSG00000120436	GPR31	protein_coding	10	ortholog(s) exist but none is in the other vocabulary
ENSG00000152591	DSPP	protein_coding	10	no ortholog in the table
ENSG00000226690	C7orf78	protein_coding	10	no ortholog in the table
ENSG00000236648	LINC02810	lncRNA	10	no ortholog in the table
ENSG00000266921	ZNF230-DT	lncRNA	10	no ortholog in the table
ENSG00000226851	ZNF277-AS1	lncRNA	10	no ortholog in the table
ENSG00000257893	LINC02404	lncRNA	10	no ortholog in the table
ENSG00000258035	PLXNC1-AS1	lncRNA	10	no ortholog in the table
ENSG00000281912	LINC01144	lncRNA	10	no ortholog in the table
ENSG00000243961	PARAL1	lncRNA	10	no ortholog in the table
ENSG00000203684	IBA57-DT	lncRNA	10	no ortholog in the table
ENSG00000203688	LINC02487	lncRNA	10	no ortholog in the table
ENSG00000169955	ZNF747	protein_coding	10	no ortholog in the table
ENSG00000226009	KCNIP2-AS1	lncRNA	10	no ortholog in the table
ENSG00000236819	LINC01563	lncRNA	10	no ortholog in the table
ENSG00000175262	CIROZ	protein_coding	10	no ortholog in the table
ENSG00000120669	SOHLH2	protein_coding	10	no ortholog in the table
ENSG00000203321	CARNMT1-AS1	lncRNA	10	no ortholog in the table
ENSG00000214300	SPDYE3	protein_coding	10	no ortholog in the table
ENSG00000214353	VAC14-AS1	lncRNA	10	no ortholog in the table
ENSG00000163605	PPP4R2	protein_coding	10	no ortholog in the table
ENSG00000249709	ZNF564	protein_coding	10	no ortholog in the table
ENSG00000062096	ARSF	protein_coding	10	no ortholog in the table
ENSG00000237166	LINC01792	lncRNA	10	no ortholog in the table
ENSG00000237174	FILIP1-AS1	lncRNA	10	no ortholog in the table
ENSG00000237181	PRKAR1B-AS1	lncRNA	10	no ortholog in the table
ENSG00000266338	NBPF15	protein_coding	10	no ortholog in the table
ENSG00000266473	HELZ-AS1	lncRNA	10	no ortholog in the table
ENSG00000186442	KRT3	protein_coding	10	no ortholog in the table
ENSG00000236963	LINC01141	lncRNA	10	no ortholog in the table
ENSG00000237001	WASF3-AS1	lncRNA	10	no ortholog in the table
ENSG00000214654	B3GALT9	protein_coding	10	ortholog(s) exist but none is in the other vocabulary
ENSG00000214922	HLA-F-AS1	lncRNA	10	no ortholog in the table
ENSG00000237595	LINC01275	lncRNA	10	no ortholog in the table
ENSG00000197745	SCGB1D4	protein_coding	10	no ortholog in the table
ENSG00000265992	ESRG	lncRNA	10	no ortholog in the table
ENSG00000173093	CCDC63	protein_coding	10	no ortholog in the table
ENSG00000237339	LINC01502	lncRNA	10	no ortholog in the table
ENSG00000255399	TBX5-AS1	lncRNA	10	no ortholog in the table
ENSG00000225880	LINC00115	lncRNA	10	no ortholog in the table
ENSG00000215241	LINC02449	lncRNA	10	no ortholog in the table
ENSG00000215246	LINC02982	lncRNA	10	no ortholog in the table
ENSG00000113141	IK	protein_coding	10	no ortholog in the table
ENSG00000257507	LINC02373	lncRNA	10	no ortholog in the table
ENSG00000257523	LINC02326	lncRNA	10	no ortholog in the table
ENSG00000008324	SS18L2	protein_coding	10	no ortholog in the table
ENSG00000243224	TWF2-DT	lncRNA	10	no ortholog in the table
ENSG00000257337	TNS2-AS1	lncRNA	10	no ortholog in the table
ENSG00000225138	SLC9A3-AS1	lncRNA	10	no ortholog in the table
ENSG00000225269	LINC00705	lncRNA	10	no ortholog in the table
ENSG00000237988	OR2I1	protein_coding	10	ortholog(s) exist but none is in the other vocabulary
ENSG00000125900	SIRPD	protein_coding	10	no ortholog in the table
ENSG00000175518	UBQLNL	protein_coding	10	no ortholog in the table
ENSG00000277448	LINC02338	lncRNA	10	no ortholog in the table
ENSG00000237705		lncRNA	10	no ortholog in the table
ENSG00000277232	GTSE1-DT	lncRNA	10	no ortholog in the table
ENSG00000265458	NARF-AS2	lncRNA	10	no ortholog in the table
ENSG00000215458	AATBC	lncRNA	10	no ortholog in the table
ENSG00000242973	TDRD6-AS1	lncRNA	10	no ortholog in the table
ENSG00000280927	CTBP1-AS	lncRNA	10	no ortholog in the table
ENSG00000197978	GOLGA6L9	protein_coding	10	no ortholog in the table
ENSG00000255693	LINC02389	lncRNA	10	no ortholog in the table
ENSG00000278139	P3R3URF-PIK3R3	protein_coding	10	no ortholog in the table
ENSG00000224870	MRPL20-AS1	lncRNA	10	no ortholog in the table
ENSG00000280594	BTG3-AS1	lncRNA	10	no ortholog in the table
ENSG00000239774	TTC14-DT	lncRNA	10	no ortholog in the table
ENSG00000185966	LCE3E	protein_coding	10	no ortholog in the table
ENSG00000264569	DCXR-DT	lncRNA	10	no ortholog in the table
ENSG00000198128	OR2L3	protein_coding	10	ortholog(s) exist but none is in the other vocabulary
ENSG00000255968	ITPR2-AS2	lncRNA	10	no ortholog in the table
ENSG00000223960	CHROMR	lncRNA	10	no ortholog in the table
ENSG00000250571	GLI4	protein_coding	10	no ortholog in the table
ENSG00000250590	LINC02492	lncRNA	10	no ortholog in the table
ENSG00000198182	ZNF607	protein_coding	10	no ortholog in the table
ENSG00000256862	PARP11-AS1	lncRNA	10	no ortholog in the table
ENSG00000256988	KCNA6-AS1	lncRNA	10	no ortholog in the table
ENSG00000261713	SSTR5-AS1	lncRNA	10	no ortholog in the table
ENSG00000261723	PALB2-AS1	lncRNA	10	no ortholog in the table
ENSG00000241696	LINC02053	lncRNA	10	no ortholog in the table
ENSG00000242048	PRKAG2-AS2	lncRNA	10	no ortholog in the table
ENSG00000250222	TRIM7-AS2	lncRNA	10	no ortholog in the table
ENSG00000280303	ERICD	lncRNA	10	no ortholog in the table
ENSG00000280515	SALRNA2	lncRNA	10	no ortholog in the table
ENSG00000223882	ABCC5-AS1	lncRNA	10	no ortholog in the table
ENSG00000223734	LAPTM4A-DT	lncRNA	10	no ortholog in the table
ENSG00000163257	DCAF16	protein_coding	10	no ortholog in the table
ENSG00000224057	EGFR-AS1	lncRNA	10	no ortholog in the table
ENSG00000224222	LINC02636	lncRNA	10	no ortholog in the table
ENSG00000223770	CACNA2D1-AS1	lncRNA	10	no ortholog in the table
ENSG00000279066	HEXD-IT1	lncRNA	10	no ortholog in the table
ENSG00000279220	CMKLR2-AS	lncRNA	10	no ortholog in the table
ENSG00000223442	TH2LCRR	lncRNA	10	no ortholog in the table
ENSG00000223466	LINC01825	lncRNA	10	no ortholog in the table
ENSG00000256670	RASSF3-DT	lncRNA	10	no ortholog in the table
ENSG00000241220	LINC03109	lncRNA	10	no ortholog in the table
ENSG00000256540	IQSEC3-AS1	lncRNA	10	no ortholog in the table
ENSG00000256546	LINC02985	lncRNA	10	no ortholog in the table
ENSG00000262294	RPH3AL-AS2	lncRNA	10	no ortholog in the table
ENSG00000123576	ESX1	protein_coding	10	no ortholog in the table
ENSG00000249173	LINC01093	lncRNA	10	no ortholog in the table
ENSG00000286147		lncRNA	10	no ortholog in the table
ENSG00000286532	PARTICL	lncRNA	10	no ortholog in the table
ENSG00000166069	TMCO5A	protein_coding	10	ortholog(s) exist but none is in the other vocabulary
ENSG00000132286	TIMM10B	protein_coding	10	no ortholog in the table
ENSG00000232453	LINC02777	lncRNA	10	no ortholog in the table
ENSG00000232233	LINC02043	lncRNA	10	no ortholog in the table
ENSG00000293513	LINC00301	lncRNA	10	no ortholog in the table
HGNC:44749	PTGER4P2-CDK2AP2P2	readthrough	10	no Ensembl id (MGI/HGNC accession): not in the ortholog table
ENSG00000180697	C3orf22	protein_coding	9	no ortholog in the table
ENSG00000071203	MS4A12	protein_coding	9	ortholog(s) exist but none is in the other vocabulary
ENSG00000131508	UBE2D2	protein_coding	9	ortholog(s) exist but none is in the other vocabulary
ENSG00000261796	ISY1-RAB43	protein_coding	9	no ortholog in the table
ENSG00000124091	GCNT7	protein_coding	9	no ortholog in the table
ENSG00000163202	LCE3D	protein_coding	9	no ortholog in the table
ENSG00000178917	ZNF852	protein_coding	9	no ortholog in the table
ENSG00000224902	GAGE12H	protein_coding	9	no ortholog in the table
ENSG00000216921	FAM240C	protein_coding	9	no ortholog in the table
ENSG00000163374	YY1AP1	protein_coding	9	no ortholog in the table
ENSG00000198252	STYX	protein_coding	9	ortholog(s) exist but none is in the other vocabulary
ENSG00000257446	ZNF878	protein_coding	9	no ortholog in the table
ENSG00000215595	C20orf202	protein_coding	9	ortholog(s) exist but none is in the other vocabulary
ENSG00000186105	LRRC70	protein_coding	9	no ortholog in the table
ENSG00000255359	CCDC179	protein_coding	9	no ortholog in the table
ENSG00000243130	PSG11	protein_coding	9	no ortholog in the table
ENSG00000243543	WFDC6	protein_coding	9	no ortholog in the table
ENSG00000145216	FIP1L1	protein_coding	9	no ortholog in the table
ENSG00000265818	EEF1E1-BLOC1S5	protein_coding	9	no ortholog in the table
ENSG00000170935	NCBP2L	protein_coding	9	no ortholog in the table
ENSG00000136003	ISCU	protein_coding	9	no ortholog in the table
ENSG00000237452	MEIOSIN	protein_coding	9	no ortholog in the table
ENSG00000102239	BRS3	protein_coding	9	ortholog(s) exist but none is in the other vocabulary
ENSG00000275152	CCL16	protein_coding	9	no ortholog in the table
ENSG00000197403	OR6N1	protein_coding	9	ortholog(s) exist but none is in the other vocabulary
ENSG00000244462	RBM12	protein_coding	9	no ortholog in the table
ENSG00000100461	RBM23	protein_coding	9	no ortholog in the table
ENSG00000162592	CCDC27	protein_coding	9	no ortholog in the table
ENSG00000283199	C13orf46	protein_coding	9	no ortholog in the table
ENSG00000184698	OR51M1	protein_coding	9	ortholog(s) exist but none is in the other vocabulary
ENSG00000261052	SULT1A3	protein_coding	9	no ortholog in the table
ENSG00000186723	OR10H1	protein_coding	9	no ortholog in the table
ENSG00000135747	ZNF670-ZNF695	protein_coding	9	no ortholog in the table
ENSG00000162526	TSSK3	protein_coding	9	ortholog(s) exist but none is in the other vocabulary
ENSG00000187026	KRTAP21-2	protein_coding	9	no ortholog in the table
ENSG00000168454	TXNDC2	protein_coding	9	no ortholog in the table
ENSG00000179698	WDR97	protein_coding	9	no ortholog in the table
ENSG00000177951	BET1L	protein_coding	9	no ortholog in the table
ENSG00000187533	PRR27	protein_coding	9	no ortholog in the table
ENSG00000167117	ANKRD40CL	protein_coding	9	ortholog(s) exist but none is in the other vocabulary
ENSG00000283900	TPTEP2-CSNK1E	protein_coding	9	no ortholog in the table
ENSG00000283930	PLD5P1	protein_coding	9	no ortholog in the table
ENSG00000284130	TUBA3FP	protein_coding	9	no ortholog in the table
ENSG00000284484	CPHXL2	protein_coding	9	no ortholog in the table
ENSG00000204237	OXLD1	protein_coding	9	no ortholog in the table
ENSG00000229183	PGA4	protein_coding	9	no ortholog in the table
ENSG00000187922	LCN10	protein_coding	9	ortholog(s) exist but none is in the other vocabulary
ENSG00000164816	DEFA5	protein_coding	9	no ortholog in the table
ENSG00000285231	OOSP3	protein_coding	9	no ortholog in the table
ENSG00000204514	ZNF814	protein_coding	9	no ortholog in the table
ENSG00000268043	NBPF12	protein_coding	9	no ortholog in the table
ENSG00000196604	POTEF	protein_coding	9	no ortholog in the table
ENSG00000188000	OR7D2	protein_coding	9	no ortholog in the table
ENSG00000188305	PEAK3	protein_coding	9	no ortholog in the table
ENSG00000153914	SREK1	protein_coding	9	no ortholog in the table
ENSG00000188234	AGAP4	protein_coding	9	no ortholog in the table
ENSG00000248385	TARM1	protein_coding	9	no ortholog in the table
ENSG00000177627	C12orf54	protein_coding	9	no ortholog in the table
ENSG00000206043	C18orf63	protein_coding	9	ortholog(s) exist but none is in the other vocabulary
ENSG00000188585	CLEC20A	protein_coding	9	no ortholog in the table
ENSG00000177324	BEND2	protein_coding	9	no ortholog in the table
ENSG00000205307	SAP25	protein_coding	9	no ortholog in the table
ENSG00000248672	LY75-CD302	protein_coding	9	no ortholog in the table
ENSG00000232040	SCAND3	protein_coding	9	no ortholog in the table
ENSG00000223601	EBLN1	protein_coding	9	no ortholog in the table
ENSG00000123388	HOXC11	protein_coding	9	ortholog(s) exist but none is in the other vocabulary
ENSG00000099381	SETD1A	protein_coding	9	no ortholog in the table
ENSG00000183378	OVCH2	protein_coding	8	ortholog(s) exist but none is in the other vocabulary
ENSG00000177257	DEFB4B	protein_coding	8	no ortholog in the table
ENSG00000177504	VCX2	protein_coding	8	no ortholog in the table
ENSG00000204669	C9orf57	protein_coding	8	no ortholog in the table
ENSG00000285815	GET1-SH3BGR	protein_coding	8	no ortholog in the table
ENSG00000283992	SLURP2	protein_coding	8	no ortholog in the table
ENSG00000244682	FCGR2C	protein_coding	8	no ortholog in the table
ENSG00000204571	KRTAP5-11	protein_coding	8	no ortholog in the table
ENSG00000177558	FAM187B	protein_coding	8	no ortholog in the table
ENSG00000204595	DPRX	protein_coding	8	no ortholog in the table
ENSG00000155087	ODF1	protein_coding	8	ortholog(s) exist but none is in the other vocabulary
ENSG00000204511	MCCD1	protein_coding	8	no ortholog in the table
ENSG00000184351	KRTAP19-1	protein_coding	8	no ortholog in the table
ENSG00000184478	OR56A3	protein_coding	8	ortholog(s) exist but none is in the other vocabulary
ENSG00000283428	CCDC195	protein_coding	8	ortholog(s) exist but none is in the other vocabulary
ENSG00000283434	CSNK2A2IP	protein_coding	8	no ortholog in the table
ENSG00000206531	CD200R1L	protein_coding	8	no ortholog in the table
ENSG00000204345	CD300LD	protein_coding	8	no ortholog in the table
ENSG00000242019	KIR3DL3	protein_coding	8	no ortholog in the table
ENSG00000172689	MS4A10	protein_coding	8	no ortholog in the table
ENSG00000120322	PCDHB8	protein_coding	8	no ortholog in the table
ENSG00000182459	TEX19	protein_coding	8	no ortholog in the table
ENSG00000168970	JMJD7-PLA2G4B	protein_coding	8	no ortholog in the table
ENSG00000121318	TAS2R10	protein_coding	8	ortholog(s) exist but none is in the other vocabulary
ENSG00000164399	IL3	protein_coding	8	no ortholog in the table
ENSG00000261341	SMIM47	protein_coding	8	no ortholog in the table
ENSG00000261408	TEN1-CDK3	protein_coding	8	no ortholog in the table
ENSG00000121716	PILRB	protein_coding	8	no ortholog in the table
ENSG00000238083	LRRC37A2	protein_coding	8	no ortholog in the table
ENSG00000102021	LUZP4	protein_coding	8	no ortholog in the table
ENSG00000185662	SMIM23	protein_coding	8	no ortholog in the table
ENSG00000185960	SHOX	protein_coding	8	no ortholog in the table
ENSG00000185962	LCE3A	protein_coding	8	no ortholog in the table
ENSG00000186226	LCE1E	protein_coding	8	no ortholog in the table
ENSG00000170248	PDCD6IP	protein_coding	8	no ortholog in the table
ENSG00000262874	C19orf84	protein_coding	8	ortholog(s) exist but none is in the other vocabulary
ENSG00000178690	DYNAP	protein_coding	8	no ortholog in the table
ENSG00000263715	LINC02210-CRHR1	protein_coding	8	no ortholog in the table
ENSG00000263956	NBPF11	protein_coding	8	no ortholog in the table
ENSG00000215717	TMEM167B	protein_coding	8	no ortholog in the table
ENSG00000178928	TPRX1	protein_coding	8	no ortholog in the table
ENSG00000125414	MYH2	protein_coding	8	no ortholog in the table
ENSG00000186977	KRTAP19-5	protein_coding	8	no ortholog in the table
ENSG00000181666	ZNF875	protein_coding	8	no ortholog in the table
ENSG00000257046	SLCO1B3-SLCO1B7	protein_coding	8	no ortholog in the table
ENSG00000197870	PRB3	protein_coding	8	no ortholog in the table
ENSG00000104826	LHB	protein_coding	8	no ortholog in the table
ENSG00000161634	DCD	protein_coding	8	no ortholog in the table
ENSG00000104915	STX10	protein_coding	8	no ortholog in the table
ENSG00000145975	FAM217A	protein_coding	8	no ortholog in the table
ENSG00000181433	SAGE1	protein_coding	8	no ortholog in the table
ENSG00000221826	PSG3	protein_coding	8	no ortholog in the table
ENSG00000197532	OR6Y1	protein_coding	8	ortholog(s) exist but none is in the other vocabulary
ENSG00000187537	POTEG	protein_coding	8	no ortholog in the table
ENSG00000135226	UGT2B28	protein_coding	8	no ortholog in the table
ENSG00000187257	RSBN1L	protein_coding	8	ortholog(s) exist but none is in the other vocabulary
ENSG00000171487	NLRP5	protein_coding	8	no ortholog in the table
ENSG00000232653	GOLGA8N	protein_coding	8	no ortholog in the table
ENSG00000187559	FOXD4L3	protein_coding	8	no ortholog in the table
ENSG00000273213	H3-7	protein_coding	8	no ortholog in the table
ENSG00000223953	C1QTNF5	protein_coding	8	ortholog(s) exist but none is in the other vocabulary
ENSG00000196844	PATE2	protein_coding	8	no ortholog in the table
ENSG00000256188	TAS2R30	protein_coding	8	no ortholog in the table
ENSG00000164897	TMUB1	protein_coding	8	no ortholog in the table
ENSG00000188269	OR7A5	protein_coding	8	ortholog(s) exist but none is in the other vocabulary
ENSG00000169629	RGPD8	protein_coding	8	no ortholog in the table
ENSG00000254996	ANKHD1-EIF4EBP3	protein_coding	8	no ortholog in the table
ENSG00000228372	SMIM10L2B-AS1	protein_coding	8	no ortholog in the table
ENSG00000270011	ZNF559-ZNF177	protein_coding	8	no ortholog in the table
ENSG00000082515	MRPL22	protein_coding	8	no ortholog in the table
ENSG00000228049	POLR2J2	protein_coding	8	no ortholog in the table
ENSG00000270181	BIVM-ERCC5	protein_coding	8	no ortholog in the table
ENSG00000183426	NPIPA1	protein_coding	8	no ortholog in the table
ENSG00000183248	PRR36	protein_coding	8	no ortholog in the table
ENSG00000205442	IZUMO3	protein_coding	8	ortholog(s) exist but none is in the other vocabulary
ENSG00000116996	ZP4	protein_coding	8	no ortholog in the table
ENSG00000205352	PRR13	protein_coding	8	no ortholog in the table
ENSG00000070831	CDC42	protein_coding	8	ortholog(s) exist but none is in the other vocabulary
ENSG00000096395	MLN	protein_coding	8	no ortholog in the table
ENSG00000142166	IFNAR1	protein_coding	8	no ortholog in the table
ENSG00000183206	POTEC	protein_coding	7	no ortholog in the table
ENSG00000205856	C22orf42	protein_coding	7	no ortholog in the table
ENSG00000109208	SMR3A	protein_coding	7	no ortholog in the table
ENSG00000196071	OR2L13	protein_coding	7	ortholog(s) exist but none is in the other vocabulary
ENSG00000158553	POM121L2	protein_coding	7	no ortholog in the table
ENSG00000226288	OR52I2	protein_coding	7	ortholog(s) exist but none is in the other vocabulary
ENSG00000147896	IFNK	protein_coding	7	no ortholog in the table
ENSG00000167195	GOLGA6C	protein_coding	7	no ortholog in the table
ENSG00000254469	XNDC1N	protein_coding	7	no ortholog in the table
ENSG00000169885	CALML6	protein_coding	7	no ortholog in the table
ENSG00000171402	XAGE3	protein_coding	7	no ortholog in the table
ENSG00000230657	PRB4	protein_coding	7	no ortholog in the table
ENSG00000230358	SPDYE21	protein_coding	7	no ortholog in the table
ENSG00000174652	ZNF266	protein_coding	7	no ortholog in the table
ENSG00000084463	WBP11	protein_coding	7	no ortholog in the table
ENSG00000181001	OR52N1	protein_coding	7	ortholog(s) exist but none is in the other vocabulary
ENSG00000171199	OPRPN	protein_coding	7	no ortholog in the table
ENSG00000181017	OR56B2	protein_coding	7	ortholog(s) exist but none is in the other vocabulary
ENSG00000134007	ADAM20	protein_coding	7	no ortholog in the table
ENSG00000105700	KXD1	protein_coding	7	no ortholog in the table
ENSG00000175766	EIF4E1B	protein_coding	7	ortholog(s) exist but none is in the other vocabulary
ENSG00000224578	HNRNPA1L3	protein_coding	7	no ortholog in the table
ENSG00000134365	CFHR4	protein_coding	7	no ortholog in the table
ENSG00000179636	TPPP2	protein_coding	7	ortholog(s) exist but none is in the other vocabulary
ENSG00000174038	SPATA31G1	protein_coding	7	no ortholog in the table
ENSG00000274209	ANTXRL	protein_coding	7	no ortholog in the table
ENSG00000026036	RTEL1-TNFRSF6B	protein_coding	7	no ortholog in the table
ENSG00000197658	SLC22A24	protein_coding	7	no ortholog in the table
ENSG00000179213	SIGLECL1	protein_coding	7	no ortholog in the table
ENSG00000234409	CCDC188	protein_coding	7	ortholog(s) exist but none is in the other vocabulary
ENSG00000171561	OR2AT4	protein_coding	7	ortholog(s) exist but none is in the other vocabulary
ENSG00000178809	TRIM73	protein_coding	7	no ortholog in the table
ENSG00000235453	SMIM27	protein_coding	7	no ortholog in the table
ENSG00000198156	NPIPB6	protein_coding	7	no ortholog in the table
ENSG00000198225	FKBP1C	protein_coding	7	no ortholog in the table
ENSG00000264424	MYH4	protein_coding	7	no ortholog in the table
ENSG00000215375	MYL5	protein_coding	7	no ortholog in the table
ENSG00000150244	TRIM48	protein_coding	7	no ortholog in the table
ENSG00000262481	TMEM256-PLSCR3	protein_coding	7	no ortholog in the table
ENSG00000235631	RNF148	protein_coding	7	ortholog(s) exist but none is in the other vocabulary
ENSG00000136698	CFC1	protein_coding	7	no ortholog in the table
ENSG00000214897	PNMA6E	protein_coding	7	no ortholog in the table
ENSG00000173080	RXFP4	protein_coding	7	ortholog(s) exist but none is in the other vocabulary
ENSG00000185829	ARL17A	protein_coding	7	no ortholog in the table
ENSG00000251258	RFPL4B	protein_coding	7	no ortholog in the table
ENSG00000251349	MSANTD3-TMEFF1	protein_coding	7	no ortholog in the table
ENSG00000171570	RAB4B-EGLN2	protein_coding	7	no ortholog in the table
ENSG00000172969	FRG2C	protein_coding	7	no ortholog in the table
ENSG00000258102	MAP1LC3B2	protein_coding	7	no ortholog in the table
ENSG00000213920	MDP1	protein_coding	7	no ortholog in the table
ENSG00000178440	TIMM23B-AGAP6	protein_coding	7	no ortholog in the table
ENSG00000170848	PSG6	protein_coding	7	no ortholog in the table
ENSG00000178201	VN1R1	protein_coding	7	no ortholog in the table
ENSG00000121851	POLR3GL	protein_coding	7	no ortholog in the table
ENSG00000240871	KRTAP4-7	protein_coding	7	no ortholog in the table
ENSG00000178115	GOLGA8Q	protein_coding	7	no ortholog in the table
ENSG00000114786	ABHD14A-ACY1	protein_coding	7	no ortholog in the table
ENSG00000204149	AGAP6	protein_coding	7	no ortholog in the table
ENSG00000172785	ZNG1A	protein_coding	7	no ortholog in the table
ENSG00000258644	SYNJ2BP-COX16	protein_coding	7	no ortholog in the table
ENSG00000283071	LBHD2	protein_coding	7	no ortholog in the table
ENSG00000242221	PSG2	protein_coding	7	no ortholog in the table
ENSG00000115685	PPP1R7	protein_coding	7	no ortholog in the table
ENSG00000212124	TAS2R19	protein_coding	7	no ortholog in the table
ENSG00000243414	TICAM2	protein_coding	7	no ortholog in the table
ENSG00000243480	AMY2A	protein_coding	7	no ortholog in the table
ENSG00000242950	ERVW-1	protein_coding	7	no ortholog in the table
ENSG00000258873	DUXA	protein_coding	7	no ortholog in the table
ENSG00000206047	DEFA1	protein_coding	7	no ortholog in the table
ENSG00000116489	CAPZA1	protein_coding	7	no ortholog in the table
ENSG00000206127	GOLGA8O	protein_coding	7	no ortholog in the table
ENSG00000099341	PSMD8	protein_coding	7	no ortholog in the table
ENSG00000248643	RBM14-RBM4	protein_coding	7	no ortholog in the table
ENSG00000286219	NOTCH2NLC	protein_coding	7	no ortholog in the table
ENSG00000166049	PASD1	protein_coding	7	no ortholog in the table
ENSG00000204963	PCDHA7	protein_coding	7	ortholog(s) exist but none is in the other vocabulary
ENSG00000169551	CT55	protein_coding	7	no ortholog in the table
ENSG00000270800	RPS10-NUDT3	protein_coding	7	no ortholog in the table
ENSG00000248167	TRIM39-RPP21	protein_coding	6	no ortholog in the table
ENSG00000183281	PLGLB1	protein_coding	6	no ortholog in the table
ENSG00000163825	RTP3	protein_coding	6	no ortholog in the table
ENSG00000284917	EEF1AKMT4-ECE2	protein_coding	6	no ortholog in the table
ENSG00000163684	RPP14	protein_coding	6	no ortholog in the table
ENSG00000249662	LINC02218	protein_coding	6	no ortholog in the table
ENSG00000205572	SERF1B	protein_coding	6	no ortholog in the table
ENSG00000204970	PCDHA1	protein_coding	6	ortholog(s) exist but none is in the other vocabulary
ENSG00000284690	CD300H	protein_coding	6	no ortholog in the table
ENSG00000163530	DPPA2	protein_coding	6	no ortholog in the table
ENSG00000171872	KLF17	protein_coding	6	no ortholog in the table
ENSG00000184471	C1QTNF8	protein_coding	6	no ortholog in the table
ENSG00000168894	RNF181	protein_coding	6	no ortholog in the table
ENSG00000184619	KRABD2	protein_coding	6	no ortholog in the table
ENSG00000204659	CBY3	protein_coding	6	no ortholog in the table
ENSG00000204967	PCDHA4	protein_coding	6	ortholog(s) exist but none is in the other vocabulary
ENSG00000184933	OR6A2	protein_coding	6	ortholog(s) exist but none is in the other vocabulary
ENSG00000185040	SPDYE16	protein_coding	6	no ortholog in the table
ENSG00000163295	ALPI	protein_coding	6	ortholog(s) exist but none is in the other vocabulary
ENSG00000144015	TRIM43	protein_coding	6	no ortholog in the table
ENSG00000240021	TEX35	protein_coding	6	no ortholog in the table
ENSG00000206260	PRR23A	protein_coding	6	no ortholog in the table
ENSG00000185864	NPIPB4	protein_coding	6	no ortholog in the table
ENSG00000102128	RAB40AL	protein_coding	6	no ortholog in the table
ENSG00000212710	CTAGE1	protein_coding	6	no ortholog in the table
ENSG00000277531	PNMA8C	protein_coding	6	ortholog(s) exist but none is in the other vocabulary
ENSG00000186230	ZNF749	protein_coding	6	no ortholog in the table
ENSG00000011052	NME1-NME2	protein_coding	6	no ortholog in the table
ENSG00000168065	SLC22A11	protein_coding	6	no ortholog in the table
ENSG00000145337	PYURF	protein_coding	6	no ortholog in the table
ENSG00000186645	SPDYE17	protein_coding	6	no ortholog in the table
ENSG00000275688	CCL15-CCL14	protein_coding	6	no ortholog in the table
ENSG00000161643	SIGLEC16	protein_coding	6	no ortholog in the table
ENSG00000274570	SPDYE10	protein_coding	6	no ortholog in the table
ENSG00000274512	TBC1D3L	protein_coding	6	no ortholog in the table
ENSG00000274391	TPTE	protein_coding	6	no ortholog in the table
ENSG00000174015	CBY2	protein_coding	6	ortholog(s) exist but none is in the other vocabulary
ENSG00000203870	SMIM9	protein_coding	6	no ortholog in the table
ENSG00000120160	EQTN	protein_coding	6	no ortholog in the table
ENSG00000204022	LIPJ	protein_coding	6	no ortholog in the table
ENSG00000173976	RAX2	protein_coding	6	no ortholog in the table
ENSG00000213793	ZNF888	protein_coding	6	no ortholog in the table
ENSG00000187862	TTC24	protein_coding	6	no ortholog in the table
ENSG00000231924	PSG1	protein_coding	6	no ortholog in the table
ENSG00000273542	H4C12	protein_coding	6	no ortholog in the table
ENSG00000152034	MCHR2	protein_coding	6	no ortholog in the table
ENSG00000258469	CHMP4BP1	protein_coding	6	no ortholog in the table
ENSG00000258388	PPT2-EGFL8	protein_coding	6	no ortholog in the table
ENSG00000146378	TAAR2	protein_coding	6	ortholog(s) exist but none is in the other vocabulary
ENSG00000187918	OR51I2	protein_coding	6	ortholog(s) exist but none is in the other vocabulary
ENSG00000181023	OR56B1	protein_coding	6	ortholog(s) exist but none is in the other vocabulary
ENSG00000272414	FAM47E-STBD1	protein_coding	6	no ortholog in the table
ENSG00000214078	CPNE1	protein_coding	6	no ortholog in the table
ENSG00000106410	NOBOX	protein_coding	6	no ortholog in the table
ENSG00000188558	OR2G6	protein_coding	6	no ortholog in the table
ENSG00000106648	GALNTL5	protein_coding	6	ortholog(s) exist but none is in the other vocabulary
ENSG00000188629	ZNF177	protein_coding	6	no ortholog in the table
ENSG00000228336	OR9H1	protein_coding	6	ortholog(s) exist but none is in the other vocabulary
ENSG00000189152	GRAPL	protein_coding	6	no ortholog in the table
ENSG00000214562	NUTM2D	protein_coding	6	no ortholog in the table
ENSG00000147613	PSKH2	protein_coding	6	no ortholog in the table
ENSG00000196119	OR8A1	protein_coding	6	ortholog(s) exist but none is in the other vocabulary
ENSG00000180264	ADGRD2	protein_coding	6	no ortholog in the table
ENSG00000268696	ZNF723	protein_coding	6	no ortholog in the table
ENSG00000158901	WFDC8	protein_coding	6	no ortholog in the table
ENSG00000267978	MAGEA9B	protein_coding	6	no ortholog in the table
ENSG00000214860	EVPLL	protein_coding	6	no ortholog in the table
ENSG00000176294	OR4N2	protein_coding	6	no ortholog in the table
ENSG00000215148	PRSS41	protein_coding	6	no ortholog in the table
ENSG00000124233	SEMG1	protein_coding	6	no ortholog in the table
ENSG00000179709	NLRP8	protein_coding	6	no ortholog in the table
ENSG00000215472	RPL17-C18orf32	protein_coding	6	no ortholog in the table
ENSG00000064489	BORCS8-MEF2B	protein_coding	6	no ortholog in the table
ENSG00000196972	SMIM10L2B	protein_coding	6	no ortholog in the table
ENSG00000197110	IFNL3	protein_coding	6	ortholog(s) exist but none is in the other vocabulary
ENSG00000222036	POTEM	protein_coding	6	no ortholog in the table
ENSG00000157219	HTR5A	protein_coding	6	ortholog(s) exist but none is in the other vocabulary
ENSG00000256574	OR13A1	protein_coding	6	ortholog(s) exist but none is in the other vocabulary
ENSG00000170092	SPDYE5	protein_coding	6	no ortholog in the table
ENSG00000126012	KDM5C	protein_coding	6	no ortholog in the table
ENSG00000219435	CATSPERZ	protein_coding	6	no ortholog in the table
ENSG00000063245	EPN1	protein_coding	6	ortholog(s) exist but none is in the other vocabulary
ENSG00000063244	U2AF2	protein_coding	6	ortholog(s) exist but none is in the other vocabulary
ENSG00000288784	CTAGE4	protein_coding	6	no ortholog in the table
ENSG00000288558	DUS4L-BCAP29	protein_coding	6	no ortholog in the table
ENSG00000142396	ERVK3-1	protein_coding	5	no ortholog in the table
ENSG00000248109	MARCOL	protein_coding	5	no ortholog in the table
ENSG00000179002	TAS1R2	protein_coding	5	ortholog(s) exist but none is in the other vocabulary
ENSG00000289721	PYDC5	protein_coding	5	no ortholog in the table
ENSG00000184022	OR2T10	protein_coding	5	no ortholog in the table
ENSG00000244411	KRTAP5-7	protein_coding	5	no ortholog in the table
ENSG00000284797	CIST1	protein_coding	5	no ortholog in the table
ENSG00000259332	ST20-MTHFS	protein_coding	5	no ortholog in the table
ENSG00000204909	SPINK9	protein_coding	5	no ortholog in the table
ENSG00000283755	CPHXL	protein_coding	5	no ortholog in the table
ENSG00000172538	FAM170B	protein_coding	5	no ortholog in the table
ENSG00000204572	KRTAP5-10	protein_coding	5	no ortholog in the table
ENSG00000241595	KRTAP9-4	protein_coding	5	no ortholog in the table
ENSG00000172650	AGAP5	protein_coding	5	no ortholog in the table
ENSG00000171815	PCDHB1	protein_coding	5	ortholog(s) exist but none is in the other vocabulary
ENSG00000222038	POTEJ	protein_coding	5	no ortholog in the table
ENSG00000256436	TAS2R31	protein_coding	5	no ortholog in the table
ENSG00000282815	TEX13C	protein_coding	5	no ortholog in the table
ENSG00000250298	GIMD1	protein_coding	5	ortholog(s) exist but none is in the other vocabulary
ENSG00000128313	APOL5	protein_coding	5	no ortholog in the table
ENSG00000197213	ZSCAN5B	protein_coding	5	no ortholog in the table
ENSG00000060491	OGFR	protein_coding	5	no ortholog in the table
ENSG00000205867	KRTAP5-2	protein_coding	5	no ortholog in the table
ENSG00000250821	EXOC1L	protein_coding	5	ortholog(s) exist but none is in the other vocabulary
ENSG00000196834	POTEI	protein_coding	5	no ortholog in the table
ENSG00000204532	ZSCAN5C	protein_coding	5	no ortholog in the table
ENSG00000185823	NPAP1	protein_coding	5	no ortholog in the table
ENSG00000185899	TAS2R60	protein_coding	5	ortholog(s) exist but none is in the other vocabulary
ENSG00000089505	CMTM1	protein_coding	5	no ortholog in the table
ENSG00000277957	SENP3-EIF4A1	protein_coding	5	no ortholog in the table
ENSG00000277932	OR52E5	protein_coding	5	ortholog(s) exist but none is in the other vocabulary
ENSG00000171180	OR2M4	protein_coding	5	no ortholog in the table
ENSG00000204363	SPANXN5	protein_coding	5	no ortholog in the table
ENSG00000164508	H2AC1	protein_coding	5	ortholog(s) exist but none is in the other vocabulary
ENSG00000136697	IL1F10	protein_coding	5	ortholog(s) exist but none is in the other vocabulary
ENSG00000136682	ZNG1B	protein_coding	5	no ortholog in the table
ENSG00000175699	CCDC197	protein_coding	5	no ortholog in the table
ENSG00000224659	GAGE12J	protein_coding	5	no ortholog in the table
ENSG00000136206	SPDYE1	protein_coding	5	no ortholog in the table
ENSG00000275722	LYZL6	protein_coding	5	ortholog(s) exist but none is in the other vocabulary
ENSG00000145839	IL9	protein_coding	5	ortholog(s) exist but none is in the other vocabulary
ENSG00000179873	NLRP11	protein_coding	5	no ortholog in the table
ENSG00000196748	CLPSL2	protein_coding	5	ortholog(s) exist but none is in the other vocabulary
ENSG00000214940	NPIPA8	protein_coding	5	no ortholog in the table
ENSG00000234289	H2BC12L	protein_coding	5	no ortholog in the table
ENSG00000173699	SPATA3	protein_coding	5	no ortholog in the table
ENSG00000124097	HMGB1P1	protein_coding	5	no ortholog in the table
ENSG00000198573	SPANXC	protein_coding	5	no ortholog in the table
ENSG00000274419	TBC1D3D	protein_coding	5	no ortholog in the table
ENSG00000120440	TTLL2	protein_coding	5	ortholog(s) exist but none is in the other vocabulary
ENSG00000258588	TRIM6-TRIM34	protein_coding	5	no ortholog in the table
ENSG00000134588	USP26	protein_coding	5	no ortholog in the table
ENSG00000178287	SPAG11A	protein_coding	5	no ortholog in the table
ENSG00000213648	SULT1A4	protein_coding	5	no ortholog in the table
ENSG00000196350	ZNF729	protein_coding	5	no ortholog in the table
ENSG00000196337	CGB7	protein_coding	5	no ortholog in the table
ENSG00000233056	ERVH48-1	protein_coding	5	no ortholog in the table
ENSG00000187642	PERM1	protein_coding	5	no ortholog in the table
ENSG00000273313	RBAKDN	protein_coding	5	no ortholog in the table
ENSG00000213927	CCL27	protein_coding	5	no ortholog in the table
ENSG00000255245	FXYD6-FXYD2	protein_coding	5	no ortholog in the table
ENSG00000196242	OR2C3	protein_coding	5	no ortholog in the table
ENSG00000272968	RBAK-RBAKDN	protein_coding	5	no ortholog in the table
ENSG00000171396	KRTAP4-4	protein_coding	5	no ortholog in the table
ENSG00000189252	SPANXN3	protein_coding	5	no ortholog in the table
ENSG00000269713	NBPF9	protein_coding	5	no ortholog in the table
ENSG00000269586	CT45A10	protein_coding	5	no ortholog in the table
ENSG00000167807		protein_coding	5	no ortholog in the table
ENSG00000188199	NUTM2B	protein_coding	5	no ortholog in the table
ENSG00000188152	NUTM2G	protein_coding	5	no ortholog in the table
ENSG00000188340	OR6N2	protein_coding	5	ortholog(s) exist but none is in the other vocabulary
ENSG00000261587	CATSPERQ	protein_coding	5	ortholog(s) exist but none is in the other vocabulary
ENSG00000262209	PCDHGB3	protein_coding	5	no ortholog in the table
ENSG00000255104	ZNF286A-TBC1D26	protein_coding	5	no ortholog in the table
ENSG00000106304	SPAM1	protein_coding	5	ortholog(s) exist but none is in the other vocabulary
ENSG00000180934	OR56A1	protein_coding	5	no ortholog in the table
ENSG00000254598	CSNK2A3	protein_coding	5	no ortholog in the table
ENSG00000159961	OR3A3	protein_coding	5	no ortholog in the table
ENSG00000254440	PBOV1	protein_coding	5	no ortholog in the table
ENSG00000254413	CHKB-CPT1B	protein_coding	5	no ortholog in the table
ENSG00000189186	DCAF8L2	protein_coding	5	no ortholog in the table
ENSG00000131738	KRT33B	protein_coding	5	no ortholog in the table
ENSG00000176495	OR5AN1	protein_coding	5	ortholog(s) exist but none is in the other vocabulary
ENSG00000262152	GREP1	protein_coding	5	no ortholog in the table
ENSG00000261740	BOLA2-SMG1P6	protein_coding	5	no ortholog in the table
ENSG00000254788	CKLF-CMTM1	protein_coding	5	no ortholog in the table
ENSG00000147223	RIPPLY1	protein_coding	5	no ortholog in the table
ENSG00000271321	CTAGE6	protein_coding	5	no ortholog in the table
ENSG00000095981	KCNK16	protein_coding	5	no ortholog in the table
ENSG00000286019	NOTCH2NLB	protein_coding	5	no ortholog in the table
ENSG00000183709	IFNL2	protein_coding	5	ortholog(s) exist but none is in the other vocabulary
ENSG00000204979	MS4A13	protein_coding	5	no ortholog in the table
ENSG00000248592	STIMATE-MUSTN1	protein_coding	5	no ortholog in the table
ENSG00000248919	ATP5MF-PTCD1	protein_coding	5	no ortholog in the table
HGNC:6330	KIR2DL2	protein_coding	4	no Ensembl id (MGI/HGNC accession): not in the ortholog table
ENSG00000285943	SPICE1-CFAP44	protein_coding	4	no ortholog in the table
ENSG00000289604	CTAGE8	protein_coding	4	no ortholog in the table
ENSG00000183389	OR56A4	protein_coding	4	ortholog(s) exist but none is in the other vocabulary
ENSG00000205482	SPDYE18	protein_coding	4	no ortholog in the table
ENSG00000184166	OR1D2	protein_coding	4	ortholog(s) exist but none is in the other vocabulary
ENSG00000131721	RHOXF2	protein_coding	4	no ortholog in the table
ENSG00000270617	URGCP-MRPS24	protein_coding	4	no ortholog in the table
ENSG00000254852	NPIPA2	protein_coding	4	no ortholog in the table
ENSG00000177275	OR2AJ1	protein_coding	4	ortholog(s) exist but none is in the other vocabulary
ENSG00000188771	PLET1	protein_coding	4	no ortholog in the table
ENSG00000171405	XAGE5	protein_coding	4	no ortholog in the table
ENSG00000174876	AMY1B	protein_coding	4	no ortholog in the table
ENSG00000271723	MROH7-TTC4	protein_coding	4	no ortholog in the table
ENSG00000261667	LY6L	protein_coding	4	no ortholog in the table
ENSG00000125831	CST11	protein_coding	4	ortholog(s) exist but none is in the other vocabulary
ENSG00000171053	PATE1	protein_coding	4	ortholog(s) exist but none is in the other vocabulary
ENSG00000171060	C8orf74	protein_coding	4	ortholog(s) exist but none is in the other vocabulary
ENSG00000221836	OR2A5	protein_coding	4	ortholog(s) exist but none is in the other vocabulary
ENSG00000198062	POTEH	protein_coding	4	no ortholog in the table
ENSG00000283697	HSFX3	protein_coding	4	no ortholog in the table
ENSG00000227729	RD3L	protein_coding	4	ortholog(s) exist but none is in the other vocabulary
ENSG00000180532	ZSCAN4	protein_coding	4	no ortholog in the table
ENSG00000214978	GSG1L2	protein_coding	4	ortholog(s) exist but none is in the other vocabulary
ENSG00000283496	ZNF511-PRAP1	protein_coding	4	no ortholog in the table
ENSG00000188124	OR2AG2	protein_coding	4	ortholog(s) exist but none is in the other vocabulary
ENSG00000230522	MBD3L2	protein_coding	4	no ortholog in the table
ENSG00000230667	SETSIP	protein_coding	4	no ortholog in the table
ENSG00000122145	TBX22	protein_coding	4	ortholog(s) exist but none is in the other vocabulary
ENSG00000257950	P2RX5-TAX1BP3	protein_coding	4	no ortholog in the table
ENSG00000197454	OR2L5	protein_coding	4	ortholog(s) exist but none is in the other vocabulary
ENSG00000198090	KRTAP4-6	protein_coding	4	no ortholog in the table
ENSG00000198104	OR2T6	protein_coding	4	ortholog(s) exist but none is in the other vocabulary
ENSG00000164256	PRDM9	protein_coding	4	no ortholog in the table
ENSG00000204930	FAM221B	protein_coding	4	no ortholog in the table
ENSG00000176510	OR10AC1	protein_coding	4	no ortholog in the table
ENSG00000188334	BSPH1	protein_coding	4	ortholog(s) exist but none is in the other vocabulary
ENSG00000204710	SPDYC	protein_coding	4	no ortholog in the table
ENSG00000182898	TCHHL1	protein_coding	4	no ortholog in the table
ENSG00000243207	PPAN-P2RY11	protein_coding	4	no ortholog in the table
ENSG00000282757	DUXB	protein_coding	4	no ortholog in the table
ENSG00000197976	AKAP17A	protein_coding	4	ortholog(s) exist but none is in the other vocabulary
ENSG00000176746	MAGEB6	protein_coding	4	no ortholog in the table
ENSG00000134389	CFHR5	protein_coding	4	no ortholog in the table
ENSG00000187833	C2orf78	protein_coding	4	no ortholog in the table
ENSG00000187690	EZHIP	protein_coding	4	no ortholog in the table
ENSG00000151033	LYZL2	protein_coding	4	ortholog(s) exist but none is in the other vocabulary
ENSG00000226650	KIF4B	protein_coding	4	no ortholog in the table
ENSG00000130741	EIF2S3	protein_coding	4	no ortholog in the table
ENSG00000130950	NUTM2F	protein_coding	4	no ortholog in the table
ENSG00000180219	GARIN6	protein_coding	4	no ortholog in the table
ENSG00000165584	SSX3	protein_coding	4	no ortholog in the table
ENSG00000205667	ARSH	protein_coding	4	no ortholog in the table
ENSG00000116721	PRAMEF1	protein_coding	4	no ortholog in the table
ENSG00000250641	LY6G6F-LY6G6D	protein_coding	4	no ortholog in the table
ENSG00000181408	UTS2R	protein_coding	4	no ortholog in the table
ENSG00000160882	CYP11B1	protein_coding	4	no ortholog in the table
ENSG00000203737	GPR52	protein_coding	4	ortholog(s) exist but none is in the other vocabulary
ENSG00000203663	OR2L2	protein_coding	4	ortholog(s) exist but none is in the other vocabulary
ENSG00000184995	IFNE	protein_coding	4	ortholog(s) exist but none is in the other vocabulary
ENSG00000260097	SPDYE6	protein_coding	4	no ortholog in the table
ENSG00000225528	TMA7B	protein_coding	4	no ortholog in the table
ENSG00000196406	SPANXD	protein_coding	4	no ortholog in the table
ENSG00000196433	ASMT	protein_coding	4	no ortholog in the table
ENSG00000255374	TAS2R43	protein_coding	4	no ortholog in the table
ENSG00000255393	OOSP4B	protein_coding	4	no ortholog in the table
ENSG00000165841	CYP2C19	protein_coding	4	no ortholog in the table
ENSG00000196993	NPIPB9	protein_coding	4	no ortholog in the table
ENSG00000124333	VAMP7	protein_coding	4	no ortholog in the table
ENSG00000178804	H1-8	protein_coding	4	no ortholog in the table
ENSG00000116030	SUMO1	protein_coding	4	no ortholog in the table
ENSG00000155833	CYLC2	protein_coding	4	no ortholog in the table
ENSG00000279301	OR2T11	protein_coding	4	no ortholog in the table
ENSG00000279486	OR2AG1	protein_coding	4	no ortholog in the table
ENSG00000101435	CST9L	protein_coding	4	no ortholog in the table
ENSG00000161939	RNASEK-C17orf49	protein_coding	4	no ortholog in the table
ENSG00000178021	TSPYL6	protein_coding	4	no ortholog in the table
ENSG00000120563	LYZL1	protein_coding	4	ortholog(s) exist but none is in the other vocabulary
ENSG00000101446	SPINT3	protein_coding	4	no ortholog in the table
ENSG00000204382	XAGE1B	protein_coding	4	no ortholog in the table
ENSG00000215454	KRTAP10-4	protein_coding	4	no ortholog in the table
ENSG00000186790	FOXE3	protein_coding	4	ortholog(s) exist but none is in the other vocabulary
ENSG00000275740	RBM27-POU4F3	protein_coding	4	no ortholog in the table
ENSG00000251655	PRB1	protein_coding	4	no ortholog in the table
ENSG00000198547	C20orf203	protein_coding	4	no ortholog in the table
ENSG00000274808	TBC1D3B	protein_coding	4	no ortholog in the table
ENSG00000128250	RFPL1	protein_coding	4	no ortholog in the table
ENSG00000212128	TAS2R13	protein_coding	4	ortholog(s) exist but none is in the other vocabulary
ENSG00000212657	KRTAP16-1	protein_coding	4	ortholog(s) exist but none is in the other vocabulary
ENSG00000213297	ZNF625-ZNF20	protein_coding	4	no ortholog in the table
ENSG00000186458	DEFB132	protein_coding	4	no ortholog in the table
ENSG00000181562	EDDM3A	protein_coding	4	no ortholog in the table
ENSG00000155428	TRIM74	protein_coding	4	no ortholog in the table
ENSG00000167118	URM1	protein_coding	4	ortholog(s) exist but none is in the other vocabulary
ENSG00000255804	OR6J1	protein_coding	4	no ortholog in the table
ENSG00000224109	CENPVL3	protein_coding	4	no ortholog in the table
ENSG00000182070	OR52A1	protein_coding	4	no ortholog in the table
ENSG00000175646	PRM1	protein_coding	4	no ortholog in the table
ENSG00000267467	APOC4	protein_coding	4	no ortholog in the table
ENSG00000214782	MS4A18	protein_coding	4	no ortholog in the table
ENSG00000236761	CTAGE9	protein_coding	4	no ortholog in the table
ENSG00000103023	PRSS54	protein_coding	4	ortholog(s) exist but none is in the other vocabulary
ENSG00000236446	CT47B1	protein_coding	4	no ortholog in the table
ENSG00000173335	CST9	protein_coding	4	no ortholog in the table
ENSG00000164556	CFAP144P1	protein_coding	4	no ortholog in the table
ENSG00000111241	FGF6	protein_coding	4	ortholog(s) exist but none is in the other vocabulary
ENSG00000224712	NPIPA3	protein_coding	4	no ortholog in the table
ENSG00000180574	EIF2S3B	protein_coding	4	no ortholog in the table
ENSG00000180613	GSX2	protein_coding	4	ortholog(s) exist but none is in the other vocabulary
ENSG00000188984	AADACL3	protein_coding	4	ortholog(s) exist but none is in the other vocabulary
ENSG00000168757	TSPY2	protein_coding	4	no ortholog in the table
ENSG00000149609	C20orf144	protein_coding	4	no ortholog in the table
ENSG00000100312	ACR	protein_coding	4	ortholog(s) exist but none is in the other vocabulary
ENSG00000285292	ABCF2-H2BK1	protein_coding	4	no ortholog in the table
ENSG00000183889	NPIPA6	protein_coding	4	no ortholog in the table
ENSG00000183434	TFDP3	protein_coding	4	no ortholog in the table
ENSG00000286095	SPEGNB	protein_coding	4	no ortholog in the table
ENSG00000286106	NOTCH2NLR	protein_coding	3	no ortholog in the table
ENSG00000143006	DMRTB1	protein_coding	3	no ortholog in the table
ENSG00000205097	FRG2	protein_coding	3	no ortholog in the table
ENSG00000244115	DNAJC25-GNG10	protein_coding	3	no ortholog in the table
ENSG00000284701	TMEM247	protein_coding	3	ortholog(s) exist but none is in the other vocabulary
ENSG00000100121	GGTLC2	protein_coding	3	no ortholog in the table
ENSG00000176198	OR11H4	protein_coding	3	no ortholog in the table
ENSG00000288864	ARHGAP11A-SCG5	protein_coding	3	no ortholog in the table
ENSG00000188877	POTEA	protein_coding	3	no ortholog in the table
ENSG00000180658	OR2A4	protein_coding	3	ortholog(s) exist but none is in the other vocabulary
ENSG00000147183	CPXCR1	protein_coding	3	no ortholog in the table
ENSG00000173572	NLRP13	protein_coding	3	no ortholog in the table
ENSG00000236782	ZNF593OS	protein_coding	3	no ortholog in the table
ENSG00000119973	PRLHR	protein_coding	3	ortholog(s) exist but none is in the other vocabulary
ENSG00000204278	TMEM235	protein_coding	3	ortholog(s) exist but none is in the other vocabulary
ENSG00000064835	POU1F1	protein_coding	3	ortholog(s) exist but none is in the other vocabulary
ENSG00000186207	LCE5A	protein_coding	3	no ortholog in the table
ENSG00000182053	TRIM49B	protein_coding	3	no ortholog in the table
ENSG00000225110	PNMA6F	protein_coding	3	no ortholog in the table
ENSG00000196800	SPINK14	protein_coding	3	ortholog(s) exist but none is in the other vocabulary
ENSG00000167098	SUN5	protein_coding	3	ortholog(s) exist but none is in the other vocabulary
ENSG00000255837	TAS2R20	protein_coding	3	no ortholog in the table
ENSG00000176798	OR51L1	protein_coding	3	ortholog(s) exist but none is in the other vocabulary
ENSG00000204379	XAGE1A	protein_coding	3	no ortholog in the table
ENSG00000153498	SPACA7	protein_coding	3	no ortholog in the table
ENSG00000182223	ZAR1	protein_coding	3	no ortholog in the table
ENSG00000169246	NPIPB3	protein_coding	3	no ortholog in the table
ENSG00000179930	ZNF648	protein_coding	3	ortholog(s) exist but none is in the other vocabulary
ENSG00000213413	PVRIG	protein_coding	3	no ortholog in the table
ENSG00000237353	PATE4	protein_coding	3	no ortholog in the table
ENSG00000212126	TAS2R50	protein_coding	3	no ortholog in the table
ENSG00000223731	SUPT20HL1	protein_coding	3	no ortholog in the table
ENSG00000171116	HSFX1	protein_coding	3	no ortholog in the table
ENSG00000267221	C17orf113	protein_coding	3	no ortholog in the table
ENSG00000170923	OR7G2	protein_coding	3	no ortholog in the table
ENSG00000234469	CLDN34	protein_coding	3	no ortholog in the table
ENSG00000181963	OR52K2	protein_coding	3	no ortholog in the table
ENSG00000215203	GRXCR1	protein_coding	3	ortholog(s) exist but none is in the other vocabulary
ENSG00000185385	OR7A17	protein_coding	3	ortholog(s) exist but none is in the other vocabulary
ENSG00000104827	CGB3	protein_coding	3	no ortholog in the table
ENSG00000187516	H2AP	protein_coding	3	no ortholog in the table
ENSG00000274252	GGTLC3	protein_coding	3	no ortholog in the table
ENSG00000169777	TAS2R1	protein_coding	3	no ortholog in the table
ENSG00000167355	OR51B5	protein_coding	3	no ortholog in the table
ENSG00000196589	MBD3L2B	protein_coding	3	no ortholog in the table
ENSG00000267645	POLR2J3-UPK3BL2	protein_coding	3	no ortholog in the table
ENSG00000198271	KRTAP4-5	protein_coding	3	no ortholog in the table
ENSG00000155495	MAGEC1	protein_coding	3	no ortholog in the table
ENSG00000197123	ZNF679	protein_coding	3	no ortholog in the table
ENSG00000187569	DPPA3	protein_coding	3	no ortholog in the table
ENSG00000261247	GOLGA8T	protein_coding	3	no ortholog in the table
ENSG00000268447	SSX2B	protein_coding	3	no ortholog in the table
ENSG00000268221	OPN1MW	protein_coding	3	ortholog(s) exist but none is in the other vocabulary
ENSG00000255524	NPIPB8	protein_coding	3	no ortholog in the table
ENSG00000080910	CFHR2	protein_coding	3	no ortholog in the table
ENSG00000179938	GOLGA8J	protein_coding	3	no ortholog in the table
ENSG00000127366	TAS2R5	protein_coding	3	no ortholog in the table
ENSG00000266826	IGBP1C	protein_coding	3	no ortholog in the table
ENSG00000240445	FOXO3B	protein_coding	3	no ortholog in the table
ENSG00000240386	LCE1F	protein_coding	3	no ortholog in the table
ENSG00000184911	DMRTC1B	protein_coding	3	no ortholog in the table
ENSG00000184895	SRY	protein_coding	3	no ortholog in the table
ENSG00000241233	KRTAP5-8	protein_coding	3	no ortholog in the table
ENSG00000232237	ASCL5	protein_coding	3	ortholog(s) exist but none is in the other vocabulary
ENSG00000105198	LGALS13	protein_coding	3	no ortholog in the table
ENSG00000203852	H3C15	protein_coding	3	no ortholog in the table
ENSG00000274049	INO80B-WBP1	protein_coding	3	no ortholog in the table
ENSG00000250709	CCDC169-SOHLH2	protein_coding	3	no ortholog in the table
ENSG00000165583	SSX5	protein_coding	3	no ortholog in the table
ENSG00000222014	RAB6C	protein_coding	3	no ortholog in the table
ENSG00000176681	LRRC37A	protein_coding	3	no ortholog in the table
ENSG00000109181	UGT2B10	protein_coding	3	no ortholog in the table
ENSG00000180090	OR3A1	protein_coding	3	ortholog(s) exist but none is in the other vocabulary
ENSG00000198390	KRTAP13-1	protein_coding	3	no ortholog in the table
ENSG00000124380	SNRNP27	protein_coding	3	no ortholog in the table
ENSG00000231192	OR5H1	protein_coding	3	no ortholog in the table
ENSG00000174428	GTF2IRD2B	protein_coding	3	no ortholog in the table
ENSG00000281991	TMEM265	protein_coding	3	no ortholog in the table
ENSG00000184735	DDX53	protein_coding	3	no ortholog in the table
ENSG00000184923	NUTM2A	protein_coding	3	no ortholog in the table
ENSG00000249931	GOLGA8K	protein_coding	3	no ortholog in the table
ENSG00000188219	POTEE	protein_coding	3	no ortholog in the table
ENSG00000174667	OR7D4	protein_coding	3	ortholog(s) exist but none is in the other vocabulary
ENSG00000214518	KRTAP2-2	protein_coding	3	no ortholog in the table
ENSG00000196184	OR10J1	protein_coding	3	no ortholog in the table
ENSG00000268964	ERVV-2	protein_coding	3	no ortholog in the table
ENSG00000213921	LEUTX	protein_coding	3	no ortholog in the table
ENSG00000198889	DCAF12L1	protein_coding	3	no ortholog in the table
ENSG00000273003	ARL2-SNX15	protein_coding	3	no ortholog in the table
ENSG00000204965	PCDHA5	protein_coding	3	ortholog(s) exist but none is in the other vocabulary
ENSG00000250021	ARPIN-AP3S2	protein_coding	3	no ortholog in the table
ENSG00000124900	TRIM51	protein_coding	3	no ortholog in the table
ENSG00000269955	FMC1-LUC7L2	protein_coding	3	no ortholog in the table
ENSG00000131233	GJA9	protein_coding	3	no ortholog in the table
ENSG00000189326	SPANXN4	protein_coding	3	no ortholog in the table
ENSG00000169618	PROKR1	protein_coding	3	no ortholog in the table
ENSG00000109332	UBE2D3	protein_coding	3	no ortholog in the table
ENSG00000149651	SPINT4	protein_coding	3	no ortholog in the table
ENSG00000283463	HSFX4	protein_coding	3	no ortholog in the table
ENSG00000139797	RNF113B	protein_coding	3	no ortholog in the table
ENSG00000284631	SCYGR4	protein_coding	3	no ortholog in the table
ENSG00000283740	TAF11L11	protein_coding	3	no ortholog in the table
ENSG00000214700	C12orf71	protein_coding	3	no ortholog in the table
ENSG00000255073	ZFP91-CNTF	protein_coding	3	no ortholog in the table
ENSG00000172519	OR10H5	protein_coding	3	no ortholog in the table
ENSG00000283516	LITAFD	protein_coding	3	ortholog(s) exist but none is in the other vocabulary
ENSG00000204913	LRRC3C	protein_coding	3	ortholog(s) exist but none is in the other vocabulary
ENSG00000205439	KRTAP12-3	protein_coding	3	no ortholog in the table
ENSG00000221858	OR2A12	protein_coding	3	ortholog(s) exist but none is in the other vocabulary
ENSG00000228607	CLDN25	protein_coding	3	no ortholog in the table
ENSG00000288622	PDCD6-AHRR	protein_coding	3	no ortholog in the table
ENSG00000183304	FAM9A	protein_coding	3	no ortholog in the table
ENSG00000271079	CTAGE15	protein_coding	3	no ortholog in the table
ENSG00000189052	CGB5	protein_coding	3	no ortholog in the table
ENSG00000183571	PGPEP1L	protein_coding	3	no ortholog in the table
ENSG00000285509	TBCEL-TECTA	protein_coding	3	no ortholog in the table
