harmonized_id	symbol	biotype	n_datasets_hvg	why_unmapped
ENSMUSG00000075602	Ly6a	protein_coding	157	no ortholog in the table
ENSMUSG00000031765	Mt1	protein_coding	151	no ortholog in the table
ENSMUSG00000069516	Lyz2	protein_coding	149	no ortholog in the table
ENSMUSG00000060586	H2-Eb1	protein_coding	145	no ortholog in the table
ENSMUSG00000036594	H2-Aa	protein_coding	143	no ortholog in the table
ENSMUSG00000031762	Mt2	protein_coding	142	no ortholog in the table
ENSMUSG00000044258	Ctla2a	protein_coding	141	no ortholog in the table
ENSMUSG00000020077	Srgn	protein_coding	140	no ortholog in the table
ENSMUSG00000018927	Ccl6	protein_coding	139	no ortholog in the table
ENSMUSG00000079018	Ly6c1	protein_coding	137	no ortholog in the table
ENSMUSG00000047139	Cd24a	protein_coding	134	no ortholog in the table
ENSMUSG00000000682	Cd52	protein_coding	133	no ortholog in the table
ENSMUSG00000079017	Ifi27l2a	protein_coding	133	no ortholog in the table
ENSMUSG00000019122	Ccl9	protein_coding	133	no ortholog in the table
ENSMUSG00000035385	Ccl2	protein_coding	130	no ortholog in the table
ENSMUSG00000058427	Cxcl2	protein_coding	130	no ortholog in the table
ENSMUSG00000029373	Pf4	protein_coding	128	no ortholog in the table
ENSMUSG00000069792	Wfdc17	protein_coding	127	no ortholog in the table
ENSMUSG00000018774	Cd68	protein_coding	126	no ortholog in the table
ENSMUSG00000075010	AW112010	lncRNA	125	no ortholog in the table
ENSMUSG00000021477	Ctsl	protein_coding	125	no ortholog in the table
ENSMUSG00000059498	Fcgr3	protein_coding	124	no ortholog in the table
ENSMUSG00000074896	Ifit3	protein_coding	123	no ortholog in the table
ENSMUSG00000022584	Ly6c2	protein_coding	123	no ortholog in the table
ENSMUSG00000054072	Iigp1	protein_coding	123	no ortholog in the table
ENSMUSG00000018920	Cxcl16	protein_coding	123	no ortholog in the table
ENSMUSG00000021268	Meg3	lncRNA	121	no ortholog in the table
ENSMUSG00000029380	Cxcl1	protein_coding	121	no ortholog in the table
ENSMUSG00000024672	Ms4a7	protein_coding	120	no ortholog in the table
ENSMUSG00000079419	Ms4a6c	protein_coding	120	no ortholog in the table
ENSMUSG00000028464	Tpm2	protein_coding	118	no ortholog in the table
ENSMUSG00000025163	Cd7	protein_coding	118	no ortholog in the table
ENSMUSG00000029810	Tmem176b	protein_coding	117	no ortholog in the table
ENSMUSG00000025150	Cbr2	protein_coding	117	no ortholog in the table
ENSMUSG00000026822	Lcn2	protein_coding	117	no ortholog in the table
ENSMUSG00000043953	Ccrl2	protein_coding	116	no ortholog in the table
ENSMUSG00000024661	Fth1	protein_coding	114	no ortholog in the table
ENSMUSG00000060962	Dmkn	protein_coding	114	no ortholog in the table
ENSMUSG00000018102	H2bc4	protein_coding	114	no ortholog in the table
ENSMUSG00000026656	Fcgr2b	protein_coding	113	no ortholog in the table
ENSMUSG00000003038	Hmgn2	protein_coding	112	no ortholog in the table
ENSMUSG00000061232	H2-K1	protein_coding	112	no ortholog in the table
ENSMUSG00000032068	Plet1	protein_coding	111	no ortholog in the table
ENSMUSG00000040950	Mgl2	protein_coding	111	no ortholog in the table
ENSMUSG00000092274	Neat1	lncRNA	110	no ortholog in the table
ENSMUSG00000112148	Lilrb4a	protein_coding	110	no ortholog in the table
ENSMUSG00000042842	Serpinb6b	protein_coding	110	no ortholog in the table
ENSMUSG00000041481	Serpina3g	protein_coding	108	no ortholog in the table
ENSMUSG00000023905	Tnfrsf12a	protein_coding	107	no ortholog in the table
ENSMUSG00000031004	Mki67	protein_coding	107	no ortholog in the table
ENSMUSG00000026938	Fcna	protein_coding	107	no ortholog in the table
ENSMUSG00000025746	Il6	protein_coding	107	no ortholog in the table
ENSMUSG00000030165	Klrd1	protein_coding	106	no ortholog in the table
ENSMUSG00000079523	Tmsb10	protein_coding	105	no ortholog in the table
ENSMUSG00000024675	Ms4a4c	protein_coding	105	no ortholog in the table
ENSMUSG00000026399	Cd55	protein_coding	104	no ortholog in the table
ENSMUSG00000046879	Irgm1	protein_coding	104	no ortholog in the table
ENSMUSG00000056290	Ms4a4b	protein_coding	104	no ortholog in the table
ENSMUSG00000031494	Cd209a	protein_coding	103	no ortholog in the table
ENSMUSG00000009687	Fxyd5	protein_coding	102	no ortholog in the table
ENSMUSG00000026365	Cfh	protein_coding	101	no ortholog in the table
ENSMUSG00000000031	H19	lncRNA	101	no ortholog in the table
ENSMUSG00000092341	Malat1	lncRNA	101	no ortholog in the table
ENSMUSG00000112023	Lilrb4b	protein_coding	101	no ortholog in the table
ENSMUSG00000024679	Ms4a6d	protein_coding	101	no ortholog in the table
ENSMUSG00000046718	Bst2	protein_coding	100	no ortholog in the table
ENSMUSG00000032348	Gsta4	protein_coding	100	no ortholog in the table
ENSMUSG00000040026	Saa3	protein_coding	100	no ortholog in the table
ENSMUSG00000017723	Wfdc2	protein_coding	100	no ortholog in the table
ENSMUSG00000022579	Gpihbp1	protein_coding	99	no ortholog in the table
ENSMUSG00000024677	Ms4a6b	protein_coding	99	no ortholog in the table
ENSMUSG00000059108	Ifitm6	protein_coding	99	no ortholog in the table
ENSMUSG00000078920	Ifi47	protein_coding	99	no ortholog in the table
ENSMUSG00000001123	Lgals9	protein_coding	99	no ortholog in the table
ENSMUSG00000024521	Pmaip1	protein_coding	99	no ortholog in the table
ENSMUSG00000072596	Ear2	protein_coding	99	no ortholog in the table
ENSMUSG00000051504	Siglech	protein_coding	99	no ortholog in the table
ENSMUSG00000069515	Lyz1	protein_coding	99	no ortholog in the table
ENSMUSG00000032679	Cd59a	protein_coding	99	no ortholog in the table
ENSMUSG00000073411	H2-D1	protein_coding	98	no ortholog in the table
ENSMUSG00000062488	Ifit3b	protein_coding	98	no ortholog in the table
ENSMUSG00000058755	Osm	protein_coding	98	no ortholog in the table
ENSMUSG00000047501	Cldn4	protein_coding	97	no ortholog in the table
ENSMUSG00000015852	Fcrl2	protein_coding	97	no ortholog in the table
ENSMUSG00000044678	Ly6k	protein_coding	96	no ortholog in the table
ENSMUSG00000023078	Cxcl13	protein_coding	96	no ortholog in the table
ENSMUSG00000035678	Tnfsf9	protein_coding	96	no ortholog in the table
ENSMUSG00000093674	Rpl41	protein_coding	95	no ortholog in the table
ENSMUSG00000047867	Gimap6	protein_coding	94	no ortholog in the table
ENSMUSG00000033355	Rtp4	protein_coding	94	no ortholog in the table
ENSMUSG00000023092	Fhl1	protein_coding	93	no ortholog in the table
ENSMUSG00000078853	Igtp	protein_coding	93	no ortholog in the table
ENSMUSG00000025608	Podxl	protein_coding	93	no ortholog in the table
ENSMUSG00000000318	Clec10a	protein_coding	92	no ortholog in the table
ENSMUSG00000028583	Pdpn	protein_coding	92	no ortholog in the table
ENSMUSG00000045827	Serpinb9	protein_coding	91	no ortholog in the table
ENSMUSG00000020377	Ltc4s	protein_coding	89	no ortholog in the table
ENSMUSG00000090223	Pcp4	protein_coding	89	no ortholog in the table
ENSMUSG00000026385	Dbi	protein_coding	89	no ortholog in the table
ENSMUSG00000048163	Selplg	protein_coding	88	no ortholog in the table
ENSMUSG00000020486	Septin4	protein_coding	88	no ortholog in the table
ENSMUSG00000040435	Ppp1r15a	protein_coding	88	no ortholog in the table
ENSMUSG00000098318	Lockd	lncRNA	88	no ortholog in the table
ENSMUSG00000054203	Ifi205	protein_coding	88	no ortholog in the table
ENSMUSG00000099974	Bcl2a1d	protein_coding	87	no ortholog in the table
ENSMUSG00000003484	Cyp4f18	protein_coding	87	no ortholog in the table
ENSMUSG00000063229	Ldha	protein_coding	87	no ortholog in the table
ENSMUSG00000037071	Scd1	protein_coding	86	no ortholog in the table
ENSMUSG00000073412	Lst1	protein_coding	85	no ortholog in the table
ENSMUSG00000029359	Tesc	protein_coding	85	no ortholog in the table
ENSMUSG00000029561	Oasl2	protein_coding	85	no ortholog in the table
ENSMUSG00000053977	Cd8a	protein_coding	85	no ortholog in the table
ENSMUSG00000067786	Nnat	protein_coding	85	no ortholog in the table
ENSMUSG00000015656	Hspa8	protein_coding	83	no ortholog in the table
ENSMUSG00000072620	Slfn2	protein_coding	82	no ortholog in the table
ENSMUSG00000050359	Sprr1a	protein_coding	82	no ortholog in the table
ENSMUSG00000069917	Hba-a2	protein_coding	82	no ortholog in the table
ENSMUSG00000074874	Ctla2b	protein_coding	82	no ortholog in the table
ENSMUSG00000044162	Tnip3	protein_coding	81	no ortholog in the table
ENSMUSG00000039236	Isg20	protein_coding	80	no ortholog in the table
ENSMUSG00000079293	Clec7a	protein_coding	80	no ortholog in the table
ENSMUSG00000053063	Clec12a	protein_coding	80	no ortholog in the table
ENSMUSG00000053044	Cd8b1	protein_coding	79	no ortholog in the table
ENSMUSG00000091649	Phf11b	protein_coding	79	no ortholog in the table
ENSMUSG00000037313	Tacc3	protein_coding	79	no ortholog in the table
ENSMUSG00000003153	Slc2a3	protein_coding	79	no ortholog in the table
ENSMUSG00000043832	Clec4a3	protein_coding	79	no ortholog in the table
ENSMUSG00000061100	Retnla	protein_coding	79	no ortholog in the table
ENSMUSG00000087006	Gm13889	protein_coding	79	no ortholog in the table
ENSMUSG00000017309	Cd300lg	protein_coding	78	no ortholog in the table
ENSMUSG00000052305	Hbb-bs	protein_coding	78	no ortholog in the table
ENSMUSG00000050241	Klre1	protein_coding	78	no ortholog in the table
ENSMUSG00000030325	Klrb1c	protein_coding	77	no ortholog in the table
ENSMUSG00000031495	Cd209d	protein_coding	77	no ortholog in the table
ENSMUSG00000032532	Cck	protein_coding	77	no ortholog in the table
ENSMUSG00000013974	Mcemp1	protein_coding	77	no ortholog in the table
ENSMUSG00000027514	Zbp1	protein_coding	76	no ortholog in the table
ENSMUSG00000000739	Sult5a1	protein_coding	75	no ortholog in the table
ENSMUSG00000038179	Slamf7	protein_coding	75	no ortholog in the table
ENSMUSG00000022586	Ly6i	protein_coding	74	no ortholog in the table
ENSMUSG00000051748	Wfdc21	protein_coding	74	no ortholog in the table
ENSMUSG00000051906	Cd209f	protein_coding	74	no ortholog in the table
ENSMUSG00000030711	Sult1a1	protein_coding	74	no ortholog in the table
ENSMUSG00000044811	Cd300c2	protein_coding	74	no ortholog in the table
ENSMUSG00000016283	H2-M2	protein_coding	74	no ortholog in the table
ENSMUSG00000046245	Pilra	protein_coding	73	no ortholog in the table
ENSMUSG00000074272	Ceacam1	protein_coding	73	no ortholog in the table
ENSMUSG00000046908	Ltb4r1	protein_coding	73	no ortholog in the table
ENSMUSG00000058818	Pirb	protein_coding	73	no ortholog in the table
ENSMUSG00000039209	Rpl39l	protein_coding	73	no ortholog in the table
ENSMUSG00000033024	Klra9	protein_coding	73	no ortholog in the table
ENSMUSG00000030148	Clec4a2	protein_coding	73	no ortholog in the table
ENSMUSG00000047798	Cd300lf	protein_coding	72	no ortholog in the table
ENSMUSG00000024747	Aldh1a7	protein_coding	72	no ortholog in the table
ENSMUSG00000073489	Ifi204	protein_coding	72	no ortholog in the table
ENSMUSG00000079298	Klrb1b	protein_coding	72	no ortholog in the table
ENSMUSG00000029372	Ppbp	protein_coding	72	no ortholog in the table
ENSMUSG00000090733	Rps27	protein_coding	72	no ortholog in the table
ENSMUSG00000039997	Ifi203	protein_coding	71	no ortholog in the table
ENSMUSG00000079553	Kifc1	protein_coding	71	no ortholog in the table
ENSMUSG00000021214	Akr1c18	protein_coding	70	no ortholog in the table
ENSMUSG00000024678	Ms4a4d	protein_coding	70	no ortholog in the table
ENSMUSG00000073940	Hbb-bt	protein_coding	70	no ortholog in the table
ENSMUSG00000067235	H2-Q10	protein_coding	70	no ortholog in the table
ENSMUSG00000067274	Rplp0	protein_coding	70	no ortholog in the table
ENSMUSG00000041828	Abca8a	protein_coding	70	no ortholog in the table
ENSMUSG00000026238	Ptma	protein_coding	70	no ortholog in the table
ENSMUSG00000029802	Abcg2	protein_coding	70	no ortholog in the table
ENSMUSG00000102037	Bcl2a1a	protein_coding	70	no ortholog in the table
ENSMUSG00000051839	Gypa	protein_coding	69	no ortholog in the table
ENSMUSG00000048534	Jaml	protein_coding	69	no ortholog in the table
ENSMUSG00000035439	Haus8	protein_coding	69	no ortholog in the table
ENSMUSG00000073490	Ifi207	protein_coding	69	no ortholog in the table
ENSMUSG00000067599	Klra7	protein_coding	69	no ortholog in the table
ENSMUSG00000084843	B230312C02Rik	lncRNA	69	no ortholog in the table
ENSMUSG00000028268	Gbp3	protein_coding	69	no ortholog in the table
ENSMUSG00000030147	Clec4b1	protein_coding	68	no ortholog in the table
ENSMUSG00000115067	Dpep2	protein_coding	68	no ortholog in the table
ENSMUSG00000071714	Csf2rb2	protein_coding	68	no ortholog in the table
ENSMUSG00000055546	Timd4	protein_coding	68	no ortholog in the table
ENSMUSG00000071562	Stfa1	protein_coding	68	no ortholog in the table
ENSMUSG00000022901	Cd86	protein_coding	68	no ortholog in the table
ENSMUSG00000004837	Grap	protein_coding	68	no ortholog in the table
ENSMUSG00000026536	Ifi211	protein_coding	68	no ortholog in the table
ENSMUSG00000041954	Tnfrsf18	protein_coding	68	no ortholog in the table
ENSMUSG00000097467	Gm26737	lncRNA	67	no ortholog in the table
ENSMUSG00000055170	Ifng	protein_coding	67	no ortholog in the table
ENSMUSG00000069272	H2ac8	protein_coding	67	no ortholog in the table
ENSMUSG00000081769	Gm12216	lncRNA	67	no ortholog in the table
ENSMUSG00000060147	Serpinb6a	protein_coding	67	no ortholog in the table
ENSMUSG00000055541	Lair1	protein_coding	66	no ortholog in the table
ENSMUSG00000033538	Casp4	protein_coding	66	no ortholog in the table
ENSMUSG00000073555	Iigp1c	protein_coding	66	no ortholog in the table
ENSMUSG00000078921	Tgtp2	protein_coding	66	no ortholog in the table
ENSMUSG00000024986	Hhex	protein_coding	66	no ortholog in the table
ENSMUSG00000016559	H3f3b	protein_coding	66	no ortholog in the table
ENSMUSG00000000204	Slfn4	protein_coding	65	no ortholog in the table
ENSMUSG00000120340	A330069E16Rik	lncRNA	65	no ortholog in the table
ENSMUSG00000022360	Atad2	protein_coding	65	no ortholog in the table
ENSMUSG00000031125	3830403N18Rik	protein_coding	64	no ortholog in the table
ENSMUSG00000052212	Cd177	protein_coding	64	no ortholog in the table
ENSMUSG00000101609	Kcnq1ot1	lncRNA	64	no ortholog in the table
ENSMUSG00000037169	Mycn	protein_coding	63	no ortholog in the table
ENSMUSG00000079339	Ifit1bl1	protein_coding	63	no ortholog in the table
ENSMUSG00000051727	Kctd14	protein_coding	63	no ortholog in the table
ENSMUSG00000040441	Slc26a10	protein_coding	63	no ortholog in the table
ENSMUSG00000063171	Rps4l	protein_coding	63	no ortholog in the table
ENSMUSG00000032484	Ngp	protein_coding	63	no ortholog in the table
ENSMUSG00000001663	Gstt1	protein_coding	63	no ortholog in the table
ENSMUSG00000047534	Mis18bp1	protein_coding	63	no ortholog in the table
ENSMUSG00000016756	Cmah	protein_coding	63	no ortholog in the table
ENSMUSG00000025934	Gsta3	protein_coding	63	no ortholog in the table
ENSMUSG00000072844	G530011O06Rikx	lncRNA	63	no ortholog in the table
ENSMUSG00000090164	BC035044	protein_coding	63	no ortholog in the table
ENSMUSG00000044349	Snhg11	lncRNA	63	no ortholog in the table
ENSMUSG00000000386	Mx1	protein_coding	62	no ortholog in the table
ENSMUSG00000019817	Plagl1	protein_coding	62	no ortholog in the table
ENSMUSG00000040666	Sh3bgr	protein_coding	62	no ortholog in the table
ENSMUSG00000039264	Gimap3	protein_coding	62	no ortholog in the table
ENSMUSG00000023959	Clic5	protein_coding	62	no ortholog in the table
ENSMUSG00000045128	Rpl18a	protein_coding	62	no ortholog in the table
ENSMUSG00000030921	Trim30a	protein_coding	62	no ortholog in the table
ENSMUSG00000078922	Tgtp1	protein_coding	61	no ortholog in the table
ENSMUSG00000096010	H4c16	protein_coding	61	no ortholog in the table
ENSMUSG00000000983	Wfdc18	protein_coding	61	no ortholog in the table
ENSMUSG00000068105	Tnfrsf13c	protein_coding	61	no ortholog in the table
ENSMUSG00000079168	Cd209g	protein_coding	60	no ortholog in the table
ENSMUSG00000032518	Rpsa	protein_coding	60	no ortholog in the table
ENSMUSG00000051682	Treml4	protein_coding	60	no ortholog in the table
ENSMUSG00000030048	Gkn3	protein_coding	60	no ortholog in the table
ENSMUSG00000134402	Gm12250	lncRNA	60	no ortholog in the table
ENSMUSG00000031760	Mt3	protein_coding	60	no ortholog in the table
ENSMUSG00000079853	Klra1	protein_coding	60	no ortholog in the table
ENSMUSG00000089945	Pakap	protein_coding	60	no ortholog in the table
ENSMUSG00000059657	Stfa2l1	protein_coding	60	no ortholog in the table
ENSMUSG00000034652	Cd300a	protein_coding	60	no ortholog in the table
ENSMUSG00000042784	Muc1	protein_coding	60	no ortholog in the table
ENSMUSG00000090272	Mndal	protein_coding	60	no ortholog in the table
ENSMUSG00000104713	Gbp6	protein_coding	59	no ortholog in the table
ENSMUSG00000019832	Rab32	protein_coding	59	no ortholog in the table
ENSMUSG00000033450	Tagap	protein_coding	59	no ortholog in the table
ENSMUSG00000015355	Cd48	protein_coding	59	no ortholog in the table
ENSMUSG00000060550	H2-Q7	protein_coding	59	no ortholog in the table
ENSMUSG00000031933	Izumo1r	protein_coding	58	ortholog(s) exist but none is in the other vocabulary
ENSMUSG00000059326	Csf2ra	protein_coding	58	no ortholog in the table
ENSMUSG00000029379	Cxcl3	protein_coding	58	no ortholog in the table
ENSMUSG00000022054	Nefm	protein_coding	58	no ortholog in the table
ENSMUSG00000116378	Gcat	protein_coding	58	no ortholog in the table
ENSMUSG00000030187	Klra2	protein_coding	58	no ortholog in the table
ENSMUSG00000024379	Tslp	protein_coding	58	no ortholog in the table
ENSMUSG00000034641	Cd300ld	protein_coding	58	no ortholog in the table
ENSMUSG00000057666	Gapdh	protein_coding	57	no ortholog in the table
ENSMUSG00000059305	Vpreb1a	protein_coding	57	no ortholog in the table
ENSMUSG00000001665	Gstt3	protein_coding	57	no ortholog in the table
ENSMUSG00000086503	Xist	lncRNA	57	no ortholog in the table
ENSMUSG00000073538	E330020D12Rik	lncRNA	57	no ortholog in the table
ENSMUSG00000024778	Fas	protein_coding	57	no ortholog in the table
ENSMUSG00000079186	Gzmc	protein_coding	57	no ortholog in the table
ENSMUSG00000044303	Cdkn2a	protein_coding	57	no ortholog in the table
ENSMUSG00000116429	Ddit3	protein_coding	56	no ortholog in the table
ENSMUSG00000092035	Peg10	protein_coding	56	no ortholog in the table
ENSMUSG00000025481	Urah	protein_coding	56	no ortholog in the table
ENSMUSG00000078763	Slfn1	protein_coding	56	no ortholog in the table
ENSMUSG00000079597	Cstdc4	protein_coding	56	no ortholog in the table
ENSMUSG00000028689	Ccdc163	protein_coding	56	no ortholog in the table
ENSMUSG00000036858	Ptcra	protein_coding	56	no ortholog in the table
ENSMUSG00000030017	Reg3g	protein_coding	56	no ortholog in the table
ENSMUSG00000100599	1700120C14Rik	lncRNA	56	no ortholog in the table
ENSMUSG00000044206	Vsig4	protein_coding	55	no ortholog in the table
ENSMUSG00000027570	Col9a3	protein_coding	55	no ortholog in the table
ENSMUSG00000078783	Sirpd	protein_coding	55	no ortholog in the table
ENSMUSG00000073409	H2-Q6	protein_coding	55	no ortholog in the table
ENSMUSG00000091956	C2cd4b	protein_coding	55	no ortholog in the table
ENSMUSG00000000869	Il4	protein_coding	55	no ortholog in the table
ENSMUSG00000028332	Hemgn	protein_coding	54	no ortholog in the table
ENSMUSG00000065987	Cd209b	protein_coding	54	no ortholog in the table
ENSMUSG00000043932	Klri2	protein_coding	54	no ortholog in the table
ENSMUSG00000118541	Nrg1	protein_coding	54	ortholog(s) exist but none is in the other vocabulary
ENSMUSG00000021213	Akr1c13	protein_coding	54	no ortholog in the table
ENSMUSG00000049115	Agtr1a	protein_coding	54	no ortholog in the table
ENSMUSG00000085723	Gm15915	lncRNA	53	no ortholog in the table
ENSMUSG00000021403	Serpinb9b	protein_coding	53	no ortholog in the table
ENSMUSG00000075370	Igll1	protein_coding	53	no ortholog in the table
ENSMUSG00000031490	Eif4ebp1	protein_coding	53	no ortholog in the table
ENSMUSG00000020009	Ifngr1	protein_coding	53	no ortholog in the table
ENSMUSG00000018451	6330403K07Rik	protein_coding	53	ortholog(s) exist but none is in the other vocabulary
ENSMUSG00000089727	Klra8	protein_coding	53	no ortholog in the table
ENSMUSG00000037816	Fbxw17	protein_coding	53	no ortholog in the table
ENSMUSG00000056895	H2bc27	protein_coding	53	no ortholog in the table
ENSMUSG00000044092	C130050O18Rik	protein_coding	52	no ortholog in the table
ENSMUSG00000087107	Slfnlnc	lncRNA	52	no ortholog in the table
ENSMUSG00000041841	Rpl37	protein_coding	52	no ortholog in the table
ENSMUSG00000046056	Sbsn	protein_coding	52	no ortholog in the table
ENSMUSG00000060639	H4c9	protein_coding	52	no ortholog in the table
ENSMUSG00000067613	Krt83	protein_coding	52	no ortholog in the table
ENSMUSG00000062944	Zfp696	protein_coding	52	no ortholog in the table
ENSMUSG00000073676	Hspe1	protein_coding	52	no ortholog in the table
ENSMUSG00000030162	Olr1	protein_coding	52	no ortholog in the table
ENSMUSG00000037161	Mgarp	protein_coding	51	no ortholog in the table
ENSMUSG00000036172	Cd200r3	protein_coding	51	no ortholog in the table
ENSMUSG00000054626	Xlr	protein_coding	51	no ortholog in the table
ENSMUSG00000022157	Mcpt8	protein_coding	51	no ortholog in the table
ENSMUSG00000035504	Reep6	protein_coding	51	no ortholog in the table
ENSMUSG00000008843	Cldn13	protein_coding	51	no ortholog in the table
ENSMUSG00000039956	Mrap	protein_coding	51	no ortholog in the table
ENSMUSG00000062170	Fmr1nb	protein_coding	50	no ortholog in the table
ENSMUSG00000040483	Xaf1	protein_coding	50	no ortholog in the table
ENSMUSG00000014543	Klra17	protein_coding	50	no ortholog in the table
ENSMUSG00000049086	Bmyc	protein_coding	50	no ortholog in the table
ENSMUSG00000020702	Ccl1	protein_coding	50	no ortholog in the table
ENSMUSG00000042265	Trem1	protein_coding	50	no ortholog in the table
ENSMUSG00000105547	Iglc3	IG_C_gene	50	no ortholog in the table
ENSMUSG00000029298	Gbp9	protein_coding	50	no ortholog in the table
ENSMUSG00000071398	Cimip5	protein_coding	49	no ortholog in the table
ENSMUSG00000095180	Rhox5	protein_coding	49	no ortholog in the table
ENSMUSG00000113450	Zfp935	protein_coding	49	no ortholog in the table
MGI:5504032	Gm26917	lncRNA	49	no Ensembl id (MGI/HGNC accession): not in the ortholog table
ENSMUSG00000066684	Pilrb1	protein_coding	49	no ortholog in the table
ENSMUSG00000067212	H2-T23	protein_coding	49	no ortholog in the table
ENSMUSG00000003518	Dusp3	protein_coding	49	no ortholog in the table
ENSMUSG00000041633	Kctd12b	protein_coding	49	no ortholog in the table
ENSMUSG00000067591	Klra3	protein_coding	49	no ortholog in the table
ENSMUSG00000058099	Nfam1	protein_coding	49	no ortholog in the table
ENSMUSG00000049988	Lrrc25	protein_coding	49	no ortholog in the table
ENSMUSG00000034438	Gbp8	protein_coding	49	no ortholog in the table
ENSMUSG00000006057	Atp5mc1	protein_coding	49	no ortholog in the table
ENSMUSG00000064215	Ifi27	protein_coding	49	no ortholog in the table
ENSMUSG00000043263	Ifi209	protein_coding	49	no ortholog in the table
ENSMUSG00000110547	Gm29773	lncRNA	49	no ortholog in the table
ENSMUSG00000024691	Fam111a	protein_coding	48	no ortholog in the table
ENSMUSG00000057836	Xlr3a	protein_coding	48	no ortholog in the table
ENSMUSG00000085704	4921531C22Rik	lncRNA	48	no ortholog in the table
ENSMUSG00000004709	Cd244a	protein_coding	48	no ortholog in the table
ENSMUSG00000068246	Apol9b	protein_coding	48	no ortholog in the table
ENSMUSG00000069270	H2ac6	protein_coding	48	no ortholog in the table
ENSMUSG00000070873	Lilra5	protein_coding	48	no ortholog in the table
ENSMUSG00000058470	Gm8369	protein_coding	48	no ortholog in the table
ENSMUSG00000035929	H2-Q4	protein_coding	48	no ortholog in the table
ENSMUSG00000030173	Klra5	protein_coding	47	no ortholog in the table
ENSMUSG00000022865	Cxadr	protein_coding	47	no ortholog in the table
ENSMUSG00000072066	Zfp1008	protein_coding	47	no ortholog in the table
ENSMUSG00000097180	2700038G22Rik	lncRNA	47	no ortholog in the table
ENSMUSG00000073236	2500004C02Rik	lncRNA	47	no ortholog in the table
ENSMUSG00000029138	Ccdc121	protein_coding	47	no ortholog in the table
ENSMUSG00000046862	Pramel12	protein_coding	47	no ortholog in the table
ENSMUSG00000096956	Snhg18	lncRNA	47	no ortholog in the table
ENSMUSG00000032712	Resf1	protein_coding	47	no ortholog in the table
ENSMUSG00000062101	Zfp119b	protein_coding	47	no ortholog in the table
ENSMUSG00000063234	Gpr84	protein_coding	47	no ortholog in the table
ENSMUSG00000045362	Tnfrsf26	protein_coding	47	no ortholog in the table
ENSMUSG00000066682	Pilrb2	protein_coding	47	no ortholog in the table
ENSMUSG00000034758	Tle6	protein_coding	47	no ortholog in the table
ENSMUSG00000067768	Xlr4b	protein_coding	46	no ortholog in the table
ENSMUSG00000030361	Klrb1a	protein_coding	46	no ortholog in the table
ENSMUSG00000050957	Insl6	protein_coding	46	no ortholog in the table
ENSMUSG00000037742	Eef1a1	protein_coding	46	no ortholog in the table
ENSMUSG00000109781	Gm45509	lncRNA	46	no ortholog in the table
ENSMUSG00000078252	Krtap17-1	protein_coding	46	no ortholog in the table
ENSMUSG00000030744	Rps3	protein_coding	46	no ortholog in the table
ENSMUSG00000094248	H2ac23	protein_coding	46	no ortholog in the table
ENSMUSG00000023048	Prr13	protein_coding	46	no ortholog in the table
ENSMUSG00000035208	Slfn8	protein_coding	46	no ortholog in the table
ENSMUSG00000005339	Fcer1a	protein_coding	46	no ortholog in the table
ENSMUSG00000057346	Apol9a	protein_coding	46	no ortholog in the table
ENSMUSG00000037523	Mavs	protein_coding	45	no ortholog in the table
ENSMUSG00000054169	Ceacam10	protein_coding	45	no ortholog in the table
ENSMUSG00000015314	Slamf6	protein_coding	45	no ortholog in the table
ENSMUSG00000046323	Dppa3	protein_coding	45	no ortholog in the table
ENSMUSG00000087259	2610035D17Rik	lncRNA	45	no ortholog in the table
ENSMUSG00000033715	Akr1c14	protein_coding	45	no ortholog in the table
ENSMUSG00000090942	F830016B08Rik	protein_coding	45	no ortholog in the table
ENSMUSG00000066551	Hmgb1	protein_coding	45	no ortholog in the table
ENSMUSG00000047751	Utf1	protein_coding	45	no ortholog in the table
ENSMUSG00000011256	Adam19	protein_coding	45	no ortholog in the table
ENSMUSG00000028023	Pitx2	protein_coding	45	no ortholog in the table
ENSMUSG00000091993	B930036N10Rik	lncRNA	45	no ortholog in the table
ENSMUSG00000073491	Ifi213	protein_coding	45	no ortholog in the table
ENSMUSG00000075408	Smim41	protein_coding	44	no ortholog in the table
ENSMUSG00000002831	Plin4	protein_coding	44	no ortholog in the table
ENSMUSG00000047649	Polr1g	protein_coding	44	no ortholog in the table
ENSMUSG00000018861	Fdxr	protein_coding	44	no ortholog in the table
ENSMUSG00000009585	Apobec3	protein_coding	44	no ortholog in the table
ENSMUSG00000003929	Zfp81	protein_coding	44	no ortholog in the table
ENSMUSG00000043090	Zfp866	protein_coding	44	no ortholog in the table
ENSMUSG00000023452	Pisd	protein_coding	44	no ortholog in the table
ENSMUSG00000044309	Apol7c	protein_coding	44	no ortholog in the table
ENSMUSG00000029273	Sult1d1	protein_coding	44	no ortholog in the table
ENSMUSG00000079845	Xlr4a	protein_coding	44	no ortholog in the table
ENSMUSG00000030483	Cyp2b10	protein_coding	44	no ortholog in the table
ENSMUSG00000025488	Cox8b	protein_coding	44	no ortholog in the table
ENSMUSG00000045062	Pcdhb7	protein_coding	44	no ortholog in the table
ENSMUSG00000074671	Tspyl3	protein_coding	44	no ortholog in the table
ENSMUSG00000032491	Nradd	protein_coding	44	no ortholog in the table
ENSMUSG00000059994	Fcrl1	protein_coding	44	no ortholog in the table
ENSMUSG00000059708	Akap17b	protein_coding	44	no ortholog in the table
ENSMUSG00000001166	Oas1c	protein_coding	44	no ortholog in the table
ENSMUSG00000030823	Zfp747l1	protein_coding	43	no ortholog in the table
ENSMUSG00000022824	Muc13	protein_coding	43	no ortholog in the table
ENSMUSG00000030167	Klrc1	protein_coding	43	no ortholog in the table
ENSMUSG00000017713	Tha1	protein_coding	43	no ortholog in the table
ENSMUSG00000020707	Rnf135	protein_coding	43	no ortholog in the table
ENSMUSG00000035778	Ggta1	protein_coding	43	no ortholog in the table
ENSMUSG00000039347	Atp6v0e2	protein_coding	43	no ortholog in the table
ENSMUSG00000046550	Spin2c	protein_coding	43	no ortholog in the table
ENSMUSG00000056399	Prss34	protein_coding	43	no ortholog in the table
ENSMUSG00000056612	Ppp1r14b	protein_coding	43	no ortholog in the table
ENSMUSG00000035372	1810055G02Rik	protein_coding	43	no ortholog in the table
ENSMUSG00000043036	Ccdc63	protein_coding	43	no ortholog in the table
ENSMUSG00000007216	Zfp775	protein_coding	43	no ortholog in the table
ENSMUSG00000078780	Gm5150	protein_coding	43	no ortholog in the table
ENSMUSG00000061482	H4c4	protein_coding	43	no ortholog in the table
ENSMUSG00000091017	Garin4	protein_coding	43	no ortholog in the table
ENSMUSG00000033488	Cryzl2	protein_coding	43	no ortholog in the table
ENSMUSG00000095620	Csta2	protein_coding	43	no ortholog in the table
ENSMUSG00000095788	Sirpb1a	protein_coding	43	no ortholog in the table
ENSMUSG00000062116	Zfp954	protein_coding	43	no ortholog in the table
ENSMUSG00000040681	Hmgn1	protein_coding	43	no ortholog in the table
ENSMUSG00000022856	Tmem41a	protein_coding	43	no ortholog in the table
MGI:2442603	E330033B04Rik	lncRNA	43	no Ensembl id (MGI/HGNC accession): not in the ortholog table
ENSMUSG00000030122	Ptms	protein_coding	42	no ortholog in the table
ENSMUSG00000054381	Zfp747	protein_coding	42	no ortholog in the table
ENSMUSG00000076928	Trac	TR_C_gene	42	no ortholog in the table
ENSMUSG00000016206	H2-M3	protein_coding	42	no ortholog in the table
ENSMUSG00000069874	Irgm2	protein_coding	42	no ortholog in the table
ENSMUSG00000026222	Sp100	protein_coding	42	no ortholog in the table
ENSMUSG00000053600	Zfp472	protein_coding	42	no ortholog in the table
ENSMUSG00000028977	Casz1	protein_coding	42	no ortholog in the table
ENSMUSG00000095079	Igha	IG_C_gene	42	no ortholog in the table
ENSMUSG00000038347	Tcte2	lncRNA	42	no ortholog in the table
ENSMUSG00000059839	Zfp874b	protein_coding	42	no ortholog in the table
ENSMUSG00000066677	Ifi208	protein_coding	42	no ortholog in the table
ENSMUSG00000054519	Zfp867	protein_coding	42	no ortholog in the table
ENSMUSG00000066838	Zfp772	protein_coding	42	no ortholog in the table
ENSMUSG00000047669	Msl3l2	protein_coding	42	no ortholog in the table
ENSMUSG00000071551	Akr1c19	protein_coding	42	no ortholog in the table
ENSMUSG00000038782	1700028J19Rik	protein_coding	42	no ortholog in the table
ENSMUSG00000054766	Set	protein_coding	42	no ortholog in the table
ENSMUSG00000052031	Tagap1	protein_coding	42	no ortholog in the table
ENSMUSG00000097591	A330032B11Rik	lncRNA	42	no ortholog in the table
ENSMUSG00000058748	Zfp958	protein_coding	41	no ortholog in the table
ENSMUSG00000099474	1700097N02Rik	lncRNA	41	no ortholog in the table
ENSMUSG00000038624	Nepn	protein_coding	41	no ortholog in the table
ENSMUSG00000068407	Rnase12	protein_coding	41	ortholog(s) exist but none is in the other vocabulary
ENSMUSG00000064294	Aox3	protein_coding	41	no ortholog in the table
ENSMUSG00000023882	Zfp54	protein_coding	41	no ortholog in the table
ENSMUSG00000061068	Mcpt4	protein_coding	41	no ortholog in the table
ENSMUSG00000057933	Gsta2	protein_coding	41	no ortholog in the table
ENSMUSG00000045625	Pigz	protein_coding	41	no ortholog in the table
ENSMUSG00000073758	Sh3d21	protein_coding	41	no ortholog in the table
ENSMUSG00000030154	Klrb1f	protein_coding	41	no ortholog in the table
ENSMUSG00000050605	Zfp61	protein_coding	41	no ortholog in the table
ENSMUSG00000044783	Hjurp	protein_coding	41	no ortholog in the table
ENSMUSG00000057596	Trim30d	protein_coding	41	no ortholog in the table
ENSMUSG00000026305	Lrrfip1	protein_coding	41	no ortholog in the table
ENSMUSG00000023892	Zfp51	protein_coding	41	no ortholog in the table
ENSMUSG00000044748	Defb1	protein_coding	41	no ortholog in the table
ENSMUSG00000078349	AW011738	lncRNA	41	no ortholog in the table
ENSMUSG00000053030	Spink2	protein_coding	40	no ortholog in the table
ENSMUSG00000086894	Gm15708	lncRNA	40	no ortholog in the table
ENSMUSG00000121135	Hmga2-ps1	lncRNA	40	no ortholog in the table
ENSMUSG00000074336	Apoc4	protein_coding	40	no ortholog in the table
ENSMUSG00000032915	Adgre4	protein_coding	40	no ortholog in the table
ENSMUSG00000051242	Pcdhb9	protein_coding	40	no ortholog in the table
ENSMUSG00000020310	Madcam1	protein_coding	40	no ortholog in the table
ENSMUSG00000018211	Wfdc15b	protein_coding	40	no ortholog in the table
ENSMUSG00000021211	Akr1c12	protein_coding	40	no ortholog in the table
ENSMUSG00000025290	Rps24	protein_coding	40	no ortholog in the table
ENSMUSG00000058216	Gstp3	protein_coding	40	no ortholog in the table
ENSMUSG00000022967	Ifnar1	protein_coding	40	no ortholog in the table
ENSMUSG00000042045	Sln	protein_coding	40	no ortholog in the table
MGI:2444074	F630111L10Rik	lncRNA	40	no Ensembl id (MGI/HGNC accession): not in the ortholog table
ENSMUSG00000007827	Ankrd26	protein_coding	39	no ortholog in the table
ENSMUSG00000060459	Kng2	protein_coding	39	no ortholog in the table
ENSMUSG00000004609	Cd33	protein_coding	39	no ortholog in the table
ENSMUSG00000056383	AI987944	protein_coding	39	no ortholog in the table
ENSMUSG00000078122	Mir223hg	lncRNA	39	no ortholog in the table
ENSMUSG00000029019	Nppb	protein_coding	39	no ortholog in the table
ENSMUSG00000031725	Ces1f	protein_coding	39	no ortholog in the table
ENSMUSG00000050014	Apol10b	protein_coding	39	no ortholog in the table
ENSMUSG00000092260	Zfp963	protein_coding	39	no ortholog in the table
ENSMUSG00000015468	Notch4	protein_coding	39	no ortholog in the table
ENSMUSG00000033061	Resp18	protein_coding	39	no ortholog in the table
ENSMUSG00000023147	Get1	protein_coding	39	no ortholog in the table
ENSMUSG00000062082	Cd200r4	protein_coding	39	no ortholog in the table
ENSMUSG00000078994	Zfp429	protein_coding	39	no ortholog in the table
ENSMUSG00000024055	Cyp4f13	protein_coding	39	no ortholog in the table
ENSMUSG00000061371	Zfp873	protein_coding	39	no ortholog in the table
ENSMUSG00000095562	Erdr1x	lncRNA	39	no ortholog in the table
ENSMUSG00000047990	C2cd4a	protein_coding	39	no ortholog in the table
ENSMUSG00000025610	Map3k7cl	protein_coding	39	no ortholog in the table
ENSMUSG00000047730	Fcgbp	protein_coding	39	no ortholog in the table
ENSMUSG00000049588	Ccdc69	protein_coding	39	no ortholog in the table
ENSMUSG00000023235	Ccl25	protein_coding	38	no ortholog in the table
ENSMUSG00000038844	Kif16b	protein_coding	38	no ortholog in the table
ENSMUSG00000058291	Zfp68	protein_coding	38	no ortholog in the table
ENSMUSG00000021906	Oxnad1	protein_coding	38	no ortholog in the table
ENSMUSG00000028943	Espn	protein_coding	38	no ortholog in the table
ENSMUSG00000045466	Zfp956	protein_coding	38	no ortholog in the table
ENSMUSG00000070034	Sp110	protein_coding	38	no ortholog in the table
ENSMUSG00000079042	Apela	protein_coding	38	no ortholog in the table
ENSMUSG00000097354	2310001H17Rik	lncRNA	38	no ortholog in the table
ENSMUSG00000041775	Mapk1ip1	protein_coding	38	no ortholog in the table
ENSMUSG00000005547	Cyp2a5	protein_coding	38	no ortholog in the table
ENSMUSG00000087598	Zfp111	protein_coding	38	no ortholog in the table
ENSMUSG00000036898	Zfp157	protein_coding	38	no ortholog in the table
ENSMUSG00000046213	Cym	protein_coding	38	no ortholog in the table
ENSMUSG00000054408	Spcs3	protein_coding	38	no ortholog in the table
ENSMUSG00000066613	Zfp932	protein_coding	37	no ortholog in the table
ENSMUSG00000031073	Fgf15	protein_coding	37	no ortholog in the table
ENSMUSG00000087385	Frg2f1	protein_coding	37	no ortholog in the table
ENSMUSG00000053835	H2-T24	protein_coding	37	no ortholog in the table
ENSMUSG00000030427	Lilra6	protein_coding	37	no ortholog in the table
ENSMUSG00000027523	Gnas	protein_coding	37	no ortholog in the table
ENSMUSG00000067924	Rtl8b	protein_coding	37	no ortholog in the table
ENSMUSG00000019961	Tmpo	protein_coding	37	no ortholog in the table
ENSMUSG00000032081	Apoc3	protein_coding	37	no ortholog in the table
ENSMUSG00000033883	Zfp267	protein_coding	37	no ortholog in the table
ENSMUSG00000049916	2610318N02Rik	protein_coding	37	no ortholog in the table
ENSMUSG00000061082	Plac1	protein_coding	37	no ortholog in the table
ENSMUSG00000074071	Fam169b	protein_coding	37	no ortholog in the table
ENSMUSG00000037001	Zfp39	protein_coding	37	no ortholog in the table
ENSMUSG00000031362	Xlr4c	protein_coding	37	no ortholog in the table
ENSMUSG00000079242	C730034F03Rik	lncRNA	37	no ortholog in the table
ENSMUSG00000072601	Ear1	protein_coding	37	no ortholog in the table
ENSMUSG00000044103	Il36g	protein_coding	37	no ortholog in the table
ENSMUSG00000059897	Zfp930	protein_coding	37	no ortholog in the table
ENSMUSG00000052217	Hbb-bh1	protein_coding	37	no ortholog in the table
ENSMUSG00000073795	Spef1l	protein_coding	36	no ortholog in the table
ENSMUSG00000030157	Clec2d	protein_coding	36	no ortholog in the table
ENSMUSG00000046185	Zfp84	protein_coding	36	no ortholog in the table
ENSMUSG00000068134	Zfp120	protein_coding	36	no ortholog in the table
ENSMUSG00000115018	Ndor1	protein_coding	36	no ortholog in the table
ENSMUSG00000023186	Vwa5a	protein_coding	36	no ortholog in the table
ENSMUSG00000034429	Zfp707	protein_coding	36	no ortholog in the table
ENSMUSG00000043939	Trem4	protein_coding	36	no ortholog in the table
ENSMUSG00000090952	Rab11bos1	lncRNA	36	no ortholog in the table
ENSMUSG00000060427	Zfp868	protein_coding	36	no ortholog in the table
ENSMUSG00000026039	Sgo2a	protein_coding	36	no ortholog in the table
ENSMUSG00000072774	Zfp951	protein_coding	36	no ortholog in the table
ENSMUSG00000047517	Dmbt1	protein_coding	36	no ortholog in the table
ENSMUSG00000020156	Pwwp3a	protein_coding	36	ortholog(s) exist but none is in the other vocabulary
ENSMUSG00000097397	Gm16861	lncRNA	36	no ortholog in the table
ENSMUSG00000089665	Fcor	protein_coding	36	no ortholog in the table
ENSMUSG00000041754	Trem3	protein_coding	36	no ortholog in the table
ENSMUSG00000040413	Timd2	protein_coding	36	no ortholog in the table
ENSMUSG00000047462	Gpr141b	protein_coding	36	no ortholog in the table
ENSMUSG00000076749	Trgc1	TR_C_gene	36	no ortholog in the table
ENSMUSG00000110170	St6galnac2	protein_coding	36	ortholog(s) exist but none is in the other vocabulary
ENSMUSG00000042363	Lgalsl	protein_coding	36	no ortholog in the table
ENSMUSG00000021298	Gpr132	protein_coding	36	no ortholog in the table
ENSMUSG00000054598	9130230L23Rik	lncRNA	36	no ortholog in the table
ENSMUSG00000047090	Tmem198b	protein_coding	36	no ortholog in the table
ENSMUSG00000008682	Rpl10	protein_coding	36	no ortholog in the table
ENSMUSG00000014633	Cmc2	protein_coding	36	no ortholog in the table
ENSMUSG00000069049	Eif2s3y	protein_coding	36	no ortholog in the table
ENSMUSG00000069206	Zfp874a	protein_coding	36	no ortholog in the table
ENSMUSG00000034587	8430429K09Rik	lncRNA	36	no ortholog in the table
ENSMUSG00000024124	Prss30	protein_coding	36	no ortholog in the table
ENSMUSG00000063522	Ly6m	protein_coding	36	no ortholog in the table
ENSMUSG00000031146	Plp2	protein_coding	35	no ortholog in the table
ENSMUSG00000063193	Cd300lb	protein_coding	35	no ortholog in the table
ENSMUSG00000095325	Zfp870	protein_coding	35	no ortholog in the table
ENSMUSG00000036136	Fam110c	protein_coding	35	no ortholog in the table
ENSMUSG00000073125	Xlr3b	protein_coding	35	no ortholog in the table
ENSMUSG00000095028	Sirpb1b	protein_coding	35	no ortholog in the table
ENSMUSG00000097101	1810034E14Rik	lncRNA	35	no ortholog in the table
ENSMUSG00000074264	Amy1	protein_coding	35	no ortholog in the table
ENSMUSG00000043833	2900005J15Rik	lncRNA	35	no ortholog in the table
ENSMUSG00000003198	Zfp959	protein_coding	35	no ortholog in the table
ENSMUSG00000075420	Erln	protein_coding	35	no ortholog in the table
ENSMUSG00000028958	Tmub1	protein_coding	35	no ortholog in the table
ENSMUSG00000057143	Trim12c	protein_coding	35	no ortholog in the table
ENSMUSG00000057359	Gm17494	lncRNA	35	no ortholog in the table
ENSMUSG00000025955	Akr1cl	protein_coding	35	no ortholog in the table
ENSMUSG00000052180	Serpinb6c	protein_coding	35	no ortholog in the table
ENSMUSG00000037613	Tnfrsf23	protein_coding	35	no ortholog in the table
ENSMUSG00000089857	Zfp882	protein_coding	35	no ortholog in the table
ENSMUSG00000079685	Ulbp1	protein_coding	35	no ortholog in the table
ENSMUSG00000040795	Iqcc	protein_coding	35	no ortholog in the table
ENSMUSG00000075269	Bex6	protein_coding	35	no ortholog in the table
ENSMUSG00000029836	Cbx3	protein_coding	35	no ortholog in the table
ENSMUSG00000075225	Ccdc162	protein_coding	35	no ortholog in the table
ENSMUSG00000028637	Ccdc30	protein_coding	35	no ortholog in the table
ENSMUSG00000047228	A2ml1	protein_coding	35	no ortholog in the table
ENSMUSG00000063281	Zfp35	protein_coding	35	no ortholog in the table
ENSMUSG00000054648	Zfp869	protein_coding	35	no ortholog in the table
ENSMUSG00000071379	Hpcal1	protein_coding	35	no ortholog in the table
ENSMUSG00000063047	Zfp780b	protein_coding	35	no ortholog in the table
ENSMUSG00000048040	Arxes2	protein_coding	34	no ortholog in the table
ENSMUSG00000062148	Ear6	protein_coding	34	no ortholog in the table
ENSMUSG00000028264	Spaca1	protein_coding	34	ortholog(s) exist but none is in the other vocabulary
ENSMUSG00000053390	Zfp952	protein_coding	34	no ortholog in the table
ENSMUSG00000107722	2900060B14Rik	lncRNA	34	no ortholog in the table
ENSMUSG00000000791	Il12rb1	protein_coding	34	no ortholog in the table
ENSMUSG00000051041	Olfml1	protein_coding	34	no ortholog in the table
ENSMUSG00000021208	Ifi27l2b	protein_coding	34	no ortholog in the table
ENSMUSG00000040987	Mill2	protein_coding	34	no ortholog in the table
ENSMUSG00000067750	Khdc1a	protein_coding	34	no ortholog in the table
ENSMUSG00000026616	Cr2	protein_coding	34	no ortholog in the table
ENSMUSG00000030446	Zfp273	protein_coding	34	no ortholog in the table
ENSMUSG00000040498	Igsf23	protein_coding	34	no ortholog in the table
ENSMUSG00000014542	Clec4f	protein_coding	34	no ortholog in the table
ENSMUSG00000044041	Krt13	protein_coding	34	no ortholog in the table
ENSMUSG00000026535	Ifi202b	protein_coding	34	no ortholog in the table
ENSMUSG00000000732	Icosl	protein_coding	34	no ortholog in the table
ENSMUSG00000058192	Zfp846	protein_coding	34	no ortholog in the table
ENSMUSG00000085882	2610507I01Rik	lncRNA	34	no ortholog in the table
ENSMUSG00000060301	2610008E11Rik	protein_coding	34	no ortholog in the table
ENSMUSG00000060183	Cxcl11	protein_coding	34	no ortholog in the table
ENSMUSG00000032978	Guca2b	protein_coding	34	no ortholog in the table
ENSMUSG00000010362	Rdm1	protein_coding	34	no ortholog in the table
ENSMUSG00000087177	E130307A14Rik	lncRNA	34	no ortholog in the table
ENSMUSG00000022420	Dnal4	protein_coding	34	no ortholog in the table
ENSMUSG00000055240	Zfp101	protein_coding	34	no ortholog in the table
ENSMUSG00000024386	Proc	protein_coding	34	no ortholog in the table
ENSMUSG00000097145	9230114K14Rik	lncRNA	34	no ortholog in the table
ENSMUSG00000032758	Kap	protein_coding	34	no ortholog in the table
ENSMUSG00000055202	Zfp811	protein_coding	34	no ortholog in the table
ENSMUSG00000062794	Zfp599	protein_coding	34	no ortholog in the table
ENSMUSG00000085241	Snhg3	lncRNA	34	no ortholog in the table
ENSMUSG00000086798	Gm16222	lncRNA	33	no ortholog in the table
ENSMUSG00000022519	Srl	protein_coding	33	no ortholog in the table
ENSMUSG00000054951	9130008F23Rik	protein_coding	33	no ortholog in the table
ENSMUSG00000002617	Zfp40	protein_coding	33	no ortholog in the table
ENSMUSG00000027520	Zdbf2	protein_coding	33	no ortholog in the table
ENSMUSG00000097318	1700007L15Rik	lncRNA	33	no ortholog in the table
ENSMUSG00000079434	Neu2	protein_coding	33	ortholog(s) exist but none is in the other vocabulary
ENSMUSG00000032425	Zfp949	protein_coding	33	no ortholog in the table
ENSMUSG00000021953	Tdh	protein_coding	33	no ortholog in the table
ENSMUSG00000052415	Tchh	protein_coding	33	no ortholog in the table
ENSMUSG00000097164	Cep83os	lncRNA	33	no ortholog in the table
ENSMUSG00000066829	Zfp810	protein_coding	33	no ortholog in the table
ENSMUSG00000074221	Zfp568	protein_coding	33	no ortholog in the table
ENSMUSG00000089901	Gm8113	protein_coding	33	no ortholog in the table
ENSMUSG00000091475	Cerox1	lncRNA	33	no ortholog in the table
ENSMUSG00000049489	Ccnq	protein_coding	33	no ortholog in the table
ENSMUSG00000071724	Smpd5	protein_coding	33	no ortholog in the table
ENSMUSG00000074166	AW146154	protein_coding	33	no ortholog in the table
ENSMUSG00000085492	Trmt61b	lncRNA	33	no ortholog in the table
ENSMUSG00000084790	Gm15879	lncRNA	33	no ortholog in the table
ENSMUSG00000033961	Zfp446	protein_coding	33	no ortholog in the table
ENSMUSG00000061615	H2ac4	protein_coding	33	no ortholog in the table
ENSMUSG00000097729	2310015A10Rik	lncRNA	33	no ortholog in the table
ENSMUSG00000067925	Rtl8a	protein_coding	33	no ortholog in the table
ENSMUSG00000041679	Fbxl9	protein_coding	33	no ortholog in the table
ENSMUSG00000021057	Akap5	protein_coding	33	no ortholog in the table
ENSMUSG00000094942	Gm3604	protein_coding	33	no ortholog in the table
ENSMUSG00000078713	Tomm5	protein_coding	33	no ortholog in the table
ENSMUSG00000062198	2700097O09Rik	protein_coding	32	no ortholog in the table
ENSMUSG00000025762	Larp1b	protein_coding	32	no ortholog in the table
ENSMUSG00000001622	Csn3	protein_coding	32	no ortholog in the table
ENSMUSG00000074782	4833422C13Rik	lncRNA	32	no ortholog in the table
ENSMUSG00000066000	Zfp979	protein_coding	32	no ortholog in the table
ENSMUSG00000045838	Ccdc9b	protein_coding	32	no ortholog in the table
ENSMUSG00000074829	2010315B03Rik	protein_coding	32	no ortholog in the table
ENSMUSG00000079435	Rpl36a	protein_coding	32	no ortholog in the table
ENSMUSG00000079414	Gm11110	lncRNA	32	no ortholog in the table
ENSMUSG00000097195	Snhg5	lncRNA	32	no ortholog in the table
ENSMUSG00000101603	Mir503hg	lncRNA	32	no ortholog in the table
ENSMUSG00000022534	Mefv	protein_coding	32	no ortholog in the table
ENSMUSG00000034450	Gulo	protein_coding	32	no ortholog in the table
ENSMUSG00000070868	Skint3	protein_coding	32	no ortholog in the table
ENSMUSG00000097990	Gm19557	lncRNA	32	no ortholog in the table
ENSMUSG00000069309	H2ac22	protein_coding	32	no ortholog in the table
ENSMUSG00000059277	R74862	lncRNA	32	no ortholog in the table
ENSMUSG00000076613	Ighg2b	IG_C_gene	32	no ortholog in the table
ENSMUSG00000068606	Gm4841	protein_coding	32	no ortholog in the table
ENSMUSG00000054672	Scart2	protein_coding	32	no ortholog in the table
ENSMUSG00000037509	Arhgef4	protein_coding	32	no ortholog in the table
ENSMUSG00000022671	Mzt2	protein_coding	32	no ortholog in the table
ENSMUSG00000122203	D730005E14Rik	lncRNA	32	no ortholog in the table
ENSMUSG00000078546	Zfp995	protein_coding	32	no ortholog in the table
ENSMUSG00000028706	Nsun4	protein_coding	32	no ortholog in the table
ENSMUSG00000053783	Liat1	protein_coding	32	no ortholog in the table
ENSMUSG00000104213	Ighd	IG_C_gene	32	no ortholog in the table
ENSMUSG00000031748	Gnao1	protein_coding	32	no ortholog in the table
ENSMUSG00000062931	Zfp938	protein_coding	31	no ortholog in the table
ENSMUSG00000041453	Rpl21	protein_coding	31	no ortholog in the table
ENSMUSG00000078247	Airn	lncRNA	31	no ortholog in the table
ENSMUSG00000062040	Zfp27	protein_coding	31	no ortholog in the table
ENSMUSG00000009210	Prr29	protein_coding	31	no ortholog in the table
ENSMUSG00000022639	Dubr	lncRNA	31	no ortholog in the table
ENSMUSG00000053985	Zfp14	protein_coding	31	no ortholog in the table
ENSMUSG00000109305	Smim38	protein_coding	31	ortholog(s) exist but none is in the other vocabulary
ENSMUSG00000055305	Zfp93	protein_coding	31	no ortholog in the table
ENSMUSG00000052794	1700030K09Rik	protein_coding	31	no ortholog in the table
ENSMUSG00000024738	Pga5	protein_coding	31	no ortholog in the table
ENSMUSG00000075511	1700001L05Rik	lncRNA	31	no ortholog in the table
ENSMUSG00000097585	E230029C05Rik	lncRNA	31	no ortholog in the table
ENSMUSG00000048852	Gm12185	protein_coding	31	no ortholog in the table
ENSMUSG00000048905	Bnip5	protein_coding	31	no ortholog in the table
ENSMUSG00000052477	Sp140l2	protein_coding	31	no ortholog in the table
ENSMUSG00000049128	Ivl	protein_coding	31	no ortholog in the table
ENSMUSG00000039329	Tex19.1	protein_coding	31	no ortholog in the table
ENSMUSG00000016758	Bik	protein_coding	31	no ortholog in the table
ENSMUSG00000057835	Zfp119a	protein_coding	31	no ortholog in the table
ENSMUSG00000057842	Zfp595	protein_coding	31	no ortholog in the table
ENSMUSG00000058093	Zfp729b	protein_coding	31	no ortholog in the table
ENSMUSG00000027713	1810062G17Rik	protein_coding	31	no ortholog in the table
ENSMUSG00000029605	Oas1b	protein_coding	31	no ortholog in the table
ENSMUSG00000031458	Coprs	protein_coding	31	no ortholog in the table
ENSMUSG00000069273	H3c6	protein_coding	31	no ortholog in the table
ENSMUSG00000051341	Zfp52	protein_coding	31	no ortholog in the table
ENSMUSG00000029260	Ugt2b34	protein_coding	31	no ortholog in the table
ENSMUSG00000029299	Abcg3	protein_coding	31	no ortholog in the table
ENSMUSG00000061544	Zfp229	protein_coding	31	no ortholog in the table
ENSMUSG00000050930	Map10	protein_coding	31	no ortholog in the table
ENSMUSG00000050855	Zfp940	protein_coding	31	no ortholog in the table
ENSMUSG00000031952	Chst5	protein_coding	31	no ortholog in the table
ENSMUSG00000070526	Peg12	protein_coding	31	no ortholog in the table
ENSMUSG00000058331	Zfp85	protein_coding	30	no ortholog in the table
ENSMUSG00000051034	Zfp11	protein_coding	30	no ortholog in the table
ENSMUSG00000062382	Ftl1-ps1	protein_coding	30	no ortholog in the table
ENSMUSG00000044043	Pcdhb14	protein_coding	30	no ortholog in the table
ENSMUSG00000010529	Gm266	protein_coding	30	no ortholog in the table
ENSMUSG00000030726	Pold3	protein_coding	30	no ortholog in the table
ENSMUSG00000069300	H2bc11	protein_coding	30	no ortholog in the table
ENSMUSG00000069208	Zfp825	protein_coding	30	no ortholog in the table
ENSMUSG00000056978	Hamp2	protein_coding	30	no ortholog in the table
ENSMUSG00000023914	Mep1a	protein_coding	30	no ortholog in the table
ENSMUSG00000056629	Fkbp2	protein_coding	30	no ortholog in the table
ENSMUSG00000036938	Try5	protein_coding	30	no ortholog in the table
ENSMUSG00000076752	Trgc2	TR_C_gene	30	no ortholog in the table
ENSMUSG00000026301	Iqca1	protein_coding	30	ortholog(s) exist but none is in the other vocabulary
ENSMUSG00000095026	Gm3336	protein_coding	30	no ortholog in the table
ENSMUSG00000023036	Pcdhgc4	protein_coding	30	ortholog(s) exist but none is in the other vocabulary
ENSMUSG00000058900	Rsl1	protein_coding	30	no ortholog in the table
ENSMUSG00000059142	Zfp945	protein_coding	30	no ortholog in the table
ENSMUSG00000018570	2810408A11Rik	protein_coding	30	no ortholog in the table
ENSMUSG00000111080	Gm20300	lncRNA	30	no ortholog in the table
ENSMUSG00000070031	Sp140	protein_coding	30	no ortholog in the table
ENSMUSG00000121107	9330133O14Rik	lncRNA	30	no ortholog in the table
ENSMUSG00000030469	Zfp719	protein_coding	30	no ortholog in the table
ENSMUSG00000055850	Rnf181	protein_coding	30	no ortholog in the table
ENSMUSG00000041995	Zbed3	protein_coding	30	no ortholog in the table
ENSMUSG00000040189	Odad1	protein_coding	30	no ortholog in the table
ENSMUSG00000100417	Gm28578	lncRNA	30	no ortholog in the table
ENSMUSG00000055313	Pgbd1	protein_coding	30	no ortholog in the table
ENSMUSG00000040511	Pvr	protein_coding	30	no ortholog in the table
ENSMUSG00000042097	Zfp239	protein_coding	30	no ortholog in the table
ENSMUSG00000060981	H4c8	protein_coding	30	no ortholog in the table
ENSMUSG00000000159	Igsf5	protein_coding	30	no ortholog in the table
ENSMUSG00000047182	Irs3	protein_coding	30	no ortholog in the table
ENSMUSG00000067424	Zfp563	protein_coding	30	no ortholog in the table
ENSMUSG00000097039	Pvt1	lncRNA	30	no ortholog in the table
ENSMUSG00000040364	Sec1	protein_coding	30	no ortholog in the table
ENSMUSG00000060424	Pantr1	lncRNA	30	no ortholog in the table
ENSMUSG00000085156	Snhg15	lncRNA	30	no ortholog in the table
ENSMUSG00000068855	H2ac20	protein_coding	30	no ortholog in the table
ENSMUSG00000078435	AU041133	protein_coding	30	no ortholog in the table
MGI:1338008	Gdap10	lncRNA	30	no Ensembl id (MGI/HGNC accession): not in the ortholog table
ENSMUSG00000062421	Arf2	protein_coding	29	no ortholog in the table
ENSMUSG00000029375	Cxcl15	protein_coding	29	no ortholog in the table
ENSMUSG00000074578	Zfas1	lncRNA	29	no ortholog in the table
ENSMUSG00000067297	Ifit1bl2	protein_coding	29	no ortholog in the table
ENSMUSG00000096995	2810029C07Rik	lncRNA	29	no ortholog in the table
ENSMUSG00000098176	Ccdc166	protein_coding	29	no ortholog in the table
ENSMUSG00000034771	Tle2	protein_coding	29	no ortholog in the table
ENSMUSG00000053819	Camk2d	protein_coding	29	no ortholog in the table
ENSMUSG00000021514	Zfp369	protein_coding	29	no ortholog in the table
ENSMUSG00000034639	Setmar	protein_coding	29	no ortholog in the table
ENSMUSG00000032479	Map4	protein_coding	29	no ortholog in the table
ENSMUSG00000053332	Gas5	lncRNA	29	no ortholog in the table
ENSMUSG00000053338	Tarm1	protein_coding	29	no ortholog in the table
ENSMUSG00000097915	A330009N23Rik	lncRNA	29	no ortholog in the table
ENSMUSG00000013766	Ly6g6e	protein_coding	29	no ortholog in the table
ENSMUSG00000053297	AI854703	protein_coding	29	ortholog(s) exist but none is in the other vocabulary
ENSMUSG00000031351	Zfp185	protein_coding	29	no ortholog in the table
ENSMUSG00000091144	Phf11c	protein_coding	29	no ortholog in the table
ENSMUSG00000025202	Scd3	protein_coding	29	no ortholog in the table
ENSMUSG00000028457	Atp8b5	protein_coding	29	no ortholog in the table
ENSMUSG00000030365	Clec2i	protein_coding	29	no ortholog in the table
ENSMUSG00000052914	Cyp2j6	protein_coding	29	no ortholog in the table
ENSMUSG00000079022	Col22a1	protein_coding	29	no ortholog in the table
ENSMUSG00000031245	Hmgn5	protein_coding	29	no ortholog in the table
ENSMUSG00000078700	D030028A08Rik	lncRNA	29	no ortholog in the table
ENSMUSG00000074183	Gsta1	protein_coding	29	no ortholog in the table
ENSMUSG00000030486	Zfp108	protein_coding	29	no ortholog in the table
ENSMUSG00000033972	Zfp944	protein_coding	29	no ortholog in the table
ENSMUSG00000092203	1110038B12Rik	lncRNA	29	no ortholog in the table
ENSMUSG00000032680	6820408C15Rik	protein_coding	29	no ortholog in the table
ENSMUSG00000021706	Zfyve16	protein_coding	29	no ortholog in the table
ENSMUSG00000104835	Gm5547	lncRNA	29	no ortholog in the table
ENSMUSG00000035486	Plk5	protein_coding	29	no ortholog in the table
ENSMUSG00000025467	Prap1	protein_coding	29	no ortholog in the table
ENSMUSG00000069184	Zfp72	protein_coding	29	no ortholog in the table
ENSMUSG00000005983	1700037C18Rik	protein_coding	29	ortholog(s) exist but none is in the other vocabulary
ENSMUSG00000072944	Nup62cl	protein_coding	29	no ortholog in the table
ENSMUSG00000041623	Mtnap1	protein_coding	29	no ortholog in the table
ENSMUSG00000057409	Zfp53	protein_coding	29	no ortholog in the table
ENSMUSG00000074635	3110070M22Rik	lncRNA	29	no ortholog in the table
ENSMUSG00000039670	Oxld1	protein_coding	29	no ortholog in the table
ENSMUSG00000051124	Gimap9	protein_coding	29	no ortholog in the table
ENSMUSG00000026803	Ttf1	protein_coding	29	no ortholog in the table
ENSMUSG00000092600	Gm20442	lncRNA	29	no ortholog in the table
ENSMUSG00000039196	Orm1	protein_coding	29	no ortholog in the table
ENSMUSG00000039568	Ubald1	protein_coding	29	ortholog(s) exist but none is in the other vocabulary
ENSMUSG00000063018	2010204K13Rik	lncRNA	29	no ortholog in the table
ENSMUSG00000057982	Zfp809	protein_coding	29	no ortholog in the table
ENSMUSG00000062545	Tlr12	protein_coding	29	no ortholog in the table
MGI:2441779	A130040M12Rik	lncRNA	29	no Ensembl id (MGI/HGNC accession): not in the ortholog table
ENSMUSG00000036214	Polr1has	protein_coding	29	no ortholog in the table
ENSMUSG00000078444	Gm10941	lncRNA	28	no ortholog in the table
ENSMUSG00000102752	Gm7694	protein_coding	28	no ortholog in the table
ENSMUSG00000031089	Slc6a14	protein_coding	28	no ortholog in the table
ENSMUSG00000117869	Snhg4	lncRNA	28	no ortholog in the table
ENSMUSG00000033688	Inhca	protein_coding	28	no ortholog in the table
ENSMUSG00000097333	Zfp87	protein_coding	28	no ortholog in the table
ENSMUSG00000086862	Gm13546	lncRNA	28	no ortholog in the table
ENSMUSG00000066258	Trim12a	protein_coding	28	no ortholog in the table
ENSMUSG00000097767	Miat	lncRNA	28	no ortholog in the table
ENSMUSG00000097828	6430562O15Rik	lncRNA	28	no ortholog in the table
ENSMUSG00000056025	Clca3a1	protein_coding	28	no ortholog in the table
ENSMUSG00000118671	Eppk1	protein_coding	28	no ortholog in the table
ENSMUSG00000032572	Col6a4	protein_coding	28	no ortholog in the table
ENSMUSG00000055978	Fut2	protein_coding	28	no ortholog in the table
ENSMUSG00000078945	Naip2	protein_coding	28	no ortholog in the table
ENSMUSG00000028495	Rps6	protein_coding	28	no ortholog in the table
ENSMUSG00000042647	Acad12	protein_coding	28	no ortholog in the table
ENSMUSG00000096965	3300005D01Rik	lncRNA	28	no ortholog in the table
ENSMUSG00000032346	Ooep	protein_coding	28	no ortholog in the table
ENSMUSG00000024863	Mbl2	protein_coding	28	ortholog(s) exist but none is in the other vocabulary
ENSMUSG00000060510	Zfp266	protein_coding	28	no ortholog in the table
ENSMUSG00000021327	Zkscan3	protein_coding	28	no ortholog in the table
ENSMUSG00000067577	A430093F15Rik	lncRNA	28	no ortholog in the table
ENSMUSG00000067878	Map7d3	protein_coding	28	no ortholog in the table
ENSMUSG00000108095	Gm44067	lncRNA	28	no ortholog in the table
ENSMUSG00000012405	Rpl15	protein_coding	28	no ortholog in the table
ENSMUSG00000049409	Prokr1	protein_coding	28	no ortholog in the table
ENSMUSG00000023156	Rpp14	protein_coding	28	ortholog(s) exist but none is in the other vocabulary
ENSMUSG00000006720	Zfp184	protein_coding	28	no ortholog in the table
ENSMUSG00000050035	Fhl4	protein_coding	28	no ortholog in the table
ENSMUSG00000051502	Ufsp1	protein_coding	28	no ortholog in the table
ENSMUSG00000050276	Mrgprg	protein_coding	28	ortholog(s) exist but none is in the other vocabulary
ENSMUSG00000078190	Dnm3os	lncRNA	28	no ortholog in the table
MGI:1915324	A930013F10Rik	lncRNA	28	no Ensembl id (MGI/HGNC accession): not in the ortholog table
ENSMUSG00000085184	4933439K11Rik	lncRNA	28	no ortholog in the table
ENSMUSG00000085148	Mir22hg	lncRNA	28	no ortholog in the table
ENSMUSG00000040405	Havcr1	protein_coding	27	no ortholog in the table
ENSMUSG00000040528	Milr1	protein_coding	27	no ortholog in the table
ENSMUSG00000019732	Calr3	protein_coding	27	ortholog(s) exist but none is in the other vocabulary
ENSMUSG00000050623	Catsperz	protein_coding	27	no ortholog in the table
ENSMUSG00000094796	Tcstv4	protein_coding	27	no ortholog in the table
ENSMUSG00000040749	Siah1b	protein_coding	27	no ortholog in the table
ENSMUSG00000074445	Sprr2a3	protein_coding	27	no ortholog in the table
ENSMUSG00000054293	P2ry10b	protein_coding	27	no ortholog in the table
ENSMUSG00000050747	Trim15	protein_coding	27	no ortholog in the table
ENSMUSG00000028001	Fga	protein_coding	27	no ortholog in the table
ENSMUSG00000058638	Zfp110	protein_coding	27	no ortholog in the table
ENSMUSG00000028186	Uox	protein_coding	27	no ortholog in the table
ENSMUSG00000092183	4930515G01Rik	lncRNA	27	no ortholog in the table
ENSMUSG00000028251	Tstd3	protein_coding	27	no ortholog in the table
ENSMUSG00000038572	Bpifb5	protein_coding	27	no ortholog in the table
ENSMUSG00000018907	Alox12e	protein_coding	27	no ortholog in the table
ENSMUSG00000096719	Mrgpra2b	protein_coding	27	no ortholog in the table
ENSMUSG00000031554	Adam5	protein_coding	27	no ortholog in the table
ENSMUSG00000009628	Tex15	protein_coding	27	no ortholog in the table
ENSMUSG00000083012	Fam220a	protein_coding	27	no ortholog in the table
ENSMUSG00000021520	Uqcrb	protein_coding	27	no ortholog in the table
ENSMUSG00000072972	Adam4	protein_coding	27	no ortholog in the table
ENSMUSG00000035394	Cfap53	protein_coding	27	no ortholog in the table
ENSMUSG00000029882	Prss3b	protein_coding	27	no ortholog in the table
ENSMUSG00000052563	D930048N14Rik	lncRNA	27	no ortholog in the table
ENSMUSG00000045031	Cetn4	protein_coding	27	no ortholog in the table
ENSMUSG00000079852	Klra4	protein_coding	27	no ortholog in the table
ENSMUSG00000098702	1500015A07Rik	lncRNA	27	no ortholog in the table
ENSMUSG00000034303	Ccdc15	protein_coding	27	no ortholog in the table
ENSMUSG00000002329	Mdp1	protein_coding	27	no ortholog in the table
ENSMUSG00000066361	Serpina3c	protein_coding	27	no ortholog in the table
ENSMUSG00000056130	Ticam2	protein_coding	27	no ortholog in the table
ENSMUSG00000013643	Lypd8	protein_coding	27	no ortholog in the table
ENSMUSG00000097616	1110019D14Rik	lncRNA	27	no ortholog in the table
ENSMUSG00000071454	Dtnb	protein_coding	27	no ortholog in the table
ENSMUSG00000033765	Calm4	protein_coding	27	no ortholog in the table
ENSMUSG00000071291	Zfp58	protein_coding	27	no ortholog in the table
ENSMUSG00000025433	Crisp3	protein_coding	27	no ortholog in the table
ENSMUSG00000056014	A430033K04Rik	protein_coding	27	no ortholog in the table
ENSMUSG00000052760	A630001G21Rik	protein_coding	27	no ortholog in the table
ENSMUSG00000086712	Mexis	lncRNA	27	no ortholog in the table
ENSMUSG00000063383	Zfp947	protein_coding	27	no ortholog in the table
ENSMUSG00000079491	H2-T10	protein_coding	27	no ortholog in the table
ENSMUSG00000032726	Bmp8a	protein_coding	27	no ortholog in the table
ENSMUSG00000106943	Dancr	lncRNA	27	no ortholog in the table
MGI:3780864	Cbln1os	lncRNA	27	no Ensembl id (MGI/HGNC accession): not in the ortholog table
ENSMUSG00000060461	Dppa5a	protein_coding	26	ortholog(s) exist but none is in the other vocabulary
ENSMUSG00000047592	Nxpe5	protein_coding	26	no ortholog in the table
ENSMUSG00000020312	Shc2	protein_coding	26	no ortholog in the table
ENSMUSG00000056145	AI504432	lncRNA	26	no ortholog in the table
ENSMUSG00000056436	Cyct	protein_coding	26	no ortholog in the table
ENSMUSG00000074165	Zfp788	protein_coding	26	no ortholog in the table
ENSMUSG00000074158	Zfp976	protein_coding	26	no ortholog in the table
ENSMUSG00000029658	Wdr95	protein_coding	26	no ortholog in the table
ENSMUSG00000035834	Polr3g	protein_coding	26	no ortholog in the table
ENSMUSG00000035804	Ins1	protein_coding	26	no ortholog in the table
ENSMUSG00000058402	Zfp420	protein_coding	26	no ortholog in the table
ENSMUSG00000087305	A430035B10Rik	lncRNA	26	no ortholog in the table
ENSMUSG00000024639	Gnaq	protein_coding	26	no ortholog in the table
ENSMUSG00000043740	Trem6l	protein_coding	26	no ortholog in the table
ENSMUSG00000044814	Or55b3	protein_coding	26	no ortholog in the table
ENSMUSG00000087344	Gm15627	lncRNA	26	no ortholog in the table
ENSMUSG00000074677	Sirpb1c	protein_coding	26	no ortholog in the table
ENSMUSG00000022008	Gpalpp1	protein_coding	26	no ortholog in the table
ENSMUSG00000047222	Rnase2a	protein_coding	26	no ortholog in the table
ENSMUSG00000038791	Scgb3a2	protein_coding	26	no ortholog in the table
ENSMUSG00000021510	Zfp729a	protein_coding	26	no ortholog in the table
ENSMUSG00000101972	H3c11	protein_coding	26	no ortholog in the table
ENSMUSG00000073888	Ccl27a	protein_coding	26	no ortholog in the table
ENSMUSG00000071203	Naip5	protein_coding	26	no ortholog in the table
ENSMUSG00000048031	Fcrl5	protein_coding	26	no ortholog in the table
ENSMUSG00000078995	Zfp456	protein_coding	26	no ortholog in the table
ENSMUSG00000097589	Dleu2	lncRNA	26	no ortholog in the table
ENSMUSG00000101655	2310040G24Rik	lncRNA	26	no ortholog in the table
ENSMUSG00000037145	Lypd8l	protein_coding	26	no ortholog in the table
ENSMUSG00000020083	Fam241b	protein_coding	26	no ortholog in the table
ENSMUSG00000031286	Glt28d2	protein_coding	26	no ortholog in the table
ENSMUSG00000074912	Gm14207	lncRNA	26	no ortholog in the table
ENSMUSG00000033470	Cysltr2	protein_coding	26	no ortholog in the table
ENSMUSG00000042308	Setd1a	protein_coding	26	no ortholog in the table
ENSMUSG00000067430	Zfp763	protein_coding	26	no ortholog in the table
ENSMUSG00000096977	Gm10827	lncRNA	26	no ortholog in the table
ENSMUSG00000030641	Ddias	protein_coding	26	no ortholog in the table
ENSMUSG00000095432	Zfp748	protein_coding	26	no ortholog in the table
ENSMUSG00000050345	4930486L24Rik	protein_coding	26	no ortholog in the table
ENSMUSG00000051257	Trap1a	protein_coding	25	no ortholog in the table
ENSMUSG00000086841	2410006H16Rik	lncRNA	25	no ortholog in the table
ENSMUSG00000073448	Gm10509	protein_coding	25	no ortholog in the table
ENSMUSG00000009927	Rps25	protein_coding	25	no ortholog in the table
ENSMUSG00000009995	Tafazzin	protein_coding	25	ortholog(s) exist but none is in the other vocabulary
ENSMUSG00000018727	Cpsf4l	protein_coding	25	no ortholog in the table
ENSMUSG00000069310	H3c3	protein_coding	25	no ortholog in the table
ENSMUSG00000091694	Apol11b	protein_coding	25	no ortholog in the table
ENSMUSG00000020010	Vnn3	protein_coding	25	no ortholog in the table
MGI:1100876	Tbrg3	lncRNA	25	no Ensembl id (MGI/HGNC accession): not in the ortholog table
ENSMUSG00000067931	Zfp948	protein_coding	25	no ortholog in the table
ENSMUSG00000057396	Zfp759	protein_coding	25	no ortholog in the table
ENSMUSG00000033576	Apol6	protein_coding	25	no ortholog in the table
ENSMUSG00000097636	Mirt1	lncRNA	25	no ortholog in the table
ENSMUSG00000096916	Zfp850	protein_coding	25	no ortholog in the table
ENSMUSG00000097743	Gm16973	lncRNA	25	no ortholog in the table
ENSMUSG00000023873	1700010I14Rik	protein_coding	25	no ortholog in the table
ENSMUSG00000025484	Bet1l	protein_coding	25	no ortholog in the table
ENSMUSG00000030364	Clec2h	protein_coding	25	no ortholog in the table
ENSMUSG00000046203	Sprr2g	protein_coding	25	no ortholog in the table
ENSMUSG00000110949	Nudt8	protein_coding	25	no ortholog in the table
ENSMUSG00000055150	Zfp78	protein_coding	25	no ortholog in the table
ENSMUSG00000090553	Snrpe	protein_coding	25	no ortholog in the table
ENSMUSG00000090641	Zfp712	protein_coding	25	no ortholog in the table
ENSMUSG00000111709	Gsta13	protein_coding	25	no ortholog in the table
ENSMUSG00000074862	BC025920	protein_coding	25	no ortholog in the table
ENSMUSG00000074867	Zfp808	protein_coding	25	no ortholog in the table
ENSMUSG00000074882	Cyp2c68	protein_coding	25	no ortholog in the table
ENSMUSG00000076434	Wfdc3	protein_coding	25	no ortholog in the table
ENSMUSG00000047363	Cstad	protein_coding	25	no ortholog in the table
ENSMUSG00000112980	D430020J02Rik	lncRNA	25	no ortholog in the table
ENSMUSG00000090236	Car15	protein_coding	25	no ortholog in the table
ENSMUSG00000030321	Efcab12	protein_coding	25	no ortholog in the table
ENSMUSG00000019920	Lims1	protein_coding	25	ortholog(s) exist but none is in the other vocabulary
ENSMUSG00000028262	Clca3a2	protein_coding	25	no ortholog in the table
ENSMUSG00000084960	B430010I23Rik	lncRNA	25	no ortholog in the table
ENSMUSG00000085399	Foxd2os	lncRNA	25	no ortholog in the table
ENSMUSG00000069727	Zfp975	protein_coding	25	no ortholog in the table
ENSMUSG00000069743	Zfp820	protein_coding	25	no ortholog in the table
ENSMUSG00000041084	Ostc	protein_coding	25	no ortholog in the table
ENSMUSG00000020491	2810021J22Rik	protein_coding	25	no ortholog in the table
ENSMUSG00000097451	Rian	lncRNA	25	no ortholog in the table
ENSMUSG00000024273	2700062C07Rik	protein_coding	25	ortholog(s) exist but none is in the other vocabulary
ENSMUSG00000008129	Brme1	protein_coding	25	no ortholog in the table
ENSMUSG00000118661	Muc6	protein_coding	25	no ortholog in the table
ENSMUSG00000020814	Mxra7	protein_coding	25	no ortholog in the table
ENSMUSG00000043881	Kbtbd7	protein_coding	25	no ortholog in the table
ENSMUSG00000039364	Sectm1b	protein_coding	25	no ortholog in the table
ENSMUSG00000027913	Crct1	protein_coding	25	no ortholog in the table
ENSMUSG00000065952	Rps23rg1	protein_coding	25	no ortholog in the table
ENSMUSG00000020420	Zfp607a	protein_coding	25	no ortholog in the table
ENSMUSG00000067928	Zfp760	protein_coding	25	no ortholog in the table
ENSMUSG00000053654	Krt42	protein_coding	25	no ortholog in the table
ENSMUSG00000055660	Mettl4	protein_coding	25	no ortholog in the table
ENSMUSG00000105298	Cldn25	protein_coding	25	no ortholog in the table
ENSMUSG00000052125	F730043M19Rik	lncRNA	25	no ortholog in the table
ENSMUSG00000109827	Gm6213	lncRNA	25	no ortholog in the table
ENSMUSG00000020562	Efcab10	protein_coding	25	no ortholog in the table
ENSMUSG00000054423	Cadps	protein_coding	25	no ortholog in the table
ENSMUSG00000070687	Htr1d	protein_coding	24	no ortholog in the table
ENSMUSG00000089824	Rbm12	protein_coding	24	no ortholog in the table
ENSMUSG00000091337	Eid1	protein_coding	24	no ortholog in the table
ENSMUSG00000056293	Gsdmc2	protein_coding	24	no ortholog in the table
ENSMUSG00000002396	Ocel1	protein_coding	24	no ortholog in the table
ENSMUSG00000039985	Sinhcaf	protein_coding	24	no ortholog in the table
ENSMUSG00000047150	Cimip3	protein_coding	24	no ortholog in the table
ENSMUSG00000025887	Casp12	protein_coding	24	no ortholog in the table
ENSMUSG00000068086	Cyp2d9	protein_coding	24	no ortholog in the table
ENSMUSG00000038077	Kcna6	protein_coding	24	ortholog(s) exist but none is in the other vocabulary
ENSMUSG00000099583	H3c4	protein_coding	24	no ortholog in the table
ENSMUSG00000057246	Tsbp1	protein_coding	24	no ortholog in the table
ENSMUSG00000114279	H2bc14	protein_coding	24	no ortholog in the table
ENSMUSG00000113769	5033406O09Rik	lncRNA	24	no ortholog in the table
ENSMUSG00000060336	Zfp937	protein_coding	24	no ortholog in the table
ENSMUSG00000055003	Lrtm2	protein_coding	24	ortholog(s) exist but none is in the other vocabulary
ENSMUSG00000072591	Fzd10os	lncRNA	24	no ortholog in the table
ENSMUSG00000072647	Adam1a	protein_coding	24	no ortholog in the table
ENSMUSG00000086938	4930481A15Rik	lncRNA	24	no ortholog in the table
ENSMUSG00000042759	Apobr	protein_coding	24	no ortholog in the table
ENSMUSG00000084808	9430091E24Rik	lncRNA	24	no ortholog in the table
ENSMUSG00000087396	Dxz4	lncRNA	24	no ortholog in the table
ENSMUSG00000012640	Zfp715	protein_coding	24	no ortholog in the table
ENSMUSG00000064220	H2ac18	protein_coding	24	no ortholog in the table
ENSMUSG00000037007	Zfp113	protein_coding	24	no ortholog in the table
ENSMUSG00000085936	2610307P16Rik	lncRNA	24	no ortholog in the table
ENSMUSG00000076612	Ighg2c	IG_C_gene	24	no ortholog in the table
ENSMUSG00000070504	Fcrl6	protein_coding	24	no ortholog in the table
ENSMUSG00000068758	Il3ra	protein_coding	24	no ortholog in the table
ENSMUSG00000117698	BC037704	lncRNA	24	no ortholog in the table
ENSMUSG00000068854	H2bc21	protein_coding	24	no ortholog in the table
ENSMUSG00000049401	Ogfr	protein_coding	24	no ortholog in the table
ENSMUSG00000029253	Cenpc1	protein_coding	24	no ortholog in the table
ENSMUSG00000043773	1700048O20Rik	lncRNA	24	no ortholog in the table
ENSMUSG00000032959	Pebp1	protein_coding	24	no ortholog in the table
ENSMUSG00000071267	Zfp942	protein_coding	24	no ortholog in the table
ENSMUSG00000069265	H3c1	protein_coding	24	no ortholog in the table
ENSMUSG00000044854	1700056E22Rik	protein_coding	24	no ortholog in the table
ENSMUSG00000056687	Gm11696	lncRNA	24	no ortholog in the table
ENSMUSG00000034538	Zfp418	protein_coding	24	no ortholog in the table
MGI:95937	H2-Q8	protein_coding	24	no Ensembl id (MGI/HGNC accession): not in the ortholog table
ENSMUSG00000095385	D630033O11Rik	lncRNA	24	no ortholog in the table
ENSMUSG00000078776	Fcgbpl1	protein_coding	23	no ortholog in the table
ENSMUSG00000109644	0610005C13Rik	lncRNA	23	no ortholog in the table
ENSMUSG00000096351	Samd11	protein_coding	23	no ortholog in the table
ENSMUSG00000054514	Atad3aos	lncRNA	23	no ortholog in the table
ENSMUSG00000036555	Iqce	protein_coding	23	no ortholog in the table
ENSMUSG00000081984	Dnajb3	protein_coding	23	no ortholog in the table
ENSMUSG00000006200	Rhox6	protein_coding	23	no ortholog in the table
ENSMUSG00000097378	B230208H11Rik	lncRNA	23	no ortholog in the table
ENSMUSG00000072893	4933439C10Rik	lncRNA	23	no ortholog in the table
ENSMUSG00000022582	Ly6g	protein_coding	23	no ortholog in the table
ENSMUSG00000024298	Zfp871	protein_coding	23	no ortholog in the table
ENSMUSG00000021207	Akr1c21	protein_coding	23	no ortholog in the table
ENSMUSG00000047757	Fancb	protein_coding	23	no ortholog in the table
ENSMUSG00000058883	Zfp708	protein_coding	23	no ortholog in the table
ENSMUSG00000031358	Msl3	protein_coding	23	no ortholog in the table
ENSMUSG00000025650	Col7a1	protein_coding	23	no ortholog in the table
ENSMUSG00000054945	Gm9958	lncRNA	23	no ortholog in the table
ENSMUSG00000030359	Pzp	protein_coding	23	no ortholog in the table
ENSMUSG00000075122	Cd80	protein_coding	23	no ortholog in the table
ENSMUSG00000037070	Rbmxl1	protein_coding	23	no ortholog in the table
ENSMUSG00000045509	Gpr150	protein_coding	23	no ortholog in the table
ENSMUSG00000094733	Csta3	protein_coding	23	no ortholog in the table
ENSMUSG00000035638	Muc20	protein_coding	23	no ortholog in the table
ENSMUSG00000068959	Zfp619	protein_coding	23	no ortholog in the table
ENSMUSG00000052446	Zfp961	protein_coding	23	no ortholog in the table
ENSMUSG00000033777	Tlr13	protein_coding	23	no ortholog in the table
ENSMUSG00000089998	Phtf1os	lncRNA	23	no ortholog in the table
ENSMUSG00000087516	Tbx3os1	lncRNA	23	no ortholog in the table
ENSMUSG00000068130	Zfp442	protein_coding	23	no ortholog in the table
ENSMUSG00000095730	Vmn2r29	protein_coding	23	no ortholog in the table
ENSMUSG00000015942	Gtf2ird2	protein_coding	23	no ortholog in the table
ENSMUSG00000062778	Chia1	protein_coding	23	no ortholog in the table
ENSMUSG00000086290	Snhg12	lncRNA	23	no ortholog in the table
ENSMUSG00000070822	Zscan18	protein_coding	23	no ortholog in the table
ENSMUSG00000042063	Zfp386	protein_coding	23	no ortholog in the table
ENSMUSG00000106847	Peg13	lncRNA	23	no ortholog in the table
ENSMUSG00000024292	Cyp4f14	protein_coding	23	no ortholog in the table
ENSMUSG00000096981	Gm16845	lncRNA	23	no ortholog in the table
ENSMUSG00000105096	Gbp10	protein_coding	23	no ortholog in the table
ENSMUSG00000053182	Cd200l1	protein_coding	23	no ortholog in the table
ENSMUSG00000063535	Zfp773	protein_coding	23	no ortholog in the table
ENSMUSG00000045464	2810002D19Rik	lncRNA	23	no ortholog in the table
ENSMUSG00000074274	D930028M14Rik	lncRNA	23	no ortholog in the table
ENSMUSG00000040197	Cd209e	protein_coding	23	no ortholog in the table
ENSMUSG00000085287	4833418N02Rik	lncRNA	23	no ortholog in the table
MGI:96021	Hbb-b1	protein_coding	23	no Ensembl id (MGI/HGNC accession): not in the ortholog table
MGI:1924842	4931406H21Rik	lncRNA	22	no Ensembl id (MGI/HGNC accession): not in the ortholog table
ENSMUSG00000046826	Fam187b	protein_coding	22	no ortholog in the table
ENSMUSG00000089844	Sp140l1	protein_coding	22	no ortholog in the table
ENSMUSG00000075302	Erich2	protein_coding	22	no ortholog in the table
ENSMUSG00000045657	Pcdhb10	protein_coding	22	no ortholog in the table
ENSMUSG00000029878	Dbpht2	lncRNA	22	no ortholog in the table
ENSMUSG00000050538	B230217C12Rik	protein_coding	22	no ortholog in the table
ENSMUSG00000044501	Zfp758	protein_coding	22	no ortholog in the table
ENSMUSG00000097093	C330013E15Rik	lncRNA	22	no ortholog in the table
ENSMUSG00000053117	E330013P04Rik	lncRNA	22	no ortholog in the table
ENSMUSG00000106874	Gm20186	lncRNA	22	no ortholog in the table
ENSMUSG00000031448	Adprhl1	protein_coding	22	no ortholog in the table
ENSMUSG00000086212	Mkln1os	lncRNA	22	no ortholog in the table
ENSMUSG00000059423	Zfp933	protein_coding	22	no ortholog in the table
ENSMUSG00000075217	Fads2b	protein_coding	22	no ortholog in the table
ENSMUSG00000022783	Spag6l	protein_coding	22	no ortholog in the table
ENSMUSG00000044320	1700001O22Rik	protein_coding	22	no ortholog in the table
ENSMUSG00000056429	Tgoln1	protein_coding	22	no ortholog in the table
ENSMUSG00000055560	Zfp459	protein_coding	22	no ortholog in the table
ENSMUSG00000050635	Sprr2f	protein_coding	22	no ortholog in the table
ENSMUSG00000031179	Magea9	protein_coding	22	no ortholog in the table
ENSMUSG00000035509	Fbxl21	protein_coding	22	no ortholog in the table
ENSMUSG00000029924	Slc37a3	protein_coding	22	no ortholog in the table
ENSMUSG00000079173	Zan	protein_coding	22	no ortholog in the table
ENSMUSG00000094786	Gm14403	protein_coding	22	no ortholog in the table
ENSMUSG00000042015	Wdr41	protein_coding	22	no ortholog in the table
ENSMUSG00000022971	Ifnar2	protein_coding	22	no ortholog in the table
ENSMUSG00000046804	Phgr1	protein_coding	22	no ortholog in the table
ENSMUSG00000097503	3110045C21Rik	lncRNA	22	no ortholog in the table
ENSMUSG00000144219	Azin1	protein_coding	22	no ortholog in the table
ENSMUSG00000073650	Catip	protein_coding	22	no ortholog in the table
ENSMUSG00000028591	Pramel13	protein_coding	22	no ortholog in the table
ENSMUSG00000062028	Irgc	protein_coding	22	ortholog(s) exist but none is in the other vocabulary
ENSMUSG00000002266	Zim1	protein_coding	22	no ortholog in the table
ENSMUSG00000110344	Smim36	protein_coding	22	no ortholog in the table
ENSMUSG00000074569	Gcnt7	protein_coding	22	no ortholog in the table
ENSMUSG00000096910	Zfp955b	protein_coding	22	no ortholog in the table
ENSMUSG00000099681	1700052K11Rik	lncRNA	22	no ortholog in the table
ENSMUSG00000044820	AY074887	protein_coding	22	no ortholog in the table
ENSMUSG00000081058	H3c15	protein_coding	22	no ortholog in the table
ENSMUSG00000042814	Mcts2	protein_coding	22	no ortholog in the table
ENSMUSG00000036138	Acaa1a	protein_coding	22	no ortholog in the table
ENSMUSG00000042845	Wfdc12	protein_coding	22	no ortholog in the table
ENSMUSG00000043458	Pcdhb12	protein_coding	22	no ortholog in the table
ENSMUSG00000087211	Lhx1os	lncRNA	22	no ortholog in the table
ENSMUSG00000036733	Rbm42	protein_coding	22	ortholog(s) exist but none is in the other vocabulary
ENSMUSG00000061607	Mdc1	protein_coding	22	no ortholog in the table
ENSMUSG00000019933	Mrln	protein_coding	22	no ortholog in the table
ENSMUSG00000100632	9430060I03Rik	lncRNA	22	no ortholog in the table
ENSMUSG00000048897	Zfp710	protein_coding	22	no ortholog in the table
ENSMUSG00000085385	Snhg17	lncRNA	22	no ortholog in the table
ENSMUSG00000071281	Zfp65	protein_coding	22	no ortholog in the table
ENSMUSG00000092517	Art2a	protein_coding	22	no ortholog in the table
ENSMUSG00000064125	Prr36	protein_coding	22	no ortholog in the table
ENSMUSG00000021414	Fam217a	protein_coding	22	no ortholog in the table
ENSMUSG00000060678	H4c3	protein_coding	22	no ortholog in the table
ENSMUSG00000048497	Mmgt2	protein_coding	22	no ortholog in the table
ENSMUSG00000063108	Zfp26	protein_coding	21	no ortholog in the table
ENSMUSG00000037640	Zfp60	protein_coding	21	no ortholog in the table
ENSMUSG00000056656	Apol8	protein_coding	21	no ortholog in the table
ENSMUSG00000086629	2810403D21Rik	lncRNA	21	no ortholog in the table
ENSMUSG00000029409	U90926	protein_coding	21	no ortholog in the table
ENSMUSG00000071181	3830408C21Rik	lncRNA	21	no ortholog in the table
ENSMUSG00000026124	Cfc1	protein_coding	21	no ortholog in the table
ENSMUSG00000085779	Atcayos	lncRNA	21	no ortholog in the table
ENSMUSG00000038523	1700003F12Rik	protein_coding	21	no ortholog in the table
ENSMUSG00000097785	B230217O12Rik	lncRNA	21	no ortholog in the table
ENSMUSG00000047603	Zfp235	protein_coding	21	no ortholog in the table
ENSMUSG00000097392	Thoc2l	protein_coding	21	no ortholog in the table
ENSMUSG00000041144	Dnah7b	protein_coding	21	no ortholog in the table
ENSMUSG00000074623	Gm826	protein_coding	21	no ortholog in the table
ENSMUSG00000031365	Zfp275	protein_coding	21	no ortholog in the table
ENSMUSG00000025272	Tro	protein_coding	21	no ortholog in the table
ENSMUSG00000051978	Erich1	protein_coding	21	no ortholog in the table
ENSMUSG00000085887	Arhgap27os3	lncRNA	21	no ortholog in the table
ENSMUSG00000021470	Ercc6l2	protein_coding	21	no ortholog in the table
ENSMUSG00000060314	Zfp941	protein_coding	21	no ortholog in the table
ENSMUSG00000062743	Zfp677	protein_coding	21	no ortholog in the table
ENSMUSG00000085457	1110046J04Rik	lncRNA	21	no ortholog in the table
ENSMUSG00000024871	Doc2g	protein_coding	21	no ortholog in the table
ENSMUSG00000034764	1700006J14Rik	lncRNA	21	no ortholog in the table
ENSMUSG00000097536	2610037D02Rik	lncRNA	21	no ortholog in the table
ENSMUSG00000021598	Med10	protein_coding	21	no ortholog in the table
ENSMUSG00000091575	2010016I18Rik	lncRNA	21	no ortholog in the table
ENSMUSG00000023861	Mpc1	protein_coding	21	no ortholog in the table
ENSMUSG00000078861	Zfp931	protein_coding	21	no ortholog in the table
ENSMUSG00000063767	S100a7a	protein_coding	21	no ortholog in the table
ENSMUSG00000087075	Lbhd2	protein_coding	21	no ortholog in the table
ENSMUSG00000013653	1810065E05Rik	protein_coding	21	no ortholog in the table
ENSMUSG00000101693	Gm19461	lncRNA	21	no ortholog in the table
ENSMUSG00000042549	Map2k3os	lncRNA	21	no ortholog in the table
ENSMUSG00000031174	Rpgr	protein_coding	21	no ortholog in the table
ENSMUSG00000118672	Muc4	protein_coding	21	no ortholog in the table
ENSMUSG00000044405	Adig	protein_coding	21	ortholog(s) exist but none is in the other vocabulary
ENSMUSG00000089875	Etohd2	lncRNA	21	no ortholog in the table
ENSMUSG00000049811	Fam161a	protein_coding	21	no ortholog in the table
ENSMUSG00000091183	Gm5141	protein_coding	21	no ortholog in the table
ENSMUSG00000048012	Zfp473	protein_coding	21	no ortholog in the table
ENSMUSG00000070315	4930581F22Rik	lncRNA	21	no ortholog in the table
ENSMUSG00000056019	Zfp709	protein_coding	21	no ortholog in the table
ENSMUSG00000089726	Mir17hg	lncRNA	21	no ortholog in the table
ENSMUSG00000029797	Sspo	protein_coding	21	no ortholog in the table
ENSMUSG00000027445	Cst9	protein_coding	21	no ortholog in the table
MGI:1924678	9430083A17Rik	lncRNA	21	no Ensembl id (MGI/HGNC accession): not in the ortholog table
ENSMUSG00000063021	H2ac15	protein_coding	21	no ortholog in the table
ENSMUSG00000095217	H2bc15	protein_coding	21	no ortholog in the table
ENSMUSG00000055523	Gucy2g	protein_coding	21	no ortholog in the table
ENSMUSG00000069301	H2ac11	protein_coding	21	no ortholog in the table
MGI:3644417	Gm5086	lncRNA	20	no Ensembl id (MGI/HGNC accession): not in the ortholog table
ENSMUSG00000090101	Snhg9	lncRNA	20	no ortholog in the table
ENSMUSG00000048280	Zfp738	protein_coding	20	no ortholog in the table
ENSMUSG00000107877	4933427D14Rik	protein_coding	20	no ortholog in the table
ENSMUSG00000095253	Zfp799	protein_coding	20	no ortholog in the table
ENSMUSG00000100164	2610306M01Rik	lncRNA	20	no ortholog in the table
ENSMUSG00000099696	2900052N01Rik	lncRNA	20	no ortholog in the table
ENSMUSG00000104585	4921511C10Rik	lncRNA	20	no ortholog in the table
ENSMUSG00000049526	Tmem202	protein_coding	20	no ortholog in the table
ENSMUSG00000100876	2810454H06Rik	lncRNA	20	no ortholog in the table
ENSMUSG00000078640	Gm11627	lncRNA	20	no ortholog in the table
ENSMUSG00000066224	Arid3c	protein_coding	20	ortholog(s) exist but none is in the other vocabulary
ENSMUSG00000117042	2700054A10Rik	lncRNA	20	no ortholog in the table
ENSMUSG00000000157	Itgb2l	protein_coding	20	no ortholog in the table
ENSMUSG00000083695	Rnf138rt1	protein_coding	20	no ortholog in the table
ENSMUSG00000083649	Rasl2-9	protein_coding	20	no ortholog in the table
ENSMUSG00000058385	H2bc8	protein_coding	20	no ortholog in the table
ENSMUSG00000124905	Gm19897	lncRNA	20	no ortholog in the table
ENSMUSG00000031410	Nxf7	protein_coding	20	ortholog(s) exist but none is in the other vocabulary
ENSMUSG00000085715	Tsix	lncRNA	20	no ortholog in the table
ENSMUSG00000070637	Srarp	protein_coding	20	no ortholog in the table
ENSMUSG00000097296	Gm26532	lncRNA	20	no ortholog in the table
ENSMUSG00000085786	Gm15987	lncRNA	20	no ortholog in the table
ENSMUSG00000085741	5430405H02Rik	lncRNA	20	no ortholog in the table
ENSMUSG00000050677	Ccdc96	protein_coding	20	no ortholog in the table
ENSMUSG00000040828	Catsperd	protein_coding	20	no ortholog in the table
ENSMUSG00000094441	Zfp955a	protein_coding	20	no ortholog in the table
ENSMUSG00000090330	9130221H12Rik	lncRNA	20	no ortholog in the table
ENSMUSG00000039545	Flicr	lncRNA	20	no ortholog in the table
ENSMUSG00000068048	Rhox9	protein_coding	20	no ortholog in the table
ENSMUSG00000113361	B930059L03Rik	lncRNA	20	no ortholog in the table
ENSMUSG00000070705	Eid2b	protein_coding	20	no ortholog in the table
ENSMUSG00000047562	Mmp10	protein_coding	20	no ortholog in the table
ENSMUSG00000074519	Zfp971	protein_coding	20	no ortholog in the table
ENSMUSG00000085829	Gm4285	lncRNA	20	no ortholog in the table
ENSMUSG00000042788	Cimip2b	protein_coding	20	no ortholog in the table
ENSMUSG00000101013	A630072M18Rik	lncRNA	20	no ortholog in the table
ENSMUSG00000062328	Rpl17	protein_coding	20	no ortholog in the table
ENSMUSG00000074643	Cpne1	protein_coding	20	no ortholog in the table
ENSMUSG00000047215	Rpl9	protein_coding	20	no ortholog in the table
ENSMUSG00000012609	Ttll5	protein_coding	20	no ortholog in the table
ENSMUSG00000090659	Zfp493	protein_coding	20	no ortholog in the table
ENSMUSG00000049751	Rpl36al	protein_coding	20	no ortholog in the table
ENSMUSG00000039097	Rln1	protein_coding	20	no ortholog in the table
ENSMUSG00000042564	Fam227a	protein_coding	20	no ortholog in the table
ENSMUSG00000055480	Zfp458	protein_coding	20	no ortholog in the table
ENSMUSG00000028197	Col24a1	protein_coding	20	no ortholog in the table
ENSMUSG00000022074	Tnfrsf10b	protein_coding	20	no ortholog in the table
ENSMUSG00000098134	Rnf113a2	protein_coding	20	no ortholog in the table
ENSMUSG00000060923	Acyp2	protein_coding	20	no ortholog in the table
ENSMUSG00000073408	Mucl3	protein_coding	20	no ortholog in the table
ENSMUSG00000087213	2810408I11Rik	lncRNA	20	no ortholog in the table
ENSMUSG00000031079	Zfp300	protein_coding	20	no ortholog in the table
ENSMUSG00000086429	Gt(ROSA)26Sor	lncRNA	20	no ortholog in the table
ENSMUSG00000121339	Mfsd4b3-ps	lncRNA	20	no ortholog in the table
ENSMUSG00000026919	Lcn4	protein_coding	20	no ortholog in the table
ENSMUSG00000014554	Dguok	protein_coding	20	ortholog(s) exist but none is in the other vocabulary
ENSMUSG00000018986	Slfn3	protein_coding	20	no ortholog in the table
ENSMUSG00000074865	Zfp934	protein_coding	20	no ortholog in the table
ENSMUSG00000087060	Eldr	lncRNA	20	no ortholog in the table
ENSMUSG00000087022	9130024F11Rik	lncRNA	20	no ortholog in the table
ENSMUSG00000028327	Stra6l	protein_coding	20	no ortholog in the table
ENSMUSG00000001672	Marveld3	protein_coding	20	no ortholog in the table
ENSMUSG00000079038	Zfp781a	protein_coding	20	no ortholog in the table
ENSMUSG00000025469	Msx3	protein_coding	20	no ortholog in the table
ENSMUSG00000046259	Sprr2h	protein_coding	20	no ortholog in the table
ENSMUSG00000051182	Or52ac1	protein_coding	20	no ortholog in the table
ENSMUSG00000120335	A630066F11Rik	lncRNA	20	no ortholog in the table
ENSMUSG00000110673	Gm45833	lncRNA	20	no ortholog in the table
ENSMUSG00000026700	Tnfsf4	protein_coding	20	no ortholog in the table
ENSMUSG00000140879	Gm26710	lncRNA	20	no ortholog in the table
ENSMUSG00000115946	Mirt2	lncRNA	20	no ortholog in the table
ENSMUSG00000085112	Parail	lncRNA	20	no ortholog in the table
MGI:2447819	2610524H06Rik	protein_coding	20	no Ensembl id (MGI/HGNC accession): not in the ortholog table
ENSMUSG00000027446	Cstdc2	protein_coding	20	no ortholog in the table
ENSMUSG00000095362	Gm14325	protein_coding	20	no ortholog in the table
ENSMUSG00000100182	1810006J02Rik	lncRNA	19	no ortholog in the table
ENSMUSG00000050463	Krt78	protein_coding	19	no ortholog in the table
ENSMUSG00000085084	4930570G19Rik	lncRNA	19	no ortholog in the table
ENSMUSG00000041789	2700046A07Rik	lncRNA	19	no ortholog in the table
ENSMUSG00000020496	Rnf187	protein_coding	19	no ortholog in the table
ENSMUSG00000061769	Klra6	protein_coding	19	no ortholog in the table
ENSMUSG00000030651	Art2b	protein_coding	19	no ortholog in the table
ENSMUSG00000091523	AU040972	lncRNA	19	no ortholog in the table
ENSMUSG00000028715	Cyp4a14	protein_coding	19	no ortholog in the table
ENSMUSG00000086657	Stamos	lncRNA	19	no ortholog in the table
ENSMUSG00000045392	Or5m3b	protein_coding	19	ortholog(s) exist but none is in the other vocabulary
ENSMUSG00000033967	Rnf225	protein_coding	19	ortholog(s) exist but none is in the other vocabulary
ENSMUSG00000038462	Uqcrfs1	protein_coding	19	no ortholog in the table
ENSMUSG00000002384	Bmp8b	protein_coding	19	no ortholog in the table
ENSMUSG00000075330	A930003A15Rik	protein_coding	19	no ortholog in the table
ENSMUSG00000086763	Plxna4os1	lncRNA	19	no ortholog in the table
ENSMUSG00000086968	4933431E20Rik	lncRNA	19	no ortholog in the table
ENSMUSG00000038628	Polr3k	protein_coding	19	no ortholog in the table
ENSMUSG00000097006	9530082P21Rik	lncRNA	19	no ortholog in the table
ENSMUSG00000079451	Tmprss11g	protein_coding	19	no ortholog in the table
ENSMUSG00000055748	Gsdmc4	protein_coding	19	no ortholog in the table
ENSMUSG00000097113	Gm19705	lncRNA	19	no ortholog in the table
ENSMUSG00000086438	Asb17os	lncRNA	19	no ortholog in the table
ENSMUSG00000070985	Acnat1	protein_coding	19	no ortholog in the table
ENSMUSG00000057561	Eif1a	protein_coding	19	no ortholog in the table
ENSMUSG00000097080	1700086O06Rik	lncRNA	19	no ortholog in the table
ENSMUSG00000086191	Zfp652os	lncRNA	19	no ortholog in the table
ENSMUSG00000074006	Omp	protein_coding	19	ortholog(s) exist but none is in the other vocabulary
ENSMUSG00000096356	Or8b40	protein_coding	19	no ortholog in the table
ENSMUSG00000073374	C030034I22Rik	lncRNA	19	no ortholog in the table
ENSMUSG00000026405	C4bp	protein_coding	19	no ortholog in the table
ENSMUSG00000074649	Mmp24os1	protein_coding	19	no ortholog in the table
ENSMUSG00000098234	Snhg6	lncRNA	19	no ortholog in the table
ENSMUSG00000090386	Mir99ahg	lncRNA	19	no ortholog in the table
ENSMUSG00000102009	4933400F21Rik	lncRNA	19	no ortholog in the table
ENSMUSG00000079671	2610203C22Rik	lncRNA	19	no ortholog in the table
ENSMUSG00000087331	1810021B22Rik	lncRNA	19	no ortholog in the table
ENSMUSG00000068732	Tmem167b	protein_coding	19	no ortholog in the table
ENSMUSG00000078866	Zfp970	protein_coding	19	no ortholog in the table
ENSMUSG00000039321	Uts2r	protein_coding	19	no ortholog in the table
ENSMUSG00000086013	Gm15706	lncRNA	19	no ortholog in the table
ENSMUSG00000085912	Trp53cor1	lncRNA	19	no ortholog in the table
ENSMUSG00000076757	Trgc4	TR_C_gene	19	no ortholog in the table
MGI:1917970	6330407A03Rik	lncRNA	19	no Ensembl id (MGI/HGNC accession): not in the ortholog table
ENSMUSG00000034949	Zfr2	protein_coding	19	no ortholog in the table
ENSMUSG00000078161	Erich3	protein_coding	19	no ortholog in the table
ENSMUSG00000078157	Fem1al	protein_coding	19	no ortholog in the table
ENSMUSG00000098905	Zfp953	protein_coding	19	no ortholog in the table
ENSMUSG00000054727	1700013H16Rik	protein_coding	19	no ortholog in the table
ENSMUSG00000109628	BC024386	lncRNA	19	no ortholog in the table
ENSMUSG00000036551	Akap14	protein_coding	19	no ortholog in the table
ENSMUSG00000069814	Ccdc92b	protein_coding	19	ortholog(s) exist but none is in the other vocabulary
ENSMUSG00000027796	Smad9	protein_coding	19	no ortholog in the table
ENSMUSG00000010751	Tnfrsf22	protein_coding	19	no ortholog in the table
ENSMUSG00000054630	Ugt2b5	protein_coding	19	no ortholog in the table
ENSMUSG00000054753	AU018091	protein_coding	19	no ortholog in the table
ENSMUSG00000053347	Zfp943	protein_coding	19	no ortholog in the table
MGI:1913486	1500011B03Rik	protein_coding	19	no Ensembl id (MGI/HGNC accession): not in the ortholog table
ENSMUSG00000090137	Uba52	protein_coding	19	no ortholog in the table
ENSMUSG00000070547	Mrgprb1	protein_coding	19	no ortholog in the table
ENSMUSG00000070529	Wfdc10	protein_coding	19	no ortholog in the table
ENSMUSG00000097350	4732491K20Rik	lncRNA	19	no ortholog in the table
ENSMUSG00000097287	D130017N08Rik	lncRNA	19	no ortholog in the table
ENSMUSG00000097277	2900076A07Rik	lncRNA	19	no ortholog in the table
ENSMUSG00000074415	Mir100hg	lncRNA	19	no ortholog in the table
ENSMUSG00000067704	Wfdc13	protein_coding	19	no ortholog in the table
ENSMUSG00000085282	Gm15663	lncRNA	19	no ortholog in the table
MGI:3782439	Gm4262	lncRNA	19	no Ensembl id (MGI/HGNC accession): not in the ortholog table
ENSMUSG00000072763	Zfp1007	protein_coding	19	no ortholog in the table
ENSMUSG00000074283	Zfp109	protein_coding	19	no ortholog in the table
ENSMUSG00000079104	Prps1l3	protein_coding	19	no ortholog in the table
MGI:5009823	Gm17745	lncRNA	19	no Ensembl id (MGI/HGNC accession): not in the ortholog table
ENSMUSG00000060288	Ppih	protein_coding	19	no ortholog in the table
ENSMUSG00000100147	1700047M11Rik	lncRNA	19	no ortholog in the table
MGI:5580372	Gm29666	protein_coding	18	no Ensembl id (MGI/HGNC accession): not in the ortholog table
ENSMUSG00000103034	Gm8797	protein_coding	18	no ortholog in the table
ENSMUSG00000078495	Zfp984	protein_coding	18	no ortholog in the table
ENSMUSG00000074254	Cyp2a4	protein_coding	18	no ortholog in the table
ENSMUSG00000085382	Gm13861	lncRNA	18	no ortholog in the table
ENSMUSG00000099881	2810013P06Rik	lncRNA	18	no ortholog in the table
ENSMUSG00000062619	Pex39	protein_coding	18	no ortholog in the table
ENSMUSG00000031576	Kcnu1	protein_coding	18	no ortholog in the table
ENSMUSG00000043716	Rpl7	protein_coding	18	no ortholog in the table
ENSMUSG00000101355	H3c10	protein_coding	18	no ortholog in the table
ENSMUSG00000040139	9430038I01Rik	protein_coding	18	no ortholog in the table
ENSMUSG00000031967	Afg3l1	protein_coding	18	no ortholog in the table
ENSMUSG00000116673	A630089N07Rik	protein_coding	18	no ortholog in the table
ENSMUSG00000095071	Tcstv2a	protein_coding	18	no ortholog in the table
ENSMUSG00000055061	4931431C16Rik	lncRNA	18	no ortholog in the table
ENSMUSG00000050621	Rps27rt	protein_coding	18	no ortholog in the table
ENSMUSG00000044172	Ptx4	protein_coding	18	ortholog(s) exist but none is in the other vocabulary
ENSMUSG00000074136	4930513N10Rik	lncRNA	18	no ortholog in the table
ENSMUSG00000027777	Schip1	protein_coding	18	no ortholog in the table
ENSMUSG00000072999	Gm15401	lncRNA	18	no ortholog in the table
ENSMUSG00000085696	Hoxaas3	lncRNA	18	no ortholog in the table
ENSMUSG00000097316	Gm10516	lncRNA	18	no ortholog in the table
MGI:1914018	Pacrgl	protein_coding	18	no Ensembl id (MGI/HGNC accession): not in the ortholog table
ENSMUSG00000058558	Rpl5	protein_coding	18	no ortholog in the table
ENSMUSG00000044522	A730020M07Rik	lncRNA	18	no ortholog in the table
ENSMUSG00000097471	5830432E09Rik	lncRNA	18	no ortholog in the table
ENSMUSG00000080727	C920021L13Rik	lncRNA	18	no ortholog in the table
ENSMUSG00000085972	1110028F11Rik	lncRNA	18	no ortholog in the table
ENSMUSG00000086015	4833417C18Rik	lncRNA	18	no ortholog in the table
ENSMUSG00000078862	Gm14326	protein_coding	18	no ortholog in the table
ENSMUSG00000022753	Tmem30c	protein_coding	18	no ortholog in the table
ENSMUSG00000112627	4933412E12Rik	lncRNA	18	no ortholog in the table
ENSMUSG00000078798	Sult2a1	protein_coding	18	no ortholog in the table
ENSMUSG00000024227	Pdzph1	protein_coding	18	no ortholog in the table
ENSMUSG00000031242	Chmp1b2	protein_coding	18	no ortholog in the table
ENSMUSG00000086213	A330040F15Rik	protein_coding	18	no ortholog in the table
ENSMUSG00000074024	4632427E13Rik	lncRNA	18	no ortholog in the table
ENSMUSG00000068680	Gm10248	lncRNA	18	no ortholog in the table
ENSMUSG00000096433	Zfp994	protein_coding	18	no ortholog in the table
ENSMUSG00000032673	Prorsd1	protein_coding	18	no ortholog in the table
ENSMUSG00000092349	Smim40	protein_coding	18	ortholog(s) exist but none is in the other vocabulary
ENSMUSG00000051029	Serpinb1b	protein_coding	18	no ortholog in the table
ENSMUSG00000070871	Ccnyl1	protein_coding	18	no ortholog in the table
ENSMUSG00000075553	Gm5464	lncRNA	18	no ortholog in the table
ENSMUSG00000051037	Zfp455	protein_coding	18	no ortholog in the table
ENSMUSG00000044937	Ttc41	protein_coding	18	no ortholog in the table
ENSMUSG00000105646	Gm30211	lncRNA	18	no ortholog in the table
ENSMUSG00000106229	Gm19409	lncRNA	18	no ortholog in the table
ENSMUSG00000042459	Bpifa2	protein_coding	18	no ortholog in the table
ENSMUSG00000055780	Usp26	protein_coding	18	no ortholog in the table
ENSMUSG00000086363	A330102I10Rik	lncRNA	18	no ortholog in the table
ENSMUSG00000086390	1810019D21Rik	lncRNA	18	no ortholog in the table
ENSMUSG00000066057	Gm1976	lncRNA	18	no ortholog in the table
ENSMUSG00000037716	Ccdc33	protein_coding	18	no ortholog in the table
ENSMUSG00000092083	Kcnb2	protein_coding	18	no ortholog in the table
ENSMUSG00000097736	9530059O14Rik	lncRNA	18	no ortholog in the table
ENSMUSG00000100617	Zfp658	protein_coding	18	no ortholog in the table
ENSMUSG00000009114	2610028H24Rik	protein_coding	18	no ortholog in the table
ENSMUSG00000046434	Hnrnpa1	protein_coding	18	no ortholog in the table
ENSMUSG00000055827	Gsdmc3	protein_coding	18	no ortholog in the table
ENSMUSG00000071516	H2ac13	protein_coding	18	no ortholog in the table
ENSMUSG00000030591	Psmd8	protein_coding	18	no ortholog in the table
ENSMUSG00000073728	Tmem51os1	lncRNA	18	no ortholog in the table
ENSMUSG00000022914	Brwd1	protein_coding	18	no ortholog in the table
ENSMUSG00000091618	H60c	protein_coding	18	no ortholog in the table
ENSMUSG00000075020	Mir670hg	lncRNA	18	no ortholog in the table
ENSMUSG00000085105	Gm12758	lncRNA	18	no ortholog in the table
MGI:3039621	BC020402	lncRNA	18	no Ensembl id (MGI/HGNC accession): not in the ortholog table
MGI:2444988	A430107P09Rik	lncRNA	18	no Ensembl id (MGI/HGNC accession): not in the ortholog table
ENSMUSG00000031812	Map1lc3b	protein_coding	18	no ortholog in the table
ENSMUSG00000095493	A630023A22Rik	protein_coding	18	no ortholog in the table
MGI:5012384	Gm20199	lncRNA	17	no Ensembl id (MGI/HGNC accession): not in the ortholog table
MGI:3045367	D830031N03Rik	lncRNA	17	no Ensembl id (MGI/HGNC accession): not in the ortholog table
ENSMUSG00000058147	Xlr3c	protein_coding	17	no ortholog in the table
ENSMUSG00000029601	Iqcd	protein_coding	17	ortholog(s) exist but none is in the other vocabulary
ENSMUSG00000031939	Taf1d	protein_coding	17	no ortholog in the table
ENSMUSG00000113985	9130015A21Rik	lncRNA	17	no ortholog in the table
ENSMUSG00000000581	C1d	protein_coding	17	ortholog(s) exist but none is in the other vocabulary
ENSMUSG00000025332	Kdm5c	protein_coding	17	no ortholog in the table
ENSMUSG00000091509	Gm17066	lncRNA	17	no ortholog in the table
ENSMUSG00000033898	Cfhr2	protein_coding	17	no ortholog in the table
ENSMUSG00000025500	Lmntd2	protein_coding	17	no ortholog in the table
ENSMUSG00000056035	Cyp3a11	protein_coding	17	no ortholog in the table
ENSMUSG00000028751	Pla2g2e	protein_coding	17	ortholog(s) exist but none is in the other vocabulary
ENSMUSG00000092021	Gbp11	protein_coding	17	no ortholog in the table
ENSMUSG00000097697	4833412C05Rik	lncRNA	17	no ortholog in the table
ENSMUSG00000071633	Gm4952	protein_coding	17	no ortholog in the table
ENSMUSG00000086610	Gm15408	lncRNA	17	no ortholog in the table
ENSMUSG00000056116	H2-T22	protein_coding	17	no ortholog in the table
ENSMUSG00000032757	Bet1	protein_coding	17	no ortholog in the table
ENSMUSG00000025197	Cyp2c23	protein_coding	17	no ortholog in the table
ENSMUSG00000063895	Nup58	protein_coding	17	no ortholog in the table
ENSMUSG00000051278	Zgrf1	protein_coding	17	no ortholog in the table
ENSMUSG00000046748	Tmem45a2	protein_coding	17	no ortholog in the table
ENSMUSG00000069893	9930111J21Rik1	protein_coding	17	no ortholog in the table
ENSMUSG00000092118	Fancf	protein_coding	17	no ortholog in the table
ENSMUSG00000096546	Smlr1	protein_coding	17	no ortholog in the table
ENSMUSG00000069305	H4c18	protein_coding	17	no ortholog in the table
ENSMUSG00000092416	Zfp141	protein_coding	17	no ortholog in the table
ENSMUSG00000097993	Ptprv	protein_coding	17	no ortholog in the table
ENSMUSG00000086061	Gm13075	lncRNA	17	no ortholog in the table
ENSMUSG00000025165	Sectm1a	protein_coding	17	no ortholog in the table
ENSMUSG00000073209	Klf14	protein_coding	17	ortholog(s) exist but none is in the other vocabulary
ENSMUSG00000044860	Gm1123	protein_coding	17	no ortholog in the table
ENSMUSG00000048731	Ggnbp1	protein_coding	17	no ortholog in the table
ENSMUSG00000021579	Lrrc14b	protein_coding	17	ortholog(s) exist but none is in the other vocabulary
ENSMUSG00000037033	Clca3b	protein_coding	17	no ortholog in the table
ENSMUSG00000090509	Sfta2	protein_coding	17	no ortholog in the table
ENSMUSG00000087361	0610043K17Rik	lncRNA	17	no ortholog in the table
ENSMUSG00000087362	Gm13710	lncRNA	17	no ortholog in the table
ENSMUSG00000053749	Gm9920	lncRNA	17	no ortholog in the table
ENSMUSG00000076615	Ighg3	IG_C_gene	17	no ortholog in the table
ENSMUSG00000054057	A930004D18Rik	lncRNA	17	no ortholog in the table
ENSMUSG00000026275	Ppp1r7	protein_coding	17	no ortholog in the table
ENSMUSG00000097203	4732419C18Rik	lncRNA	17	no ortholog in the table
ENSMUSG00000076433	Cep295nl	protein_coding	17	no ortholog in the table
ENSMUSG00000044703	Phf11a	protein_coding	17	no ortholog in the table
ENSMUSG00000010607	Pigyl	protein_coding	17	no ortholog in the table
ENSMUSG00000044681	Cnpy1	protein_coding	17	no ortholog in the table
ENSMUSG00000066755	Tnfsf18	protein_coding	17	no ortholog in the table
ENSMUSG00000093769	H3c14	protein_coding	17	no ortholog in the table
ENSMUSG00000039462	Col10a1	protein_coding	17	no ortholog in the table
ENSMUSG00000117872	A530088E08Rik	lncRNA	17	no ortholog in the table
ENSMUSG00000067231	Cyp2c65	protein_coding	17	no ortholog in the table
ENSMUSG00000098488	Pla2g4b	protein_coding	17	ortholog(s) exist but none is in the other vocabulary
ENSMUSG00000101995	Gm29480	lncRNA	17	no ortholog in the table
ENSMUSG00000024209	Acsbg3	protein_coding	17	no ortholog in the table
ENSMUSG00000004341	Gpx6	protein_coding	17	ortholog(s) exist but none is in the other vocabulary
ENSMUSG00000056735	A930024E05Rik	lncRNA	17	no ortholog in the table
ENSMUSG00000043162	Pyurf	protein_coding	17	no ortholog in the table
ENSMUSG00000110444	Gm10033	protein_coding	17	no ortholog in the table
ENSMUSG00000085808	Gm14718	lncRNA	17	no ortholog in the table
ENSMUSG00000097365	C030034L19Rik	lncRNA	17	no ortholog in the table
ENSMUSG00000090176	Cd200r2	protein_coding	17	no ortholog in the table
ENSMUSG00000002486	Tchp	protein_coding	17	no ortholog in the table
ENSMUSG00000062638	Btnl1	protein_coding	17	no ortholog in the table
ENSMUSG00000121619	5430437J10Rik	lncRNA	17	no ortholog in the table
ENSMUSG00000084796	Mir142hg	lncRNA	17	no ortholog in the table
ENSMUSG00000027317	Ppp1r14d	protein_coding	17	no ortholog in the table
ENSMUSG00000107121	1110006O24Rik	lncRNA	17	no ortholog in the table
ENSMUSG00000072621	Slfn10	protein_coding	17	no ortholog in the table
ENSMUSG00000060204	Slc10a4-ps	protein_coding	17	no ortholog in the table
ENSMUSG00000044022	Pcdhb21	protein_coding	17	no ortholog in the table
ENSMUSG00000072762	4930522L14Rik	protein_coding	17	no ortholog in the table
ENSMUSG00000095990	Zfp97	protein_coding	17	no ortholog in the table
ENSMUSG00000085614	1700123M08Rik	lncRNA	17	no ortholog in the table
ENSMUSG00000011427	Zfp790	protein_coding	17	no ortholog in the table
ENSMUSG00000029630	Cyp3a25	protein_coding	17	no ortholog in the table
ENSMUSG00000078486	Perm1	protein_coding	17	no ortholog in the table
ENSMUSG00000054385	Ceacam2	protein_coding	17	no ortholog in the table
ENSMUSG00000033467	Crlf2	protein_coding	17	no ortholog in the table
ENSMUSG00000071356	Reg3b	protein_coding	17	no ortholog in the table
ENSMUSG00000085338	2410004I01Rik	lncRNA	16	no ortholog in the table
ENSMUSG00000085081	Rptoros	lncRNA	16	no ortholog in the table
ENSMUSG00000070291	Ddx43	protein_coding	16	no ortholog in the table
ENSMUSG00000047884	Klk9	protein_coding	16	ortholog(s) exist but none is in the other vocabulary
ENSMUSG00000070501	Ifi214	protein_coding	16	no ortholog in the table
ENSMUSG00000055188	Rbm3os	lncRNA	16	no ortholog in the table
ENSMUSG00000107355	AI839979	lncRNA	16	no ortholog in the table
ENSMUSG00000107319	Gm42670	lncRNA	16	no ortholog in the table
ENSMUSG00000082976	Gm15056	protein_coding	16	no ortholog in the table
ENSMUSG00000062456	Rpl9-ps6	protein_coding	16	no ortholog in the table
MGI:1915394	5031426D15Rik	lncRNA	16	no Ensembl id (MGI/HGNC accession): not in the ortholog table
ENSMUSG00000070709	Zfp974	protein_coding	16	no ortholog in the table
ENSMUSG00000106617	Gm36266	lncRNA	16	no ortholog in the table
ENSMUSG00000062391	4932435O22Rik	lncRNA	16	no ortholog in the table
ENSMUSG00000031323	Dmrtc1a	protein_coding	16	no ortholog in the table
ENSMUSG00000025066	Sfr1	protein_coding	16	no ortholog in the table
ENSMUSG00000086283	2810433D01Rik	lncRNA	16	no ortholog in the table
ENSMUSG00000046317	BC107364	lncRNA	16	no ortholog in the table
ENSMUSG00000106820	D5Ertd605e	lncRNA	16	no ortholog in the table
ENSMUSG00000079499	6530402F18Rik	lncRNA	16	no ortholog in the table
ENSMUSG00000086552	Dlx4os	lncRNA	16	no ortholog in the table
ENSMUSG00000097855	A930007I19Rik	lncRNA	16	no ortholog in the table
ENSMUSG00000071266	Zfp946	protein_coding	16	no ortholog in the table
ENSMUSG00000097772	5430416N02Rik	lncRNA	16	no ortholog in the table
ENSMUSG00000053054	Adh6a	protein_coding	16	no ortholog in the table
ENSMUSG00000079342	Lipo1	protein_coding	16	no ortholog in the table
ENSMUSG00000061959	Ces1e	protein_coding	16	no ortholog in the table
ENSMUSG00000045475	Lce3c	protein_coding	16	no ortholog in the table
ENSMUSG00000056032	BC018473	lncRNA	16	no ortholog in the table
ENSMUSG00000136232	4930552P12Rik	lncRNA	16	no ortholog in the table
ENSMUSG00000025573	6030468B19Rik	protein_coding	16	no ortholog in the table
ENSMUSG00000030553	Pgpep1l	protein_coding	16	no ortholog in the table
ENSMUSG00000025616	Usp16	protein_coding	16	ortholog(s) exist but none is in the other vocabulary
ENSMUSG00000044951	Mylk4	protein_coding	16	no ortholog in the table
ENSMUSG00000097537	2610020C07Rik	lncRNA	16	no ortholog in the table
ENSMUSG00000097519	4930558J18Rik	lncRNA	16	no ortholog in the table
ENSMUSG00000024513	Mbd2	protein_coding	16	no ortholog in the table
ENSMUSG00000020872	Tac4	protein_coding	16	no ortholog in the table
ENSMUSG00000025825	Iscu	protein_coding	16	no ortholog in the table
ENSMUSG00000044361	BC024139	protein_coding	16	no ortholog in the table
ENSMUSG00000072974	Gm4787	protein_coding	16	no ortholog in the table
ENSMUSG00000097290	1300002E11Rik	lncRNA	16	no ortholog in the table
ENSMUSG00000097276	4930525G20Rik	lncRNA	16	no ortholog in the table
ENSMUSG00000097403	9230116N13Rik	lncRNA	16	no ortholog in the table
ENSMUSG00000097391	Mirg	lncRNA	16	no ortholog in the table
ENSMUSG00000105402	Gm3716	lncRNA	16	no ortholog in the table
ENSMUSG00000043122	A530016L24Rik	protein_coding	16	no ortholog in the table
ENSMUSG00000101585	1600010M07Rik	lncRNA	16	no ortholog in the table
ENSMUSG00000073063	Hbq1b	protein_coding	16	no ortholog in the table
ENSMUSG00000089996	Tmsb15b2	protein_coding	16	no ortholog in the table
ENSMUSG00000078672	Mup20	protein_coding	16	no ortholog in the table
ENSMUSG00000067702	Tuba3a	protein_coding	16	no ortholog in the table
ENSMUSG00000097021	4933433G15Rik	lncRNA	16	no ortholog in the table
ENSMUSG00000096982	Redrum	lncRNA	16	no ortholog in the table
ENSMUSG00000078502	Zfp268	protein_coding	16	no ortholog in the table
ENSMUSG00000041857	Oosp1	protein_coding	16	no ortholog in the table
ENSMUSG00000050092	Sprr2b	protein_coding	16	no ortholog in the table
ENSMUSG00000090191	9230105E05Rik	lncRNA	16	no ortholog in the table
ENSMUSG00000010601	Apol7a	protein_coding	16	no ortholog in the table
ENSMUSG00000036586	Grifin	protein_coding	16	ortholog(s) exist but none is in the other vocabulary
ENSMUSG00000078193	Rpl35rt	protein_coding	16	no ortholog in the table
ENSMUSG00000063935	Zar1	protein_coding	16	no ortholog in the table
ENSMUSG00000010142	Tnfrsf13b	protein_coding	16	no ortholog in the table
ENSMUSG00000027443	Cst12	protein_coding	16	no ortholog in the table
ENSMUSG00000102785	Gm2447	lncRNA	16	no ortholog in the table
ENSMUSG00000050534	Htr5b	protein_coding	16	no ortholog in the table
ENSMUSG00000116504	I730030J21Rik	lncRNA	16	no ortholog in the table
ENSMUSG00000038209	Itln1	protein_coding	16	no ortholog in the table
ENSMUSG00000007777	Trappc2b	protein_coding	16	no ortholog in the table
ENSMUSG00000024114	Prss41	protein_coding	16	no ortholog in the table
ENSMUSG00000074466	Gm15417	lncRNA	16	no ortholog in the table
ENSMUSG00000094777	H2ac24	protein_coding	16	no ortholog in the table
ENSMUSG00000093803	Ppp2r3d	protein_coding	16	no ortholog in the table
ENSMUSG00000092008	Cyp2c69	protein_coding	16	no ortholog in the table
ENSMUSG00000118084	AA388235	lncRNA	16	no ortholog in the table
ENSMUSG00000093606	B130034C11Rik	lncRNA	16	no ortholog in the table
MGI:2136935	Klra18	protein_coding	16	no Ensembl id (MGI/HGNC accession): not in the ortholog table
ENSMUSG00000085271	E130006D01Rik	lncRNA	16	no ortholog in the table
ENSMUSG00000031736	Crnde	lncRNA	16	no ortholog in the table
ENSMUSG00000020349	Ppp2ca	protein_coding	16	ortholog(s) exist but none is in the other vocabulary
ENSMUSG00000099553	Gm29538	lncRNA	15	no ortholog in the table
ENSMUSG00000084821	Gm15880	lncRNA	15	no ortholog in the table
ENSMUSG00000107689	Gm44386	lncRNA	15	no ortholog in the table
ENSMUSG00000085776	5430402O13Rik	lncRNA	15	no ortholog in the table
ENSMUSG00000085748	Gm12280	lncRNA	15	no ortholog in the table
ENSMUSG00000048747	E130114P18Rik	protein_coding	15	no ortholog in the table
ENSMUSG00000100005	B130024G19Rik	lncRNA	15	no ortholog in the table
ENSMUSG00000074758	Gm5535	lncRNA	15	no ortholog in the table
ENSMUSG00000117406	Ntn3	protein_coding	15	ortholog(s) exist but none is in the other vocabulary
ENSMUSG00000039200	Atf7ip2	protein_coding	15	no ortholog in the table
MGI:2180203	Tmlhe	protein_coding	15	no Ensembl id (MGI/HGNC accession): not in the ortholog table
ENSMUSG00000117994	Gm5820	lncRNA	15	no ortholog in the table
ENSMUSG00000064137	Rhox8	protein_coding	15	no ortholog in the table
ENSMUSG00000050982	Apol10a	protein_coding	15	no ortholog in the table
ENSMUSG00000074403	H3c13	protein_coding	15	no ortholog in the table
ENSMUSG00000103983	Gm20045	lncRNA	15	no ortholog in the table
ENSMUSG00000091764	Zfp964	protein_coding	15	no ortholog in the table
ENSMUSG00000008822	Acyp1	protein_coding	15	no ortholog in the table
ENSMUSG00000040165	Cd209c	protein_coding	15	no ortholog in the table
ENSMUSG00000021997	Lrrc63	protein_coding	15	no ortholog in the table
ENSMUSG00000038064	Cldn22	protein_coding	15	no ortholog in the table
ENSMUSG00000121238	Stk35os1	lncRNA	15	no ortholog in the table
ENSMUSG00000028558	Calr4	protein_coding	15	no ortholog in the table
ENSMUSG00000058174	Gm5148	protein_coding	15	no ortholog in the table
ENSMUSG00000054417	Cyp3a44	protein_coding	15	no ortholog in the table
ENSMUSG00000027442	Cst8	protein_coding	15	ortholog(s) exist but none is in the other vocabulary
ENSMUSG00000037849	Ifi206	protein_coding	15	no ortholog in the table
ENSMUSG00000038057	Dbil5	protein_coding	15	no ortholog in the table
ENSMUSG00000038014	Fam120a	protein_coding	15	no ortholog in the table
ENSMUSG00000027301	Oxt	protein_coding	15	no ortholog in the table
ENSMUSG00000074039	4930520O04Rik	lncRNA	15	no ortholog in the table
ENSMUSG00000068686	Cd59b	protein_coding	15	no ortholog in the table
ENSMUSG00000069308	H2bc22	protein_coding	15	no ortholog in the table
ENSMUSG00000029193	Cckar	protein_coding	15	ortholog(s) exist but none is in the other vocabulary
ENSMUSG00000069274	H4c6	protein_coding	15	no ortholog in the table
ENSMUSG00000096852	Cyp2d12	protein_coding	15	no ortholog in the table
ENSMUSG00000041674	BC006965	lncRNA	15	no ortholog in the table
ENSMUSG00000000248	Clec2g	protein_coding	15	no ortholog in the table
ENSMUSG00000010492	Uckl1os	lncRNA	15	no ortholog in the table
ENSMUSG00000051969	Tlr11	protein_coding	15	no ortholog in the table
ENSMUSG00000060143	Gm10076	lncRNA	15	no ortholog in the table
ENSMUSG00000096986	4930509E16Rik	lncRNA	15	no ortholog in the table
ENSMUSG00000020778	Ten1	protein_coding	15	no ortholog in the table
ENSMUSG00000035875	AI182371	protein_coding	15	no ortholog in the table
ENSMUSG00000073000	Ppp1r36dn	lncRNA	15	no ortholog in the table
ENSMUSG00000035429	Ptprh	protein_coding	15	no ortholog in the table
ENSMUSG00000052295	8030423F21Rik	lncRNA	15	no ortholog in the table
ENSMUSG00000060726	Tmsb15a	protein_coding	15	no ortholog in the table
ENSMUSG00000087475	4933406I18Rik	lncRNA	15	no ortholog in the table
ENSMUSG00000060615	Ang4	protein_coding	15	no ortholog in the table
ENSMUSG00000060743	H3f3a	protein_coding	15	no ortholog in the table
ENSMUSG00000017832	Hspb9	protein_coding	15	no ortholog in the table
ENSMUSG00000024430	Cabyr	protein_coding	15	no ortholog in the table
ENSMUSG00000100826	Snhg14	lncRNA	15	no ortholog in the table
ENSMUSG00000044294	Krt84	protein_coding	15	ortholog(s) exist but none is in the other vocabulary
ENSMUSG00000034384	Barhl2	protein_coding	15	ortholog(s) exist but none is in the other vocabulary
ENSMUSG00000072419	Dppa2	protein_coding	15	no ortholog in the table
ENSMUSG00000097572	Gm26797	lncRNA	15	no ortholog in the table
ENSMUSG00000097557	C130060C02Rik	lncRNA	15	no ortholog in the table
ENSMUSG00000056215	Lrguk	protein_coding	15	no ortholog in the table
ENSMUSG00000013663	Pten	protein_coding	15	no ortholog in the table
ENSMUSG00000087088	Gm16638	lncRNA	15	no ortholog in the table
ENSMUSG00000045330	Magec2	protein_coding	15	no ortholog in the table
ENSMUSG00000110661	Gm31805	lncRNA	15	no ortholog in the table
ENSMUSG00000097908	4933404O12Rik	lncRNA	15	no ortholog in the table
ENSMUSG00000110697	Gm31718	lncRNA	15	no ortholog in the table
ENSMUSG00000097766	5730420D15Rik	lncRNA	15	no ortholog in the table
ENSMUSG00000061906	Ugt2b38	protein_coding	15	no ortholog in the table
ENSMUSG00000100426	Gm4208	lncRNA	15	no ortholog in the table
ENSMUSG00000032985	5730522E02Rik	protein_coding	15	no ortholog in the table
ENSMUSG00000020288	Ahsa2	protein_coding	15	no ortholog in the table
ENSMUSG00000032526	Ss18l2	protein_coding	15	no ortholog in the table
ENSMUSG00000086254	3100003L05Rik	lncRNA	15	no ortholog in the table
ENSMUSG00000086141	9030622O22Rik	lncRNA	15	no ortholog in the table
ENSMUSG00000100680	1810044D09Rik	lncRNA	15	no ortholog in the table
ENSMUSG00000079602	Gata3un	lncRNA	15	no ortholog in the table
ENSMUSG00000098087	Gm17750	lncRNA	15	no ortholog in the table
ENSMUSG00000024694	Keg1	protein_coding	15	no ortholog in the table
ENSMUSG00000099170	5730403I07Rik	lncRNA	15	no ortholog in the table
ENSMUSG00000062478	Ctrc	protein_coding	15	no ortholog in the table
MGI:1918356	4933413J09Rik	lncRNA	15	no Ensembl id (MGI/HGNC accession): not in the ortholog table
MGI:96022	Hbb-b2	protein_coding	15	no Ensembl id (MGI/HGNC accession): not in the ortholog table
MGI:2444034	9530091C08Rik	lncRNA	15	no Ensembl id (MGI/HGNC accession): not in the ortholog table
MGI:1921277	3930402G23Rik	lncRNA	15	no Ensembl id (MGI/HGNC accession): not in the ortholog table
ENSMUSG00000108414	Snhg1	lncRNA	15	no ortholog in the table
ENSMUSG00000085408	C530005A16Rik	lncRNA	15	no ortholog in the table
ENSMUSG00000022518	4930562C15Rik	protein_coding	15	no ortholog in the table
ENSMUSG00000054909	Wbscr25	lncRNA	15	no ortholog in the table
ENSMUSG00000024731	Ms4a10	protein_coding	15	no ortholog in the table
ENSMUSG00000070331	Qrich2	protein_coding	15	no ortholog in the table
ENSMUSG00000022491	Glycam1	protein_coding	15	no ortholog in the table
MGI:3641845	Gm10790	lncRNA	15	no Ensembl id (MGI/HGNC accession): not in the ortholog table
MGI:3642355	Gm10336	lncRNA	14	no Ensembl id (MGI/HGNC accession): not in the ortholog table
MGI:1930932	Klra23	protein_coding	14	no Ensembl id (MGI/HGNC accession): not in the ortholog table
MGI:3705117	Gm15232	lncRNA	14	no Ensembl id (MGI/HGNC accession): not in the ortholog table
ENSMUSG00000085162	Gm12295	lncRNA	14	no ortholog in the table
ENSMUSG00000084910	C630043F03Rik	lncRNA	14	no ortholog in the table
ENSMUSG00000085396	Firre	lncRNA	14	no ortholog in the table
ENSMUSG00000085412	Halr1	lncRNA	14	no ortholog in the table
ENSMUSG00000085438	Oip5os1	lncRNA	14	no ortholog in the table
ENSMUSG00000052736	Klrc2	protein_coding	14	no ortholog in the table
ENSMUSG00000053121	Gm5129	lncRNA	14	no ortholog in the table
ENSMUSG00000031553	Adam3	protein_coding	14	no ortholog in the table
ENSMUSG00000085558	4930412C18Rik	lncRNA	14	no ortholog in the table
ENSMUSG00000052248	Zeb2os	lncRNA	14	no ortholog in the table
MGI:1914826	4930429B21Rik	lncRNA	14	no Ensembl id (MGI/HGNC accession): not in the ortholog table
ENSMUSG00000016481	Cr1l	protein_coding	14	no ortholog in the table
ENSMUSG00000104606	Gm43409	lncRNA	14	no ortholog in the table
ENSMUSG00000086150	Bach2os	lncRNA	14	no ortholog in the table
ENSMUSG00000063320	Uqcc6	protein_coding	14	no ortholog in the table
ENSMUSG00000051486	Pcdhb11	protein_coding	14	no ortholog in the table
ENSMUSG00000067610	Klri1	protein_coding	14	no ortholog in the table
ENSMUSG00000062007	Hsh2d	protein_coding	14	no ortholog in the table
ENSMUSG00000086369	E330017L17Rik	lncRNA	14	no ortholog in the table
ENSMUSG00000086370	Ftx	lncRNA	14	no ortholog in the table
ENSMUSG00000063364	3300002I08Rik	protein_coding	14	no ortholog in the table
ENSMUSG00000061877	BC048679	protein_coding	14	no ortholog in the table
ENSMUSG00000086638	4930405A21Rik	lncRNA	14	no ortholog in the table
ENSMUSG00000086782	E130102H24Rik	lncRNA	14	no ortholog in the table
ENSMUSG00000102869	Norad	lncRNA	14	no ortholog in the table
ENSMUSG00000068877	Selenbp2	protein_coding	14	no ortholog in the table
ENSMUSG00000144291	Dhrsx	protein_coding	14	no ortholog in the table
ENSMUSG00000079162	Trim43b	protein_coding	14	no ortholog in the table
ENSMUSG00000050157	Gm867	protein_coding	14	no ortholog in the table
ENSMUSG00000109394	A230057D06Rik	lncRNA	14	no ortholog in the table
ENSMUSG00000030507	Dbx1	protein_coding	14	ortholog(s) exist but none is in the other vocabulary
ENSMUSG00000102101	Zbtb11os1	lncRNA	14	no ortholog in the table
ENSMUSG00000102548	Gm16701	lncRNA	14	no ortholog in the table
ENSMUSG00000078952	Lncenc1	lncRNA	14	no ortholog in the table
ENSMUSG00000078958	Atp6ap1l	protein_coding	14	no ortholog in the table
ENSMUSG00000087178	A230056P14Rik	lncRNA	14	no ortholog in the table
ENSMUSG00000087252	Gm14379	lncRNA	14	no ortholog in the table
ENSMUSG00000024392	Bag6	protein_coding	14	ortholog(s) exist but none is in the other vocabulary
ENSMUSG00000078787	Cyp2t4	protein_coding	14	no ortholog in the table
ENSMUSG00000078810	Gp6	protein_coding	14	no ortholog in the table
ENSMUSG00000087497	2810001G20Rik	lncRNA	14	no ortholog in the table
ENSMUSG00000087512	Ccdc201	protein_coding	14	no ortholog in the table
ENSMUSG00000087543	Gm16576	lncRNA	14	no ortholog in the table
ENSMUSG00000078706	Gm53	lncRNA	14	no ortholog in the table
ENSMUSG00000078779	Zfp59	protein_coding	14	no ortholog in the table
ENSMUSG00000029847	Slc23a4	protein_coding	14	no ortholog in the table
ENSMUSG00000087658	Hotairm1	lncRNA	14	no ortholog in the table
ENSMUSG00000087684	1200007C13Rik	lncRNA	14	no ortholog in the table
ENSMUSG00000022583	Ly6f	protein_coding	14	no ortholog in the table
ENSMUSG00000124529	AA543186	lncRNA	14	no ortholog in the table
ENSMUSG00000069855	Slc47a2	protein_coding	14	no ortholog in the table
ENSMUSG00000069867	Pabpn1l	protein_coding	14	ortholog(s) exist but none is in the other vocabulary
ENSMUSG00000101225	1700008J07Rik	lncRNA	14	no ortholog in the table
ENSMUSG00000054763	Defb42	protein_coding	14	ortholog(s) exist but none is in the other vocabulary
ENSMUSG00000090336	Cfap97d2	protein_coding	14	no ortholog in the table
ENSMUSG00000100510	Hand2os1	lncRNA	14	no ortholog in the table
ENSMUSG00000048355	Arxes1	protein_coding	14	no ortholog in the table
ENSMUSG00000099825	1810012K16Rik	lncRNA	14	no ortholog in the table
ENSMUSG00000099843	Gm7160	lncRNA	14	no ortholog in the table
ENSMUSG00000070390	Nlrp1b	protein_coding	14	no ortholog in the table
ENSMUSG00000066867	Oas1e	protein_coding	14	no ortholog in the table
ENSMUSG00000066938	Gm10190	lncRNA	14	no ortholog in the table
ENSMUSG00000070520	Nsmce3	protein_coding	14	no ortholog in the table
ENSMUSG00000048013	Krt35	protein_coding	14	ortholog(s) exist but none is in the other vocabulary
ENSMUSG00000018752	Tnfsfm13	protein_coding	14	no ortholog in the table
ENSMUSG00000120444	4930444M15Rik	lncRNA	14	no ortholog in the table
ENSMUSG00000099517	H3c8	protein_coding	14	no ortholog in the table
ENSMUSG00000055312	Them7	protein_coding	14	no ortholog in the table
ENSMUSG00000091705	H2-Q2	protein_coding	14	no ortholog in the table
ENSMUSG00000028602	Tnfrsf8	protein_coding	14	no ortholog in the table
ENSMUSG00000028610	Dmrtb1	protein_coding	14	no ortholog in the table
ENSMUSG00000028575	Eqtn	protein_coding	14	no ortholog in the table
ENSMUSG00000059005	Hnrnpa3	protein_coding	14	no ortholog in the table
ENSMUSG00000070704	Ugt2b36	protein_coding	14	no ortholog in the table
ENSMUSG00000070695	Cntnap5a	protein_coding	14	no ortholog in the table
ENSMUSG00000055341	Zfp457	protein_coding	14	no ortholog in the table
ENSMUSG00000074824	Rslcan18	protein_coding	14	no ortholog in the table
ENSMUSG00000074826	Ramacl	protein_coding	14	no ortholog in the table
ENSMUSG00000091994	E130317F20Rik	lncRNA	14	no ortholog in the table
ENSMUSG00000092225	Gm2381	protein_coding	14	no ortholog in the table
ENSMUSG00000047104	Pbp2	protein_coding	14	no ortholog in the table
ENSMUSG00000028104	Polr3gl	protein_coding	14	no ortholog in the table
ENSMUSG00000074731	Zfp345	protein_coding	14	no ortholog in the table
ENSMUSG00000097934	6720483E21Rik	lncRNA	14	no ortholog in the table
ENSMUSG00000092622	Khdc3	protein_coding	14	no ortholog in the table
ENSMUSG00000093483	AA465934	lncRNA	14	no ortholog in the table
ENSMUSG00000093973	Mrgpra2a	protein_coding	14	no ortholog in the table
ENSMUSG00000046750	Selenov	protein_coding	14	no ortholog in the table
ENSMUSG00000074398	Gm15441	lncRNA	14	no ortholog in the table
ENSMUSG00000040134	Rdh7	protein_coding	14	no ortholog in the table
ENSMUSG00000110633	Gm32122	lncRNA	14	no ortholog in the table
ENSMUSG00000040429	Mterf1a	protein_coding	14	no ortholog in the table
ENSMUSG00000116903	Gm19522	lncRNA	14	no ortholog in the table
ENSMUSG00000045942	Msantd5l	protein_coding	14	no ortholog in the table
ENSMUSG00000110631	Gm42047	lncRNA	14	no ortholog in the table
ENSMUSG00000074178	Gm10638	lncRNA	14	no ortholog in the table
ENSMUSG00000020812	Snhg16	lncRNA	14	no ortholog in the table
ENSMUSG00000045411	2410002F23Rik	protein_coding	14	no ortholog in the table
ENSMUSG00000097746	Gm6225	lncRNA	14	no ortholog in the table
ENSMUSG00000097726	9530036O11Rik	lncRNA	14	no ortholog in the table
ENSMUSG00000026870	Cutal	protein_coding	14	no ortholog in the table
ENSMUSG00000073739	Gm16287	lncRNA	14	no ortholog in the table
ENSMUSG00000097527	1700112J16Rik	lncRNA	14	no ortholog in the table
ENSMUSG00000097577	6230400D17Rik	lncRNA	14	no ortholog in the table
ENSMUSG00000071691	Top6bl	protein_coding	14	no ortholog in the table
ENSMUSG00000020226	Slc5a4b	protein_coding	14	no ortholog in the table
ENSMUSG00000044719	E230025N22Rik	protein_coding	14	no ortholog in the table
ENSMUSG00000097462	9530026P05Rik	lncRNA	14	no ortholog in the table
ENSMUSG00000044176	Spink10	protein_coding	14	no ortholog in the table
ENSMUSG00000042333	Tnfrsf14	protein_coding	14	no ortholog in the table
ENSMUSG00000073413	Ly6g6d	protein_coding	14	ortholog(s) exist but none is in the other vocabulary
ENSMUSG00000097061	9330151L19Rik	lncRNA	14	no ortholog in the table
ENSMUSG00000097121	D130020L05Rik	lncRNA	14	no ortholog in the table
ENSMUSG00000043795	Prr33	protein_coding	14	ortholog(s) exist but none is in the other vocabulary
ENSMUSG00000043987	Cep164	protein_coding	14	no ortholog in the table
ENSMUSG00000026415	Fcamr	protein_coding	14	no ortholog in the table
ENSMUSG00000097129	4930507D05Rik	lncRNA	14	no ortholog in the table
ENSMUSG00000097182	A830009L08Rik	lncRNA	14	no ortholog in the table
ENSMUSG00000057093	Zfp607b	protein_coding	14	no ortholog in the table
ENSMUSG00000113346	Eprn	lncRNA	14	no ortholog in the table
ENSMUSG00000042857	Gm9776	lncRNA	14	no ortholog in the table
ENSMUSG00000006056	Calcoco2	protein_coding	14	no ortholog in the table
ENSMUSG00000053550	Shisa7	protein_coding	14	ortholog(s) exist but none is in the other vocabulary
ENSMUSG00000108551	Gm20274	lncRNA	14	no ortholog in the table
MGI:5009933	Gm17769	lncRNA	13	no Ensembl id (MGI/HGNC accession): not in the ortholog table
ENSMUSG00000108483	Gm45184	lncRNA	13	no ortholog in the table
ENSMUSG00000020940	Efcab15	protein_coding	13	no ortholog in the table
ENSMUSG00000015451	C4a	protein_coding	13	no ortholog in the table
ENSMUSG00000085582	3110099E03Rik	lncRNA	13	no ortholog in the table
MGI:1345188	Spry3	protein_coding	13	no Ensembl id (MGI/HGNC accession): not in the ortholog table
ENSMUSG00000022226	Mcpt2	protein_coding	13	no ortholog in the table
ENSMUSG00000097357	Gm16793	lncRNA	13	no ortholog in the table
ENSMUSG00000097375	6720427I07Rik	lncRNA	13	no ortholog in the table
ENSMUSG00000073010	Gm5127	protein_coding	13	no ortholog in the table
ENSMUSG00000066154	Mup3	protein_coding	13	no ortholog in the table
ENSMUSG00000066319	Rtp3	protein_coding	13	no ortholog in the table
ENSMUSG00000097407	4933408J17Rik	lncRNA	13	no ortholog in the table
ENSMUSG00000112280	A830082N09Rik	lncRNA	13	no ortholog in the table
ENSMUSG00000113035	5830428M24Rik	lncRNA	13	no ortholog in the table
ENSMUSG00000043165	Loricrin	protein_coding	13	no ortholog in the table
ENSMUSG00000066108	Muc5b	protein_coding	13	no ortholog in the table
ENSMUSG00000106219	5830416I19Rik	lncRNA	13	no ortholog in the table
ENSMUSG00000053820	Bcl2a1c	protein_coding	13	no ortholog in the table
ENSMUSG00000085720	Gm7854	lncRNA	13	no ortholog in the table
ENSMUSG00000015247	Nipsnap3b	protein_coding	13	no ortholog in the table
ENSMUSG00000079710	Dynlt2a2	protein_coding	13	no ortholog in the table
ENSMUSG00000021086	Ccdc175	protein_coding	13	no ortholog in the table
ENSMUSG00000097166	9330179D12Rik	lncRNA	13	no ortholog in the table
ENSMUSG00000097191	Mm2pr	lncRNA	13	no ortholog in the table
ENSMUSG00000073177	Gm773	protein_coding	13	no ortholog in the table
ENSMUSG00000073242	Dnmt3aos	lncRNA	13	no ortholog in the table
ENSMUSG00000104399	Gm37963	lncRNA	13	no ortholog in the table
ENSMUSG00000104529	Rbakdn	protein_coding	13	no ortholog in the table
ENSMUSG00000032463	Faim	protein_coding	13	no ortholog in the table
ENSMUSG00000073243	Gm9	protein_coding	13	no ortholog in the table
ENSMUSG00000043644	0610009L18Rik	lncRNA	13	no ortholog in the table
ENSMUSG00000097125	Gm26885	lncRNA	13	no ortholog in the table
ENSMUSG00000068457	Uty	protein_coding	13	no ortholog in the table
ENSMUSG00000051113	Garin5a	protein_coding	13	no ortholog in the table
ENSMUSG00000044081	Zfp85os	lncRNA	13	no ortholog in the table
ENSMUSG00000072625	Gdf2	protein_coding	13	ortholog(s) exist but none is in the other vocabulary
ENSMUSG00000072592	Gm10373	lncRNA	13	no ortholog in the table
ENSMUSG00000096971	4930556M19Rik	lncRNA	13	no ortholog in the table
ENSMUSG00000042212	Sprr2d	protein_coding	13	no ortholog in the table
ENSMUSG00000086446	Prkag2os1	lncRNA	13	no ortholog in the table
ENSMUSG00000096929	A330023F24Rik	lncRNA	13	no ortholog in the table
ENSMUSG00000071716	Apol7e	protein_coding	13	no ortholog in the table
ENSMUSG00000044863	Defb36	protein_coding	13	ortholog(s) exist but none is in the other vocabulary
ENSMUSG00000050612	Txndc2	protein_coding	13	no ortholog in the table
ENSMUSG00000067206	Lrrc66	protein_coding	13	no ortholog in the table
ENSMUSG00000096696	Zfp960	protein_coding	13	no ortholog in the table
ENSMUSG00000097466	D430036J16Rik	lncRNA	13	no ortholog in the table
ENSMUSG00000097534	Gm16675	lncRNA	13	no ortholog in the table
ENSMUSG00000096525	Gm2663	protein_coding	13	no ortholog in the table
ENSMUSG00000144194	4933421O10Rik	lncRNA	13	no ortholog in the table
MGI:1096399	Vamp7	protein_coding	13	no Ensembl id (MGI/HGNC accession): not in the ortholog table
ENSMUSG00000086843	E030013I19Rik	lncRNA	13	no ortholog in the table
ENSMUSG00000086784	Isoc2a	protein_coding	13	no ortholog in the table
ENSMUSG00000024174	Pot1b	protein_coding	13	no ortholog in the table
ENSMUSG00000024154	Gtf2a1l	protein_coding	13	ortholog(s) exist but none is in the other vocabulary
ENSMUSG00000074127	Cmtm2a	protein_coding	13	no ortholog in the table
ENSMUSG00000040824	Snrpd2	protein_coding	13	no ortholog in the table
ENSMUSG00000034151	Zbbx	protein_coding	13	no ortholog in the table
ENSMUSG00000045968	Teddm2	protein_coding	13	no ortholog in the table
ENSMUSG00000034173	Zbed5	protein_coding	13	no ortholog in the table
ENSMUSG00000078942	Naip6	protein_coding	13	no ortholog in the table
ENSMUSG00000087166	L1td1	protein_coding	13	no ortholog in the table
ENSMUSG00000022366	Slc22a22	protein_coding	13	no ortholog in the table
ENSMUSG00000074385	Gm10684	lncRNA	13	no ortholog in the table
ENSMUSG00000074384	AI429214	protein_coding	13	no ortholog in the table
ENSMUSG00000110874	D030045P18Rik	lncRNA	13	no ortholog in the table
ENSMUSG00000101856	1700096K18Rik	lncRNA	13	no ortholog in the table
ENSMUSG00000087368	BC065397	lncRNA	13	no ortholog in the table
ENSMUSG00000013083	2200002J24Rik	protein_coding	13	no ortholog in the table
ENSMUSG00000060613	Cyp2c70	protein_coding	13	no ortholog in the table
ENSMUSG00000087406	E130215H24Rik	lncRNA	13	no ortholog in the table
ENSMUSG00000087590	Epb41l4aos	lncRNA	13	no ortholog in the table
ENSMUSG00000046711	Hmga1	protein_coding	13	no ortholog in the table
ENSMUSG00000060715	1700019A02Rik	protein_coding	13	no ortholog in the table
ENSMUSG00000024459	H2-M5	protein_coding	13	no ortholog in the table
ENSMUSG00000024474	Ik	protein_coding	13	no ortholog in the table
ENSMUSG00000049357	Brd8dc	protein_coding	13	no ortholog in the table
ENSMUSG00000049565	Aknad1	protein_coding	13	no ortholog in the table
ENSMUSG00000049511	Htr1b	protein_coding	13	ortholog(s) exist but none is in the other vocabulary
ENSMUSG00000029736	Nobox	protein_coding	13	no ortholog in the table
ENSMUSG00000124381	Gm16907	lncRNA	13	no ortholog in the table
ENSMUSG00000098008	A930001A20Rik	lncRNA	13	no ortholog in the table
ENSMUSG00000055691	Gja6	protein_coding	13	no ortholog in the table
ENSMUSG00000100916	Lhb	protein_coding	13	no ortholog in the table
ENSMUSG00000100975	Gm28875	lncRNA	13	no ortholog in the table
ENSMUSG00000101089	2610016A17Rik	lncRNA	13	no ortholog in the table
ENSMUSG00000054757	Akr1c20	protein_coding	13	no ortholog in the table
ENSMUSG00000054622	D730045B01Rik	lncRNA	13	no ortholog in the table
ENSMUSG00000058908	Pla2g2a	protein_coding	13	no ortholog in the table
ENSMUSG00000038768	Degs1l	protein_coding	13	no ortholog in the table
ENSMUSG00000063714	Sp3os	lncRNA	13	no ortholog in the table
ENSMUSG00000110140	5430421F17Rik	lncRNA	13	no ortholog in the table
ENSMUSG00000110332	Gm19935	protein_coding	13	no ortholog in the table
ENSMUSG00000100691	2010320M18Rik	lncRNA	13	no ortholog in the table
ENSMUSG00000091586	Cyp4f17	protein_coding	13	no ortholog in the table
ENSMUSG00000090356	Teddm3	protein_coding	13	no ortholog in the table
ENSMUSG00000048699	Krt90	protein_coding	13	no ortholog in the table
ENSMUSG00000076614	Ighg1	IG_C_gene	13	no ortholog in the table
ENSMUSG00000100150	Gm19585	lncRNA	13	no ortholog in the table
ENSMUSG00000100254	Trpc2	protein_coding	13	no ortholog in the table
ENSMUSG00000100335	2310008N11Rik	lncRNA	13	no ortholog in the table
ENSMUSG00000048478	Spata33	protein_coding	13	no ortholog in the table
ENSMUSG00000028946	Hes3	protein_coding	13	ortholog(s) exist but none is in the other vocabulary
ENSMUSG00000037482	Erv3	protein_coding	13	no ortholog in the table
ENSMUSG00000085024	C230035I16Rik	lncRNA	13	no ortholog in the table
ENSMUSG00000031621	Isx	protein_coding	13	no ortholog in the table
ENSMUSG00000020600	Slc7a15	protein_coding	13	no ortholog in the table
ENSMUSG00000052749	Trim30b	protein_coding	13	no ortholog in the table
ENSMUSG00000085169	Gm10785	lncRNA	13	no ortholog in the table
ENSMUSG00000062783	Csprs	protein_coding	13	no ortholog in the table
ENSMUSG00000106738	Gm5	lncRNA	13	no ortholog in the table
ENSMUSG00000107667	C530044C16Rik	lncRNA	13	no ortholog in the table
MGI:2443565	D830046C22Rik	lncRNA	12	no Ensembl id (MGI/HGNC accession): not in the ortholog table
ENSMUSG00000097440	Gm6277	lncRNA	12	no ortholog in the table
ENSMUSG00000111767	4930546K05Rik	lncRNA	12	no ortholog in the table
ENSMUSG00000043050	Tnp2	protein_coding	12	no ortholog in the table
ENSMUSG00000042854	Trp53rkb	protein_coding	12	no ortholog in the table
ENSMUSG00000105331	Gm29865	lncRNA	12	no ortholog in the table
ENSMUSG00000023120	Ldc1	protein_coding	12	no ortholog in the table
ENSMUSG00000052520	Cyp2j5	protein_coding	12	no ortholog in the table
ENSMUSG00000105789	Gm42997	lncRNA	12	no ortholog in the table
ENSMUSG00000109841	E330011O21Rik	lncRNA	12	no ortholog in the table
ENSMUSG00000110101	Gm6249	lncRNA	12	no ortholog in the table
ENSMUSG00000099632	2900093K20Rik	lncRNA	12	no ortholog in the table
ENSMUSG00000037913	Tmem156	protein_coding	12	no ortholog in the table
ENSMUSG00000090891	D6Ertd527e	lncRNA	12	no ortholog in the table
ENSMUSG00000059606	Rnase2b	protein_coding	12	no ortholog in the table
ENSMUSG00000066880	Zfp617	protein_coding	12	no ortholog in the table
ENSMUSG00000037974	Muc5ac	protein_coding	12	no ortholog in the table
ENSMUSG00000100084	2310068J16Rik	lncRNA	12	no ortholog in the table
ENSMUSG00000100094	1810008I18Rik	lncRNA	12	no ortholog in the table
ENSMUSG00000048455	Sprr1b	protein_coding	12	no ortholog in the table
ENSMUSG00000047940	Stpg2	protein_coding	12	no ortholog in the table
ENSMUSG00000090260	2810442N19Rik	lncRNA	12	no ortholog in the table
ENSMUSG00000100625	1700016G22Rik	lncRNA	12	no ortholog in the table
ENSMUSG00000090622	A930033H14Rik	lncRNA	12	no ortholog in the table
ENSMUSG00000059639	Clec4a4	protein_coding	12	no ortholog in the table
ENSMUSG00000029092	D5Ertd615e	lncRNA	12	no ortholog in the table
ENSMUSG00000099269	Calm5	protein_coding	12	no ortholog in the table
ENSMUSG00000099370	Platr10	lncRNA	12	no ortholog in the table
ENSMUSG00000070583	Fv1	protein_coding	12	no ortholog in the table
ENSMUSG00000070605	Zfp992	protein_coding	12	no ortholog in the table
ENSMUSG00000060034	Ctf2	protein_coding	12	no ortholog in the table
ENSMUSG00000029227	Fip1l1	protein_coding	12	no ortholog in the table
ENSMUSG00000091736	Yy2	protein_coding	12	no ortholog in the table
ENSMUSG00000091794	Vmn2r18	protein_coding	12	no ortholog in the table
ENSMUSG00000048827	Pkd1l3	protein_coding	12	no ortholog in the table
ENSMUSG00000048938	Nr1h5	protein_coding	12	no ortholog in the table
ENSMUSG00000090120	A730090N16Rik	lncRNA	12	no ortholog in the table
ENSMUSG00000000948	Gm38393	protein_coding	12	no ortholog in the table
ENSMUSG00000110419	AW046200	lncRNA	12	no ortholog in the table
ENSMUSG00000091844	Ccdc168	protein_coding	12	no ortholog in the table
ENSMUSG00000117655	6720468P15Rik	lncRNA	12	no ortholog in the table
ENSMUSG00000070811	Sult2a2	protein_coding	12	no ortholog in the table
ENSMUSG00000060244	Alyref2	protein_coding	12	no ortholog in the table
ENSMUSG00000078597	Cyp4a12b	protein_coding	12	no ortholog in the table
ENSMUSG00000035861	Tmprss11b	protein_coding	12	no ortholog in the table
ENSMUSG00000090063	Dlx6os1	lncRNA	12	no ortholog in the table
ENSMUSG00000024512	Dynap	protein_coding	12	no ortholog in the table
ENSMUSG00000100937	Nscme3l	protein_coding	12	no ortholog in the table
ENSMUSG00000109697	Gm34030	lncRNA	12	no ortholog in the table
ENSMUSG00000078630	Tomt	protein_coding	12	ortholog(s) exist but none is in the other vocabulary
ENSMUSG00000098682	Otx2os1	lncRNA	12	no ortholog in the table
ENSMUSG00000092368	A930015D03Rik	lncRNA	12	no ortholog in the table
ENSMUSG00000027857	Tshb	protein_coding	12	ortholog(s) exist but none is in the other vocabulary
ENSMUSG00000029720	Gm20605	protein_coding	12	no ortholog in the table
ENSMUSG00000121484	Serpina3h	lncRNA	12	no ortholog in the table
ENSMUSG00000098088	Gm26916	lncRNA	12	no ortholog in the table
ENSMUSG00000093565	Rab26os	lncRNA	12	no ortholog in the table
ENSMUSG00000074521	Zfp1003	protein_coding	12	no ortholog in the table
ENSMUSG00000049719	Prss46	protein_coding	12	no ortholog in the table
ENSMUSG00000087373	Gm15892	lncRNA	12	no ortholog in the table
ENSMUSG00000087380	2210408F21Rik	lncRNA	12	no ortholog in the table
ENSMUSG00000087547	Platr27	lncRNA	12	no ortholog in the table
ENSMUSG00000058163	Gm5431	protein_coding	12	no ortholog in the table
ENSMUSG00000074435	Smcp	protein_coding	12	no ortholog in the table
ENSMUSG00000097787	Sgms1os1	lncRNA	12	no ortholog in the table
ENSMUSG00000069830	Nlrp1a	protein_coding	12	no ortholog in the table
ENSMUSG00000069733	Ube2u	protein_coding	12	no ortholog in the table
ENSMUSG00000097779	4833407H14Rik	lncRNA	12	no ortholog in the table
ENSMUSG00000097781	9330136K24Rik	lncRNA	12	no ortholog in the table
ENSMUSG00000055833	1700034H15Rik	lncRNA	12	no ortholog in the table
ENSMUSG00000030155	Clec2e	protein_coding	12	no ortholog in the table
ENSMUSG00000078905	Gm14393	protein_coding	12	no ortholog in the table
ENSMUSG00000063600	Egfem1	protein_coding	12	no ortholog in the table
ENSMUSG00000078902	Gm14443	protein_coding	12	no ortholog in the table
ENSMUSG00000040328	Or2v1	protein_coding	12	ortholog(s) exist but none is in the other vocabulary
ENSMUSG00000116933	Atp5po	protein_coding	12	no ortholog in the table
ENSMUSG00000055937	Krt28	protein_coding	12	ortholog(s) exist but none is in the other vocabulary
ENSMUSG00000045876	Pcdhb8	protein_coding	12	no ortholog in the table
ENSMUSG00000030378	Sult2a8	protein_coding	12	no ortholog in the table
ENSMUSG00000087143	A830082K12Rik	lncRNA	12	no ortholog in the table
ENSMUSG00000087174	5530601H04Rik	lncRNA	12	no ortholog in the table
ENSMUSG00000045493	Bhlhe23	protein_coding	12	ortholog(s) exist but none is in the other vocabulary
ENSMUSG00000058046	4933430I17Rik	protein_coding	12	no ortholog in the table
ENSMUSG00000054426	A930005H10Rik	lncRNA	12	no ortholog in the table
ENSMUSG00000045378	Pxt1	protein_coding	12	no ortholog in the table
ENSMUSG00000096655	1700065D16Rik	lncRNA	12	no ortholog in the table
ENSMUSG00000141477	9530027J09Rik	lncRNA	12	no ortholog in the table
ENSMUSG00000079177	Fam228a	protein_coding	12	no ortholog in the table
ENSMUSG00000086799	4930502E09Rik	lncRNA	12	no ortholog in the table
ENSMUSG00000086825	Gm15675	lncRNA	12	no ortholog in the table
ENSMUSG00000033731	3300002A11Rik	lncRNA	12	no ortholog in the table
ENSMUSG00000030753	Thap12	protein_coding	12	no ortholog in the table
ENSMUSG00000026729	4930562F07Rik	lncRNA	12	no ortholog in the table
ENSMUSG00000073658	Crygb	protein_coding	12	ortholog(s) exist but none is in the other vocabulary
ENSMUSG00000057417	Dcpp3	protein_coding	12	no ortholog in the table
ENSMUSG00000050765	Gm5084	lncRNA	12	no ortholog in the table
ENSMUSG00000072423	Psmb11	protein_coding	12	ortholog(s) exist but none is in the other vocabulary
ENSMUSG00000096950	Gm9530	lncRNA	12	no ortholog in the table
ENSMUSG00000021210	Akr1c6	protein_coding	12	no ortholog in the table
ENSMUSG00000086644	Gm13470	lncRNA	12	no ortholog in the table
ENSMUSG00000086682	Gm16023	lncRNA	12	no ortholog in the table
ENSMUSG00000086706	Gm15848	lncRNA	12	no ortholog in the table
ENSMUSG00000044145	1810024B03Rik	protein_coding	12	no ortholog in the table
ENSMUSG00000097003	D930007P13Rik	lncRNA	12	no ortholog in the table
ENSMUSG00000086537	Gnasas1	lncRNA	12	no ortholog in the table
ENSMUSG00000030877	Mfsd13b	protein_coding	12	no ortholog in the table
ENSMUSG00000024105	Themis3	protein_coding	12	no ortholog in the table
ENSMUSG00000103114	Gm32200	lncRNA	12	no ortholog in the table
ENSMUSG00000066071	Cyp4a12a	protein_coding	12	no ortholog in the table
ENSMUSG00000042386	Tex13b	protein_coding	12	no ortholog in the table
ENSMUSG00000097098	9330111N05Rik	lncRNA	12	no ortholog in the table
ENSMUSG00000051671	Coa6	protein_coding	12	no ortholog in the table
ENSMUSG00000067529	Or4d11	protein_coding	12	ortholog(s) exist but none is in the other vocabulary
ENSMUSG00000043747	Grep1	protein_coding	12	no ortholog in the table
ENSMUSG00000056508	1700001K19Rik	protein_coding	12	no ortholog in the table
ENSMUSG00000073293	Nudt10	protein_coding	12	no ortholog in the table
ENSMUSG00000097156	Gm3764	lncRNA	12	no ortholog in the table
ENSMUSG00000015001	Oc90	protein_coding	12	ortholog(s) exist but none is in the other vocabulary
ENSMUSG00000086247	Gm15787	lncRNA	12	no ortholog in the table
ENSMUSG00000068349	Gml	protein_coding	12	no ortholog in the table
ENSMUSG00000105039	Gm32585	lncRNA	12	no ortholog in the table
ENSMUSG00000105265	Sox2ot	lncRNA	12	no ortholog in the table
ENSMUSG00000086026	Gm12374	lncRNA	12	no ortholog in the table
ENSMUSG00000032504	Pdcd6ip	protein_coding	12	no ortholog in the table
ENSMUSG00000072884	Gm10433	lncRNA	12	no ortholog in the table
ENSMUSG00000105891	A230001M10Rik	lncRNA	12	no ortholog in the table
ENSMUSG00000031509	Spaca7b	protein_coding	12	no ortholog in the table
ENSMUSG00000016493	Cd46	protein_coding	12	no ortholog in the table
ENSMUSG00000085925	Rtl1	protein_coding	12	no ortholog in the table
ENSMUSG00000079666	Pttg1ip2	protein_coding	12	no ortholog in the table
ENSMUSG00000097163	BC051077	lncRNA	12	no ortholog in the table
ENSMUSG00000108207	1810059H22Rik	lncRNA	12	no ortholog in the table
ENSMUSG00000106515	Gm30382	lncRNA	12	no ortholog in the table
ENSMUSG00000085604	Dhx58os	lncRNA	12	no ortholog in the table
ENSMUSG00000085628	Appbp2os	lncRNA	12	no ortholog in the table
ENSMUSG00000085562	2610028E06Rik	lncRNA	12	no ortholog in the table
ENSMUSG00000105283	Gm33370	lncRNA	12	no ortholog in the table
ENSMUSG00000056738	A730036I17Rik	lncRNA	12	no ortholog in the table
ENSMUSG00000075297	H60b	protein_coding	12	no ortholog in the table
ENSMUSG00000062961	Ccdc177	protein_coding	12	ortholog(s) exist but none is in the other vocabulary
MGI:1917047	1600029I14Rik	lncRNA	11	no Ensembl id (MGI/HGNC accession): not in the ortholog table
ENSMUSG00000021056	Tex21	protein_coding	11	no ortholog in the table
MGI:2144169	AI450353	lncRNA	11	no Ensembl id (MGI/HGNC accession): not in the ortholog table
MGI:3642353	Gm15440	protein_coding	11	no Ensembl id (MGI/HGNC accession): not in the ortholog table
ENSMUSG00000044122	Proca1	protein_coding	11	no ortholog in the table
ENSMUSG00000071519	Prss3	protein_coding	11	no ortholog in the table
ENSMUSG00000045569	Mc2r	protein_coding	11	ortholog(s) exist but none is in the other vocabulary
ENSMUSG00000116220	A430088P11Rik	lncRNA	11	no ortholog in the table
ENSMUSG00000061991	H2ac10	protein_coding	11	no ortholog in the table
ENSMUSG00000117401	4833419F23Rik	lncRNA	11	no ortholog in the table
ENSMUSG00000118038	Gm9895	lncRNA	11	no ortholog in the table
ENSMUSG00000021791	Dydc2	protein_coding	11	no ortholog in the table
ENSMUSG00000020712	Tcam1	protein_coding	11	no ortholog in the table
ENSMUSG00000045928	4933440M02Rik	lncRNA	11	no ortholog in the table
ENSMUSG00000073077	Cfap47	protein_coding	11	no ortholog in the table
ENSMUSG00000073144	4930599N23Rik	lncRNA	11	no ortholog in the table
ENSMUSG00000073154	9330158H04Rik	lncRNA	11	no ortholog in the table
ENSMUSG00000061540	Orm2	protein_coding	11	no ortholog in the table
ENSMUSG00000073386	Trem5	protein_coding	11	no ortholog in the table
ENSMUSG00000042248	Cyp2c37	protein_coding	11	no ortholog in the table
ENSMUSG00000006462	A530013C23Rik	lncRNA	11	no ortholog in the table
ENSMUSG00000006395	Hyi	protein_coding	11	no ortholog in the table
ENSMUSG00000041359	Tcl1	protein_coding	11	no ortholog in the table
ENSMUSG00000107011	Gm42906	protein_coding	11	no ortholog in the table
ENSMUSG00000107728	Gm38910	lncRNA	11	no ortholog in the table
ENSMUSG00000108949	Gm45069	lncRNA	11	no ortholog in the table
ENSMUSG00000109097	Gm29683	lncRNA	11	no ortholog in the table
ENSMUSG00000105387	Gm29681	lncRNA	11	no ortholog in the table
ENSMUSG00000105703	Gm43305	lncRNA	11	no ortholog in the table
ENSMUSG00000106019	Gm43672	lncRNA	11	no ortholog in the table
ENSMUSG00000060404	Or2w1b	protein_coding	11	no ortholog in the table
ENSMUSG00000060311	Mucl1	protein_coding	11	no ortholog in the table
ENSMUSG00000106317	Gm43848	lncRNA	11	no ortholog in the table
ENSMUSG00000106464	C130083M11Rik	lncRNA	11	no ortholog in the table
ENSMUSG00000106909	Gm43122	lncRNA	11	no ortholog in the table
ENSMUSG00000106951	5930430L01Rik	lncRNA	11	no ortholog in the table
ENSMUSG00000020514	Mrpl22	protein_coding	11	no ortholog in the table
ENSMUSG00000070980	Actl7b	protein_coding	11	ortholog(s) exist but none is in the other vocabulary
ENSMUSG00000040163	1700034J05Rik	protein_coding	11	no ortholog in the table
ENSMUSG00000074281	Gm12522	lncRNA	11	no ortholog in the table
ENSMUSG00000074284	Gm10658	lncRNA	11	no ortholog in the table
ENSMUSG00000102674	8030442B05Rik	lncRNA	11	no ortholog in the table
ENSMUSG00000047129	1700113H08Rik	protein_coding	11	no ortholog in the table
ENSMUSG00000039492	Ccdc27	protein_coding	11	no ortholog in the table
ENSMUSG00000101026	Ly6g6g	protein_coding	11	no ortholog in the table
ENSMUSG00000101365	Gm19325	lncRNA	11	no ortholog in the table
ENSMUSG00000101895	Gm28981	lncRNA	11	no ortholog in the table
ENSMUSG00000074646	6430550D23Rik	protein_coding	11	no ortholog in the table
ENSMUSG00000039013	Siglecf	protein_coding	11	no ortholog in the table
ENSMUSG00000100009	Gm7967	lncRNA	11	no ortholog in the table
ENSMUSG00000058398	Prss43	protein_coding	11	no ortholog in the table
ENSMUSG00000100210	H3c7	protein_coding	11	no ortholog in the table
ENSMUSG00000020401	Garin3	protein_coding	11	no ortholog in the table
ENSMUSG00000100666	1700007F19Rik	lncRNA	11	no ortholog in the table
ENSMUSG00000070690	Albfm1	protein_coding	11	no ortholog in the table
ENSMUSG00000064194	Zfp936	protein_coding	11	no ortholog in the table
ENSMUSG00000058351	Uqcc5	protein_coding	11	no ortholog in the table
ENSMUSG00000099061	Gm28050	lncRNA	11	no ortholog in the table
ENSMUSG00000099966	2810402E24Rik	lncRNA	11	no ortholog in the table
ENSMUSG00000024766	Lipo3	protein_coding	11	no ortholog in the table
ENSMUSG00000024767	Otub1	protein_coding	11	ortholog(s) exist but none is in the other vocabulary
ENSMUSG00000098098	Bvht	lncRNA	11	no ortholog in the table
ENSMUSG00000098120	Gm5914	lncRNA	11	no ortholog in the table
ENSMUSG00000025004	Cyp2c40	protein_coding	11	no ortholog in the table
ENSMUSG00000075184	F930017D23Rik	lncRNA	11	no ortholog in the table
ENSMUSG00000038015	Prm2	protein_coding	11	ortholog(s) exist but none is in the other vocabulary
ENSMUSG00000009596	Taf7l	protein_coding	11	no ortholog in the table
ENSMUSG00000057534	Elobl	protein_coding	11	no ortholog in the table
ENSMUSG00000097888	Gm26682	lncRNA	11	no ortholog in the table
ENSMUSG00000097899	Gm16894	lncRNA	11	no ortholog in the table
ENSMUSG00000075605	Slurp2	protein_coding	11	no ortholog in the table
ENSMUSG00000097493	9930014A18Rik	lncRNA	11	no ortholog in the table
ENSMUSG00000097494	4933406C10Rik	lncRNA	11	no ortholog in the table
ENSMUSG00000097639	Platr4	lncRNA	11	no ortholog in the table
ENSMUSG00000048473	Sult6b2	protein_coding	11	no ortholog in the table
ENSMUSG00000070332	Trim80	protein_coding	11	no ortholog in the table
ENSMUSG00000036036	Zfp57	protein_coding	11	no ortholog in the table
ENSMUSG00000097321	1700028E10Rik	lncRNA	11	no ortholog in the table
ENSMUSG00000097324	Carmn	lncRNA	11	no ortholog in the table
ENSMUSG00000097413	A830052D11Rik	lncRNA	11	no ortholog in the table
ENSMUSG00000097415	AU020206	lncRNA	11	no ortholog in the table
ENSMUSG00000078515	Ddi2	protein_coding	11	ortholog(s) exist but none is in the other vocabulary
ENSMUSG00000035811	Ugt2b35	protein_coding	11	no ortholog in the table
ENSMUSG00000035491	Fthl17a	protein_coding	11	no ortholog in the table
ENSMUSG00000056423	Uts2b	protein_coding	11	no ortholog in the table
ENSMUSG00000097073	9430037G07Rik	lncRNA	11	no ortholog in the table
ENSMUSG00000097075	Cdiptos	protein_coding	11	no ortholog in the table
ENSMUSG00000078868	Gm14412	protein_coding	11	no ortholog in the table
ENSMUSG00000078925	D030018L15Rik	lncRNA	11	no ortholog in the table
ENSMUSG00000013338	Fer1l4	protein_coding	11	no ortholog in the table
ENSMUSG00000069892	9930111J21Rik2	protein_coding	11	no ortholog in the table
ENSMUSG00000079009	Zfp1004	protein_coding	11	no ortholog in the table
ENSMUSG00000079025	Gsdmc	protein_coding	11	no ortholog in the table
ENSMUSG00000079049	Serpinb1c	protein_coding	11	no ortholog in the table
ENSMUSG00000003053	Cyp2c29	protein_coding	11	no ortholog in the table
ENSMUSG00000097040	2610316D01Rik	lncRNA	11	no ortholog in the table
ENSMUSG00000097069	Gm16998	lncRNA	11	no ortholog in the table
ENSMUSG00000033737	Fndc3c1	protein_coding	11	no ortholog in the table
ENSMUSG00000004540	Psg17	protein_coding	11	no ortholog in the table
ENSMUSG00000096549	Prickle4	protein_coding	11	ortholog(s) exist but none is in the other vocabulary
ENSMUSG00000055811	Cldn17	protein_coding	11	ortholog(s) exist but none is in the other vocabulary
ENSMUSG00000055555	Ct55	protein_coding	11	no ortholog in the table
ENSMUSG00000096768	Erdr1y	lncRNA	11	no ortholog in the table
ENSMUSG00000066760	Psg16	protein_coding	11	no ortholog in the table
ENSMUSG00000079427	Mthfsl	protein_coding	11	no ortholog in the table
ENSMUSG00000032999	Nlrp4f	protein_coding	11	no ortholog in the table
ENSMUSG00000079457	Gm7609	protein_coding	11	no ortholog in the table
ENSMUSG00000094002	Silc1	lncRNA	11	no ortholog in the table
ENSMUSG00000067028	Cntnap5b	protein_coding	11	no ortholog in the table
ENSMUSG00000055030	Sprr2e	protein_coding	11	no ortholog in the table
ENSMUSG00000094447	9430069I07Rik	protein_coding	11	no ortholog in the table
ENSMUSG00000093789	Methig1	protein_coding	11	no ortholog in the table
ENSMUSG00000069268	H2bc7	protein_coding	11	no ortholog in the table
ENSMUSG00000069302	H2ac12	protein_coding	11	no ortholog in the table
ENSMUSG00000069306	H4c17	protein_coding	11	no ortholog in the table
ENSMUSG00000079580	Tmem217	protein_coding	11	no ortholog in the table
ENSMUSG00000019173	Rab5c	protein_coding	11	ortholog(s) exist but none is in the other vocabulary
ENSMUSG00000092564	BC051226	lncRNA	11	no ortholog in the table
ENSMUSG00000092570	Plut	lncRNA	11	no ortholog in the table
ENSMUSG00000082932	Cyp2j8	protein_coding	11	no ortholog in the table
ENSMUSG00000084844	Hoxb3os	lncRNA	11	no ortholog in the table
ENSMUSG00000084938	BB557941	lncRNA	11	no ortholog in the table
ENSMUSG00000068962	Zfp114	protein_coding	11	no ortholog in the table
ENSMUSG00000085175	Gm11423	lncRNA	11	no ortholog in the table
ENSMUSG00000085316	D330050G23Rik	lncRNA	11	no ortholog in the table
ENSMUSG00000085354	Gm2044	lncRNA	11	no ortholog in the table
ENSMUSG00000054128	H2-T3	protein_coding	11	no ortholog in the table
ENSMUSG00000028396	2310002L09Rik	protein_coding	11	no ortholog in the table
ENSMUSG00000085498	Gm14023	lncRNA	11	no ortholog in the table
ENSMUSG00000085615	A330035P11Rik	lncRNA	11	no ortholog in the table
ENSMUSG00000091050	9330020H09Rik	lncRNA	11	no ortholog in the table
ENSMUSG00000085675	Gm12022	lncRNA	11	no ortholog in the table
ENSMUSG00000085757	Tslrn1	lncRNA	11	no ortholog in the table
ENSMUSG00000085931	Gm12648	lncRNA	11	no ortholog in the table
ENSMUSG00000085941	Gm11201	lncRNA	11	no ortholog in the table
ENSMUSG00000068600	Gml2	protein_coding	11	no ortholog in the table
ENSMUSG00000051355	Commd1	protein_coding	11	no ortholog in the table
ENSMUSG00000086096	Gm12688	lncRNA	11	no ortholog in the table
ENSMUSG00000086328	2700033N17Rik	lncRNA	11	no ortholog in the table
ENSMUSG00000086353	Gm13481	lncRNA	11	no ortholog in the table
ENSMUSG00000086392	Mccc1os	lncRNA	11	no ortholog in the table
ENSMUSG00000053219	Raet1e	protein_coding	11	no ortholog in the table
ENSMUSG00000029384	2010109A12Rik	protein_coding	11	no ortholog in the table
ENSMUSG00000086427	Hoxa11os	lncRNA	11	no ortholog in the table
ENSMUSG00000086584	Gm12002	lncRNA	11	no ortholog in the table
ENSMUSG00000086847	Tbx3os2	lncRNA	11	no ortholog in the table
ENSMUSG00000086859	Snhg20	lncRNA	11	no ortholog in the table
ENSMUSG00000087519	AV039307	lncRNA	11	no ortholog in the table
ENSMUSG00000087648	E130018N17Rik	lncRNA	11	no ortholog in the table
ENSMUSG00000089706	B230216N24Rik	lncRNA	11	no ortholog in the table
ENSMUSG00000052730	Gm5111	lncRNA	11	no ortholog in the table
ENSMUSG00000089804	Gm16136	lncRNA	11	no ortholog in the table
ENSMUSG00000051977	Prdm9	protein_coding	11	no ortholog in the table
ENSMUSG00000051832	E230016K23Rik	lncRNA	11	no ortholog in the table
ENSMUSG00000086877	A230072C01Rik	lncRNA	11	no ortholog in the table
ENSMUSG00000030057	Cnbp	protein_coding	11	no ortholog in the table
MGI:1921780	9030612E09Rik	lncRNA	11	no Ensembl id (MGI/HGNC accession): not in the ortholog table
MGI:3642630	Gm10563	protein_coding	11	no Ensembl id (MGI/HGNC accession): not in the ortholog table
MGI:3781408	Gm3230	lncRNA	11	no Ensembl id (MGI/HGNC accession): not in the ortholog table
ENSMUSG00000000037	Scml2	protein_coding	11	no ortholog in the table
ENSMUSG00000071636	Rimbp3	protein_coding	11	ortholog(s) exist but none is in the other vocabulary
MGI:4462384	Cahm	lncRNA	11	no Ensembl id (MGI/HGNC accession): not in the ortholog table
MGI:2444655	D630041G03Rik	lncRNA	11	no Ensembl id (MGI/HGNC accession): not in the ortholog table
MGI:2442501	A430010J10Rik	lncRNA	10	no Ensembl id (MGI/HGNC accession): not in the ortholog table
MGI:2445083	5930403L14Rik	lncRNA	10	no Ensembl id (MGI/HGNC accession): not in the ortholog table
MGI:2445144	4831440E17Rik	lncRNA	10	no Ensembl id (MGI/HGNC accession): not in the ortholog table
MGI:4439626	Gm16702	lncRNA	10	no Ensembl id (MGI/HGNC accession): not in the ortholog table
ENSMUSG00000062470	Fbxl12os	lncRNA	10	no ortholog in the table
ENSMUSG00000021640	Naip1	protein_coding	10	no ortholog in the table
ENSMUSG00000063447	Ube2d2b	protein_coding	10	no ortholog in the table
ENSMUSG00000111765	Gm10635	lncRNA	10	no ortholog in the table
ENSMUSG00000113707	Gm10457	lncRNA	10	no ortholog in the table
ENSMUSG00000113737	BB123696	lncRNA	10	no ortholog in the table
ENSMUSG00000115420	Rmrp	lncRNA	10	no ortholog in the table
ENSMUSG00000017004	Svs5	protein_coding	10	no ortholog in the table
ENSMUSG00000087579	Hectd2os	lncRNA	10	no ortholog in the table
ENSMUSG00000018259	Prl8a2	protein_coding	10	no ortholog in the table
ENSMUSG00000068252	Apol7b	protein_coding	10	no ortholog in the table
ENSMUSG00000051985	Igfn1	protein_coding	10	no ortholog in the table
ENSMUSG00000087172	Gm12153	lncRNA	10	no ortholog in the table
ENSMUSG00000052951	C130021I20Rik	lncRNA	10	no ortholog in the table
ENSMUSG00000090086	AI480526	lncRNA	10	no ortholog in the table
ENSMUSG00000090093	Gm14399	protein_coding	10	no ortholog in the table
ENSMUSG00000086514	Gm11747	lncRNA	10	no ortholog in the table
ENSMUSG00000051716	Apon	protein_coding	10	no ortholog in the table
ENSMUSG00000051596	Otop1	protein_coding	10	ortholog(s) exist but none is in the other vocabulary
ENSMUSG00000086727	Alyreffm1	protein_coding	10	no ortholog in the table
ENSMUSG00000085735	Mettl5os	lncRNA	10	no ortholog in the table
ENSMUSG00000085763	Smc2os	lncRNA	10	no ortholog in the table
ENSMUSG00000085940	4930405D11Rik	lncRNA	10	no ortholog in the table
ENSMUSG00000086022	Rad51ap2	protein_coding	10	no ortholog in the table
ENSMUSG00000031326	Cdx4	protein_coding	10	ortholog(s) exist but none is in the other vocabulary
ENSMUSG00000031131	Vgll1	protein_coding	10	no ortholog in the table
ENSMUSG00000086404	Gm6787	lncRNA	10	no ortholog in the table
ENSMUSG00000085389	1700003M07Rik	lncRNA	10	no ortholog in the table
ENSMUSG00000085436	Zfp335os	lncRNA	10	no ortholog in the table
ENSMUSG00000085566	A730017L22Rik	lncRNA	10	no ortholog in the table
ENSMUSG00000085609	1700016P03Rik	lncRNA	10	no ortholog in the table
ENSMUSG00000067614	Krt86	protein_coding	10	no ortholog in the table
ENSMUSG00000091060	Myocos	protein_coding	10	no ortholog in the table
ENSMUSG00000053714	4732471J01Rik	lncRNA	10	no ortholog in the table
ENSMUSG00000091228	Nme1nme2	protein_coding	10	no ortholog in the table
ENSMUSG00000050756	Defb6	protein_coding	10	no ortholog in the table
ENSMUSG00000050197	Rhox13	protein_coding	10	no ortholog in the table
ENSMUSG00000084757	1700057H15Rik	lncRNA	10	no ortholog in the table
ENSMUSG00000084925	1810062O18Rik	lncRNA	10	no ortholog in the table
ENSMUSG00000085085	1700086P04Rik	lncRNA	10	no ortholog in the table
ENSMUSG00000085152	Gm11496	lncRNA	10	no ortholog in the table
ENSMUSG00000085260	Med9os	lncRNA	10	no ortholog in the table
ENSMUSG00000085327	Gm16104	lncRNA	10	no ortholog in the table
ENSMUSG00000091594	Gm17067	protein_coding	10	no ortholog in the table
ENSMUSG00000093738	AI606473	lncRNA	10	no ortholog in the table
ENSMUSG00000079539	Obp2b	protein_coding	10	no ortholog in the table
ENSMUSG00000092171	4833427F10Rik	lncRNA	10	no ortholog in the table
ENSMUSG00000015289	Lage3	protein_coding	10	no ortholog in the table
ENSMUSG00000054827	Cyp2c50	protein_coding	10	no ortholog in the table
ENSMUSG00000094338	H2bc13	protein_coding	10	no ortholog in the table
ENSMUSG00000027794	Sohlh2	protein_coding	10	no ortholog in the table
ENSMUSG00000028008	Asic5	protein_coding	10	ortholog(s) exist but none is in the other vocabulary
ENSMUSG00000093460	Six3os1	lncRNA	10	no ortholog in the table
ENSMUSG00000093587	Gm20554	lncRNA	10	no ortholog in the table
ENSMUSG00000093594	Gm20707	lncRNA	10	no ortholog in the table
ENSMUSG00000055102	Zfp819	protein_coding	10	no ortholog in the table
ENSMUSG00000096003	Gm3500	protein_coding	10	no ortholog in the table
ENSMUSG00000079450	Cldn34c1	protein_coding	10	no ortholog in the table
ENSMUSG00000079507	H2-Q1	protein_coding	10	no ortholog in the table
ENSMUSG00000094027	Tcstv6b	protein_coding	10	no ortholog in the table
ENSMUSG00000066477	Gm16551	lncRNA	10	no ortholog in the table
ENSMUSG00000056008	Gm11541	lncRNA	10	no ortholog in the table
ENSMUSG00000096935	1700113A16Rik	lncRNA	10	no ortholog in the table
ENSMUSG00000097071	4930544I03Rik	lncRNA	10	no ortholog in the table
ENSMUSG00000056457	Prl2c3	protein_coding	10	no ortholog in the table
ENSMUSG00000097076	Platr7	lncRNA	10	no ortholog in the table
ENSMUSG00000097081	Gm10425	lncRNA	10	no ortholog in the table
ENSMUSG00000097154	Gm26510	lncRNA	10	no ortholog in the table
ENSMUSG00000097183	Gm17501	lncRNA	10	no ortholog in the table
ENSMUSG00000026224	4933407L21Rik	protein_coding	10	no ortholog in the table
ENSMUSG00000048992	Prss32	protein_coding	10	no ortholog in the table
ENSMUSG00000078365	Mos	protein_coding	10	ortholog(s) exist but none is in the other vocabulary
ENSMUSG00000078442	Tektl1	protein_coding	10	ortholog(s) exist but none is in the other vocabulary
ENSMUSG00000066097	Cyp2j11	protein_coding	10	no ortholog in the table
ENSMUSG00000097416	Gm26670	lncRNA	10	no ortholog in the table
ENSMUSG00000097418	Mir155hg	lncRNA	10	no ortholog in the table
ENSMUSG00000097429	Gm26520	lncRNA	10	no ortholog in the table
ENSMUSG00000097431	Gm26782	lncRNA	10	no ortholog in the table
ENSMUSG00000097448	Platr22	lncRNA	10	no ortholog in the table
ENSMUSG00000035868	Zfp983	protein_coding	10	no ortholog in the table
ENSMUSG00000057003	Myh4	protein_coding	10	no ortholog in the table
ENSMUSG00000097617	Gm10687	lncRNA	10	no ortholog in the table
ENSMUSG00000070354	Evi2	protein_coding	10	no ortholog in the table
ENSMUSG00000097665	Gm16853	lncRNA	10	no ortholog in the table
ENSMUSG00000097676	Gm26612	lncRNA	10	no ortholog in the table
ENSMUSG00000057425	Ugt2b37	protein_coding	10	no ortholog in the table
ENSMUSG00000097756	A730056A06Rik	lncRNA	10	no ortholog in the table
ENSMUSG00000097797	Gm26901	lncRNA	10	no ortholog in the table
ENSMUSG00000097804	Gm16685	lncRNA	10	no ortholog in the table
ENSMUSG00000047619	Ddi1	protein_coding	10	ortholog(s) exist but none is in the other vocabulary
ENSMUSG00000037735	2810032G03Rik	lncRNA	10	no ortholog in the table
ENSMUSG00000075286	Gm1968	lncRNA	10	no ortholog in the table
ENSMUSG00000037451	Slc22a20	protein_coding	10	no ortholog in the table
ENSMUSG00000037390	Muc17	protein_coding	10	no ortholog in the table
ENSMUSG00000038408	1700018A04Rik	lncRNA	10	no ortholog in the table
ENSMUSG00000064165	Krt39	protein_coding	10	ortholog(s) exist but none is in the other vocabulary
ENSMUSG00000058328	Xlr5a	protein_coding	10	no ortholog in the table
ENSMUSG00000099968	1700029J03Rik	lncRNA	10	no ortholog in the table
ENSMUSG00000065968	Ifitm7	protein_coding	10	no ortholog in the table
ENSMUSG00000024949	Sf1	protein_coding	10	ortholog(s) exist but none is in the other vocabulary
ENSMUSG00000038891	Prl3b1	protein_coding	10	no ortholog in the table
ENSMUSG00000100235	Gm28557	protein_coding	10	no ortholog in the table
ENSMUSG00000100315	1700031P21Rik	lncRNA	10	no ortholog in the table
ENSMUSG00000100594	2810414N06Rik	lncRNA	10	no ortholog in the table
ENSMUSG00000100798	Gm19589	lncRNA	10	no ortholog in the table
ENSMUSG00000100807	Gm29521	lncRNA	10	no ortholog in the table
ENSMUSG00000070683	Lactbl1	protein_coding	10	ortholog(s) exist but none is in the other vocabulary
ENSMUSG00000074807	Gm10762	lncRNA	10	no ortholog in the table
ENSMUSG00000039269	2300002M23Rik	protein_coding	10	no ortholog in the table
ENSMUSG00000020434	4921536K21Rik	protein_coding	10	no ortholog in the table
ENSMUSG00000101304	Plet1os	lncRNA	10	no ortholog in the table
ENSMUSG00000101768	Gm28694	lncRNA	10	no ortholog in the table
ENSMUSG00000070702	Csn1s1	protein_coding	10	no ortholog in the table
ENSMUSG00000102362	4930509J09Rik	lncRNA	10	no ortholog in the table
ENSMUSG00000103041	Gm37305	lncRNA	10	no ortholog in the table
ENSMUSG00000046942	Mageb16	protein_coding	10	no ortholog in the table
ENSMUSG00000060093	H4c1	protein_coding	10	no ortholog in the table
ENSMUSG00000059659	Gm10069	lncRNA	10	no ortholog in the table
ENSMUSG00000104520	Gm37336	lncRNA	10	no ortholog in the table
ENSMUSG00000104861	3110039M20Rik	lncRNA	10	no ortholog in the table
ENSMUSG00000105068	Gm30835	lncRNA	10	no ortholog in the table
ENSMUSG00000074179	Gsta5	protein_coding	10	no ortholog in the table
ENSMUSG00000074256	Gm10655	lncRNA	10	no ortholog in the table
ENSMUSG00000107096	Gm43597	lncRNA	10	no ortholog in the table
ENSMUSG00000107714	Gm34933	lncRNA	10	no ortholog in the table
ENSMUSG00000109006	B230209E15Rik	lncRNA	10	no ortholog in the table
ENSMUSG00000109321	A330076H08Rik	lncRNA	10	no ortholog in the table
ENSMUSG00000041247	Lamp3	protein_coding	10	no ortholog in the table
ENSMUSG00000071047	Ces1a	protein_coding	10	no ortholog in the table
ENSMUSG00000074121	Ntf5	protein_coding	10	ortholog(s) exist but none is in the other vocabulary
ENSMUSG00000073402	H2-T5	protein_coding	10	no ortholog in the table
ENSMUSG00000073427	Gm4924	protein_coding	10	no ortholog in the table
ENSMUSG00000041750	Cd1d2	protein_coding	10	no ortholog in the table
ENSMUSG00000006488	Prl7a1	protein_coding	10	no ortholog in the table
ENSMUSG00000071302	Zfp1006	protein_coding	10	no ortholog in the table
ENSMUSG00000072955	Tmsb15l	protein_coding	10	no ortholog in the table
ENSMUSG00000109564	Muc16	protein_coding	10	no ortholog in the table
ENSMUSG00000110317	Gm45250	lncRNA	10	no ortholog in the table
ENSMUSG00000110424	Zbed5-ps	lncRNA	10	no ortholog in the table
ENSMUSG00000062905	Vmn1r32	protein_coding	10	no ortholog in the table
ENSMUSG00000062687	Cks1brt	protein_coding	10	no ortholog in the table
MGI:2442089	A230056J06Rik	lncRNA	10	no Ensembl id (MGI/HGNC accession): not in the ortholog table
MGI:1919493	1700012D01Rik	lncRNA	10	no Ensembl id (MGI/HGNC accession): not in the ortholog table
MGI:3041250	BC031361	lncRNA	10	no Ensembl id (MGI/HGNC accession): not in the ortholog table
ENSMUSG00000044287	Nrn1l	protein_coding	10	ortholog(s) exist but none is in the other vocabulary
ENSMUSG00000072847	A530017D24Rik	lncRNA	10	no ortholog in the table
ENSMUSG00000068167	Csnk2a2ip	protein_coding	10	no ortholog in the table
ENSMUSG00000087278	A930006I01Rik	lncRNA	10	no ortholog in the table
ENSMUSG00000087354	4930404I05Rik	lncRNA	10	no ortholog in the table
ENSMUSG00000087461	C230014O12Rik	lncRNA	10	no ortholog in the table
ENSMUSG00000087480	Gm15910	lncRNA	10	no ortholog in the table
ENSMUSG00000044471	Lncpint	lncRNA	10	no ortholog in the table
ENSMUSG00000119955	Gm9054	lncRNA	10	no ortholog in the table
ENSMUSG00000062310	Glrp1	protein_coding	9	no ortholog in the table
ENSMUSG00000091471	Gm20538	protein_coding	9	no ortholog in the table
ENSMUSG00000048806	Ifnb1	protein_coding	9	no ortholog in the table
ENSMUSG00000053695	Defb37	protein_coding	9	no ortholog in the table
ENSMUSG00000035150	Eif2s3x	protein_coding	9	no ortholog in the table
ENSMUSG00000118667	Ahnak2	protein_coding	9	no ortholog in the table
ENSMUSG00000071773	Rhox1	protein_coding	9	no ortholog in the table
ENSMUSG00000045519	Zfp560	protein_coding	9	no ortholog in the table
ENSMUSG00000044903	Psg22	protein_coding	9	no ortholog in the table
ENSMUSG00000035435	Abca17	protein_coding	9	no ortholog in the table
ENSMUSG00000035522	Tsga8	protein_coding	9	no ortholog in the table
ENSMUSG00000091685	Spmip2	protein_coding	9	no ortholog in the table
ENSMUSG00000078578	Ube2d3	protein_coding	9	no ortholog in the table
ENSMUSG00000044249	Defb29	protein_coding	9	no ortholog in the table
ENSMUSG00000044243	Bhlha9	protein_coding	9	ortholog(s) exist but none is in the other vocabulary
ENSMUSG00000061972	Or1o4	protein_coding	9	no ortholog in the table
ENSMUSG00000035836	Ugt2b1	protein_coding	9	no ortholog in the table
ENSMUSG00000053765	Oas1f	protein_coding	9	no ortholog in the table
ENSMUSG00000062061	Obp2a	protein_coding	9	no ortholog in the table
ENSMUSG00000043633	Fam221b	protein_coding	9	no ortholog in the table
ENSMUSG00000043727	F830045P16Rik	protein_coding	9	no ortholog in the table
ENSMUSG00000022227	Mcpt1	protein_coding	9	no ortholog in the table
ENSMUSG00000022347	A1bg	protein_coding	9	no ortholog in the table
ENSMUSG00000028963	Uts2	protein_coding	9	no ortholog in the table
ENSMUSG00000092305	Prps1l1	protein_coding	9	ortholog(s) exist but none is in the other vocabulary
ENSMUSG00000054215	Sprr2k	protein_coding	9	no ortholog in the table
ENSMUSG00000032099	Pate4	protein_coding	9	no ortholog in the table
ENSMUSG00000022501	Prm1	protein_coding	9	no ortholog in the table
ENSMUSG00000110430	Cmtm1	protein_coding	9	no ortholog in the table
ENSMUSG00000053508	Gtsf2	protein_coding	9	no ortholog in the table
ENSMUSG00000027940	Tpm3	protein_coding	9	no ortholog in the table
ENSMUSG00000027925	Sprr2j-ps	protein_coding	9	no ortholog in the table
ENSMUSG00000078184	Rbm8a2	protein_coding	9	no ortholog in the table
ENSMUSG00000078153	Psme2b	protein_coding	9	no ortholog in the table
ENSMUSG00000022603	Mroh4	protein_coding	9	no ortholog in the table
ENSMUSG00000031329	Tsx	protein_coding	9	no ortholog in the table
ENSMUSG00000031370	Zrsr2	protein_coding	9	no ortholog in the table
ENSMUSG00000075604	Cyp11b1	protein_coding	9	no ortholog in the table
ENSMUSG00000094035	Ldlrad2	protein_coding	9	no ortholog in the table
ENSMUSG00000093985	Gm10406	protein_coding	9	no ortholog in the table
ENSMUSG00000090700	Cyp4f40	protein_coding	9	no ortholog in the table
ENSMUSG00000022818	Cyp2ab1	protein_coding	9	no ortholog in the table
ENSMUSG00000073158	9030624G23Rik	protein_coding	9	no ortholog in the table
ENSMUSG00000027824	Vmn2r1	protein_coding	9	no ortholog in the table
ENSMUSG00000048038	Ccdc187	protein_coding	9	no ortholog in the table
ENSMUSG00000070372	Capza1	protein_coding	9	no ortholog in the table
ENSMUSG00000094430	Smbd1	protein_coding	9	no ortholog in the table
ENSMUSG00000071262	Zfp957	protein_coding	9	no ortholog in the table
ENSMUSG00000031210	Gpr165	protein_coding	9	no ortholog in the table
ENSMUSG00000079679	Vwde	protein_coding	9	no ortholog in the table
ENSMUSG00000075571	Defb30	protein_coding	9	no ortholog in the table
ENSMUSG00000042200	Cdrt4	protein_coding	9	no ortholog in the table
ENSMUSG00000009941	Nxf2	protein_coding	9	no ortholog in the table
ENSMUSG00000075402	Krt76	protein_coding	9	ortholog(s) exist but none is in the other vocabulary
ENSMUSG00000079008	Zfp1005	protein_coding	9	no ortholog in the table
ENSMUSG00000073616	Cops9	protein_coding	9	no ortholog in the table
ENSMUSG00000079644	Gm1110	protein_coding	9	no ortholog in the table
ENSMUSG00000023387	Kcnk16	protein_coding	9	no ortholog in the table
ENSMUSG00000104614	Fbxw27	protein_coding	9	no ortholog in the table
ENSMUSG00000048004	Tmem196	protein_coding	9	no ortholog in the table
ENSMUSG00000095845	Gng14	protein_coding	9	no ortholog in the table
ENSMUSG00000095576	Fmo6	protein_coding	9	no ortholog in the table
ENSMUSG00000038048	Cntnap5c	protein_coding	9	no ortholog in the table
ENSMUSG00000096039	D830030K20Rik	protein_coding	9	no ortholog in the table
ENSMUSG00000024125	Sbpl	protein_coding	9	no ortholog in the table
ENSMUSG00000041629	Vcf1	protein_coding	9	no ortholog in the table
ENSMUSG00000041716	Gm20604	protein_coding	9	no ortholog in the table
ENSMUSG00000038242	Aox4	protein_coding	9	no ortholog in the table
ENSMUSG00000096445	Dcpp1	protein_coding	9	no ortholog in the table
ENSMUSG00000032808	Cyp2c38	protein_coding	9	no ortholog in the table
ENSMUSG00000059625	Sohlh1	protein_coding	9	no ortholog in the table
ENSMUSG00000046610	Oacyl	protein_coding	9	no ortholog in the table
ENSMUSG00000066537	Vmn2r57	protein_coding	9	no ortholog in the table
ENSMUSG00000026592	Tex35	protein_coding	9	no ortholog in the table
ENSMUSG00000074997	Pin1rt1	protein_coding	9	no ortholog in the table
ENSMUSG00000026734	4921504E06Rik	protein_coding	9	no ortholog in the table
ENSMUSG00000024448	H2-M10.1	protein_coding	9	no ortholog in the table
ENSMUSG00000041117	Ccdc8	protein_coding	9	no ortholog in the table
ENSMUSG00000041165	Spem1	protein_coding	9	ortholog(s) exist but none is in the other vocabulary
ENSMUSG00000030366	Ceacam12	protein_coding	9	no ortholog in the table
ENSMUSG00000051879	Krt71	protein_coding	9	ortholog(s) exist but none is in the other vocabulary
ENSMUSG00000032623	Oas1d	protein_coding	9	no ortholog in the table
ENSMUSG00000032621	Srek1	protein_coding	9	no ortholog in the table
ENSMUSG00000040583	Cyp2b13	protein_coding	9	no ortholog in the table
ENSMUSG00000101678	Gm29609	protein_coding	9	no ortholog in the table
ENSMUSG00000058443	Rpl10-ps3	protein_coding	9	no ortholog in the table
ENSMUSG00000030216	Wbp11	protein_coding	9	no ortholog in the table
ENSMUSG00000079440	Alpi	protein_coding	9	no ortholog in the table
ENSMUSG00000089847	Timm10b	protein_coding	9	no ortholog in the table
ENSMUSG00000020390	Ube2b	protein_coding	9	ortholog(s) exist but none is in the other vocabulary
ENSMUSG00000056617	4931429L15Rik	protein_coding	9	no ortholog in the table
ENSMUSG00000070713	Hmgn2-ps	protein_coding	9	no ortholog in the table
ENSMUSG00000049314	Fbxw13	protein_coding	9	no ortholog in the table
ENSMUSG00000024853	Sf3b2	protein_coding	9	ortholog(s) exist but none is in the other vocabulary
ENSMUSG00000074417	Pira12	protein_coding	9	no ortholog in the table
ENSMUSG00000074375	Sult2a3	protein_coding	9	no ortholog in the table
ENSMUSG00000064308	2410137M14Rik	protein_coding	9	no ortholog in the table
ENSMUSG00000058252	Tcp11x2	protein_coding	9	ortholog(s) exist but none is in the other vocabulary
ENSMUSG00000099564	Lrrc78	protein_coding	9	no ortholog in the table
ENSMUSG00000029917	Qrfprl	protein_coding	9	no ortholog in the table
ENSMUSG00000030068	Gm20696	protein_coding	9	no ortholog in the table
ENSMUSG00000033196	Myh2	protein_coding	9	no ortholog in the table
ENSMUSG00000033255	Gm5134	protein_coding	9	no ortholog in the table
ENSMUSG00000052144	Ppp4r2	protein_coding	9	no ortholog in the table
ENSMUSG00000025515	Muc2	protein_coding	9	no ortholog in the table
ENSMUSG00000062518	Zfp534	protein_coding	9	no ortholog in the table
MGI:2136938	Klra21	protein_coding	9	no Ensembl id (MGI/HGNC accession): not in the ortholog table
ENSMUSG00000062624	Cyp2c67	protein_coding	9	no ortholog in the table
ENSMUSG00000050424	Pnma5	protein_coding	9	no ortholog in the table
ENSMUSG00000050425	Mrgprb2	protein_coding	8	no ortholog in the table
ENSMUSG00000028642	Tmem269	protein_coding	8	no ortholog in the table
MGI:2686450	Gm1604b	protein_coding	8	no Ensembl id (MGI/HGNC accession): not in the ortholog table
ENSMUSG00000045381	Or10aa1	protein_coding	8	no ortholog in the table
ENSMUSG00000044787	Spata32	protein_coding	8	no ortholog in the table
ENSMUSG00000063157	Csn2	protein_coding	8	no ortholog in the table
ENSMUSG00000054325	Lce3a	protein_coding	8	no ortholog in the table
ENSMUSG00000028359	Orm3	protein_coding	8	no ortholog in the table
ENSMUSG00000050815	Or5a3	protein_coding	8	no ortholog in the table
ENSMUSG00000021933	Gucy1b2	protein_coding	8	no ortholog in the table
ENSMUSG00000052364	B630019K06Rik	protein_coding	8	no ortholog in the table
ENSMUSG00000049685	Cyp2g1	protein_coding	8	no ortholog in the table
ENSMUSG00000057858	Fam204a	protein_coding	8	ortholog(s) exist but none is in the other vocabulary
ENSMUSG00000057170	Prl3d1	protein_coding	8	no ortholog in the table
ENSMUSG00000039079	Trhr2	protein_coding	8	no ortholog in the table
ENSMUSG00000026021	Sumo1	protein_coding	8	no ortholog in the table
ENSMUSG00000064288	H4c12	protein_coding	8	no ortholog in the table
ENSMUSG00000064213	Defa24	protein_coding	8	no ortholog in the table
ENSMUSG00000026388	3110009E18Rik	protein_coding	8	no ortholog in the table
ENSMUSG00000074344	Tmigd3	protein_coding	8	no ortholog in the table
ENSMUSG00000007440	Pcdha10	protein_coding	8	no ortholog in the table
ENSMUSG00000100621	Gm28374	protein_coding	8	no ortholog in the table
ENSMUSG00000066197	Gpr139	protein_coding	8	ortholog(s) exist but none is in the other vocabulary
ENSMUSG00000074733	Zfp950	protein_coding	8	no ortholog in the table
ENSMUSG00000026531	Mptx1	protein_coding	8	no ortholog in the table
ENSMUSG00000090015	Gm15446	protein_coding	8	no ortholog in the table
ENSMUSG00000046846	Spesp1	protein_coding	8	no ortholog in the table
ENSMUSG00000087230	Mroh3	protein_coding	8	no ortholog in the table
ENSMUSG00000026331	Slco6c1	protein_coding	8	no ortholog in the table
ENSMUSG00000026401	Cd55b	protein_coding	8	no ortholog in the table
ENSMUSG00000074060	Fbxw15	protein_coding	8	no ortholog in the table
ENSMUSG00000074059	Fbxw18	protein_coding	8	no ortholog in the table
ENSMUSG00000074139	Plscr1l1	protein_coding	8	no ortholog in the table
ENSMUSG00000040650	Cyp2b23	protein_coding	8	no ortholog in the table
ENSMUSG00000059230	Defb4	protein_coding	8	no ortholog in the table
ENSMUSG00000059547	Fbxw26	protein_coding	8	no ortholog in the table
ENSMUSG00000071019	Sdr16c6	protein_coding	8	no ortholog in the table
ENSMUSG00000096793	Gm3002	protein_coding	8	no ortholog in the table
ENSMUSG00000066382	Iqcf5	protein_coding	8	ortholog(s) exist but none is in the other vocabulary
ENSMUSG00000074863	Platr25	protein_coding	8	no ortholog in the table
ENSMUSG00000041534	Rbp3	protein_coding	8	ortholog(s) exist but none is in the other vocabulary
ENSMUSG00000059463	Spag11b	protein_coding	8	no ortholog in the table
ENSMUSG00000059460	Or10ad1b	protein_coding	8	ortholog(s) exist but none is in the other vocabulary
ENSMUSG00000096718	Zfp781b	protein_coding	8	no ortholog in the table
ENSMUSG00000096688	Mup17	protein_coding	8	no ortholog in the table
ENSMUSG00000096630	Vmn2r26	protein_coding	8	no ortholog in the table
ENSMUSG00000079479	Fam236f	protein_coding	8	no ortholog in the table
ENSMUSG00000030604	Zfp626	protein_coding	8	no ortholog in the table
ENSMUSG00000023443	Esx1	protein_coding	8	no ortholog in the table
ENSMUSG00000086848	Lce6a	protein_coding	8	no ortholog in the table
ENSMUSG00000030858	Fam24b	protein_coding	8	no ortholog in the table
ENSMUSG00000050141	Spata31f3	protein_coding	8	no ortholog in the table
ENSMUSG00000047641	Krt87	protein_coding	8	no ortholog in the table
ENSMUSG00000047728	Ly6g2	protein_coding	8	no ortholog in the table
ENSMUSG00000096094	A630095N17Rik	protein_coding	8	no ortholog in the table
ENSMUSG00000073975	Or51r1	protein_coding	8	no ortholog in the table
ENSMUSG00000079516	Reg3a	protein_coding	8	no ortholog in the table
ENSMUSG00000041907	Gpr45	protein_coding	8	ortholog(s) exist but none is in the other vocabulary
ENSMUSG00000042244	Pglyrp3	protein_coding	8	ortholog(s) exist but none is in the other vocabulary
ENSMUSG00000095040	1700001J03Rik	protein_coding	8	no ortholog in the table
ENSMUSG00000069899	Sft2d1rt	protein_coding	8	no ortholog in the table
ENSMUSG00000041984	Rptn	protein_coding	8	no ortholog in the table
ENSMUSG00000071229	Timm8a2	protein_coding	8	no ortholog in the table
ENSMUSG00000027517	Ankrd60	protein_coding	8	ortholog(s) exist but none is in the other vocabulary
ENSMUSG00000068574	Or2r11	protein_coding	8	no ortholog in the table
ENSMUSG00000051527	Usp29	protein_coding	8	no ortholog in the table
ENSMUSG00000073197	5730507C01Rik	protein_coding	8	no ortholog in the table
ENSMUSG00000006204	Cdcp3	protein_coding	8	no ortholog in the table
ENSMUSG00000094840	Muc3a	protein_coding	8	no ortholog in the table
ENSMUSG00000027908	Tchhl1	protein_coding	8	no ortholog in the table
ENSMUSG00000094973	Eif4a3l1	protein_coding	8	no ortholog in the table
ENSMUSG00000081225	Cyp2j12	protein_coding	8	no ortholog in the table
ENSMUSG00000069117	Rps18-ps6	protein_coding	8	no ortholog in the table
ENSMUSG00000094018	S100a2	protein_coding	8	no ortholog in the table
ENSMUSG00000090631	Or2r2	protein_coding	8	no ortholog in the table
ENSMUSG00000090840	Tex54	protein_coding	8	no ortholog in the table
ENSMUSG00000085957	Syna	protein_coding	8	no ortholog in the table
ENSMUSG00000061388	Csn1s2b	protein_coding	8	no ortholog in the table
ENSMUSG00000045868	Gvin1	protein_coding	8	no ortholog in the table
ENSMUSG00000110105	Gm45844	protein_coding	8	no ortholog in the table
ENSMUSG00000110104	Gm45717	protein_coding	8	no ortholog in the table
ENSMUSG00000090812	Samd15	protein_coding	8	no ortholog in the table
ENSMUSG00000078154	Cdk2ap1rt	protein_coding	8	no ortholog in the table
ENSMUSG00000078137	Ankrd63	protein_coding	8	ortholog(s) exist but none is in the other vocabulary
ENSMUSG00000063660	Or1o3	protein_coding	8	no ortholog in the table
ENSMUSG00000061144	Spink12	protein_coding	8	no ortholog in the table
ENSMUSG00000050844	1700020N01Rik	protein_coding	8	no ortholog in the table
ENSMUSG00000050901	Mtnr1b	protein_coding	8	ortholog(s) exist but none is in the other vocabulary
ENSMUSG00000067225	Cyp2c54	protein_coding	8	no ortholog in the table
ENSMUSG00000067201	H2-M9	protein_coding	8	no ortholog in the table
ENSMUSG00000031452	1700029H14Rik	protein_coding	8	no ortholog in the table
ENSMUSG00000062124	Defb45	protein_coding	8	no ortholog in the table
ENSMUSG00000078877	Gm14295	protein_coding	8	no ortholog in the table
ENSMUSG00000090963	Gm17655	protein_coding	8	no ortholog in the table
ENSMUSG00000078240	Rpl27rt	protein_coding	8	no ortholog in the table
ENSMUSG00000043385	Or2k2	protein_coding	8	ortholog(s) exist but none is in the other vocabulary
ENSMUSG00000005883	Spo11	protein_coding	8	ortholog(s) exist but none is in the other vocabulary
ENSMUSG00000118670	Muc19	protein_coding	8	no ortholog in the table
ENSMUSG00000114456	H2bc9	protein_coding	8	no ortholog in the table
ENSMUSG00000028451	Spata31g1	protein_coding	8	no ortholog in the table
ENSMUSG00000091955	Tmsb10b	protein_coding	8	no ortholog in the table
ENSMUSG00000062278	Krtap2-20	protein_coding	8	no ortholog in the table
ENSMUSG00000091311	Spata31d1b	protein_coding	8	no ortholog in the table
ENSMUSG00000053678	Defb40	protein_coding	8	no ortholog in the table
ENSMUSG00000021797	9230112D13Rik	protein_coding	8	no ortholog in the table
ENSMUSG00000014529	Tmbim7	protein_coding	8	no ortholog in the table
ENSMUSG00000065999	Zfp985	protein_coding	8	no ortholog in the table
ENSMUSG00000025528	2010106E10Rik	protein_coding	8	no ortholog in the table
ENSMUSG00000062275	Fbxw24	protein_coding	8	no ortholog in the table
MGI:1195974	Pira6	protein_coding	8	no Ensembl id (MGI/HGNC accession): not in the ortholog table
ENSMUSG00000062438	Adam1b	protein_coding	7	no ortholog in the table
ENSMUSG00000063163	Speer2	protein_coding	7	no ortholog in the table
ENSMUSG00000045010	Gm4779	protein_coding	7	no ortholog in the table
ENSMUSG00000045350	Fam186a	protein_coding	7	no ortholog in the table
ENSMUSG00000045331	2310079G19Rik	protein_coding	7	no ortholog in the table
ENSMUSG00000031651	Triml1	protein_coding	7	ortholog(s) exist but none is in the other vocabulary
ENSMUSG00000084902	Cdhr18	protein_coding	7	no ortholog in the table
ENSMUSG00000085079	Khdc1b	protein_coding	7	no ortholog in the table
ENSMUSG00000111842	Gm49318	protein_coding	7	no ortholog in the table
ENSMUSG00000022285	Ywhaz	protein_coding	7	no ortholog in the table
ENSMUSG00000012211	Tex22	protein_coding	7	no ortholog in the table
ENSMUSG00000078795	Ceacam15	protein_coding	7	no ortholog in the table
ENSMUSG00000012777	Acp4	protein_coding	7	ortholog(s) exist but none is in the other vocabulary
ENSMUSG00000078864	Gm14322	protein_coding	7	no ortholog in the table
ENSMUSG00000078867	Gm14418	protein_coding	7	no ortholog in the table
ENSMUSG00000078496	Zfp982	protein_coding	7	no ortholog in the table
ENSMUSG00000054036	Or11m3	protein_coding	7	no ortholog in the table
ENSMUSG00000067455	H4c11	protein_coding	7	no ortholog in the table
ENSMUSG00000092300	Cdk3	protein_coding	7	ortholog(s) exist but none is in the other vocabulary
ENSMUSG00000078249	Hmga1b	protein_coding	7	no ortholog in the table
ENSMUSG00000092335	Zfp977	protein_coding	7	no ortholog in the table
ENSMUSG00000092541	Gm20537	protein_coding	7	no ortholog in the table
ENSMUSG00000078870	Gm14410	protein_coding	7	no ortholog in the table
ENSMUSG00000093752	Gm20716	protein_coding	7	no ortholog in the table
ENSMUSG00000067764	Xlr5c	protein_coding	7	no ortholog in the table
ENSMUSG00000092592	Gm20449	protein_coding	7	no ortholog in the table
ENSMUSG00000070298	Trcg1	protein_coding	7	no ortholog in the table
ENSMUSG00000054160	Nkx2-4	protein_coding	7	ortholog(s) exist but none is in the other vocabulary
ENSMUSG00000037130	H2-M10.6	protein_coding	7	no ortholog in the table
ENSMUSG00000090369	4933411K16Rik	protein_coding	7	no ortholog in the table
ENSMUSG00000090486	BC035947	protein_coding	7	no ortholog in the table
ENSMUSG00000090588	Muc21	protein_coding	7	no ortholog in the table
ENSMUSG00000094156	Sult2a7	protein_coding	7	no ortholog in the table
ENSMUSG00000055010	A830031A19Rik	protein_coding	7	no ortholog in the table
ENSMUSG00000049123	Catsperg2	protein_coding	7	no ortholog in the table
ENSMUSG00000095384	1700001F09Rik	protein_coding	7	no ortholog in the table
ENSMUSG00000075567	Krtap1-4	protein_coding	7	no ortholog in the table
ENSMUSG00000094443	Sgo2b	protein_coding	7	no ortholog in the table
ENSMUSG00000055826	Tescl	protein_coding	7	no ortholog in the table
ENSMUSG00000079034	Eif1ad8	protein_coding	7	no ortholog in the table
ENSMUSG00000079051	Vinac1	protein_coding	7	no ortholog in the table
ENSMUSG00000096169	Or10h5	protein_coding	7	no ortholog in the table
ENSMUSG00000047674	Pdha2	protein_coding	7	ortholog(s) exist but none is in the other vocabulary
ENSMUSG00000047720	Clec2m	protein_coding	7	no ortholog in the table
ENSMUSG00000037780	Mbl1	protein_coding	7	no ortholog in the table
ENSMUSG00000033774	Npbwr1	protein_coding	7	ortholog(s) exist but none is in the other vocabulary
ENSMUSG00000033705	Stard9	protein_coding	7	no ortholog in the table
ENSMUSG00000074884	Serf2	protein_coding	7	no ortholog in the table
ENSMUSG00000057000	Nxf3	protein_coding	7	no ortholog in the table
ENSMUSG00000056824	Zfp663	protein_coding	7	no ortholog in the table
ENSMUSG00000089837	Npcd	protein_coding	7	no ortholog in the table
ENSMUSG00000047257	Prss45	protein_coding	7	no ortholog in the table
ENSMUSG00000070798	Psg25	protein_coding	7	no ortholog in the table
ENSMUSG00000056718	Gm13199	protein_coding	7	no ortholog in the table
ENSMUSG00000074754	Smim26	protein_coding	7	no ortholog in the table
ENSMUSG00000074452	Pate2	protein_coding	7	no ortholog in the table
ENSMUSG00000039337	Tex19.2	protein_coding	7	no ortholog in the table
ENSMUSG00000066009	Zfp987	protein_coding	7	no ortholog in the table
ENSMUSG00000057726	Serpinb9g	protein_coding	7	no ortholog in the table
ENSMUSG00000079299	Klrb1	protein_coding	7	no ortholog in the table
ENSMUSG00000074619	Fundc2b	protein_coding	7	no ortholog in the table
ENSMUSG00000058063	Trim31	protein_coding	7	no ortholog in the table
ENSMUSG00000070847	Vmn2r30	protein_coding	7	no ortholog in the table
ENSMUSG00000025144	Cenpx	protein_coding	7	no ortholog in the table
ENSMUSG00000069668	Sult3a1	protein_coding	7	no ortholog in the table
ENSMUSG00000049908	Gja8	protein_coding	7	ortholog(s) exist but none is in the other vocabulary
ENSMUSG00000068099	Smim45	protein_coding	7	ortholog(s) exist but none is in the other vocabulary
ENSMUSG00000017720	Trp53tg5	protein_coding	7	no ortholog in the table
ENSMUSG00000064158	Izumo1	protein_coding	7	no ortholog in the table
ENSMUSG00000058186	Zfp980	protein_coding	7	no ortholog in the table
ENSMUSG00000014747	Ankrd53	protein_coding	7	no ortholog in the table
ENSMUSG00000068240	Uba52rt	protein_coding	7	no ortholog in the table
ENSMUSG00000051827	Rhox2a	protein_coding	7	no ortholog in the table
ENSMUSG00000001158	Snrnp27	protein_coding	7	no ortholog in the table
ENSMUSG00000101904	Gm29427	protein_coding	7	no ortholog in the table
ENSMUSG00000023159	Psg29	protein_coding	7	no ortholog in the table
ENSMUSG00000104043	Gm6525	protein_coding	7	no ortholog in the table
ENSMUSG00000041722	Khdc1c	protein_coding	7	no ortholog in the table
ENSMUSG00000103081	Pcdhgb8	protein_coding	7	no ortholog in the table
ENSMUSG00000020490	Btnl10	protein_coding	7	no ortholog in the table
ENSMUSG00000073991	Cnbd1	protein_coding	7	no ortholog in the table
ENSMUSG00000024306	Ccdc178	protein_coding	7	no ortholog in the table
ENSMUSG00000020633	Dcdc2c	protein_coding	7	no ortholog in the table
ENSMUSG00000022886	Prl2a1	protein_coding	7	no ortholog in the table
ENSMUSG00000079554	Aox2	protein_coding	7	no ortholog in the table
ENSMUSG00000079606	Fsip2l	protein_coding	7	no ortholog in the table
ENSMUSG00000060205	Or7a41	protein_coding	7	no ortholog in the table
ENSMUSG00000059887	Or4e5	protein_coding	7	ortholog(s) exist but none is in the other vocabulary
ENSMUSG00000108763	Btnl12	protein_coding	7	no ortholog in the table
ENSMUSG00000051361	6030498E09Rik	protein_coding	7	no ortholog in the table
ENSMUSG00000080717	B230307C23Rik	protein_coding	7	no ortholog in the table
ENSMUSG00000046180	Magea13	protein_coding	7	no ortholog in the table
ENSMUSG00000046173	Pabpc6	protein_coding	7	no ortholog in the table
ENSMUSG00000060735	Rxfp3	protein_coding	7	no ortholog in the table
ENSMUSG00000060317	Acnat2	protein_coding	7	no ortholog in the table
ENSMUSG00000061039	Or8b53	protein_coding	7	no ortholog in the table
ENSMUSG00000081044	AU015836	protein_coding	7	no ortholog in the table
ENSMUSG00000050215	Or13e8	protein_coding	7	no ortholog in the table
ENSMUSG00000022738	Gsc2	protein_coding	7	ortholog(s) exist but none is in the other vocabulary
ENSMUSG00000042993	Ifnk	protein_coding	7	no ortholog in the table
ENSMUSG00000109771	Gm35315	protein_coding	7	no ortholog in the table
ENSMUSG00000063412	Erhrt-ps	protein_coding	7	no ortholog in the table
ENSMUSG00000061633	Ndufb11b	protein_coding	7	no ortholog in the table
ENSMUSG00000050876	Spata31d1a	protein_coding	7	no ortholog in the table
ENSMUSG00000110266	Gm32742	protein_coding	7	no ortholog in the table
ENSMUSG00000043319	Cox8c	protein_coding	7	no ortholog in the table
ENSMUSG00000109926	Gm45808	protein_coding	7	no ortholog in the table
ENSMUSG00000061315	Naca	protein_coding	7	no ortholog in the table
ENSMUSG00000021139	S2bpcox16	protein_coding	7	no ortholog in the table
ENSMUSG00000068885	Lce3f	protein_coding	7	no ortholog in the table
ENSMUSG00000050266	Or52b1	protein_coding	7	no ortholog in the table
ENSMUSG00000085114	1600025M17Rik	protein_coding	7	no ortholog in the table
ENSMUSG00000031809	1700018B08Rik	protein_coding	7	no ortholog in the table
ENSMUSG00000044265	Olfm5	protein_coding	7	no ortholog in the table
ENSMUSG00000072479	Xlr5b	protein_coding	7	no ortholog in the table
ENSMUSG00000067615	Krt81	protein_coding	7	no ortholog in the table
ENSMUSG00000078605	E030025P04Rik	protein_coding	7	no ortholog in the table
ENSMUSG00000078621	Hbb-bh2	protein_coding	7	no ortholog in the table
ENSMUSG00000035560	Wdr20rt	protein_coding	7	no ortholog in the table
ENSMUSG00000035337	Uchl4	protein_coding	7	no ortholog in the table
ENSMUSG00000091255	Speer4e1	protein_coding	7	no ortholog in the table
ENSMUSG00000091474	2610021A01Rik	protein_coding	7	no ortholog in the table
ENSMUSG00000091528	Vmn2r-ps158	protein_coding	7	no ortholog in the table
ENSMUSG00000062727	H2bc12	protein_coding	7	no ortholog in the table
ENSMUSG00000062737	Prl3d2	protein_coding	7	no ortholog in the table
ENSMUSG00000021081	Serpina1f	protein_coding	6	no ortholog in the table
ENSMUSG00000095829	Speer1a	protein_coding	6	no ortholog in the table
ENSMUSG00000055385	Rnf212	protein_coding	6	no ortholog in the table
ENSMUSG00000055228	Gm49359	protein_coding	6	no ortholog in the table
ENSMUSG00000095595	Fam177a	protein_coding	6	no ortholog in the table
ENSMUSG00000027444	Cstdc1	protein_coding	6	no ortholog in the table
ENSMUSG00000044186	Nkx2-6	protein_coding	6	ortholog(s) exist but none is in the other vocabulary
ENSMUSG00000116895	Ermardl1	protein_coding	6	no ortholog in the table
ENSMUSG00000021907	Msmb	protein_coding	6	no ortholog in the table
ENSMUSG00000044724	Gpr152	protein_coding	6	ortholog(s) exist but none is in the other vocabulary
ENSMUSG00000085601	Meiosin	protein_coding	6	no ortholog in the table
ENSMUSG00000015721	Nlrp5	protein_coding	6	no ortholog in the table
ENSMUSG00000055891	Ubl4b	protein_coding	6	ortholog(s) exist but none is in the other vocabulary
ENSMUSG00000055679	Ctsr	protein_coding	6	no ortholog in the table
ENSMUSG00000075104	Or4c114	protein_coding	6	no ortholog in the table
ENSMUSG00000062154	Cimip4	protein_coding	6	ortholog(s) exist but none is in the other vocabulary
ENSMUSG00000062200	Vmn2r7	protein_coding	6	no ortholog in the table
ENSMUSG00000062201	Prl3d3	protein_coding	6	no ortholog in the table
ENSMUSG00000062017	Abca14	protein_coding	6	no ortholog in the table
ENSMUSG00000062037	Or8s16	protein_coding	6	no ortholog in the table
ENSMUSG00000051054	Spata31d1e	protein_coding	6	no ortholog in the table
ENSMUSG00000081443	Fam236d	protein_coding	6	no ortholog in the table
ENSMUSG00000022085	Pebp4	protein_coding	6	no ortholog in the table
ENSMUSG00000045539	Sprr3	protein_coding	6	no ortholog in the table
ENSMUSG00000031411	Pramex1	protein_coding	6	no ortholog in the table
ENSMUSG00000072694	Gm57857	protein_coding	6	no ortholog in the table
ENSMUSG00000095024	Gm5458	protein_coding	6	no ortholog in the table
ENSMUSG00000026940	Ccdc183	protein_coding	6	no ortholog in the table
ENSMUSG00000096740	Lbhd1	protein_coding	6	no ortholog in the table
ENSMUSG00000096795	Zfp433	protein_coding	6	no ortholog in the table
ENSMUSG00000096856	Gm10778	protein_coding	6	no ortholog in the table
ENSMUSG00000094793	Mup12	protein_coding	6	no ortholog in the table
ENSMUSG00000079871	Gm4984	protein_coding	6	no ortholog in the table
ENSMUSG00000055960	Skint4	protein_coding	6	no ortholog in the table
ENSMUSG00000094649	Mplkipl1	protein_coding	6	no ortholog in the table
ENSMUSG00000037058	Paip2	protein_coding	6	ortholog(s) exist but none is in the other vocabulary
ENSMUSG00000048284	Tas2r126	protein_coding	6	ortholog(s) exist but none is in the other vocabulary
ENSMUSG00000048292	Or10v5	protein_coding	6	no ortholog in the table
ENSMUSG00000050114	Prdx6b	protein_coding	6	no ortholog in the table
ENSMUSG00000110576	Gm36368	protein_coding	6	no ortholog in the table
ENSMUSG00000043948	Or52b2	protein_coding	6	ortholog(s) exist but none is in the other vocabulary
ENSMUSG00000043897	Vmn2r2	protein_coding	6	no ortholog in the table
ENSMUSG00000060967	Etd	protein_coding	6	no ortholog in the table
ENSMUSG00000063656	Gm10135	protein_coding	6	no ortholog in the table
ENSMUSG00000072915	Gm12258	protein_coding	6	no ortholog in the table
ENSMUSG00000043424	Eif3j2	protein_coding	6	no ortholog in the table
ENSMUSG00000110277	Gm45871	protein_coding	6	no ortholog in the table
ENSMUSG00000022362	Gm29394	protein_coding	6	no ortholog in the table
ENSMUSG00000051769	Wfdc15a	protein_coding	6	no ortholog in the table
ENSMUSG00000097148	Gapdhrt	protein_coding	6	no ortholog in the table
ENSMUSG00000097239	Gm27029	protein_coding	6	no ortholog in the table
ENSMUSG00000070594	Cfhr4	protein_coding	6	no ortholog in the table
ENSMUSG00000036924	Cst13	protein_coding	6	no ortholog in the table
ENSMUSG00000076436	Oxct2a	protein_coding	6	no ortholog in the table
ENSMUSG00000022542	Septin12	protein_coding	6	ortholog(s) exist but none is in the other vocabulary
ENSMUSG00000046000	Naa11	protein_coding	6	no ortholog in the table
ENSMUSG00000016982	Pom121l2	protein_coding	6	no ortholog in the table
ENSMUSG00000017064	Prl5a1	protein_coding	6	no ortholog in the table
ENSMUSG00000109946	Brd3os	protein_coding	6	no ortholog in the table
ENSMUSG00000026246	Alppl2	protein_coding	6	no ortholog in the table
ENSMUSG00000093954	Gm16867	protein_coding	6	no ortholog in the table
ENSMUSG00000010435	Spaca7	protein_coding	6	no ortholog in the table
ENSMUSG00000073130	Pasd1	protein_coding	6	no ortholog in the table
ENSMUSG00000051965	Nanos2	protein_coding	6	ortholog(s) exist but none is in the other vocabulary
ENSMUSG00000051896	Spmip9	protein_coding	6	ortholog(s) exist but none is in the other vocabulary
ENSMUSG00000047237	Fbxw21	protein_coding	6	no ortholog in the table
ENSMUSG00000039224	D1Pas1	protein_coding	6	no ortholog in the table
ENSMUSG00000069804	Gm10277	protein_coding	6	no ortholog in the table
ENSMUSG00000079476	Fam236e	protein_coding	6	no ortholog in the table
ENSMUSG00000087194	Skint6	protein_coding	6	no ortholog in the table
ENSMUSG00000087236	Kif28	protein_coding	6	no ortholog in the table
ENSMUSG00000079364	Gm3558	protein_coding	6	no ortholog in the table
ENSMUSG00000073062	Zxdb	protein_coding	6	no ortholog in the table
ENSMUSG00000008307	1700109H08Rik	protein_coding	6	no ortholog in the table
ENSMUSG00000025808	Ccdc7a	protein_coding	6	no ortholog in the table
ENSMUSG00000078452	Raet1d	protein_coding	6	no ortholog in the table
ENSMUSG00000092360	Gm20441	protein_coding	6	no ortholog in the table
ENSMUSG00000060508	Nlrp9b	protein_coding	6	no ortholog in the table
ENSMUSG00000042554	Zp3r	protein_coding	6	no ortholog in the table
ENSMUSG00000070324	Fbxw22	protein_coding	6	no ortholog in the table
ENSMUSG00000025727	Prr35	protein_coding	6	ortholog(s) exist but none is in the other vocabulary
ENSMUSG00000074449	Potefam3a	protein_coding	6	no ortholog in the table
ENSMUSG00000074529	Zfp972	protein_coding	6	no ortholog in the table
ENSMUSG00000092243	H2-T9	protein_coding	6	no ortholog in the table
ENSMUSG00000036244	Tbc1d21	protein_coding	6	ortholog(s) exist but none is in the other vocabulary
ENSMUSG00000029865	Sval1	protein_coding	6	no ortholog in the table
ENSMUSG00000107504	Gm35549	protein_coding	6	no ortholog in the table
ENSMUSG00000074595	Wfdc6a	protein_coding	6	no ortholog in the table
ENSMUSG00000057723	Krt33b	protein_coding	6	ortholog(s) exist but none is in the other vocabulary
ENSMUSG00000057762	Plp2rt	protein_coding	6	no ortholog in the table
ENSMUSG00000067399	Trim43c	protein_coding	6	no ortholog in the table
ENSMUSG00000042124	Lce1f	protein_coding	6	no ortholog in the table
ENSMUSG00000042157	Sprr2i	protein_coding	6	no ortholog in the table
ENSMUSG00000107478	Gm45234	protein_coding	6	no ortholog in the table
ENSMUSG00000097919	Gm27021	protein_coding	6	no ortholog in the table
ENSMUSG00000047094	Ofcc1	protein_coding	6	no ortholog in the table
ENSMUSG00000046922	Gpr6	protein_coding	6	ortholog(s) exist but none is in the other vocabulary
ENSMUSG00000071089	Trim75	protein_coding	6	no ortholog in the table
ENSMUSG00000071158	Klrh1	protein_coding	6	no ortholog in the table
ENSMUSG00000046486	Or6k6	protein_coding	6	ortholog(s) exist but none is in the other vocabulary
ENSMUSG00000041991	Hrnr	protein_coding	6	no ortholog in the table
ENSMUSG00000079092	Prl2c2	protein_coding	6	no ortholog in the table
ENSMUSG00000054141	Or1m1	protein_coding	6	ortholog(s) exist but none is in the other vocabulary
ENSMUSG00000054005	Mill1	protein_coding	6	no ortholog in the table
ENSMUSG00000046934	Csl	protein_coding	6	no ortholog in the table
ENSMUSG00000098470	C1rb	protein_coding	6	no ortholog in the table
ENSMUSG00000098530	Gm28051	protein_coding	6	no ortholog in the table
ENSMUSG00000098692	Gm28041	protein_coding	6	no ortholog in the table
ENSMUSG00000020327	Fgf22	protein_coding	6	no ortholog in the table
ENSMUSG00000048602	Morc2b	protein_coding	6	no ortholog in the table
ENSMUSG00000048626	Klf17	protein_coding	6	no ortholog in the table
ENSMUSG00000091530	Cldn20	protein_coding	6	no ortholog in the table
ENSMUSG00000098781	Gm28044	protein_coding	6	no ortholog in the table
ENSMUSG00000058287	Gm12253	protein_coding	6	no ortholog in the table
ENSMUSG00000058159	T2	protein_coding	6	no ortholog in the table
ENSMUSG00000073764	Gm12888	protein_coding	6	no ortholog in the table
ENSMUSG00000089951	Zfp968-ps	protein_coding	6	no ortholog in the table
ENSMUSG00000073894	Rbmxl2	protein_coding	6	ortholog(s) exist but none is in the other vocabulary
ENSMUSG00000029586	Spdye4b	protein_coding	6	no ortholog in the table
ENSMUSG00000023984	Gm20517	protein_coding	6	no ortholog in the table
ENSMUSG00000020545	Lrrc72	protein_coding	6	no ortholog in the table
ENSMUSG00000041620	Mmp1b	protein_coding	6	no ortholog in the table
ENSMUSG00000078688	Mup2	protein_coding	6	no ortholog in the table
ENSMUSG00000078689	Mup6	protein_coding	6	no ortholog in the table
ENSMUSG00000070023	Gm10283	protein_coding	6	no ortholog in the table
ENSMUSG00000099398	Ms4a14	protein_coding	6	no ortholog in the table
ENSMUSG00000024128	Sbp	protein_coding	6	no ortholog in the table
ENSMUSG00000103310	Pcdha12	protein_coding	6	ortholog(s) exist but none is in the other vocabulary
ENSMUSG00000090171	Ugt1a2	protein_coding	6	ortholog(s) exist but none is in the other vocabulary
ENSMUSG00000020481	Ankrd48	protein_coding	6	no ortholog in the table
ENSMUSG00000099913	Gm28551	protein_coding	6	no ortholog in the table
ENSMUSG00000058618	Defa39	protein_coding	6	no ortholog in the table
ENSMUSG00000058447	Gm26920	protein_coding	6	no ortholog in the table
ENSMUSG00000070870	Cryge	protein_coding	6	no ortholog in the table
ENSMUSG00000091045	Vmn2r55	protein_coding	6	no ortholog in the table
ENSMUSG00000090215	Trim34b	protein_coding	6	no ortholog in the table
ENSMUSG00000048981	Krt31	protein_coding	6	ortholog(s) exist but none is in the other vocabulary
ENSMUSG00000074003	Gucy2d	protein_coding	6	no ortholog in the table
ENSMUSG00000078887	Gm6710	protein_coding	6	no ortholog in the table
ENSMUSG00000067916	Zfp991	protein_coding	6	no ortholog in the table
ENSMUSG00000034493	4930556J24Rik	protein_coding	6	no ortholog in the table
ENSMUSG00000100923	Or2y1b	protein_coding	6	ortholog(s) exist but none is in the other vocabulary
ENSMUSG00000059334	Zfp36l3	protein_coding	6	no ortholog in the table
ENSMUSG00000040660	Cyp2b9	protein_coding	6	no ortholog in the table
ENSMUSG00000090298	Sult3a2	protein_coding	6	no ortholog in the table
ENSMUSG00000102422	Iqschfp	protein_coding	6	no ortholog in the table
ENSMUSG00000102543	Pcdhgc5	protein_coding	6	ortholog(s) exist but none is in the other vocabulary
ENSMUSG00000090744	Gm6871	protein_coding	6	no ortholog in the table
MGI:2136939	Klra22	protein_coding	6	no Ensembl id (MGI/HGNC accession): not in the ortholog table
MGI:3526447	Rsc1a1	protein_coding	6	no Ensembl id (MGI/HGNC accession): not in the ortholog table
ENSMUSG00000071748	Styx-ps	protein_coding	6	no ortholog in the table
MGI:3648581	Gm8439	protein_coding	6	no Ensembl id (MGI/HGNC accession): not in the ortholog table
ENSMUSG00000045337	Defb11	protein_coding	6	no ortholog in the table
ENSMUSG00000062464	Cyp4f37	protein_coding	6	no ortholog in the table
ENSMUSG00000072295	C2cd6	protein_coding	6	no ortholog in the table
ENSMUSG00000069080	Lcn11	protein_coding	6	no ortholog in the table
ENSMUSG00000045004	Spata21	protein_coding	6	no ortholog in the table
ENSMUSG00000050742	Or2m12	protein_coding	5	no ortholog in the table
ENSMUSG00000069053	Uba1y	protein_coding	5	no ortholog in the table
ENSMUSG00000062342	Serpinb9e	protein_coding	5	no ortholog in the table
ENSMUSG00000045291	Ube2q2l	protein_coding	5	no ortholog in the table
ENSMUSG00000031512	Tex29	protein_coding	5	no ortholog in the table
ENSMUSG00000096370	Gm21992	protein_coding	5	no ortholog in the table
ENSMUSG00000096593	Vmn2r54	protein_coding	5	no ortholog in the table
ENSMUSG00000066583	Scgb1b27	protein_coding	5	no ortholog in the table
ENSMUSG00000055895	Oosp2	protein_coding	5	no ortholog in the table
ENSMUSG00000095514	Tcstv6a	protein_coding	5	no ortholog in the table
ENSMUSG00000072707	Or2t1	protein_coding	5	ortholog(s) exist but none is in the other vocabulary
ENSMUSG00000069873	4930438A08Rik	protein_coding	5	no ortholog in the table
ENSMUSG00000064010	Dppa1	protein_coding	5	no ortholog in the table
ENSMUSG00000102805	Gm37240	protein_coding	5	no ortholog in the table
ENSMUSG00000034677	Gpr142	protein_coding	5	ortholog(s) exist but none is in the other vocabulary
ENSMUSG00000059040	Eno1b	protein_coding	5	no ortholog in the table
ENSMUSG00000067767	Clec4b2	protein_coding	5	no ortholog in the table
ENSMUSG00000074215	Gm10643	protein_coding	5	no ortholog in the table
ENSMUSG00000058499	Pip	protein_coding	5	no ortholog in the table
ENSMUSG00000058568	Defb50	protein_coding	5	no ortholog in the table
ENSMUSG00000046774	8030474K03Rik	protein_coding	5	no ortholog in the table
ENSMUSG00000100586	Vmn1r90	protein_coding	5	no ortholog in the table
ENSMUSG00000078878	Gm14305	protein_coding	5	no ortholog in the table
ENSMUSG00000006570	Defb2	protein_coding	5	no ortholog in the table
ENSMUSG00000090219	Or51a42	protein_coding	5	no ortholog in the table
ENSMUSG00000039710	Slc7a12	protein_coding	5	no ortholog in the table
ENSMUSG00000024101	Washc1	protein_coding	5	ortholog(s) exist but none is in the other vocabulary
ENSMUSG00000103392	Gm38303	protein_coding	5	no ortholog in the table
ENSMUSG00000006490	Prl8a9	protein_coding	5	no ortholog in the table
ENSMUSG00000024903	Lao1	protein_coding	5	no ortholog in the table
ENSMUSG00000091175	S100a7l2	protein_coding	5	no ortholog in the table
ENSMUSG00000053863	Mepe	protein_coding	5	no ortholog in the table
ENSMUSG00000073967	Or51d1	protein_coding	5	ortholog(s) exist but none is in the other vocabulary
ENSMUSG00000090059	Or8j3c	protein_coding	5	no ortholog in the table
ENSMUSG00000034039	Prss29	protein_coding	5	no ortholog in the table
ENSMUSG00000079029	Eif1ad7	protein_coding	5	no ortholog in the table
ENSMUSG00000103766	Gm38392	protein_coding	5	no ortholog in the table
ENSMUSG00000074433	Lce3e	protein_coding	5	no ortholog in the table
ENSMUSG00000035427	Mageb4	protein_coding	5	no ortholog in the table
ENSMUSG00000018656	Tcaf3	protein_coding	5	no ortholog in the table
ENSMUSG00000091375	Vmn2r15	protein_coding	5	no ortholog in the table
ENSMUSG00000035592	Krt33a	protein_coding	5	ortholog(s) exist but none is in the other vocabulary
ENSMUSG00000046957	Spz1	protein_coding	5	no ortholog in the table
ENSMUSG00000074444	Defa30	protein_coding	5	no ortholog in the table
ENSMUSG00000098004	Gm27027	protein_coding	5	no ortholog in the table
ENSMUSG00000091511	Vmn2r87	protein_coding	5	no ortholog in the table
ENSMUSG00000098950	Gm28036	protein_coding	5	no ortholog in the table
ENSMUSG00000073747	Zpld2	protein_coding	5	no ortholog in the table
ENSMUSG00000073834	Mup11	protein_coding	5	no ortholog in the table
ENSMUSG00000089989	Gm45713	protein_coding	5	no ortholog in the table
ENSMUSG00000089992	G6pd2	protein_coding	5	no ortholog in the table
ENSMUSG00000060208	Defa17	protein_coding	5	no ortholog in the table
ENSMUSG00000073842	Mup7	protein_coding	5	no ortholog in the table
ENSMUSG00000046367	Mgat4e	protein_coding	5	no ortholog in the table
ENSMUSG00000105340	Gm42878	protein_coding	5	no ortholog in the table
ENSMUSG00000105835	Gm43552	protein_coding	5	no ortholog in the table
ENSMUSG00000042031	Lce3b	protein_coding	5	no ortholog in the table
ENSMUSG00000029813	Aoc1l2	protein_coding	5	no ortholog in the table
ENSMUSG00000089768	Tmsb15b1	protein_coding	5	no ortholog in the table
ENSMUSG00000054116	E130116L18Rik	protein_coding	5	no ortholog in the table
ENSMUSG00000067649	Mageb18	protein_coding	5	ortholog(s) exist but none is in the other vocabulary
ENSMUSG00000078598	Skint5	protein_coding	5	no ortholog in the table
ENSMUSG00000078606	Gvin2	protein_coding	5	no ortholog in the table
ENSMUSG00000079165	Sap25	protein_coding	5	no ortholog in the table
ENSMUSG00000042243	BC051665	protein_coding	5	no ortholog in the table
ENSMUSG00000020617	1700012B07Rik	protein_coding	5	no ortholog in the table
ENSMUSG00000052414	Gm28047	protein_coding	5	no ortholog in the table
ENSMUSG00000089728	Clec2f	protein_coding	5	no ortholog in the table
ENSMUSG00000089739	Gm20431	protein_coding	5	no ortholog in the table
ENSMUSG00000058126	Tpm3-rs7	protein_coding	5	no ortholog in the table
ENSMUSG00000057899	Adgrf2	protein_coding	5	no ortholog in the table
ENSMUSG00000070810	Sult2a6	protein_coding	5	no ortholog in the table
ENSMUSG00000070837	Aurkc	protein_coding	5	no ortholog in the table
ENSMUSG00000091867	Cyp2a22	protein_coding	5	no ortholog in the table
ENSMUSG00000091903	Speer1h	protein_coding	5	no ortholog in the table
ENSMUSG00000079244	Gm5622	protein_coding	5	no ortholog in the table
ENSMUSG00000079349	Magea5	protein_coding	5	no ortholog in the table
ENSMUSG00000087303	Lipo2	protein_coding	5	no ortholog in the table
ENSMUSG00000087610	Gm16253	protein_coding	5	no ortholog in the table
ENSMUSG00000073406	H2-T13	protein_coding	5	no ortholog in the table
ENSMUSG00000066007	Zfp600	protein_coding	5	no ortholog in the table
ENSMUSG00000035780	Ugt2a3	protein_coding	5	no ortholog in the table
ENSMUSG00000028407	Smim27	protein_coding	5	no ortholog in the table
ENSMUSG00000091983	Or2r3	protein_coding	5	no ortholog in the table
ENSMUSG00000054266	Serpinb9d	protein_coding	5	no ortholog in the table
ENSMUSG00000107928	Gm45140	protein_coding	5	no ortholog in the table
ENSMUSG00000108596	Gm49368	protein_coding	5	no ortholog in the table
ENSMUSG00000052075	1700029F12Rik	protein_coding	5	no ortholog in the table
ENSMUSG00000092048	Vmn2r85	protein_coding	5	no ortholog in the table
ENSMUSG00000092167	Gm3696	protein_coding	5	no ortholog in the table
ENSMUSG00000092210	A930009A15Rik	protein_coding	5	no ortholog in the table
ENSMUSG00000092277	Gm19684	protein_coding	5	no ortholog in the table
ENSMUSG00000030385	2900092C05Rik	protein_coding	5	no ortholog in the table
ENSMUSG00000109238	Tex51	protein_coding	5	no ortholog in the table
ENSMUSG00000097565	Gm26965	protein_coding	5	no ortholog in the table
ENSMUSG00000020213	Glipr1l1	protein_coding	5	no ortholog in the table
ENSMUSG00000092470	Gm20518	protein_coding	5	no ortholog in the table
ENSMUSG00000092544	Gm20422	protein_coding	5	no ortholog in the table
ENSMUSG00000060863	Tcl1b2	protein_coding	5	no ortholog in the table
ENSMUSG00000073294	Ezhip	protein_coding	5	no ortholog in the table
ENSMUSG00000073116	Speer4a2	protein_coding	5	no ortholog in the table
ENSMUSG00000073119	Speer4a1	protein_coding	5	no ortholog in the table
ENSMUSG00000079492	H2-T15	protein_coding	5	no ortholog in the table
ENSMUSG00000051956	Rnf133	protein_coding	5	ortholog(s) exist but none is in the other vocabulary
ENSMUSG00000051900	Abca16	protein_coding	5	no ortholog in the table
ENSMUSG00000047286	Or10k2	protein_coding	5	ortholog(s) exist but none is in the other vocabulary
ENSMUSG00000067049	Unc93a	protein_coding	5	no ortholog in the table
ENSMUSG00000067229	Cyp2c66	protein_coding	5	no ortholog in the table
ENSMUSG00000093593	Gm20683	protein_coding	5	no ortholog in the table
ENSMUSG00000030804	Gm21974	protein_coding	5	no ortholog in the table
ENSMUSG00000017310	Spint4	protein_coding	5	no ortholog in the table
ENSMUSG00000030653	Gm45837	protein_coding	5	no ortholog in the table
ENSMUSG00000043282	Teddm1b	protein_coding	5	ortholog(s) exist but none is in the other vocabulary
ENSMUSG00000109903	Cdhr17	protein_coding	5	no ortholog in the table
ENSMUSG00000094305	Scgb2b20	protein_coding	5	no ortholog in the table
ENSMUSG00000066141	Gm11232	protein_coding	5	no ortholog in the table
ENSMUSG00000093979	Gm2237	protein_coding	5	no ortholog in the table
ENSMUSG00000066153	Mup21	protein_coding	5	no ortholog in the table
ENSMUSG00000061561	Or2z9	protein_coding	5	no ortholog in the table
ENSMUSG00000072878	Nup50l	protein_coding	5	no ortholog in the table
ENSMUSG00000110136	Gm45785	protein_coding	5	no ortholog in the table
ENSMUSG00000110221	Gm36210	protein_coding	5	ortholog(s) exist but none is in the other vocabulary
ENSMUSG00000056509	Misfa	protein_coding	5	no ortholog in the table
ENSMUSG00000038709	Txndc8	protein_coding	5	no ortholog in the table
ENSMUSG00000079941	Cox5b-ps	protein_coding	5	no ortholog in the table
ENSMUSG00000096968	Gm26620	protein_coding	5	no ortholog in the table
ENSMUSG00000070419	Cyp3a57	protein_coding	5	no ortholog in the table
ENSMUSG00000043986	Spata31d1d	protein_coding	5	no ortholog in the table
ENSMUSG00000072754	Lrcol1	protein_coding	5	no ortholog in the table
ENSMUSG00000096775	Gm5796	protein_coding	5	no ortholog in the table
ENSMUSG00000019756	Prl8a1	protein_coding	5	no ortholog in the table
ENSMUSG00000037246	H2-M10.5	protein_coding	5	no ortholog in the table
ENSMUSG00000032451	Trim42	protein_coding	5	ortholog(s) exist but none is in the other vocabulary
ENSMUSG00000079633	Rhox4d	protein_coding	5	no ortholog in the table
ENSMUSG00000111611	Or13c7c	protein_coding	5	no ortholog in the table
ENSMUSG00000061958	Defa38	protein_coding	5	no ortholog in the table
ENSMUSG00000112449	Srp54b	protein_coding	5	no ortholog in the table
ENSMUSG00000083307	AA414768	protein_coding	5	no ortholog in the table
ENSMUSG00000085684	4930469K13Rik	protein_coding	5	no ortholog in the table
ENSMUSG00000085933	Tmem61	protein_coding	5	no ortholog in the table
ENSMUSG00000080907	4930455H04Rik	protein_coding	5	no ortholog in the table
ENSMUSG00000069248	Serpinb6e	protein_coding	5	no ortholog in the table
ENSMUSG00000072595	4930503E14Rik	protein_coding	5	no ortholog in the table
ENSMUSG00000075570	Krt26	protein_coding	5	ortholog(s) exist but none is in the other vocabulary
ENSMUSG00000075574	Defb48	protein_coding	5	ortholog(s) exist but none is in the other vocabulary
ENSMUSG00000094992	Fbxw25	protein_coding	5	no ortholog in the table
ENSMUSG00000095061	E030018B13Rik	protein_coding	5	no ortholog in the table
ENSMUSG00000062732	Lypd4	protein_coding	5	ortholog(s) exist but none is in the other vocabulary
ENSMUSG00000055298	Ctsj	protein_coding	5	no ortholog in the table
ENSMUSG00000095550	Speer4a3	protein_coding	5	no ortholog in the table
ENSMUSG00000096175	Tcstv2b	protein_coding	5	no ortholog in the table
ENSMUSG00000096255	Dynlt1b	protein_coding	5	no ortholog in the table
ENSMUSG00000116652	Fam246a	protein_coding	5	no ortholog in the table
ENSMUSG00000031640	Gm45753	protein_coding	5	no ortholog in the table
ENSMUSG00000085549	1700047F07Rik	protein_coding	5	no ortholog in the table
ENSMUSG00000090362	Vmn2r79	protein_coding	5	no ortholog in the table
ENSMUSG00000102416	4933424G06Rik	protein_coding	5	no ortholog in the table
ENSMUSG00000074061	Fbxw19	protein_coding	5	no ortholog in the table
ENSMUSG00000101645	Gm28635	protein_coding	5	no ortholog in the table
ENSMUSG00000090470	Prr23a3	protein_coding	5	no ortholog in the table
ENSMUSG00000090658	Prss47	protein_coding	5	no ortholog in the table
ENSMUSG00000090691	Gm3667	protein_coding	5	no ortholog in the table
ENSMUSG00000071726	Gm5941	protein_coding	4	no ortholog in the table
ENSMUSG00000062651	H2al2a	protein_coding	4	no ortholog in the table
ENSMUSG00000044664	Prss42	protein_coding	4	no ortholog in the table
ENSMUSG00000021966	Prss52	protein_coding	4	no ortholog in the table
ENSMUSG00000070530	Wfdc16	protein_coding	4	no ortholog in the table
ENSMUSG00000019834	Slc22a16	protein_coding	4	no ortholog in the table
ENSMUSG00000070458	Vmn2r73	protein_coding	4	no ortholog in the table
ENSMUSG00000032191	Bcl2l10	protein_coding	4	no ortholog in the table
ENSMUSG00000050961	AY358078	protein_coding	4	no ortholog in the table
ENSMUSG00000044429	Cryga	protein_coding	4	ortholog(s) exist but none is in the other vocabulary
ENSMUSG00000050158	Or2m13	protein_coding	4	no ortholog in the table
ENSMUSG00000069189	Zdhhc11	protein_coding	4	no ortholog in the table
ENSMUSG00000068806	Or4c12	protein_coding	4	no ortholog in the table
ENSMUSG00000084786	Ubl5	protein_coding	4	no ortholog in the table
ENSMUSG00000084782	Tex53	protein_coding	4	no ortholog in the table
ENSMUSG00000045521	Tssk2	protein_coding	4	ortholog(s) exist but none is in the other vocabulary
ENSMUSG00000095577	Gm6619	protein_coding	4	no ortholog in the table
ENSMUSG00000051276	Actrt2	protein_coding	4	ortholog(s) exist but none is in the other vocabulary
ENSMUSG00000069266	H4c2	protein_coding	4	no ortholog in the table
ENSMUSG00000069258	Prl2b1	protein_coding	4	no ortholog in the table
ENSMUSG00000061701	Fbxw20	protein_coding	4	no ortholog in the table
ENSMUSG00000061937	Csn1s2a	protein_coding	4	no ortholog in the table
ENSMUSG00000043925	Or55b4	protein_coding	4	no ortholog in the table
ENSMUSG00000079584	Tm9sf5	protein_coding	4	no ortholog in the table
ENSMUSG00000031085	Acte1	protein_coding	4	no ortholog in the table
ENSMUSG00000038071	Npy6r	protein_coding	4	no ortholog in the table
ENSMUSG00000075112	Or4c15	protein_coding	4	no ortholog in the table
ENSMUSG00000066584	Scgb2b27	protein_coding	4	no ortholog in the table
ENSMUSG00000096607	7530416G11Rik	protein_coding	4	no ortholog in the table
ENSMUSG00000026985	Il36b	protein_coding	4	no ortholog in the table
ENSMUSG00000051207	Mrgprd	protein_coding	4	ortholog(s) exist but none is in the other vocabulary
ENSMUSG00000005891	Prl4a1	protein_coding	4	no ortholog in the table
ENSMUSG00000111259	Or10ak7	protein_coding	4	no ortholog in the table
ENSMUSG00000069267	H3c2	protein_coding	4	no ortholog in the table
ENSMUSG00000051732	Pabpc2	protein_coding	4	no ortholog in the table
ENSMUSG00000037477	Tbx10	protein_coding	4	no ortholog in the table
ENSMUSG00000027564	Cypt12	protein_coding	4	no ortholog in the table
ENSMUSG00000094995	Pate3	protein_coding	4	ortholog(s) exist but none is in the other vocabulary
ENSMUSG00000027468	Defb22	protein_coding	4	no ortholog in the table
ENSMUSG00000095315	Zfp1001	protein_coding	4	no ortholog in the table
ENSMUSG00000037529	Prss40	protein_coding	4	no ortholog in the table
ENSMUSG00000110067	6330411D24Rik	protein_coding	4	no ortholog in the table
ENSMUSG00000043383	Or13p4	protein_coding	4	no ortholog in the table
ENSMUSG00000043429	Ccdc185	protein_coding	4	ortholog(s) exist but none is in the other vocabulary
ENSMUSG00000043472	Lce3d	protein_coding	4	no ortholog in the table
ENSMUSG00000110008	Or51f23b	protein_coding	4	ortholog(s) exist but none is in the other vocabulary
ENSMUSG00000061292	Cyp3a59	protein_coding	4	no ortholog in the table
ENSMUSG00000056018	Ccdc7b	protein_coding	4	no ortholog in the table
ENSMUSG00000075551	Cyp3a41a	protein_coding	4	no ortholog in the table
ENSMUSG00000094808	1810009J06Rik	protein_coding	4	no ortholog in the table
ENSMUSG00000008789	Ceacam5	protein_coding	4	no ortholog in the table
ENSMUSG00000094311	Rfpl4b	protein_coding	4	no ortholog in the table
ENSMUSG00000045802	Hsf3	protein_coding	4	no ortholog in the table
ENSMUSG00000032921	Odf4	protein_coding	4	no ortholog in the table
ENSMUSG00000049972	Skint9	protein_coding	4	no ortholog in the table
ENSMUSG00000049946	BC030500	protein_coding	4	no ortholog in the table
ENSMUSG00000050058	Prm3	protein_coding	4	ortholog(s) exist but none is in the other vocabulary
ENSMUSG00000050015	Or1j4	protein_coding	4	ortholog(s) exist but none is in the other vocabulary
ENSMUSG00000045835	Hdgfl1	protein_coding	4	no ortholog in the table
ENSMUSG00000022543	Dnaaf8	protein_coding	4	no ortholog in the table
ENSMUSG00000036925	Mucl2	protein_coding	4	no ortholog in the table
ENSMUSG00000036951	Aadacl2fm1	protein_coding	4	no ortholog in the table
ENSMUSG00000047511	Or2v2	protein_coding	4	no ortholog in the table
ENSMUSG00000070686	Pramel34	protein_coding	4	no ortholog in the table
ENSMUSG00000001103	Sebox	protein_coding	4	ortholog(s) exist but none is in the other vocabulary
ENSMUSG00000038750	Omt2b	protein_coding	4	no ortholog in the table
ENSMUSG00000097221	1810049J17Rik	protein_coding	4	no ortholog in the table
ENSMUSG00000066383	Iqcf1	protein_coding	4	ortholog(s) exist but none is in the other vocabulary
ENSMUSG00000074881	Mageb3	protein_coding	4	no ortholog in the table
ENSMUSG00000074870	Cts3	protein_coding	4	no ortholog in the table
ENSMUSG00000038656	Cyp3a16	protein_coding	4	no ortholog in the table
ENSMUSG00000026226	Spata3	protein_coding	4	no ortholog in the table
ENSMUSG00000094132	Gm3264	protein_coding	4	no ortholog in the table
ENSMUSG00000094066	Spata31f1b	protein_coding	4	no ortholog in the table
ENSMUSG00000068289	Cma2	protein_coding	4	no ortholog in the table
ENSMUSG00000109372	Gm19410	protein_coding	4	no ortholog in the table
ENSMUSG00000097425	Vmn1r181	protein_coding	4	no ortholog in the table
ENSMUSG00000037014	Sstr4	protein_coding	4	ortholog(s) exist but none is in the other vocabulary
ENSMUSG00000093877	Or6z1	protein_coding	4	no ortholog in the table
ENSMUSG00000036749	Pramel5	protein_coding	4	no ortholog in the table
ENSMUSG00000038994	H1f9	protein_coding	4	no ortholog in the table
ENSMUSG00000079444	Gm21981	protein_coding	4	no ortholog in the table
ENSMUSG00000068083	Cyp2d40	protein_coding	4	no ortholog in the table
ENSMUSG00000079410	Gm2897	protein_coding	4	no ortholog in the table
ENSMUSG00000039146	Ifi44l	protein_coding	4	no ortholog in the table
ENSMUSG00000039174	1700003H04Rik	protein_coding	4	no ortholog in the table
ENSMUSG00000093456	Gm20662	protein_coding	4	no ortholog in the table
ENSMUSG00000054406	Or3a1d	protein_coding	4	no ortholog in the table
ENSMUSG00000048337	Npy4r	protein_coding	4	ortholog(s) exist but none is in the other vocabulary
ENSMUSG00000047295	Smgc	protein_coding	4	no ortholog in the table
ENSMUSG00000079396	Gm3411	protein_coding	4	no ortholog in the table
ENSMUSG00000079371	Gm3476	protein_coding	4	no ortholog in the table
ENSMUSG00000107872	Gm44511	protein_coding	4	no ortholog in the table
ENSMUSG00000073375	Lrrc30	protein_coding	4	ortholog(s) exist but none is in the other vocabulary
ENSMUSG00000042801	Or6c2b	protein_coding	4	no ortholog in the table
ENSMUSG00000060523	Or4k15c	protein_coding	4	ortholog(s) exist but none is in the other vocabulary
ENSMUSG00000025519	Tktl2	protein_coding	4	ortholog(s) exist but none is in the other vocabulary
ENSMUSG00000048573	Cypt3	protein_coding	4	no ortholog in the table
ENSMUSG00000092518	Garin5b	protein_coding	4	no ortholog in the table
ENSMUSG00000107705	Gm45062	protein_coding	4	no ortholog in the table
ENSMUSG00000079350	Magea8	protein_coding	4	no ortholog in the table
ENSMUSG00000004542	Psg19	protein_coding	4	no ortholog in the table
ENSMUSG00000049648	Or13c3	protein_coding	4	ortholog(s) exist but none is in the other vocabulary
ENSMUSG00000069825	Gm49340	protein_coding	4	no ortholog in the table
ENSMUSG00000068078	Krtap13-20	protein_coding	4	no ortholog in the table
ENSMUSG00000052549	Arl13a	protein_coding	4	no ortholog in the table
ENSMUSG00000057609	Lce1a1	protein_coding	4	no ortholog in the table
ENSMUSG00000057564	Or4e1	protein_coding	4	ortholog(s) exist but none is in the other vocabulary
ENSMUSG00000057697	Vmn1r53	protein_coding	4	no ortholog in the table
ENSMUSG00000092162	Vmn2r86	protein_coding	4	no ortholog in the table
ENSMUSG00000092049	Vmn2r4	protein_coding	4	no ortholog in the table
ENSMUSG00000068008	Bpifb3	protein_coding	4	ortholog(s) exist but none is in the other vocabulary
ENSMUSG00000046133	C130073F10Rik	protein_coding	4	no ortholog in the table
ENSMUSG00000042279	H1f8	protein_coding	4	no ortholog in the table
ENSMUSG00000106247	Gm43720	protein_coding	4	no ortholog in the table
ENSMUSG00000020299	4930524B15Rik	protein_coding	4	no ortholog in the table
ENSMUSG00000092032	Vmn2r59	protein_coding	4	no ortholog in the table
ENSMUSG00000067545	Or10q3	protein_coding	4	no ortholog in the table
ENSMUSG00000054272	Zscan4c	protein_coding	4	no ortholog in the table
ENSMUSG00000035785	Cmtm2b	protein_coding	4	no ortholog in the table
ENSMUSG00000020270	Smim23	protein_coding	4	no ortholog in the table
ENSMUSG00000057503	Or5b106	protein_coding	4	no ortholog in the table
ENSMUSG00000057446	Cts8	protein_coding	4	no ortholog in the table
ENSMUSG00000063867	Or10g1b	protein_coding	4	ortholog(s) exist but none is in the other vocabulary
ENSMUSG00000063810	Alms1	protein_coding	4	no ortholog in the table
ENSMUSG00000063728	Magea6	protein_coding	4	no ortholog in the table
ENSMUSG00000105867	Tmem271rt	protein_coding	4	ortholog(s) exist but none is in the other vocabulary
ENSMUSG00000029766	1700012A03Rik	protein_coding	4	no ortholog in the table
ENSMUSG00000078616	Trim30c	protein_coding	4	no ortholog in the table
ENSMUSG00000078599	Skint8	protein_coding	4	no ortholog in the table
ENSMUSG00000091614	Tmem217b	protein_coding	4	no ortholog in the table
ENSMUSG00000078575	Gm12887	protein_coding	4	no ortholog in the table
ENSMUSG00000035932	Or6s1	protein_coding	4	ortholog(s) exist but none is in the other vocabulary
ENSMUSG00000091682	Trgc3	TR_C_gene	4	no ortholog in the table
ENSMUSG00000091650	Apol11a	protein_coding	4	no ortholog in the table
ENSMUSG00000046899	Prl7a2	protein_coding	4	no ortholog in the table
ENSMUSG00000023093	Pate12	protein_coding	4	no ortholog in the table
ENSMUSG00000105589	Fbxw14	protein_coding	4	no ortholog in the table
ENSMUSG00000105103	Gm43191	protein_coding	4	no ortholog in the table
ENSMUSG00000105078	Vamp9	protein_coding	4	no ortholog in the table
ENSMUSG00000023140	Reg2	protein_coding	4	no ortholog in the table
ENSMUSG00000071104	Ccdc110	protein_coding	4	no ortholog in the table
ENSMUSG00000023279	Bmp15	protein_coding	4	ortholog(s) exist but none is in the other vocabulary
ENSMUSG00000059864	Or2y1g	protein_coding	4	ortholog(s) exist but none is in the other vocabulary
ENSMUSG00000060070	Defa26	protein_coding	4	no ortholog in the table
ENSMUSG00000091504	Vmn2r118	protein_coding	4	no ortholog in the table
ENSMUSG00000091472	Gm3739	protein_coding	4	no ortholog in the table
ENSMUSG00000048703	Speer4b	protein_coding	4	no ortholog in the table
ENSMUSG00000048686	Hmgb4	protein_coding	4	ortholog(s) exist but none is in the other vocabulary
ENSMUSG00000098650	Commd1b	protein_coding	4	no ortholog in the table
ENSMUSG00000091468	Vmn2r82	protein_coding	4	no ortholog in the table
ENSMUSG00000091318	Semp2l1	protein_coding	4	no ortholog in the table
ENSMUSG00000078683	Mup1	protein_coding	4	no ortholog in the table
ENSMUSG00000035177	Nlrp2	protein_coding	4	no ortholog in the table
ENSMUSG00000074440	Defa3	protein_coding	4	no ortholog in the table
ENSMUSG00000074437	Defa29	protein_coding	4	no ortholog in the table
ENSMUSG00000040065	Pfpl	protein_coding	4	no ortholog in the table
ENSMUSG00000041583	Obox6	protein_coding	4	no ortholog in the table
ENSMUSG00000090000	Ier3ip1	protein_coding	4	no ortholog in the table
ENSMUSG00000089943	Ugt1a5	protein_coding	4	ortholog(s) exist but none is in the other vocabulary
ENSMUSG00000029679	Hyal6	protein_coding	4	no ortholog in the table
ENSMUSG00000079180	Mptx2	protein_coding	4	no ortholog in the table
ENSMUSG00000003505	Psg18	protein_coding	4	no ortholog in the table
ENSMUSG00000024729	Ms4a20	protein_coding	4	no ortholog in the table
ENSMUSG00000099762	Gm21149	protein_coding	4	no ortholog in the table
ENSMUSG00000024857	Cabp2	protein_coding	4	ortholog(s) exist but none is in the other vocabulary
ENSMUSG00000034031	Ccdc182	protein_coding	4	ortholog(s) exist but none is in the other vocabulary
ENSMUSG00000067998	Bpifb9a	protein_coding	4	no ortholog in the table
ENSMUSG00000067919	Rex2	protein_coding	4	no ortholog in the table
ENSMUSG00000024571	Naa12	protein_coding	4	no ortholog in the table
ENSMUSG00000100505	Gm13283	protein_coding	4	no ortholog in the table
ENSMUSG00000046881	Or1ab2	protein_coding	4	no ortholog in the table
ENSMUSG00000046828	Mettl21e	protein_coding	4	no ortholog in the table
ENSMUSG00000058523	Mup5	protein_coding	4	no ortholog in the table
ENSMUSG00000064063	BC048507	protein_coding	4	no ortholog in the table
ENSMUSG00000074359	Psg23	protein_coding	4	no ortholog in the table
ENSMUSG00000090202	4930503B20Rik	protein_coding	4	no ortholog in the table
ENSMUSG00000029564	4930519G04Rik	protein_coding	4	no ortholog in the table
ENSMUSG00000063971	Krt88	protein_coding	4	no ortholog in the table
ENSMUSG00000063953	Amd2	protein_coding	4	no ortholog in the table
ENSMUSG00000034555	Tex16	protein_coding	4	no ortholog in the table
ENSMUSG00000013353	Siglecl2	protein_coding	4	no ortholog in the table
ENSMUSG00000053624	Gykl1	protein_coding	4	no ortholog in the table
ENSMUSG00000078880	Gm14308	protein_coding	4	no ortholog in the table
ENSMUSG00000078879	Zfp973	protein_coding	4	no ortholog in the table
ENSMUSG00000078872	Gm14401	protein_coding	4	no ortholog in the table
ENSMUSG00000091034	Scpppq1	protein_coding	4	no ortholog in the table
ENSMUSG00000048994	H2al3	protein_coding	4	no ortholog in the table
ENSMUSG00000024171	Prss28	protein_coding	4	no ortholog in the table
ENSMUSG00000102439	Flg	protein_coding	4	no ortholog in the table
ENSMUSG00000101315	Krtap28-13	protein_coding	4	no ortholog in the table
ENSMUSG00000001168	Oas1h	protein_coding	4	no ortholog in the table
ENSMUSG00000058927	Gm10053	protein_coding	4	no ortholog in the table
ENSMUSG00000034359	Skint2	protein_coding	4	no ortholog in the table
ENSMUSG00000090714	Zscan4d	protein_coding	4	no ortholog in the table
ENSMUSG00000029112	Nkx1-1	protein_coding	4	ortholog(s) exist but none is in the other vocabulary
ENSMUSG00000090451	Gm6133	protein_coding	4	no ortholog in the table
ENSMUSG00000079007	Tcl1b4	protein_coding	4	no ortholog in the table
ENSMUSG00000079003	Samd1	protein_coding	4	no ortholog in the table
ENSMUSG00000078998	Bpifa6	protein_coding	4	no ortholog in the table
ENSMUSG00000085486	Ccdc200	protein_coding	4	no ortholog in the table
ENSMUSG00000021440	Cts7	protein_coding	4	no ortholog in the table
ENSMUSG00000121803	Taf7l2	protein_coding	4	no ortholog in the table
ENSMUSG00000121790	2310069G16Rik	protein_coding	4	no ortholog in the table
ENSMUSG00000021763	Cspg4b	protein_coding	4	no ortholog in the table
ENSMUSG00000095724	Eif1ad19	protein_coding	4	no ortholog in the table
ENSMUSG00000045174	Amer3	protein_coding	4	ortholog(s) exist but none is in the other vocabulary
MGI:1920383	3110021N24Rik	protein_coding	4	no Ensembl id (MGI/HGNC accession): not in the ortholog table
MGI:1321091	Klra12	protein_coding	4	no Ensembl id (MGI/HGNC accession): not in the ortholog table
MGI:1316661	Vmn2r122	protein_coding	4	no Ensembl id (MGI/HGNC accession): not in the ortholog table
ENSMUSG00000062818	Vmn1r51	protein_coding	3	no ortholog in the table
ENSMUSG00001074846	Iqcf3	protein_coding	3	no ortholog in the table
MGI:3704234	Gm10306	protein_coding	3	no Ensembl id (MGI/HGNC accession): not in the ortholog table
ENSMUSG00000062527	Or10j27	protein_coding	3	no ortholog in the table
ENSMUSG00000096023	Gm3542	protein_coding	3	no ortholog in the table
ENSMUSG00000019867	Gje1	protein_coding	3	ortholog(s) exist but none is in the other vocabulary
ENSMUSG00000047995	Cypt4	protein_coding	3	no ortholog in the table
ENSMUSG00000047980	Pate5	protein_coding	3	no ortholog in the table
ENSMUSG00000070489	4930527J03Rik	protein_coding	3	no ortholog in the table
ENSMUSG00000070425	Xntrpc	protein_coding	3	no ortholog in the table
ENSMUSG00000095975	Cphx1	protein_coding	3	no ortholog in the table
ENSMUSG00000116930	Gm49711	protein_coding	3	no ortholog in the table
ENSMUSG00000044084	Spem2	protein_coding	3	ortholog(s) exist but none is in the other vocabulary
ENSMUSG00000072575	Eddm3b	protein_coding	3	ortholog(s) exist but none is in the other vocabulary
ENSMUSG00000029268	Ugt2a2	protein_coding	3	ortholog(s) exist but none is in the other vocabulary
ENSMUSG00000046717	Igbp1b	protein_coding	3	no ortholog in the table
ENSMUSG00000041255	Tmco5b	protein_coding	3	no ortholog in the table
ENSMUSG00000102091	Or5m9	protein_coding	3	ortholog(s) exist but none is in the other vocabulary
ENSMUSG00000101337	Dnah7c	protein_coding	3	no ortholog in the table
ENSMUSG00000059043	Or2c1	protein_coding	3	ortholog(s) exist but none is in the other vocabulary
ENSMUSG00000040901	Kcnk18	protein_coding	3	ortholog(s) exist but none is in the other vocabulary
ENSMUSG00000040514	Tex47	protein_coding	3	ortholog(s) exist but none is in the other vocabulary
ENSMUSG00000040601	Nlrp4a	protein_coding	3	no ortholog in the table
ENSMUSG00000059031	Or5p58	protein_coding	3	no ortholog in the table
ENSMUSG00000059343	Aldoart1	protein_coding	3	no ortholog in the table
ENSMUSG00000078940	Wfdc11	protein_coding	3	no ortholog in the table
ENSMUSG00000046652	Tas2r143	protein_coding	3	no ortholog in the table
ENSMUSG00000078903	Gm14391	protein_coding	3	no ortholog in the table
ENSMUSG00000090762	Vmn2r56	protein_coding	3	no ortholog in the table
ENSMUSG00000053593	Fate1	protein_coding	3	no ortholog in the table
ENSMUSG00000078889	Gm14288	protein_coding	3	no ortholog in the table
ENSMUSG00000078869	Zfp1010	protein_coding	3	no ortholog in the table
ENSMUSG00000090949	Vmn2r77	protein_coding	3	no ortholog in the table
ENSMUSG00000090874	Or4n4b	protein_coding	3	ortholog(s) exist but none is in the other vocabulary
ENSMUSG00000048766	Skint10	protein_coding	3	no ortholog in the table
ENSMUSG00000048919	Or2aa1	protein_coding	3	no ortholog in the table
ENSMUSG00000048996	Or1f12	protein_coding	3	no ortholog in the table
ENSMUSG00000073971	Or52m1	protein_coding	3	ortholog(s) exist but none is in the other vocabulary
ENSMUSG00000073907	Or56b35	protein_coding	3	ortholog(s) exist but none is in the other vocabulary
ENSMUSG00000041566	Tssk1	protein_coding	3	ortholog(s) exist but none is in the other vocabulary
ENSMUSG00000018595	Glra4	protein_coding	3	no ortholog in the table
ENSMUSG00000100838	Gm29094	protein_coding	3	no ortholog in the table
ENSMUSG00000024532	1700034E13Rik	protein_coding	3	ortholog(s) exist but none is in the other vocabulary
ENSMUSG00000100200	H2al1m	protein_coding	3	no ortholog in the table
ENSMUSG00000046974	Timd6	protein_coding	3	no ortholog in the table
ENSMUSG00000007209	Ceacam9	protein_coding	3	no ortholog in the table
ENSMUSG00000090129	Or10ad1	protein_coding	3	ortholog(s) exist but none is in the other vocabulary
ENSMUSG00000029437	Il31	protein_coding	3	no ortholog in the table
ENSMUSG00000014104	Sval2	protein_coding	3	no ortholog in the table
ENSMUSG00000053729	Spinkl	protein_coding	3	no ortholog in the table
ENSMUSG00000091129	Iqcf6	protein_coding	3	ortholog(s) exist but none is in the other vocabulary
ENSMUSG00000034689	Ccdc202	protein_coding	3	no ortholog in the table
ENSMUSG00000040495	Chrm4	protein_coding	3	ortholog(s) exist but none is in the other vocabulary
ENSMUSG00000099579	1700120K04Rik	protein_coding	3	no ortholog in the table
ENSMUSG00000099518	Gm13275	protein_coding	3	no ortholog in the table
ENSMUSG00000041399	1700013G24Rik	protein_coding	3	no ortholog in the table
ENSMUSG00000079058	Adam34	protein_coding	3	no ortholog in the table
ENSMUSG00000067996	Bpifb9b	protein_coding	3	no ortholog in the table
ENSMUSG00000018196	Glrx2	protein_coding	3	no ortholog in the table
ENSMUSG00000098140	Gm26938	protein_coding	3	no ortholog in the table
ENSMUSG00000099481	Xndc1	protein_coding	3	no ortholog in the table
ENSMUSG00000039775	Defb3	protein_coding	3	no ortholog in the table
ENSMUSG00000069971	4933402J07Rik	protein_coding	3	no ortholog in the table
ENSMUSG00000028784	Spocd1	protein_coding	3	no ortholog in the table
ENSMUSG00000000381	Wap	protein_coding	3	no ortholog in the table
ENSMUSG00000074439	Defa5	protein_coding	3	no ortholog in the table
ENSMUSG00000074377	Sult2a4	protein_coding	3	no ortholog in the table
ENSMUSG00000089942	Pira2	protein_coding	3	no ortholog in the table
ENSMUSG00000073786	Krtap5-21	protein_coding	3	no ortholog in the table
ENSMUSG00000073774	Kncn	protein_coding	3	ortholog(s) exist but none is in the other vocabulary
ENSMUSG00000073768	Or10ak16	protein_coding	3	no ortholog in the table
ENSMUSG00000049560	Defb20	protein_coding	3	no ortholog in the table
ENSMUSG00000067700	Gm5862	protein_coding	3	no ortholog in the table
ENSMUSG00000091617	Gm3752	protein_coding	3	no ortholog in the table
ENSMUSG00000028520	4921539E11Rik	protein_coding	3	no ortholog in the table
ENSMUSG00000091679	Vmn2r96	protein_coding	3	no ortholog in the table
ENSMUSG00000073730	Ppp1r14bl	protein_coding	3	no ortholog in the table
ENSMUSG00000041805	Pramel1	protein_coding	3	no ortholog in the table
ENSMUSG00000091497	Mageb11	protein_coding	3	no ortholog in the table
ENSMUSG00000078675	Mup16	protein_coding	3	no ortholog in the table
ENSMUSG00000078674	Mup18	protein_coding	3	no ortholog in the table
ENSMUSG00000073458	Smok2a	protein_coding	3	no ortholog in the table
ENSMUSG00000047014	Catsperb	protein_coding	3	no ortholog in the table
ENSMUSG00000074443	Defa22	protein_coding	3	no ortholog in the table
ENSMUSG00000057977	Skint11	protein_coding	3	no ortholog in the table
ENSMUSG00000058028	Zscan5b	protein_coding	3	no ortholog in the table
ENSMUSG00000092019	Eif1ad6	protein_coding	3	no ortholog in the table
ENSMUSG00000078593	P3r3urf	protein_coding	3	ortholog(s) exist but none is in the other vocabulary
ENSMUSG00000063715	Or6c69	protein_coding	3	no ortholog in the table
ENSMUSG00000079112	Fam90a1a	protein_coding	3	no ortholog in the table
ENSMUSG00000089773	Skint1	protein_coding	3	no ortholog in the table
ENSMUSG00000049214	Skint7	protein_coding	3	no ortholog in the table
ENSMUSG00000049548	Krt82	protein_coding	3	ortholog(s) exist but none is in the other vocabulary
ENSMUSG00000052469	Tcp10c	protein_coding	3	no ortholog in the table
ENSMUSG00000057439	Kir3dl2	protein_coding	3	no ortholog in the table
ENSMUSG00000057674	Krtap2-22	protein_coding	3	no ortholog in the table
ENSMUSG00000092216	Gm19345	protein_coding	3	no ortholog in the table
ENSMUSG00000028287	1700009N14Rik	protein_coding	3	no ortholog in the table
ENSMUSG00000074593	Spint5	protein_coding	3	no ortholog in the table
ENSMUSG00000074527	Gm14296	protein_coding	3	no ortholog in the table
ENSMUSG00000068009	Bpifb6	protein_coding	3	ortholog(s) exist but none is in the other vocabulary
ENSMUSG00000107180	Gm43638	protein_coding	3	no ortholog in the table
ENSMUSG00000107023	Gm42715	protein_coding	3	no ortholog in the table
ENSMUSG00000042165	Adrm1b	protein_coding	3	no ortholog in the table
ENSMUSG00000073471	Rsph3a	protein_coding	3	no ortholog in the table
ENSMUSG00000039540	4921524L21Rik	protein_coding	3	no ortholog in the table
ENSMUSG00000074502	Ubtfl1	protein_coding	3	ortholog(s) exist but none is in the other vocabulary
ENSMUSG00000074447	Defa21	protein_coding	3	no ortholog in the table
ENSMUSG00000097638	Carlr	protein_coding	3	no ortholog in the table
ENSMUSG00000036521	Scgb2b2	protein_coding	3	no ortholog in the table
ENSMUSG00000092519	Actl9	protein_coding	3	ortholog(s) exist but none is in the other vocabulary
ENSMUSG00000092356	Gm20532	protein_coding	3	no ortholog in the table
ENSMUSG00000045989	4930451I11Rik	protein_coding	3	ortholog(s) exist but none is in the other vocabulary
ENSMUSG00000017922	Prl3c1	protein_coding	3	no ortholog in the table
ENSMUSG00000079362	Gm43302	protein_coding	3	no ortholog in the table
ENSMUSG00000032987	Or8s8	protein_coding	3	no ortholog in the table
ENSMUSG00000049902	4921517D22Rik	protein_coding	3	no ortholog in the table
ENSMUSG00000057195	Ceacam13	protein_coding	3	no ortholog in the table
ENSMUSG00000074596	Spint3	protein_coding	3	no ortholog in the table
ENSMUSG00000048398	Lgalsl2	protein_coding	3	no ortholog in the table
ENSMUSG00000048500	Defb15	protein_coding	3	no ortholog in the table
ENSMUSG00000047253	Krtap1-5	protein_coding	3	no ortholog in the table
ENSMUSG00000108622	Gm36864	protein_coding	3	no ortholog in the table
ENSMUSG00000108398	Gm30191	protein_coding	3	ortholog(s) exist but none is in the other vocabulary
ENSMUSG00000060491	4930522H14Rik	protein_coding	3	no ortholog in the table
ENSMUSG00000060685	Fthl17c	protein_coding	3	no ortholog in the table
ENSMUSG00000060878	Or10v1	protein_coding	3	ortholog(s) exist but none is in the other vocabulary
ENSMUSG00000072945	Ripply1	protein_coding	3	no ortholog in the table
ENSMUSG00000109510	Gm42417	protein_coding	3	no ortholog in the table
ENSMUSG00000038883	Prl3a1	protein_coding	3	no ortholog in the table
ENSMUSG00000075610	Tmem92	protein_coding	3	no ortholog in the table
ENSMUSG00000094053	Scgb2b7	protein_coding	3	no ortholog in the table
ENSMUSG00000093916	Gm379	protein_coding	3	no ortholog in the table
ENSMUSG00000093847	Eif1ad15	protein_coding	3	no ortholog in the table
ENSMUSG00000109156	Gm45194	protein_coding	3	no ortholog in the table
ENSMUSG00000030373	Psg28	protein_coding	3	no ortholog in the table
ENSMUSG00000074871	Ctsm	protein_coding	3	no ortholog in the table
ENSMUSG00000056592	Zfp175	protein_coding	3	no ortholog in the table
ENSMUSG00000047390	Defb9	protein_coding	3	no ortholog in the table
ENSMUSG00000054666	Or10h28	protein_coding	3	ortholog(s) exist but none is in the other vocabulary
ENSMUSG00000054746	Abca15	protein_coding	3	no ortholog in the table
ENSMUSG00000054890	Or2b7	protein_coding	3	no ortholog in the table
ENSMUSG00000055033	Or6k2	protein_coding	3	ortholog(s) exist but none is in the other vocabulary
ENSMUSG00000109739	Gm17949	protein_coding	3	no ortholog in the table
ENSMUSG00000109713	Pvrig	protein_coding	3	no ortholog in the table
ENSMUSG00000068259	Or9a7	protein_coding	3	ortholog(s) exist but none is in the other vocabulary
ENSMUSG00000073069	Mageb2	protein_coding	3	no ortholog in the table
ENSMUSG00000026882	4930568D16Rik	protein_coding	3	no ortholog in the table
ENSMUSG00000038651	Sycp2l	protein_coding	3	no ortholog in the table
ENSMUSG00000056300	Zfp981	protein_coding	3	no ortholog in the table
ENSMUSG00000066273	Or51a39	protein_coding	3	no ortholog in the table
ENSMUSG00000094590	Gm3629	protein_coding	3	no ortholog in the table
ENSMUSG00000094584	Ms4a18	protein_coding	3	no ortholog in the table
ENSMUSG00000094531	Or52e8	protein_coding	3	ortholog(s) exist but none is in the other vocabulary
ENSMUSG00000094445	Ccdc179	protein_coding	3	no ortholog in the table
ENSMUSG00000027880	Slc25a54	protein_coding	3	no ortholog in the table
ENSMUSG00000050089	Akap4	protein_coding	3	ortholog(s) exist but none is in the other vocabulary
ENSMUSG00000026336	Slco6d1	protein_coding	3	no ortholog in the table
ENSMUSG00000094978	Scgb1b20	protein_coding	3	no ortholog in the table
ENSMUSG00000095300	Spata31e3	protein_coding	3	no ortholog in the table
ENSMUSG00000095257	Scgb1b3	protein_coding	3	no ortholog in the table
ENSMUSG00000095104	Esp15	protein_coding	3	no ortholog in the table
ENSMUSG00000068437	Or4k15b	protein_coding	3	ortholog(s) exist but none is in the other vocabulary
ENSMUSG00000068341	Reg3d	protein_coding	3	no ortholog in the table
ENSMUSG00000051936	Prss58	protein_coding	3	ortholog(s) exist but none is in the other vocabulary
ENSMUSG00000109969	Zscan4-ps3	protein_coding	3	no ortholog in the table
ENSMUSG00000045699	Gm21411	protein_coding	3	no ortholog in the table
ENSMUSG00000094811	Gm21103	protein_coding	3	no ortholog in the table
ENSMUSG00000094690	1600014C23Rik	protein_coding	3	no ortholog in the table
ENSMUSG00000048077	H1f7	protein_coding	3	no ortholog in the table
ENSMUSG00000048153	Or6e1	protein_coding	3	no ortholog in the table
ENSMUSG00000075072	Or4c58	protein_coding	3	no ortholog in the table
ENSMUSG00000096629	Gm3383	protein_coding	3	no ortholog in the table
ENSMUSG00000066671	Or6y1	protein_coding	3	ortholog(s) exist but none is in the other vocabulary
ENSMUSG00000096278	Dcpp2	protein_coding	3	no ortholog in the table
ENSMUSG00000096265	Potefam3e	protein_coding	3	no ortholog in the table
ENSMUSG00000072718	Klra10	protein_coding	3	no ortholog in the table
ENSMUSG00000111497	Gm38431	protein_coding	3	no ortholog in the table
ENSMUSG00000110970	Or13c7b	protein_coding	3	no ortholog in the table
ENSMUSG00000110622	Iqcn	protein_coding	3	no ortholog in the table
ENSMUSG00000051728	Fam243	protein_coding	3	ortholog(s) exist but none is in the other vocabulary
ENSMUSG00000031340	Gabre	protein_coding	3	no ortholog in the table
ENSMUSG00000069259	Prl6a1	protein_coding	3	no ortholog in the table
ENSMUSG00000113262	Gm48551	protein_coding	3	no ortholog in the table
ENSMUSG00000061626	Or52a5	protein_coding	3	ortholog(s) exist but none is in the other vocabulary
ENSMUSG00000061847	Defb39	protein_coding	3	no ortholog in the table
ENSMUSG00000043903	Zfp469	protein_coding	3	no ortholog in the table
ENSMUSG00000079566	Spin2d	protein_coding	3	no ortholog in the table
ENSMUSG00000086322	Zfp593os	protein_coding	3	no ortholog in the table
ENSMUSG00000075119	Or4a27	protein_coding	3	no ortholog in the table
ENSMUSG00000047636	Cdcp2	protein_coding	3	ortholog(s) exist but none is in the other vocabulary
ENSMUSG00000047606	Ankrd34c	protein_coding	3	ortholog(s) exist but none is in the other vocabulary
ENSMUSG00000027431	Scp2d1	protein_coding	3	ortholog(s) exist but none is in the other vocabulary
ENSMUSG00000055109	Ptchd1as	protein_coding	3	no ortholog in the table
ENSMUSG00000055177	Cstl1	protein_coding	3	ortholog(s) exist but none is in the other vocabulary
ENSMUSG00000055360	Prl2c5	protein_coding	3	no ortholog in the table
ENSMUSG00000055357	Capza1b	protein_coding	3	no ortholog in the table
ENSMUSG00000066756	Igfl3	protein_coding	3	no ortholog in the table
ENSMUSG00000095538	Gm21983	protein_coding	3	no ortholog in the table
ENSMUSG00000047696	Gm57858	protein_coding	3	no ortholog in the table
ENSMUSG00000113971	Eif1ad4	protein_coding	3	no ortholog in the table
ENSMUSG00000022113	Trim52	protein_coding	3	no ortholog in the table
ENSMUSG00000081724	Or10al7	protein_coding	3	no ortholog in the table
ENSMUSG00000050996	Cetn1	protein_coding	3	ortholog(s) exist but none is in the other vocabulary
ENSMUSG00000051081	Gm4847	protein_coding	3	no ortholog in the table
ENSMUSG00000031471	Defb8	protein_coding	3	no ortholog in the table
ENSMUSG00000072476	Rnf26rt	protein_coding	3	no ortholog in the table
ENSMUSG00000062142	Or52r1	protein_coding	3	ortholog(s) exist but none is in the other vocabulary
ENSMUSG00000050198	Or6c38	protein_coding	3	no ortholog in the table
ENSMUSG00000084136	Vmn1r207	protein_coding	3	no ortholog in the table
ENSMUSG00000045587	Lypd10	protein_coding	3	no ortholog in the table
ENSMUSG00000045566	Sprr4	protein_coding	3	ortholog(s) exist but none is in the other vocabulary
ENSMUSG00000045559	Or9k7	protein_coding	3	no ortholog in the table
ENSMUSG00000070577	Ciroz	protein_coding	3	no ortholog in the table
ENSMUSG00000071665	Foxr2	protein_coding	3	ortholog(s) exist but none is in the other vocabulary
ENSMUSG00000044923	Or5m5	protein_coding	3	no ortholog in the table
ENSMUSG00000021347	Prl7b1	protein_coding	3	no ortholog in the table
ENSMUSG00000021346	Prl8a8	protein_coding	3	no ortholog in the table
ENSMUSG00000071770	Rhox4e	protein_coding	3	no ortholog in the table
ENSMUSG00000044542	Prop1	protein_coding	3	ortholog(s) exist but none is in the other vocabulary
ENSMUSG00000044526	Znrf4	protein_coding	3	no ortholog in the table
ENSMUSG00000044624	Gm4922	protein_coding	3	no ortholog in the table
ENSMUSG00000071767	Rhox7a	protein_coding	3	no ortholog in the table
ENSMUSG00000090363	Gm3512	protein_coding	3	no ortholog in the table
ENSMUSG00000029280	Smr3a	protein_coding	3	no ortholog in the table
ENSMUSG00000090485	Gm17416	protein_coding	3	no ortholog in the table
ENSMUSG00000013668	4933402N03Rik	protein_coding	3	no ortholog in the table
ENSMUSG00000021415	Tex56	protein_coding	3	no ortholog in the table
ENSMUSG00000050553	Gk2	protein_coding	3	ortholog(s) exist but none is in the other vocabulary
ENSMUSG00000004344	Gpx5	protein_coding	3	no ortholog in the table
ENSMUSG00000050704	Krtap13-22	protein_coding	3	no ortholog in the table
ENSMUSG00000050799	H2bc1	protein_coding	3	ortholog(s) exist but none is in the other vocabulary
ENSMUSG00000050328	Hoxc12	protein_coding	3	ortholog(s) exist but none is in the other vocabulary
ENSMUSG00000068999	Vmn2r5	protein_coding	3	no ortholog in the table
ENSMUSG00000031876	Gm45711	protein_coding	3	no ortholog in the table
ENSMUSG00000095799	Eif1ad10	protein_coding	3	no ortholog in the table
ENSMUSG00000027409	1700020A23Rik	protein_coding	3	no ortholog in the table
ENSMUSG00000087642	Ighe	IG_C_gene	1	no ortholog in the table
ENSMUSG00000000103	Zfy2	protein_coding	1	no ortholog in the table
ENSMUSG00000053211	Zfy1	protein_coding	0	no ortholog in the table
